config,edge_tp,edge_fp,edge_fn,division_tp,division_fp,division_fn,num_pred_nodes,node_recall,total_node_ratio,edge_jaccard,adj_edge_jaccard,stem
C3_fork8,46,3,4,0,0,0,25488,nan,-0.01036691904484566,0.8679245283018868,0.8688242986340811,44b6_0113de3b
C3_fork8,49,0,0,0,0,0,18141,nan,-0.44683640798902274,1.0,1.0446836407989022,44b6_0b24845f
C3_fork8,69,1,1,0,0,0,26806,nan,-0.04120466413906574,0.971830985915493,0.9758353828529515,44b6_0c582fdc
C3_fork8,149,0,2,0,0,0,17498,nan,0.14104988588196934,0.9867549668874173,0.9728367993401236,44b6_0db75fae
C3_fork8,741,38,32,0,0,1,44125,nan,-0.24793768748295608,0.9136868064118372,0.936340545798381,44b6_12dfb391
C3_fork8,119,0,0,0,0,0,27584,nan,-0.5780714635340186,1.0,1.0578071463534018,44b6_144b256d
C3_fork8,144,10,9,0,1,0,19270,nan,0.09011710131809696,0.8834355828220859,0.8754743174295669,44b6_1574802b
C3_fork8,90,16,9,0,1,0,71293,nan,-0.09347184782055847,0.782608695652174,0.7899238837424786,44b6_18ced818
C3_fork8,253,28,18,0,1,0,35377,nan,-0.012505233775296581,0.8461538461538461,0.8472119813194482,44b6_1d530831
C3_fork8,213,10,8,0,0,0,26792,nan,0.016658444958828216,0.922077922077922,0.9205418836466535,44b6_24264f12
C3_fork8,250,40,27,0,0,1,21733,nan,0.13606900156821747,0.7886435331230284,0.7779125393085001,44b6_267148e4
C3_fork8,197,23,13,0,1,1,37910,nan,-0.32744336225096243,0.8454935622317596,0.8731786877096308,44b6_2a2eff9f
C3_fork8,67,25,18,0,0,0,18086,nan,-0.25779711096520025,0.6090909090909091,0.6247930967587896,44b6_2f31fc2f
C3_fork8,49,0,0,0,0,0,23592,nan,0.011230175739391342,1.0,0.9988769824260608,44b6_33b596bf
C3_fork8,208,0,1,0,0,1,8361,nan,0.12439483593329748,0.9952153110047847,0.9828353464717101,44b6_341df25f
C3_fork8,884,38,35,0,0,0,36206,nan,-0.10703891875894046,0.9237199582027168,0.9336073567589241,44b6_3a861e03
C3_fork8,380,26,16,0,0,0,15743,nan,-0.5070607759025582,0.9004739336492891,0.9461334347969129,44b6_3bb3690f
C3_fork8,194,5,4,0,0,0,28593,nan,-0.12508797160429608,0.9556650246305419,0.9676192445769624,44b6_40c45f5a
C3_fork8,310,13,12,0,0,0,32632,nan,-0.4304265866089506,0.9253731343283582,0.9652036542832162,44b6_415c0a3a
C3_fork8,67,2,1,0,0,0,30048,nan,-0.22386671832623015,0.9571428571428572,0.9785701001826536,44b6_53f95252
C3_fork8,199,33,25,0,0,0,30257,nan,-0.4749509778402485,0.77431906614786,0.8110954259105875,44b6_551a5dba
C3_fork8,169,1,1,0,0,0,11083,nan,-0.43826659908768373,0.9883040935672515,1.031618160962467,44b6_5740d24b
C3_fork8,365,7,6,1,0,0,18647,nan,0.028119314109279373,0.9656084656084656,0.9628932408333633,44b6_587a1e22
C3_fork8,252,23,21,0,0,1,21046,nan,-0.2870354686811884,0.8513513513513513,0.8757881547661012,44b6_5f15d135
C3_fork8,613,28,18,0,0,0,33423,nan,-0.15813203697639858,0.9301972685887708,0.9449066674759533,44b6_668e0cc7
C3_fork8,197,2,1,0,0,0,20016,nan,-0.6202618099032442,0.985,1.0460957882754696,44b6_66f9292d
C3_fork8,108,10,9,0,0,1,28556,nan,-0.5914618444018427,0.8503937007874016,0.9006912434609441,44b6_706092f0
C3_fork8,107,20,12,0,0,0,30496,nan,-0.5494622385060868,0.7697841726618705,0.8120809061296053,44b6_71a4179f
C3_fork8,135,5,4,0,1,1,8383,nan,-0.44446653412856196,0.9375,0.9791687375745527,44b6_74d0c52e
C3_fork8,492,22,15,0,0,1,42450,nan,-0.3650722426635556,0.9300567107750473,0.9640104996957409,44b6_7a302da0
C3_fork8,546,10,14,0,0,0,44362,nan,-0.2086692829111666,0.9578947368421052,0.9778830576262275,44b6_7e557709
C3_fork8,179,0,0,0,0,0,14887,nan,-0.05431330199466396,1.0,1.0054313301994664,44b6_808952d6
C3_fork8,197,0,0,0,0,0,11208,nan,0.11500198965380024,1.0,0.98849980103462,44b6_81c256f0
C3_fork8,109,47,40,0,1,0,28036,nan,-0.0023485872891609136,0.5561224489795918,0.5562530591910809,44b6_87bba6c4
C3_fork8,381,22,15,0,0,0,18127,nan,-0.4365597413900286,0.9114832535885168,0.9512749429353112,44b6_8cc6506c
C3_fork8,572,38,32,0,0,0,27087,nan,-0.017554677015704907,0.8909657320872274,0.8925297936531127,44b6_8f5ab931
C3_fork8,366,4,4,0,0,0,39731,nan,-0.4690711317199631,0.9786096256684492,1.0245133781308842,44b6_8f9ecab4
C3_fork8,97,12,6,0,0,0,23034,nan,-0.09783800720664264,0.8434782608695652,0.8517306840861256,44b6_90724892
C3_fork8,351,44,27,0,0,0,37840,nan,0.01777885365394443,0.8317535545023697,0.830274792030205,44b6_949adeb1
C3_fork8,198,0,0,0,0,0,4757,nan,-0.07827940321643093,1.0,1.007827940321643,44b6_95029e92
C3_fork8,219,1,2,0,0,0,32719,nan,-0.08539721585509029,0.9864864864864865,0.994910806428948,44b6_97725144
C3_fork8,370,2,7,1,0,0,8879,nan,0.17245477353756766,0.9762532981530343,0.9594173440082058,44b6_996155de
C3_fork8,205,18,15,0,1,1,25200,nan,-0.5645938801250928,0.8613445378151261,0.9099755232880857,44b6_9be80b04
C3_fork8,241,30,18,0,0,0,38612,nan,-0.3995770355165765,0.8339100346020761,0.8672311645534584,44b6_9bfa6a0a
C3_fork8,279,12,7,1,0,1,21921,nan,-0.048567708333333334,0.9362416107382551,0.9407887216862417,44b6_a21120c2
C3_fork8,376,44,34,0,1,0,43382,nan,-0.2842789500602181,0.8281938325991189,0.8517376399168815,44b6_a2bb48bb
C3_fork8,203,0,3,0,0,1,14019,nan,-0.3656274039549301,0.9854368932038835,1.0214671665062383,44b6_aaf8b0ea
C3_fork8,94,0,0,0,0,0,25568,nan,-0.07375742645993334,1.0,1.0073757426459933,44b6_abf82518
C3_fork8,156,14,12,0,0,0,36725,nan,-0.3851395469537411,0.8571428571428571,0.8901548183103206,44b6_b2c44266
C3_fork8,97,8,5,0,0,0,19353,nan,-0.059849404906485305,0.8818181818181818,0.8870958111599355,44b6_c15fded2
C3_fork8,294,31,31,0,0,2,35757,nan,-0.2404732571477123,0.8258426966292135,0.8457020049442213,44b6_c50204e0
C3_fork8,203,34,20,0,0,0,28016,nan,-0.4748148842440716,0.7898832684824902,0.8273881017515745,44b6_c771cb04
C3_fork8,158,10,6,0,1,1,28311,nan,-0.14581824764663287,0.9080459770114943,0.9212869443265332,44b6_c8e2a523
C3_fork8,590,17,26,0,0,0,37236,nan,-0.19465351674020243,0.9320695102685624,0.9502125710705718,44b6_c96cfa10
C3_fork8,70,8,5,0,0,0,20633,nan,-0.6415703986797533,0.8433734939759037,0.8974818408525094,44b6_cf2536e8
C3_fork8,178,12,10,0,0,0,41001,nan,-0.0623842301447552,0.89,0.8955521964828831,44b6_cf8fed6b
C3_fork8,1285,56,43,0,0,0,36336,nan,-0.0451714623571147,0.9284682080924855,0.9326622347636483,44b6_d29c9ab2
C3_fork8,271,5,10,0,0,2,14675,nan,-0.390421201296004,0.9475524475524476,0.984546904038887,44b6_d2f34f90
C3_fork8,830,90,63,0,1,2,41844,nan,-0.06698180520870496,0.844354018311292,0.8500096539494635,44b6_d5e7d891
C3_fork8,64,3,6,0,0,1,5523,nan,0.06807193966350802,0.8767123287671232,0.8707443778925144,44b6_d754aa59
C3_fork8,418,37,33,0,0,0,23300,nan,0.046767599622624556,0.8565573770491803,0.8525514638028162,44b6_d78e09d9
C3_fork8,154,7,8,0,0,0,15223,nan,0.013312920189043467,0.9112426035502958,0.9100294735449037,44b6_db3c847b
C3_fork8,607,48,40,0,0,0,37263,nan,-0.3033911612951469,0.8733812949640288,0.8998789114972885,44b6_ddf577ad
C3_fork8,121,6,3,1,2,0,15562,nan,0.11244549288726857,0.9307692307692308,0.9203031502774158,44b6_deabac95
C3_fork8,289,14,20,0,0,2,26309,nan,-0.6477385319872533,0.8947368421052632,0.9526923949672806,44b6_e28840c6
C3_fork8,48,4,2,0,0,0,13328,nan,0.027681394093607835,0.8888888888888888,0.8864283205250125,44b6_e29f0176
C3_fork8,106,10,7,0,0,0,66132,nan,-0.09229164379049083,0.8617886178861789,0.8697422067006441,44b6_e31261b4
C3_fork8,240,11,26,0,0,0,18245,nan,-0.36297615306728115,0.8664259927797834,0.8978751901574539,44b6_e35b117d
C3_fork8,142,19,44,0,0,0,15946,nan,-0.21502412129565818,0.6926829268292682,0.7075772805970649,44b6_e57ff5c6
C3_fork8,371,13,8,0,3,1,35856,nan,-0.2543049663089593,0.9464285714285714,0.9704967200256694,44b6_eb2880fc
C3_fork8,55,6,6,0,0,0,21352,nan,0.14451114922813035,0.8208955223880597,0.8090326668544072,44b6_f28707c6
C3_fork8,836,8,9,0,0,0,5965,nan,-0.06240176045268783,0.9800703399765534,0.9861861514347535,6bba_05b6850b
C3_fork8,1113,93,70,0,0,3,68474,nan,-0.018997134670487106,0.872257053291536,0.8739140917624021,6bba_05db0fb1
C3_fork8,896,4,2,1,1,0,5828,nan,-0.033499170812603646,0.9933481152993349,0.9966757491184138,6bba_062c8d37
C3_fork8,593,14,9,0,0,0,4485,nan,-0.07258064516129033,0.9626623376623377,0.9696494030163385,6bba_07477033
C3_fork8,309,17,36,0,0,2,26917,nan,0.2528275541075169,0.8535911602209945,0.8320100236963474,6bba_07e24132
C3_fork8,1164,0,4,0,0,1,8166,nan,-0.03509393831974477,0.9965753424657534,1.0000727178257007,6bba_085bf656
C3_fork8,1788,108,83,1,0,3,29106,nan,-0.06462705273644631,0.9034866093986862,0.9093255770739144,6bba_09961292
C3_fork8,620,45,39,0,0,0,12328,nan,-0.09684981684981685,0.8806818181818182,0.8892112054612056,6bba_0c7fa718
C3_fork8,179,19,19,0,0,1,21076,nan,-0.06191302799661726,0.8248847926267281,0.8299919041527163,6bba_0e7c0d07
C3_fork8,961,21,37,0,1,3,7989,nan,-0.03909069040173202,0.943081452404318,0.9467680229122734,6bba_12665c0e
C3_fork8,693,11,11,0,0,0,5501,nan,-0.04711588428893123,0.9692307692307692,0.973797385708004,6bba_13f19531
C3_fork8,716,14,13,0,1,0,6235,nan,-0.09493395267818261,0.9636608344549125,0.9728092476605085,6bba_15403b9a
C3_fork8,1255,107,110,0,0,1,16778,nan,-0.06315260483555754,0.8525815217391305,0.8579657961323794,6bba_1d0d8384
C3_fork8,675,37,44,0,0,0,11032,nan,-0.04550960373767088,0.8928571428571429,0.8969205003337206,6bba_1ebfb80d
C3_fork8,264,48,35,0,1,0,31173,nan,0.07853856001107151,0.760806916426513,0.7548316484602529,6bba_1f58c2f6
C3_fork8,348,78,102,0,0,1,16908,nan,0.40911742645220434,0.6590909090909091,0.6321263514383774,6bba_207c6aaf
C3_fork8,846,27,63,0,0,3,9672,nan,-0.008813281410125025,0.9038461538461539,0.9046427388966843,6bba_20852818
C3_fork8,1128,5,4,1,0,1,12231,nan,0.023514644351464435,0.9920844327176781,0.98975158145748,6bba_2312ac41
C3_fork8,498,1,1,0,0,0,4034,nan,-0.09348314606741573,0.996,1.0053109213483147,6bba_23af9eeb
C3_fork8,523,0,0,0,0,0,3466,nan,-0.08379592915675389,1.0,1.0083795929156754,6bba_2540cd90
C3_fork8,704,12,17,0,1,0,5150,nan,-0.06278434940855324,0.9604365620736699,0.9664666005434682,6bba_2646afc7
C3_fork8,578,10,31,0,0,1,4463,nan,-0.1261014294106129,0.9337641357027464,0.9455390349271945,6bba_268e1230
C3_fork8,915,20,34,0,0,1,4892,nan,-0.11601011926273942,0.9442724458204335,0.9552269617260482,6bba_2819ca14
C3_fork8,1266,13,22,0,1,0,21511,nan,0.031158621350846075,0.973097617217525,0.9700655791982958,6bba_283bf9f1
C3_fork8,498,3,2,0,0,0,9292,nan,-0.06734919201043862,0.9900596421471173,0.9967276138411926,6bba_312f0dc3
C3_fork8,688,117,123,0,0,1,42904,nan,0.10848727554579511,0.7413793103448276,0.7333362881922945,6bba_32db13fc
C3_fork8,1194,32,19,1,0,1,29290,nan,-0.039041994750656166,0.9590361445783132,0.962780412990545,6bba_337b1b3a
C3_fork8,1006,2,1,0,0,0,6492,nan,-0.07534539239424583,0.9970267591674926,1.0045388964071964,6bba_372c8cb8
C3_fork8,1108,40,34,0,0,0,6408,nan,-0.08496358703412824,0.937394247038917,0.9453586848082752,6bba_3a1849c2
C3_fork8,839,114,96,1,0,0,51710,nan,-0.0068184000768270435,0.7998093422306959,0.8003546842387471,6bba_3abfe10a
C3_fork8,741,4,5,0,0,2,6108,nan,-0.023969319271332695,0.988,0.9903681687440077,6bba_3c5691b6
C3_fork8,433,41,41,0,0,1,22296,nan,-0.040454467206059566,0.8407766990291262,0.8441780163689755,6bba_3db54e20
C3_fork8,1164,6,15,0,0,1,8043,nan,-0.18278805120910385,0.9822784810126582,1.0002333579415525,6bba_3fda6b25
C3_fork8,853,11,27,0,0,0,5241,nan,-0.08820459290187892,0.957351290684624,0.9657955687705166,6bba_43fea39d
C3_fork8,240,25,46,0,0,1,23988,nan,-0.15215777754214824,0.7717041800643086,0.7834462593601657,6bba_474be664
C3_fork8,896,20,22,1,0,4,25087,nan,0.04681827665345295,0.9552238805970149,0.9507516870062374,6bba_48816121
C3_fork8,648,30,33,0,0,0,7026,nan,0.035214380433181085,0.9113924050632911,0.90818299317571,6bba_4aa14c89
C3_fork8,993,8,17,0,0,2,5300,nan,-0.11148365465213747,0.9754420432220039,0.9863166276099776,6bba_4f99ce20
C3_fork8,645,22,44,1,0,2,19900,nan,0.12830980325452174,0.9071729957805907,0.8955330769199484,6bba_4ffd3da3
C3_fork8,682,6,6,0,0,1,4478,nan,-0.14818337454822142,0.9827089337175793,0.9972710463172748,6bba_55b7eebe
C3_fork8,402,49,65,0,0,0,36156,nan,0.020923337568826767,0.7790697674418605,0.7774396934684752,6bba_55c70843
C3_fork8,1268,330,324,0,1,3,71879,nan,0.0972050495336661,0.659729448491155,0.6533165451192149,6bba_57b7cc1e
C3_fork8,699,13,23,0,0,0,5439,nan,-0.08985943775100401,0.9510204081632653,0.9595662240799934,6bba_5a4d9360
C3_fork8,716,1,8,0,0,0,5649,nan,-0.026370217166494313,0.9875862068965517,0.9901904931712013,6bba_5b28472a
C3_fork8,1138,5,7,2,1,1,7907,nan,-0.07736289381563594,0.9895652173913043,0.9972207802749733,6bba_5c039895
C3_fork8,1080,44,50,1,0,0,24927,nan,0.01136040897472309,0.919931856899489,0.9188867766871635,6bba_5c824876
C3_fork8,1441,19,46,0,0,0,29264,nan,0.08735555307843793,0.9568393094289509,0.9484807867207152,6bba_5dfe9ad1
C3_fork8,885,0,0,0,0,0,4414,nan,-0.042723921058338755,1.0,1.0042723921058339,6bba_5f89039d
C3_fork8,534,8,9,0,0,0,9346,nan,-0.07721169036334913,0.969147005444646,0.976629953294742,6bba_61dd1e0d
C3_fork8,595,6,19,0,0,1,5351,nan,-0.07325943886387253,0.9596774193548387,0.9667079622780652,6bba_61ecbe65
C3_fork8,785,13,13,0,0,1,4552,nan,-0.05579755237502593,0.967940813810111,0.9733416866355604,6bba_6321a359
C3_fork8,470,71,110,0,0,0,23527,nan,0.0031552466635398455,0.7219662058371735,0.7217384076909579,6bba_6479435d
C3_fork8,391,67,47,0,1,1,14932,nan,-0.07029450221032314,0.7742574257425743,0.7797000297750964,6bba_67ebd073
C3_fork8,1038,17,14,0,0,1,6219,nan,-0.13564975677553856,0.971000935453695,0.9841725395260064,6bba_6ca87370
C3_fork8,428,15,12,0,0,0,24547,nan,-0.13673289959556884,0.9406593406593406,0.9535212485773413,6bba_6db0e9b4
C3_fork8,1125,99,218,0,0,0,10464,nan,0.18077183480027081,0.7801664355062413,0.7660632237066363,6bba_6feb10f0
C3_fork8,1330,7,13,0,0,0,6765,nan,-0.10015961691939346,0.9851851851851852,0.9950527622594662,6bba_6feeb0b1
C3_fork8,536,23,26,0,2,1,5696,nan,0.017142857142857144,0.9162393162393162,0.9146686202686203,6bba_705ec2c9
C3_fork8,649,0,3,0,0,0,4074,nan,-0.0538783093358105,0.995398773006135,1.000761813306586,6bba_718b21f9
C3_fork8,560,22,16,0,1,2,25088,nan,-0.1582055497768681,0.9364548494983278,0.9512700849289376,6bba_74686d6a
C3_fork8,547,94,111,0,0,0,46623,nan,-0.02286540637967892,0.7273936170212766,0.7290568320863943,6bba_767a1e17
C3_fork8,604,0,0,0,0,0,4590,nan,-0.05458290422245108,1.0,1.005458290422245,6bba_76db78c1
C3_fork8,1735,3,4,0,1,1,12593,nan,-0.03840867440439829,0.9959816303099885,0.9998070637251223,6bba_784a78c9
C3_fork8,1195,268,200,0,4,3,53308,nan,-0.09615286796995541,0.7185808779314492,0.725490239159597,6bba_786893ac
C3_fork8,670,16,11,0,0,0,10487,nan,-0.017703259647808167,0.9612625538020086,0.9629643018599758,6bba_789f8168
C3_fork8,725,109,107,0,0,2,38257,nan,-0.058010981705365276,0.7704569606801275,0.7749264571452061,6bba_78a7bd97
C3_fork8,1043,48,49,0,0,2,9972,nan,0.03615960099750624,0.9149122807017543,0.911603994399965,6bba_7af54fde
C3_fork8,543,8,12,0,0,0,5340,nan,-0.07612456747404844,0.9644760213143873,0.971818053310552,6bba_7b5d3b2c
C3_fork8,1167,5,6,0,0,2,7344,nan,-0.03508080409932992,0.9906621392190152,0.9941374616624717,6bba_7d3058ae
C3_fork8,892,49,42,1,0,2,9112,nan,-0.1388337586239486,0.9074262461851476,0.920024385828338,6bba_7f87b3d8
C3_fork8,631,12,23,0,0,1,8074,nan,-0.10497727524664671,0.9474474474474475,0.9573934925946899,6bba_80d12824
C3_fork8,895,42,35,0,1,0,6788,nan,-0.1051937780121276,0.9207818930041153,0.9304679456091414,6bba_825bd1c6
C3_fork8,669,41,30,0,1,1,13846,nan,-0.07483629560336763,0.904054054054054,0.9108196596971152,6bba_87289e13
C3_fork8,723,2,2,1,0,1,5558,nan,-0.04632807137954702,0.9944979367262724,0.9991052538662191,6bba_8b7818bf
C3_fork8,916,1,5,0,0,1,6766,nan,-0.07391185327128387,0.9934924078091106,1.000835494316323,6bba_907271db
C3_fork8,1125,16,23,0,0,0,11338,nan,-0.047787016040984294,0.9664948453608248,0.9711134358287032,6bba_91951b3a
C3_fork8,714,8,7,0,0,0,4699,nan,-0.03491476689258575,0.9794238683127572,0.9828435039178747,6bba_96833384
C3_fork8,650,5,8,0,0,3,15418,nan,0.11016705069124424,0.9803921568627451,0.9695914656185054,6bba_969618f6
C3_fork8,750,11,17,0,1,0,4927,nan,-0.12159030130147977,0.9640102827763496,0.9757317128503997,6bba_971fa5e0
C3_fork8,1317,33,36,0,1,2,18282,nan,0.0027974329438867863,0.9502164502164502,0.9499506335362844,6bba_9a41d029
C3_fork8,866,18,25,0,0,1,7197,nan,-0.06629475869226778,0.9526952695269527,0.959011139827008,6bba_9e23430b
C3_fork8,665,21,33,0,0,0,7727,nan,-0.08447867298578199,0.9248956884561892,0.9327090844972942,6bba_a5e926bb
C3_fork8,871,179,241,0,0,0,28649,nan,-0.22352016478751083,0.6746707978311387,0.6897510506219925,6bba_a90a0b9c
C3_fork8,930,113,208,0,0,2,11919,nan,0.289795476680013,0.7434052757793765,0.7218617271532844,6bba_ab78413d
C3_fork8,307,27,23,0,0,0,19655,nan,-0.0027904616945712835,0.8599439775910365,0.860183941663931,6bba_acd782a8
C3_fork8,1463,13,8,0,1,0,7099,nan,-0.041064433337836014,0.9858490566037735,0.989897389890381,6bba_ae82a791
C3_fork8,757,3,11,0,0,1,4885,nan,-0.029598728645212555,0.9818417639429312,0.9847478907372795,6bba_aeee7805
C3_fork8,1268,27,49,0,0,0,7774,nan,-0.1297436471510131,0.9434523809523809,0.9556930762341878,6bba_af149c94
C3_fork8,593,19,33,1,0,3,5411,nan,-0.10621076973901553,0.9193798449612403,0.9291446490628272,6bba_afb141ff
C3_fork8,549,35,30,0,1,0,22378,nan,-0.07901884928800725,0.8941368078175895,0.9012021739835693,6bba_b1ae37b9
C3_fork8,802,8,9,0,0,2,5342,nan,0.049096622152395915,0.9792429792429792,0.9744352269882514,6bba_b204cac7
C3_fork8,1166,88,102,0,0,1,63213,nan,0.01197470583526775,0.859882005899705,0.858852322492336,6bba_b329af44
C3_fork8,913,12,22,0,0,0,6030,nan,0.08492263404102195,0.9640971488912354,0.9559097819557072,6bba_b693381b
C3_fork8,1795,78,84,0,2,3,22716,nan,-0.015387282735902215,0.9172202350536536,0.9186315877624396,6bba_bb9f20c3
C3_fork8,848,8,13,0,2,0,6478,nan,-0.04524686809137804,0.9758342922899885,0.9802496368402173,6bba_bbb708ca
C3_fork8,484,5,9,0,0,0,6257,nan,-0.02916989914662529,0.9718875502008032,0.974722536382925,6bba_c27cba08
C3_fork8,448,25,52,0,0,2,29926,nan,-0.041693352119892405,0.8533333333333334,0.8568911660475641,6bba_c328f2fd
C3_fork8,546,97,164,0,0,0,23202,nan,0.4221268771069568,0.6765799256505576,0.648019668537745,6bba_c73a1d11
C3_fork8,1330,19,18,1,2,3,28094,nan,-0.05677354373006547,0.9729334308705194,0.9784571187389165,6bba_cdcfe533
C3_fork8,815,3,2,0,0,0,34581,nan,-0.00885640584694755,0.9939024390243902,0.9947826793616172,6bba_cf35214c
C3_fork8,1459,37,42,0,0,0,46303,nan,-0.001272593934687891,0.9486345903771132,0.948755313039708,6bba_cff5865f
C3_fork8,813,0,0,0,0,0,5607,nan,-0.08247422680412371,1.0,1.0082474226804123,6bba_d0fc38b5
C3_fork8,619,25,24,0,1,1,15949,nan,0.08356545961002786,0.9266467065868264,0.9189031407936217,6bba_d1acb6ff
C3_fork8,917,5,4,0,0,2,18742,nan,-0.07116661710774111,0.990280777537797,0.9973282708302158,6bba_d2b9fc0c
C3_fork8,833,34,24,0,1,1,15894,nan,-0.07839499014264177,0.9349046015712682,0.9422337852737173,6bba_d3da753b
C3_fork8,519,0,0,0,0,0,4115,nan,-0.08940030980305377,1.0,1.0089400309803054,6bba_d5eae175
C3_fork8,840,13,22,0,0,0,5944,nan,0.10916215711886545,0.96,0.9495204329165889,6bba_d6ecebbb
C3_fork8,508,28,22,0,0,0,28208,nan,0.01775147928994083,0.910394265232975,0.9087781807384785,6bba_d82a4fc6
C3_fork8,714,16,15,3,0,1,11703,nan,-0.00880833403912933,0.9583892617449664,0.9592334430206629,6bba_debd7bfa
C3_fork8,644,7,10,1,0,3,21709,nan,0.1283850511980872,0.9742813918305597,0.9617730751934087,6bba_df673a83
C3_fork8,935,7,7,1,0,0,5910,nan,-0.07177634678812628,0.9852476290832455,0.9923193766329713,6bba_e16ffc58
C3_fork8,597,16,37,0,0,0,5059,nan,-0.09902048085485307,0.9184615384615384,0.9275561887800533,6bba_e5e44988
C3_fork8,729,65,74,0,0,2,58763,nan,0.033704505075025946,0.8398617511520737,0.8370310386866712,6bba_ebdf3b34
C3_fork8,996,266,268,0,0,0,47150,nan,0.1335224540821233,0.6509803921568628,0.64228834220485,6bba_ebff6e76
C3_fork8,497,0,11,0,0,0,4239,nan,-0.04591492234976367,0.9783464566929134,0.9828385268519355,6bba_ed9377fd
C3_fork8,727,46,33,0,0,0,49741,nan,-0.1603760845346207,0.901985111662531,0.916450795714227,6bba_edf14583
C3_fork8,927,75,62,0,2,0,8383,nan,-0.10313469562426447,0.8712406015037594,0.8802261149289186,6bba_eebc57a5
C3_fork8,1174,7,27,0,0,2,5706,nan,-0.06566235467496316,0.9718543046357616,0.9782357288400998,6bba_ef7b4f7e
C3_fork8,921,88,94,0,1,0,25236,nan,0.010936185554620838,0.8349954669084315,0.8340823003720937,6bba_f17befbc
C3_fork8,415,29,31,0,0,0,7681,nan,-0.15033185840707963,0.8736842105263158,0.8868184676292502,6bba_f1fde7e0
C3_fork8,931,22,32,0,0,1,5159,nan,-0.13627992633517497,0.9451776649746193,0.9580585392302586,6bba_f20478e9
C3_fork8,955,7,10,0,0,0,9235,nan,0.03729080085364484,0.9825102880658436,0.9788464285169516,6bba_f4ae811c
C3_fork8,352,17,18,1,0,1,30418,nan,0.02972241029113067,0.9095607235142119,0.9068572898133131,6bba_f8ffd5e7
C3_fork8,634,7,5,0,0,0,4908,nan,0.003886275311924729,0.9814241486068112,0.9810427401628854,6bba_fbc898dc
C3_fork8,720,28,42,0,0,0,6640,nan,-0.155860666158149,0.9113924050632911,0.9255974278017554,6bba_fc516dc6
C3_fork8,440,7,18,0,0,2,17542,nan,0.25121255349500715,0.946236559139785,0.9224659089166015,6bba_fc5f39dc
C3_fork8,819,78,104,0,0,0,10872,nan,-0.1692519293955834,0.8181818181818182,0.8320297033141842,6bba_fc83837d
C3_fork8,662,14,18,0,0,2,9467,nan,-0.12633813215208564,0.9538904899135446,0.9659417641908762,6bba_fe670320
C3_public0955,46,3,4,0,0,0,25491,nan,-0.01025043680838672,0.8679245283018868,0.8688141888550677,44b6_0113de3b
C3_public0955,49,0,0,0,0,0,18149,nan,-0.4465924683640799,1.0,1.044659246836408,44b6_0b24845f
C3_public0955,69,1,1,0,0,0,26811,nan,-0.04102582445096216,0.971830985915493,0.9758180026579104,44b6_0c582fdc
C3_public0955,149,0,2,0,0,0,17507,nan,0.14163677861102053,0.9867549668874173,0.9727788874085814,44b6_0db75fae
C3_public0955,741,38,32,0,0,1,44134,nan,-0.24778429233706026,0.9136868064118372,0.9363265302862839,44b6_12dfb391
C3_public0955,119,0,0,0,0,0,27584,nan,-0.5780714635340186,1.0,1.0578071463534018,44b6_144b256d
C3_public0955,144,11,9,0,2,0,19280,nan,0.09068280816880693,0.8780487804878049,0.8700863875754218,44b6_1574802b
C3_public0955,90,16,9,0,1,0,71302,nan,-0.0933574080667311,0.782608695652174,0.7899149275878312,44b6_18ced818
C3_public0955,253,28,18,0,1,0,35393,nan,-0.012058618283321703,0.8461538461538461,0.8471741907778195,44b6_1d530831
C3_public0955,213,10,8,0,0,0,26797,nan,0.01684817667817706,0.922077922077922,0.9205243889037006,44b6_24264f12
C3_public0955,250,40,27,0,0,1,21733,nan,0.13606900156821747,0.7886435331230284,0.7779125393085001,44b6_267148e4
C3_public0955,197,23,13,0,1,1,37925,nan,-0.3271772490996505,0.8454935622317596,0.8731561880140047,44b6_2a2eff9f
C3_public0955,67,25,18,0,0,0,18092,nan,-0.25755088640840446,0.6090909090909091,0.6247780994448756,44b6_2f31fc2f
C3_public0955,49,0,0,0,0,0,23601,nan,0.011615945135019288,1.0,0.998838405486498,44b6_33b596bf
C3_public0955,208,0,1,0,0,1,8365,nan,0.12493275954814416,0.9952153110047847,0.9827818114899455,44b6_341df25f
C3_public0955,884,38,35,0,0,0,36221,nan,-0.10666896857889804,0.9237199582027168,0.9335731837224395,44b6_3a861e03
C3_public0955,380,26,16,0,0,0,15743,nan,-0.5070607759025582,0.9004739336492891,0.9461334347969129,44b6_3bb3690f
C3_public0955,194,5,4,0,0,0,28599,nan,-0.12490437869098253,0.9556650246305419,0.9676016992443599,44b6_40c45f5a
C3_public0955,310,13,12,0,0,0,32632,nan,-0.4304265866089506,0.9253731343283582,0.9652036542832162,44b6_415c0a3a
C3_public0955,67,2,1,0,0,0,30053,nan,-0.22373756941753842,0.9571428571428572,0.9785577387871074,44b6_53f95252
C3_public0955,199,33,25,0,0,0,30269,nan,-0.47474274211741024,0.77431906614786,0.8110793018215428,44b6_551a5dba
C3_public0955,169,1,1,0,0,0,11093,nan,-0.4377597567156614,0.9883040935672515,1.0315680695233607,44b6_5740d24b
C3_public0955,365,7,6,1,0,0,18679,nan,0.02988366322986161,0.9656084656084656,0.962722873788651,44b6_587a1e22
C3_public0955,252,23,21,0,0,1,21051,nan,-0.2868660862495342,0.8513513513513513,0.8757737343698927,44b6_5f15d135
C3_public0955,613,28,18,0,0,0,33423,nan,-0.15813203697639858,0.9301972685887708,0.9449066674759533,44b6_668e0cc7
C3_public0955,197,2,1,0,0,0,20022,nan,-0.6201479795105294,0.985,1.0460845759817872,44b6_66f9292d
C3_public0955,108,10,9,0,0,1,28562,nan,-0.5913760050359095,0.8503937007874016,0.9006839437353371,44b6_706092f0
C3_public0955,107,20,12,0,0,0,30501,nan,-0.5493883701690108,0.7697841726618705,0.812075219861931,44b6_71a4179f
C3_public0955,135,5,4,0,1,1,8389,nan,-0.4440689198144466,0.9375,0.9791314612326043,44b6_74d0c52e
C3_public0955,492,22,15,0,0,1,42483,nan,-0.36457865924795835,0.9300567107750473,0.9639645936389405,44b6_7a302da0
C3_public0955,546,10,14,0,0,0,44367,nan,-0.20858009275775954,0.9578947368421052,0.9778745141483749,44b6_7e557709
C3_public0955,179,0,0,0,0,0,14896,nan,-0.05374158302629907,1.0,1.0053741583026299,44b6_808952d6
C3_public0955,197,0,0,0,0,0,11208,nan,0.11500198965380024,1.0,0.98849980103462,44b6_81c256f0
C3_public0955,109,47,40,0,1,0,28051,nan,-0.0018148174507152516,0.5561224489795918,0.5562233750521062,44b6_87bba6c4
C3_public0955,381,22,15,0,0,0,18127,nan,-0.4365597413900286,0.9114832535885168,0.9512749429353112,44b6_8cc6506c
C3_public0955,572,39,32,0,1,0,27103,nan,-0.016974357114359292,0.8895800933125972,0.8910900983311685,44b6_8f5ab931
C3_public0955,366,4,4,0,0,0,39734,nan,-0.4690310424545321,0.9786096256684492,1.0245094549567806,44b6_8f9ecab4
C3_public0955,97,12,6,0,0,0,23034,nan,-0.09783800720664264,0.8434782608695652,0.8517306840861256,44b6_90724892
C3_public0955,351,44,27,0,0,0,37856,nan,0.01820920412060572,0.8317535545023697,0.8302389974771723,44b6_949adeb1
C3_public0955,198,0,0,0,0,0,4757,nan,-0.07827940321643093,1.0,1.007827940321643,44b6_95029e92
C3_public0955,219,1,2,0,0,0,32719,nan,-0.08539721585509029,0.9864864864864865,0.994910806428948,44b6_97725144
C3_public0955,370,2,7,1,0,0,8879,nan,0.17245477353756766,0.9762532981530343,0.9594173440082058,44b6_996155de
C3_public0955,205,18,15,0,1,1,25200,nan,-0.5645938801250928,0.8613445378151261,0.9099755232880857,44b6_9be80b04
C3_public0955,241,30,18,0,0,0,38617,nan,-0.39949928469241774,0.8339100346020761,0.867224680834212,44b6_9bfa6a0a
C3_public0955,279,12,7,1,0,1,21921,nan,-0.048567708333333334,0.9362416107382551,0.9407887216862417,44b6_a21120c2
C3_public0955,376,44,34,0,1,0,43396,nan,-0.28404797650669,0.8281938325991189,0.8517185108296289,44b6_a2bb48bb
C3_public0955,203,0,3,0,0,1,14024,nan,-0.36540114937327484,0.9854368932038835,1.0214448705450363,44b6_aaf8b0ea
C3_public0955,94,0,0,0,0,0,25568,nan,-0.07375742645993334,1.0,1.0073757426459933,44b6_abf82518
C3_public0955,156,14,12,0,0,0,36725,nan,-0.3851395469537411,0.8571428571428571,0.8901548183103206,44b6_b2c44266
C3_public0955,97,8,5,0,0,0,19358,nan,-0.05960650959436483,0.8818181818181818,0.887074392209685,44b6_c15fded2
C3_public0955,297,31,28,0,1,2,35776,nan,-0.2400696716088194,0.8342696629213483,0.8542979473224213,44b6_c50204e0
C3_public0955,203,34,20,0,0,0,28016,nan,-0.4748148842440716,0.7898832684824902,0.8273881017515745,44b6_c771cb04
C3_public0955,158,10,6,0,1,1,28311,nan,-0.14581824764663287,0.9080459770114943,0.9212869443265332,44b6_c8e2a523
C3_public0955,590,17,26,0,0,0,37261,nan,-0.19411281252703522,0.9320695102685624,0.950162173679455,44b6_c96cfa10
C3_public0955,70,8,5,0,0,0,20633,nan,-0.6415703986797533,0.8433734939759037,0.8974818408525094,44b6_cf2536e8
C3_public0955,178,12,10,0,0,0,41008,nan,-0.062224153307873495,0.89,0.8955379496444007,44b6_cf8fed6b
C3_public0955,1285,56,43,0,0,0,36336,nan,-0.0451714623571147,0.9284682080924855,0.9326622347636483,44b6_d29c9ab2
C3_public0955,271,5,10,0,0,2,14679,nan,-0.39025504693860597,0.9475524475524476,0.9845311600420847,44b6_d2f34f90
C3_public0955,830,90,63,0,1,2,41859,nan,-0.06664734213342847,0.844354018311292,0.8499814134253048,44b6_d5e7d891
C3_public0955,64,3,6,0,0,1,5523,nan,0.06807193966350802,0.8767123287671232,0.8707443778925144,44b6_d754aa59
C3_public0955,418,37,33,0,0,0,23310,nan,0.04721685610314929,0.8565573770491803,0.8525129824075581,44b6_d78e09d9
C3_public0955,154,7,8,0,0,0,15223,nan,0.013312920189043467,0.9112426035502958,0.9100294735449037,44b6_db3c847b
C3_public0955,607,48,40,0,0,0,37273,nan,-0.3032042174530771,0.8733812949640288,0.8998625841718012,44b6_ddf577ad
C3_public0955,121,6,3,1,2,0,15574,nan,0.11330330974336979,0.9307692307692308,0.9202233073238864,44b6_deabac95
C3_public0955,289,14,20,0,0,2,26312,nan,-0.6476983638165118,0.8947368421052632,0.9526888009730563,44b6_e28840c6
C3_public0955,48,4,2,0,0,0,13354,nan,0.029686174724342665,0.8888888888888888,0.8862501178022806,44b6_e29f0176
C3_public0955,106,10,7,0,0,0,66142,nan,-0.0921543867354782,0.8617886178861789,0.8697303780438705,44b6_e31261b4
C3_public0955,240,11,26,0,0,0,18249,nan,-0.362836493139206,0.8664259927797834,0.8978630896582707,44b6_e35b117d
C3_public0955,142,19,44,0,0,0,15952,nan,-0.2147287584916806,0.6926829268292682,0.7075568213199115,44b6_e57ff5c6
C3_public0955,371,13,8,0,3,1,35880,nan,-0.25380583978038435,0.9464285714285714,0.9704494812649291,44b6_eb2880fc
C3_public0955,55,6,6,0,0,0,21361,nan,0.1449935677530017,0.8208955223880597,0.8089930653337088,44b6_f28707c6
C3_public0955,836,8,9,0,0,0,5965,nan,-0.06240176045268783,0.9800703399765534,0.9861861514347535,6bba_05b6850b
C3_public0955,1113,93,70,0,0,3,68490,nan,-0.018767908309455586,0.872257053291536,0.8738940973313812,6bba_05db0fb1
C3_public0955,896,4,2,1,1,0,5828,nan,-0.033499170812603646,0.9933481152993349,0.9966757491184138,6bba_062c8d37
C3_public0955,593,14,9,0,0,0,4485,nan,-0.07258064516129033,0.9626623376623377,0.9696494030163385,6bba_07477033
C3_public0955,309,17,36,0,0,2,26917,nan,0.2528275541075169,0.8535911602209945,0.8320100236963474,6bba_07e24132
C3_public0955,1164,0,4,0,0,1,8166,nan,-0.03509393831974477,0.9965753424657534,1.0000727178257007,6bba_085bf656
C3_public0955,1788,108,83,1,0,3,29116,nan,-0.06430568499534017,0.9034866093986862,0.9092965419288362,6bba_09961292
C3_public0955,620,45,39,0,0,0,12328,nan,-0.09684981684981685,0.8806818181818182,0.8892112054612056,6bba_0c7fa718
C3_public0955,179,19,19,0,0,1,21076,nan,-0.06191302799661726,0.8248847926267281,0.8299919041527163,6bba_0e7c0d07
C3_public0955,961,21,37,0,1,3,7995,nan,-0.03836901611739235,0.943081452404318,0.9466999631490495,6bba_12665c0e
C3_public0955,693,11,11,0,0,0,5501,nan,-0.04711588428893123,0.9692307692307692,0.973797385708004,6bba_13f19531
C3_public0955,716,14,13,0,1,0,6235,nan,-0.09493395267818261,0.9636608344549125,0.9728092476605085,6bba_15403b9a
C3_public0955,1255,107,110,0,0,1,16778,nan,-0.06315260483555754,0.8525815217391305,0.8579657961323794,6bba_1d0d8384
C3_public0955,675,37,44,0,0,0,11035,nan,-0.0452500432600796,0.8928571428571429,0.8968973252910786,6bba_1ebfb80d
C3_public0955,264,48,35,0,1,0,31173,nan,0.07853856001107151,0.760806916426513,0.7548316484602529,6bba_1f58c2f6
C3_public0955,349,79,101,0,1,1,16923,nan,0.41036753062755227,0.6597353497164461,0.6326619530833618,6bba_207c6aaf
C3_public0955,846,27,63,0,0,3,9672,nan,-0.008813281410125025,0.9038461538461539,0.9046427388966843,6bba_20852818
C3_public0955,1128,5,4,1,0,1,12237,nan,0.02401673640167364,0.9920844327176781,0.9897017696867996,6bba_2312ac41
C3_public0955,498,1,1,0,0,0,4034,nan,-0.09348314606741573,0.996,1.0053109213483147,6bba_23af9eeb
C3_public0955,523,0,0,0,0,0,3466,nan,-0.08379592915675389,1.0,1.0083795929156754,6bba_2540cd90
C3_public0955,704,12,17,0,1,0,5150,nan,-0.06278434940855324,0.9604365620736699,0.9664666005434682,6bba_2646afc7
C3_public0955,578,10,31,0,0,1,4463,nan,-0.1261014294106129,0.9337641357027464,0.9455390349271945,6bba_268e1230
C3_public0955,915,20,34,0,0,1,4897,nan,-0.11510661366100469,0.9442724458204335,0.9551416461816119,6bba_2819ca14
C3_public0955,1266,13,22,0,1,0,21521,nan,0.03163798475624371,0.973097617217525,0.9700189324595384,6bba_283bf9f1
C3_public0955,495,9,5,0,1,0,9299,nan,-0.06664659239184985,0.9724950884086444,0.9789764367846692,6bba_312f0dc3
C3_public0955,690,118,121,0,1,1,42908,nan,0.10859062136674848,0.7427341227125942,0.7346687267230294,6bba_32db13fc
C3_public0955,1194,32,19,1,0,1,29290,nan,-0.039041994750656166,0.9590361445783132,0.962780412990545,6bba_337b1b3a
C3_public0955,1006,2,1,0,0,0,6492,nan,-0.07534539239424583,0.9970267591674926,1.0045388964071964,6bba_372c8cb8
C3_public0955,1108,40,34,0,0,0,6408,nan,-0.08496358703412824,0.937394247038917,0.9453586848082752,6bba_3a1849c2
C3_public0955,839,114,96,1,0,0,51725,nan,-0.006530298665130126,0.7998093422306959,0.8003316416186886,6bba_3abfe10a
C3_public0955,741,4,5,0,0,2,6108,nan,-0.023969319271332695,0.988,0.9903681687440077,6bba_3c5691b6
C3_public0955,433,41,41,0,0,1,22301,nan,-0.04023928386985712,0.8407766990291262,0.8441599242554656,6bba_3db54e20
C3_public0955,1164,6,15,0,0,1,8043,nan,-0.18278805120910385,0.9822784810126582,1.0002333579415525,6bba_3fda6b25
C3_public0955,853,12,27,0,1,0,5244,nan,-0.08768267223382047,0.9562780269058296,0.9646629281855884,6bba_43fea39d
C3_public0955,240,25,46,0,0,1,23988,nan,-0.15215777754214824,0.7717041800643086,0.7834462593601657,6bba_474be664
C3_public0955,896,20,22,1,0,4,25087,nan,0.04681827665345295,0.9552238805970149,0.9507516870062374,6bba_48816121
C3_public0955,648,30,33,0,0,0,7026,nan,0.035214380433181085,0.9113924050632911,0.90818299317571,6bba_4aa14c89
C3_public0955,993,8,17,0,0,2,5300,nan,-0.11148365465213747,0.9754420432220039,0.9863166276099776,6bba_4f99ce20
C3_public0955,645,22,44,1,0,2,19900,nan,0.12830980325452174,0.9071729957805907,0.8955330769199484,6bba_4ffd3da3
C3_public0955,682,6,6,0,0,1,4478,nan,-0.14818337454822142,0.9827089337175793,0.9972710463172748,6bba_55b7eebe
C3_public0955,402,49,65,0,0,0,36156,nan,0.020923337568826767,0.7790697674418605,0.7774396934684752,6bba_55c70843
C3_public0955,1268,330,324,0,1,3,71892,nan,0.0974034894903146,0.659729448491155,0.6533034534508991,6bba_57b7cc1e
C3_public0955,699,13,23,0,0,0,5439,nan,-0.08985943775100401,0.9510204081632653,0.9595662240799934,6bba_5a4d9360
C3_public0955,716,1,8,0,0,0,5649,nan,-0.026370217166494313,0.9875862068965517,0.9901904931712013,6bba_5b28472a
C3_public0955,1138,5,7,2,1,1,7911,nan,-0.07689614935822638,0.9895652173913043,0.997174592866927,6bba_5c039895
C3_public0955,1080,44,50,1,0,0,24927,nan,0.01136040897472309,0.919931856899489,0.9188867766871635,6bba_5c824876
C3_public0955,1441,19,46,0,0,0,29264,nan,0.08735555307843793,0.9568393094289509,0.9484807867207152,6bba_5dfe9ad1
C3_public0955,885,0,0,0,0,0,4414,nan,-0.042723921058338755,1.0,1.0042723921058339,6bba_5f89039d
C3_public0955,534,8,9,0,0,0,9346,nan,-0.07721169036334913,0.969147005444646,0.976629953294742,6bba_61dd1e0d
C3_public0955,595,6,19,0,0,1,5351,nan,-0.07325943886387253,0.9596774193548387,0.9667079622780652,6bba_61ecbe65
C3_public0955,785,13,13,0,0,1,4552,nan,-0.05579755237502593,0.967940813810111,0.9733416866355604,6bba_6321a359
C3_public0955,470,71,110,0,0,0,23555,nan,0.004349123779473841,0.7219662058371735,0.7216522137977952,6bba_6479435d
C3_public0955,391,68,47,0,2,1,14948,nan,-0.0692983002303717,0.7727272727272727,0.7780821413814378,6bba_67ebd073
C3_public0955,1038,17,14,0,0,1,6219,nan,-0.13564975677553856,0.971000935453695,0.9841725395260064,6bba_6ca87370
C3_public0955,428,15,12,0,0,0,24547,nan,-0.13673289959556884,0.9406593406593406,0.9535212485773413,6bba_6db0e9b4
C3_public0955,1125,99,218,0,0,0,10464,nan,0.18077183480027081,0.7801664355062413,0.7660632237066363,6bba_6feb10f0
C3_public0955,1330,7,13,0,0,0,6765,nan,-0.10015961691939346,0.9851851851851852,0.9950527622594662,6bba_6feeb0b1
C3_public0955,536,23,26,0,2,1,5710,nan,0.019642857142857142,0.9162393162393162,0.9144395604395603,6bba_705ec2c9
C3_public0955,649,0,3,0,0,0,4074,nan,-0.0538783093358105,0.995398773006135,1.000761813306586,6bba_718b21f9
C3_public0955,560,23,16,0,2,2,25088,nan,-0.1582055497768681,0.9348914858096828,0.9496819879591063,6bba_74686d6a
C3_public0955,547,94,111,0,0,0,46628,nan,-0.022760615333025945,0.7273936170212766,0.7290492096525486,6bba_767a1e17
C3_public0955,604,0,0,0,0,0,4590,nan,-0.05458290422245108,1.0,1.005458290422245,6bba_76db78c1
C3_public0955,1735,3,4,0,1,1,12598,nan,-0.038026878436163716,0.9959816303099885,0.9997690375480336,6bba_784a78c9
C3_public0955,1195,268,200,0,4,3,53320,nan,-0.09594940572068024,0.7185808779314492,0.725475618751426,6bba_786893ac
C3_public0955,670,16,11,0,0,0,10497,nan,-0.016766579243162234,0.9612625538020086,0.9628742622801891,6bba_789f8168
C3_public0955,725,109,107,0,0,2,38262,nan,-0.05788786841651688,0.7704569606801275,0.7749169717961716,6bba_78a7bd97
C3_public0955,1043,48,49,0,0,2,9972,nan,0.03615960099750624,0.9149122807017543,0.911603994399965,6bba_7af54fde
C3_public0955,543,8,12,0,0,0,5340,nan,-0.07612456747404844,0.9644760213143873,0.971818053310552,6bba_7b5d3b2c
C3_public0955,1167,5,6,0,0,2,7344,nan,-0.03508080409932992,0.9906621392190152,0.9941374616624717,6bba_7d3058ae
C3_public0955,892,49,42,1,0,2,9116,nan,-0.1384557225215008,0.9074262461851476,0.9199900818402013,6bba_7f87b3d8
C3_public0955,631,12,23,0,0,1,8080,nan,-0.10431216051435539,0.9474474474474475,0.9573304764691528,6bba_80d12824
C3_public0955,893,46,37,0,2,0,6793,nan,-0.10453466912733983,0.9149590163934426,0.9245235101978191,6bba_825bd1c6
C3_public0955,669,41,30,0,1,1,13846,nan,-0.07483629560336763,0.904054054054054,0.9108196596971152,6bba_87289e13
C3_public0955,723,2,2,1,0,1,5558,nan,-0.04632807137954702,0.9944979367262724,0.9991052538662191,6bba_8b7818bf
C3_public0955,916,1,5,0,0,1,6766,nan,-0.07391185327128387,0.9934924078091106,1.000835494316323,6bba_907271db
C3_public0955,1125,16,23,0,0,0,11338,nan,-0.047787016040984294,0.9664948453608248,0.9711134358287032,6bba_91951b3a
C3_public0955,714,9,7,0,1,0,4703,nan,-0.034093242965701376,0.9780821917808219,0.9814167911613028,6bba_96833384
C3_public0955,650,5,8,0,0,3,15429,nan,0.11095910138248848,0.9803921568627451,0.969513813589952,6bba_969618f6
C3_public0955,750,11,17,0,1,0,4932,nan,-0.12069887680513461,0.9640102827763496,0.9756457786123202,6bba_971fa5e0
C3_public0955,1317,33,36,0,1,2,18287,nan,0.003071691075640393,0.9502164502164502,0.9499245730774446,6bba_9a41d029
C3_public0955,866,18,25,0,0,1,7205,nan,-0.06525687597301505,0.9526952695269527,0.9589122612313125,6bba_9e23430b
C3_public0955,665,21,33,0,0,0,7733,nan,-0.08376777251184835,0.9248956884561892,0.932643333618968,6bba_a5e926bb
C3_public0955,871,179,241,0,0,0,28649,nan,-0.22352016478751083,0.6746707978311387,0.6897510506219925,6bba_a90a0b9c
C3_public0955,930,113,208,0,0,2,11919,nan,0.289795476680013,0.7434052757793765,0.7218617271532844,6bba_ab78413d
C3_public0955,307,27,23,0,0,0,19655,nan,-0.0027904616945712835,0.8599439775910365,0.860183941663931,6bba_acd782a8
C3_public0955,1463,13,8,0,1,0,7099,nan,-0.041064433337836014,0.9858490566037735,0.989897389890381,6bba_ae82a791
C3_public0955,757,3,11,0,0,1,4885,nan,-0.029598728645212555,0.9818417639429312,0.9847478907372795,6bba_aeee7805
C3_public0955,1268,27,49,0,0,0,7784,nan,-0.1286242023956118,0.9434523809523809,0.9555874619522049,6bba_af149c94
C3_public0955,593,19,33,1,0,3,5417,nan,-0.10521968946151306,0.9193798449612403,0.9290535311396398,6bba_afb141ff
C3_public0955,549,35,30,0,1,0,22378,nan,-0.07901884928800725,0.8941368078175895,0.9012021739835693,6bba_b1ae37b9
C3_public0955,802,8,9,0,0,2,5342,nan,0.049096622152395915,0.9792429792429792,0.9744352269882514,6bba_b204cac7
C3_public0955,1166,88,102,0,0,1,63213,nan,0.01197470583526775,0.859882005899705,0.858852322492336,6bba_b329af44
C3_public0955,913,12,22,0,0,0,6030,nan,0.08492263404102195,0.9640971488912354,0.9559097819557072,6bba_b693381b
C3_public0955,1795,78,84,0,2,3,22716,nan,-0.015387282735902215,0.9172202350536536,0.9186315877624396,6bba_bb9f20c3
C3_public0955,848,8,13,0,2,0,6478,nan,-0.04524686809137804,0.9758342922899885,0.9802496368402173,6bba_bbb708ca
C3_public0955,484,5,9,0,0,0,6257,nan,-0.02916989914662529,0.9718875502008032,0.974722536382925,6bba_c27cba08
C3_public0955,448,25,52,0,0,2,29936,nan,-0.04137312668118355,0.8533333333333334,0.8568638401434611,6bba_c328f2fd
C3_public0955,546,97,164,0,0,0,23215,nan,0.4229236898559608,0.6765799256505576,0.6479657577866971,6bba_c73a1d11
C3_public0955,1330,19,18,1,2,3,28098,nan,-0.05663924794359577,0.9729334308705194,0.9784440526528883,6bba_cdcfe533
C3_public0955,815,3,2,0,0,0,34581,nan,-0.00885640584694755,0.9939024390243902,0.9947826793616172,6bba_cf35214c
C3_public0955,1459,37,42,0,0,0,46303,nan,-0.001272593934687891,0.9486345903771132,0.948755313039708,6bba_cff5865f
C3_public0955,813,0,0,0,0,0,5607,nan,-0.08247422680412371,1.0,1.0082474226804123,6bba_d0fc38b5
C3_public0955,619,26,24,0,2,1,15960,nan,0.08431279298865411,0.9252615844544095,0.9174604456113636,6bba_d1acb6ff
C3_public0955,917,5,4,0,0,2,18742,nan,-0.07116661710774111,0.990280777537797,0.9973282708302158,6bba_d2b9fc0c
C3_public0955,833,34,24,0,1,1,15894,nan,-0.07839499014264177,0.9349046015712682,0.9422337852737173,6bba_d3da753b
C3_public0955,519,0,0,0,0,0,4115,nan,-0.08940030980305377,1.0,1.0089400309803054,6bba_d5eae175
C3_public0955,840,13,22,0,0,0,5946,nan,0.10953536107482739,0.96,0.9494846053368166,6bba_d6ecebbb
C3_public0955,508,28,22,0,0,0,28208,nan,0.01775147928994083,0.910394265232975,0.9087781807384785,6bba_d82a4fc6
C3_public0955,714,16,15,3,0,1,11709,nan,-0.008300160921487254,0.9583892617449664,0.9591847402547574,6bba_debd7bfa
C3_public0955,644,7,10,1,0,3,21715,nan,0.12869691771921618,0.9742813918305597,0.9617426906185816,6bba_df673a83
C3_public0955,935,7,7,1,0,0,5913,nan,-0.07130516726872939,0.9852476290832455,0.9922729537825354,6bba_e16ffc58
C3_public0955,597,16,37,0,0,0,5059,nan,-0.09902048085485307,0.9184615384615384,0.9275561887800533,6bba_e5e44988
C3_public0955,729,65,74,0,0,2,58763,nan,0.033704505075025946,0.8398617511520737,0.8370310386866712,6bba_ebdf3b34
C3_public0955,996,266,268,0,0,0,47150,nan,0.1335224540821233,0.6509803921568628,0.64228834220485,6bba_ebff6e76
C3_public0955,497,0,11,0,0,0,4239,nan,-0.04591492234976367,0.9783464566929134,0.9828385268519355,6bba_ed9377fd
C3_public0955,727,46,33,0,0,0,49751,nan,-0.16020728537186454,0.901985111662531,0.9164355702810603,6bba_edf14583
C3_public0955,927,75,62,0,2,0,8383,nan,-0.10313469562426447,0.8712406015037594,0.8802261149289186,6bba_eebc57a5
C3_public0955,1174,7,27,0,0,2,5712,nan,-0.06467987555264451,0.9718543046357616,0.9781402461836759,6bba_ef7b4f7e
C3_public0955,921,89,94,0,2,0,25242,nan,0.011176541281096021,0.8342391304347826,0.8333067396268216,6bba_f17befbc
C3_public0955,415,29,31,0,0,0,7688,nan,-0.1495575221238938,0.8736842105263158,0.8867508150908244,6bba_f1fde7e0
C3_public0955,931,22,32,0,0,1,5159,nan,-0.13627992633517497,0.9451776649746193,0.9580585392302586,6bba_f20478e9
C3_public0955,955,7,10,0,0,0,9239,nan,0.03774008761091767,0.9825102880658436,0.9788022856308203,6bba_f4ae811c
C3_public0955,352,17,18,1,0,1,30422,nan,0.02985781990521327,0.9095607235142119,0.9068449734866576,6bba_f8ffd5e7
C3_public0955,634,7,5,0,0,0,4913,nan,0.004908979341378605,0.9814241486068112,0.9809423695197471,6bba_fbc898dc
C3_public0955,720,28,42,0,0,0,6643,nan,-0.1554792779049072,0.9113924050632911,0.9255626683660167,6bba_fc516dc6
C3_public0955,440,7,18,0,0,2,17542,nan,0.25121255349500715,0.946236559139785,0.9224659089166015,6bba_fc5f39dc
C3_public0955,819,78,104,0,0,0,10881,nan,-0.1685642240391228,0.8181818181818182,0.8319734365122919,6bba_fc83837d
C3_public0955,662,14,18,0,0,2,9474,nan,-0.1256921373200443,0.9538904899135446,0.9658801433581944,6bba_fe670320
F8_joint,46,3,4,0,0,0,25488,nan,-0.01036691904484566,0.8679245283018868,0.8688242986340811,44b6_0113de3b
F8_joint,49,0,0,0,0,0,18141,nan,-0.44683640798902274,1.0,1.0446836407989022,44b6_0b24845f
F8_joint,69,1,1,0,0,0,26806,nan,-0.04120466413906574,0.971830985915493,0.9758353828529515,44b6_0c582fdc
F8_joint,149,0,2,0,0,0,17498,nan,0.14104988588196934,0.9867549668874173,0.9728367993401236,44b6_0db75fae
F8_joint,741,38,32,0,0,1,44125,nan,-0.24793768748295608,0.9136868064118372,0.936340545798381,44b6_12dfb391
F8_joint,119,0,0,0,0,0,27584,nan,-0.5780714635340186,1.0,1.0578071463534018,44b6_144b256d
F8_joint,144,10,9,0,1,0,19270,nan,0.09011710131809696,0.8834355828220859,0.8754743174295669,44b6_1574802b
F8_joint,90,16,9,0,1,0,71293,nan,-0.09347184782055847,0.782608695652174,0.7899238837424786,44b6_18ced818
F8_joint,253,28,18,0,1,0,35377,nan,-0.012505233775296581,0.8461538461538461,0.8472119813194482,44b6_1d530831
F8_joint,213,10,8,0,0,0,26792,nan,0.016658444958828216,0.922077922077922,0.9205418836466535,44b6_24264f12
F8_joint,250,40,27,0,0,1,21733,nan,0.13606900156821747,0.7886435331230284,0.7779125393085001,44b6_267148e4
F8_joint,197,23,13,0,1,1,37910,nan,-0.32744336225096243,0.8454935622317596,0.8731786877096308,44b6_2a2eff9f
F8_joint,67,25,18,0,0,0,18086,nan,-0.25779711096520025,0.6090909090909091,0.6247930967587896,44b6_2f31fc2f
F8_joint,49,0,0,0,0,0,23592,nan,0.011230175739391342,1.0,0.9988769824260608,44b6_33b596bf
F8_joint,208,0,1,0,0,1,8361,nan,0.12439483593329748,0.9952153110047847,0.9828353464717101,44b6_341df25f
F8_joint,884,38,35,0,0,0,36206,nan,-0.10703891875894046,0.9237199582027168,0.9336073567589241,44b6_3a861e03
F8_joint,380,26,16,0,0,0,15743,nan,-0.5070607759025582,0.9004739336492891,0.9461334347969129,44b6_3bb3690f
F8_joint,194,5,4,0,0,0,28593,nan,-0.12508797160429608,0.9556650246305419,0.9676192445769624,44b6_40c45f5a
F8_joint,310,13,12,0,0,0,32632,nan,-0.4304265866089506,0.9253731343283582,0.9652036542832162,44b6_415c0a3a
F8_joint,67,2,1,0,0,0,30048,nan,-0.22386671832623015,0.9571428571428572,0.9785701001826536,44b6_53f95252
F8_joint,199,33,25,0,0,0,30257,nan,-0.4749509778402485,0.77431906614786,0.8110954259105875,44b6_551a5dba
F8_joint,169,1,1,0,0,0,11083,nan,-0.43826659908768373,0.9883040935672515,1.031618160962467,44b6_5740d24b
F8_joint,365,7,6,1,0,0,18647,nan,0.028119314109279373,0.9656084656084656,0.9628932408333633,44b6_587a1e22
F8_joint,252,23,21,0,0,1,21046,nan,-0.2870354686811884,0.8513513513513513,0.8757881547661012,44b6_5f15d135
F8_joint,613,28,18,0,0,0,33423,nan,-0.15813203697639858,0.9301972685887708,0.9449066674759533,44b6_668e0cc7
F8_joint,197,2,1,0,0,0,20016,nan,-0.6202618099032442,0.985,1.0460957882754696,44b6_66f9292d
F8_joint,108,10,9,0,0,1,28556,nan,-0.5914618444018427,0.8503937007874016,0.9006912434609441,44b6_706092f0
F8_joint,107,20,12,0,0,0,30496,nan,-0.5494622385060868,0.7697841726618705,0.8120809061296053,44b6_71a4179f
F8_joint,135,5,4,0,1,1,8383,nan,-0.44446653412856196,0.9375,0.9791687375745527,44b6_74d0c52e
F8_joint,492,22,15,0,0,1,42450,nan,-0.3650722426635556,0.9300567107750473,0.9640104996957409,44b6_7a302da0
F8_joint,546,10,14,0,0,0,44362,nan,-0.2086692829111666,0.9578947368421052,0.9778830576262275,44b6_7e557709
F8_joint,179,0,0,0,0,0,14887,nan,-0.05431330199466396,1.0,1.0054313301994664,44b6_808952d6
F8_joint,197,0,0,0,0,0,11208,nan,0.11500198965380024,1.0,0.98849980103462,44b6_81c256f0
F8_joint,109,47,40,0,1,0,28036,nan,-0.0023485872891609136,0.5561224489795918,0.5562530591910809,44b6_87bba6c4
F8_joint,381,22,15,0,0,0,18127,nan,-0.4365597413900286,0.9114832535885168,0.9512749429353112,44b6_8cc6506c
F8_joint,572,38,32,0,0,0,27087,nan,-0.017554677015704907,0.8909657320872274,0.8925297936531127,44b6_8f5ab931
F8_joint,366,4,4,0,0,0,39731,nan,-0.4690711317199631,0.9786096256684492,1.0245133781308842,44b6_8f9ecab4
F8_joint,97,12,6,0,0,0,23034,nan,-0.09783800720664264,0.8434782608695652,0.8517306840861256,44b6_90724892
F8_joint,351,44,27,0,0,0,37840,nan,0.01777885365394443,0.8317535545023697,0.830274792030205,44b6_949adeb1
F8_joint,198,0,0,0,0,0,4757,nan,-0.07827940321643093,1.0,1.007827940321643,44b6_95029e92
F8_joint,219,1,2,0,0,0,32719,nan,-0.08539721585509029,0.9864864864864865,0.994910806428948,44b6_97725144
F8_joint,370,2,7,1,0,0,8879,nan,0.17245477353756766,0.9762532981530343,0.9594173440082058,44b6_996155de
F8_joint,205,18,15,0,1,1,25200,nan,-0.5645938801250928,0.8613445378151261,0.9099755232880857,44b6_9be80b04
F8_joint,241,30,18,0,0,0,38612,nan,-0.3995770355165765,0.8339100346020761,0.8672311645534584,44b6_9bfa6a0a
F8_joint,279,12,7,1,0,1,21921,nan,-0.048567708333333334,0.9362416107382551,0.9407887216862417,44b6_a21120c2
F8_joint,376,44,34,0,1,0,43382,nan,-0.2842789500602181,0.8281938325991189,0.8517376399168815,44b6_a2bb48bb
F8_joint,203,0,3,0,0,1,14019,nan,-0.3656274039549301,0.9854368932038835,1.0214671665062383,44b6_aaf8b0ea
F8_joint,94,0,0,0,0,0,25568,nan,-0.07375742645993334,1.0,1.0073757426459933,44b6_abf82518
F8_joint,156,14,12,0,0,0,36725,nan,-0.3851395469537411,0.8571428571428571,0.8901548183103206,44b6_b2c44266
F8_joint,97,8,5,0,0,0,19353,nan,-0.059849404906485305,0.8818181818181818,0.8870958111599355,44b6_c15fded2
F8_joint,294,31,31,0,0,2,35757,nan,-0.2404732571477123,0.8258426966292135,0.8457020049442213,44b6_c50204e0
F8_joint,203,34,20,0,0,0,28016,nan,-0.4748148842440716,0.7898832684824902,0.8273881017515745,44b6_c771cb04
F8_joint,158,10,6,0,1,1,28311,nan,-0.14581824764663287,0.9080459770114943,0.9212869443265332,44b6_c8e2a523
F8_joint,590,17,26,0,0,0,37236,nan,-0.19465351674020243,0.9320695102685624,0.9502125710705718,44b6_c96cfa10
F8_joint,70,8,5,0,0,0,20633,nan,-0.6415703986797533,0.8433734939759037,0.8974818408525094,44b6_cf2536e8
F8_joint,178,12,10,0,0,0,41001,nan,-0.0623842301447552,0.89,0.8955521964828831,44b6_cf8fed6b
F8_joint,1285,56,43,0,0,0,36336,nan,-0.0451714623571147,0.9284682080924855,0.9326622347636483,44b6_d29c9ab2
F8_joint,271,5,10,0,0,2,14675,nan,-0.390421201296004,0.9475524475524476,0.984546904038887,44b6_d2f34f90
F8_joint,830,90,63,0,1,2,41844,nan,-0.06698180520870496,0.844354018311292,0.8500096539494635,44b6_d5e7d891
F8_joint,64,3,6,0,0,1,5523,nan,0.06807193966350802,0.8767123287671232,0.8707443778925144,44b6_d754aa59
F8_joint,418,37,33,0,0,0,23300,nan,0.046767599622624556,0.8565573770491803,0.8525514638028162,44b6_d78e09d9
F8_joint,154,7,8,0,0,0,15223,nan,0.013312920189043467,0.9112426035502958,0.9100294735449037,44b6_db3c847b
F8_joint,607,48,40,0,0,0,37263,nan,-0.3033911612951469,0.8733812949640288,0.8998789114972885,44b6_ddf577ad
F8_joint,119,7,5,1,1,0,15562,nan,0.11244549288726857,0.9083969465648855,0.8981824323255077,44b6_deabac95
F8_joint,289,14,20,0,0,2,26309,nan,-0.6477385319872533,0.8947368421052632,0.9526923949672806,44b6_e28840c6
F8_joint,48,4,2,0,0,0,13328,nan,0.027681394093607835,0.8888888888888888,0.8864283205250125,44b6_e29f0176
F8_joint,106,10,7,0,0,0,66132,nan,-0.09229164379049083,0.8617886178861789,0.8697422067006441,44b6_e31261b4
F8_joint,240,11,26,0,0,0,18245,nan,-0.36297615306728115,0.8664259927797834,0.8978751901574539,44b6_e35b117d
F8_joint,142,19,44,0,0,0,15946,nan,-0.21502412129565818,0.6926829268292682,0.7075772805970649,44b6_e57ff5c6
F8_joint,371,13,8,0,3,1,35856,nan,-0.2543049663089593,0.9464285714285714,0.9704967200256694,44b6_eb2880fc
F8_joint,55,6,6,0,0,0,21352,nan,0.14451114922813035,0.8208955223880597,0.8090326668544072,44b6_f28707c6
F8_joint,836,8,9,0,0,0,5965,nan,-0.06240176045268783,0.9800703399765534,0.9861861514347535,6bba_05b6850b
F8_joint,1113,93,70,0,0,3,68474,nan,-0.018997134670487106,0.872257053291536,0.8739140917624021,6bba_05db0fb1
F8_joint,896,4,2,1,1,0,5828,nan,-0.033499170812603646,0.9933481152993349,0.9966757491184138,6bba_062c8d37
F8_joint,593,14,9,0,0,0,4485,nan,-0.07258064516129033,0.9626623376623377,0.9696494030163385,6bba_07477033
F8_joint,309,17,36,0,0,2,26917,nan,0.2528275541075169,0.8535911602209945,0.8320100236963474,6bba_07e24132
F8_joint,1164,0,4,0,0,1,8166,nan,-0.03509393831974477,0.9965753424657534,1.0000727178257007,6bba_085bf656
F8_joint,1788,108,83,1,0,3,29106,nan,-0.06462705273644631,0.9034866093986862,0.9093255770739144,6bba_09961292
F8_joint,620,45,39,0,0,0,12328,nan,-0.09684981684981685,0.8806818181818182,0.8892112054612056,6bba_0c7fa718
F8_joint,179,19,19,0,0,1,21076,nan,-0.06191302799661726,0.8248847926267281,0.8299919041527163,6bba_0e7c0d07
F8_joint,961,21,37,0,1,3,7989,nan,-0.03909069040173202,0.943081452404318,0.9467680229122734,6bba_12665c0e
F8_joint,693,11,11,0,0,0,5501,nan,-0.04711588428893123,0.9692307692307692,0.973797385708004,6bba_13f19531
F8_joint,716,14,13,0,1,0,6235,nan,-0.09493395267818261,0.9636608344549125,0.9728092476605085,6bba_15403b9a
F8_joint,1255,107,110,0,0,1,16778,nan,-0.06315260483555754,0.8525815217391305,0.8579657961323794,6bba_1d0d8384
F8_joint,675,37,44,0,0,0,11032,nan,-0.04550960373767088,0.8928571428571429,0.8969205003337206,6bba_1ebfb80d
F8_joint,264,48,35,0,1,0,31173,nan,0.07853856001107151,0.760806916426513,0.7548316484602529,6bba_1f58c2f6
F8_joint,348,78,102,0,0,1,16908,nan,0.40911742645220434,0.6590909090909091,0.6321263514383774,6bba_207c6aaf
F8_joint,846,27,63,0,0,3,9672,nan,-0.008813281410125025,0.9038461538461539,0.9046427388966843,6bba_20852818
F8_joint,1128,5,4,1,0,1,12231,nan,0.023514644351464435,0.9920844327176781,0.98975158145748,6bba_2312ac41
F8_joint,498,1,1,0,0,0,4034,nan,-0.09348314606741573,0.996,1.0053109213483147,6bba_23af9eeb
F8_joint,523,0,0,0,0,0,3466,nan,-0.08379592915675389,1.0,1.0083795929156754,6bba_2540cd90
F8_joint,704,12,17,0,1,0,5150,nan,-0.06278434940855324,0.9604365620736699,0.9664666005434682,6bba_2646afc7
F8_joint,578,10,31,0,0,1,4463,nan,-0.1261014294106129,0.9337641357027464,0.9455390349271945,6bba_268e1230
F8_joint,915,20,34,0,0,1,4892,nan,-0.11601011926273942,0.9442724458204335,0.9552269617260482,6bba_2819ca14
F8_joint,1265,15,23,0,1,0,21511,nan,0.031158621350846075,0.9708365310821182,0.9678115382955625,6bba_283bf9f1
F8_joint,498,3,2,0,0,0,9292,nan,-0.06734919201043862,0.9900596421471173,0.9967276138411926,6bba_312f0dc3
F8_joint,688,117,123,0,0,1,42904,nan,0.10848727554579511,0.7413793103448276,0.7333362881922945,6bba_32db13fc
F8_joint,1194,32,19,1,0,1,29290,nan,-0.039041994750656166,0.9590361445783132,0.962780412990545,6bba_337b1b3a
F8_joint,1006,2,1,0,0,0,6492,nan,-0.07534539239424583,0.9970267591674926,1.0045388964071964,6bba_372c8cb8
F8_joint,1108,40,34,0,0,0,6408,nan,-0.08496358703412824,0.937394247038917,0.9453586848082752,6bba_3a1849c2
F8_joint,839,114,96,1,0,0,51710,nan,-0.0068184000768270435,0.7998093422306959,0.8003546842387471,6bba_3abfe10a
F8_joint,741,4,5,0,0,2,6108,nan,-0.023969319271332695,0.988,0.9903681687440077,6bba_3c5691b6
F8_joint,433,41,41,0,0,1,22296,nan,-0.040454467206059566,0.8407766990291262,0.8441780163689755,6bba_3db54e20
F8_joint,1164,6,15,0,0,1,8043,nan,-0.18278805120910385,0.9822784810126582,1.0002333579415525,6bba_3fda6b25
F8_joint,853,11,27,0,0,0,5241,nan,-0.08820459290187892,0.957351290684624,0.9657955687705166,6bba_43fea39d
F8_joint,240,25,46,0,0,1,23988,nan,-0.15215777754214824,0.7717041800643086,0.7834462593601657,6bba_474be664
F8_joint,896,20,22,1,0,4,25087,nan,0.04681827665345295,0.9552238805970149,0.9507516870062374,6bba_48816121
F8_joint,648,30,33,0,0,0,7026,nan,0.035214380433181085,0.9113924050632911,0.90818299317571,6bba_4aa14c89
F8_joint,993,8,17,0,0,2,5300,nan,-0.11148365465213747,0.9754420432220039,0.9863166276099776,6bba_4f99ce20
F8_joint,645,22,44,1,0,2,19900,nan,0.12830980325452174,0.9071729957805907,0.8955330769199484,6bba_4ffd3da3
F8_joint,682,6,6,0,0,1,4478,nan,-0.14818337454822142,0.9827089337175793,0.9972710463172748,6bba_55b7eebe
F8_joint,402,49,65,0,0,0,36156,nan,0.020923337568826767,0.7790697674418605,0.7774396934684752,6bba_55c70843
F8_joint,1268,330,324,0,1,3,71879,nan,0.0972050495336661,0.659729448491155,0.6533165451192149,6bba_57b7cc1e
F8_joint,699,13,23,0,0,0,5439,nan,-0.08985943775100401,0.9510204081632653,0.9595662240799934,6bba_5a4d9360
F8_joint,716,1,8,0,0,0,5649,nan,-0.026370217166494313,0.9875862068965517,0.9901904931712013,6bba_5b28472a
F8_joint,1138,5,7,2,1,1,7907,nan,-0.07736289381563594,0.9895652173913043,0.9972207802749733,6bba_5c039895
F8_joint,1080,44,50,1,0,0,24927,nan,0.01136040897472309,0.919931856899489,0.9188867766871635,6bba_5c824876
F8_joint,1441,19,46,0,0,0,29264,nan,0.08735555307843793,0.9568393094289509,0.9484807867207152,6bba_5dfe9ad1
F8_joint,885,0,0,0,0,0,4414,nan,-0.042723921058338755,1.0,1.0042723921058339,6bba_5f89039d
F8_joint,534,8,9,0,0,0,9346,nan,-0.07721169036334913,0.969147005444646,0.976629953294742,6bba_61dd1e0d
F8_joint,595,6,19,0,0,1,5351,nan,-0.07325943886387253,0.9596774193548387,0.9667079622780652,6bba_61ecbe65
F8_joint,785,13,13,0,0,1,4552,nan,-0.05579755237502593,0.967940813810111,0.9733416866355604,6bba_6321a359
F8_joint,470,71,110,0,0,0,23527,nan,0.0031552466635398455,0.7219662058371735,0.7217384076909579,6bba_6479435d
F8_joint,391,67,47,0,1,1,14932,nan,-0.07029450221032314,0.7742574257425743,0.7797000297750964,6bba_67ebd073
F8_joint,1038,17,14,0,0,1,6219,nan,-0.13564975677553856,0.971000935453695,0.9841725395260064,6bba_6ca87370
F8_joint,428,15,12,0,0,0,24547,nan,-0.13673289959556884,0.9406593406593406,0.9535212485773413,6bba_6db0e9b4
F8_joint,1125,99,218,0,0,0,10464,nan,0.18077183480027081,0.7801664355062413,0.7660632237066363,6bba_6feb10f0
F8_joint,1330,7,13,0,0,0,6765,nan,-0.10015961691939346,0.9851851851851852,0.9950527622594662,6bba_6feeb0b1
F8_joint,536,23,26,0,2,1,5696,nan,0.017142857142857144,0.9162393162393162,0.9146686202686203,6bba_705ec2c9
F8_joint,649,0,3,0,0,0,4074,nan,-0.0538783093358105,0.995398773006135,1.000761813306586,6bba_718b21f9
F8_joint,560,22,16,0,1,2,25088,nan,-0.1582055497768681,0.9364548494983278,0.9512700849289376,6bba_74686d6a
F8_joint,547,94,111,0,0,0,46623,nan,-0.02286540637967892,0.7273936170212766,0.7290568320863943,6bba_767a1e17
F8_joint,604,0,0,0,0,0,4590,nan,-0.05458290422245108,1.0,1.005458290422245,6bba_76db78c1
F8_joint,1735,3,4,0,1,1,12593,nan,-0.03840867440439829,0.9959816303099885,0.9998070637251223,6bba_784a78c9
F8_joint,1195,268,200,0,4,3,53308,nan,-0.09615286796995541,0.7185808779314492,0.725490239159597,6bba_786893ac
F8_joint,670,16,11,0,0,0,10487,nan,-0.017703259647808167,0.9612625538020086,0.9629643018599758,6bba_789f8168
F8_joint,725,109,107,0,0,2,38257,nan,-0.058010981705365276,0.7704569606801275,0.7749264571452061,6bba_78a7bd97
F8_joint,1043,48,49,0,0,2,9972,nan,0.03615960099750624,0.9149122807017543,0.911603994399965,6bba_7af54fde
F8_joint,543,8,12,0,0,0,5340,nan,-0.07612456747404844,0.9644760213143873,0.971818053310552,6bba_7b5d3b2c
F8_joint,1167,5,6,0,0,2,7344,nan,-0.03508080409932992,0.9906621392190152,0.9941374616624717,6bba_7d3058ae
F8_joint,892,49,42,1,0,2,9112,nan,-0.1388337586239486,0.9074262461851476,0.920024385828338,6bba_7f87b3d8
F8_joint,631,12,23,0,0,1,8074,nan,-0.10497727524664671,0.9474474474474475,0.9573934925946899,6bba_80d12824
F8_joint,895,42,35,0,1,0,6788,nan,-0.1051937780121276,0.9207818930041153,0.9304679456091414,6bba_825bd1c6
F8_joint,669,41,30,0,1,1,13846,nan,-0.07483629560336763,0.904054054054054,0.9108196596971152,6bba_87289e13
F8_joint,723,2,2,1,0,1,5558,nan,-0.04632807137954702,0.9944979367262724,0.9991052538662191,6bba_8b7818bf
F8_joint,916,1,5,0,0,1,6766,nan,-0.07391185327128387,0.9934924078091106,1.000835494316323,6bba_907271db
F8_joint,1125,16,23,0,0,0,11338,nan,-0.047787016040984294,0.9664948453608248,0.9711134358287032,6bba_91951b3a
F8_joint,714,8,7,0,0,0,4699,nan,-0.03491476689258575,0.9794238683127572,0.9828435039178747,6bba_96833384
F8_joint,650,5,8,0,0,3,15418,nan,0.11016705069124424,0.9803921568627451,0.9695914656185054,6bba_969618f6
F8_joint,750,11,17,0,1,0,4927,nan,-0.12159030130147977,0.9640102827763496,0.9757317128503997,6bba_971fa5e0
F8_joint,1317,33,36,0,1,2,18282,nan,0.0027974329438867863,0.9502164502164502,0.9499506335362844,6bba_9a41d029
F8_joint,866,18,25,0,0,1,7197,nan,-0.06629475869226778,0.9526952695269527,0.959011139827008,6bba_9e23430b
F8_joint,665,21,33,0,0,0,7727,nan,-0.08447867298578199,0.9248956884561892,0.9327090844972942,6bba_a5e926bb
F8_joint,871,179,241,0,0,0,28649,nan,-0.22352016478751083,0.6746707978311387,0.6897510506219925,6bba_a90a0b9c
F8_joint,930,113,208,0,0,2,11919,nan,0.289795476680013,0.7434052757793765,0.7218617271532844,6bba_ab78413d
F8_joint,307,27,23,0,0,0,19655,nan,-0.0027904616945712835,0.8599439775910365,0.860183941663931,6bba_acd782a8
F8_joint,1463,13,8,0,1,0,7099,nan,-0.041064433337836014,0.9858490566037735,0.989897389890381,6bba_ae82a791
F8_joint,757,3,11,0,0,1,4885,nan,-0.029598728645212555,0.9818417639429312,0.9847478907372795,6bba_aeee7805
F8_joint,1268,27,49,0,0,0,7774,nan,-0.1297436471510131,0.9434523809523809,0.9556930762341878,6bba_af149c94
F8_joint,593,19,33,1,0,3,5411,nan,-0.10621076973901553,0.9193798449612403,0.9291446490628272,6bba_afb141ff
F8_joint,549,35,30,0,1,0,22378,nan,-0.07901884928800725,0.8941368078175895,0.9012021739835693,6bba_b1ae37b9
F8_joint,802,8,9,0,0,2,5342,nan,0.049096622152395915,0.9792429792429792,0.9744352269882514,6bba_b204cac7
F8_joint,1166,88,102,0,0,1,63213,nan,0.01197470583526775,0.859882005899705,0.858852322492336,6bba_b329af44
F8_joint,913,12,22,0,0,0,6030,nan,0.08492263404102195,0.9640971488912354,0.9559097819557072,6bba_b693381b
F8_joint,1794,77,85,0,1,3,22716,nan,-0.015387282735902215,0.9171779141104295,0.9185892016987837,6bba_bb9f20c3
F8_joint,848,8,13,0,2,0,6478,nan,-0.04524686809137804,0.9758342922899885,0.9802496368402173,6bba_bbb708ca
F8_joint,484,5,9,0,0,0,6257,nan,-0.02916989914662529,0.9718875502008032,0.974722536382925,6bba_c27cba08
F8_joint,448,25,52,0,0,2,29926,nan,-0.041693352119892405,0.8533333333333334,0.8568911660475641,6bba_c328f2fd
F8_joint,546,97,164,0,0,0,23202,nan,0.4221268771069568,0.6765799256505576,0.648019668537745,6bba_c73a1d11
F8_joint,1330,19,18,1,2,3,28094,nan,-0.05677354373006547,0.9729334308705194,0.9784571187389165,6bba_cdcfe533
F8_joint,815,3,2,0,0,0,34581,nan,-0.00885640584694755,0.9939024390243902,0.9947826793616172,6bba_cf35214c
F8_joint,1459,37,42,0,0,0,46303,nan,-0.001272593934687891,0.9486345903771132,0.948755313039708,6bba_cff5865f
F8_joint,813,0,0,0,0,0,5607,nan,-0.08247422680412371,1.0,1.0082474226804123,6bba_d0fc38b5
F8_joint,619,25,24,0,1,1,15949,nan,0.08356545961002786,0.9266467065868264,0.9189031407936217,6bba_d1acb6ff
F8_joint,918,3,3,0,0,2,18742,nan,-0.07116661710774111,0.9935064935064936,1.0005769431282365,6bba_d2b9fc0c
F8_joint,833,34,24,0,1,1,15894,nan,-0.07839499014264177,0.9349046015712682,0.9422337852737173,6bba_d3da753b
F8_joint,519,0,0,0,0,0,4115,nan,-0.08940030980305377,1.0,1.0089400309803054,6bba_d5eae175
F8_joint,840,13,22,0,0,0,5944,nan,0.10916215711886545,0.96,0.9495204329165889,6bba_d6ecebbb
F8_joint,508,28,22,0,0,0,28208,nan,0.01775147928994083,0.910394265232975,0.9087781807384785,6bba_d82a4fc6
F8_joint,714,16,15,3,0,1,11703,nan,-0.00880833403912933,0.9583892617449664,0.9592334430206629,6bba_debd7bfa
F8_joint,644,7,10,1,0,3,21709,nan,0.1283850511980872,0.9742813918305597,0.9617730751934087,6bba_df673a83
F8_joint,935,7,7,1,0,0,5910,nan,-0.07177634678812628,0.9852476290832455,0.9923193766329713,6bba_e16ffc58
F8_joint,597,16,37,0,0,0,5059,nan,-0.09902048085485307,0.9184615384615384,0.9275561887800533,6bba_e5e44988
F8_joint,729,65,74,0,0,2,58763,nan,0.033704505075025946,0.8398617511520737,0.8370310386866712,6bba_ebdf3b34
F8_joint,996,266,268,0,0,0,47150,nan,0.1335224540821233,0.6509803921568628,0.64228834220485,6bba_ebff6e76
F8_joint,497,0,11,0,0,0,4239,nan,-0.04591492234976367,0.9783464566929134,0.9828385268519355,6bba_ed9377fd
F8_joint,727,46,33,0,0,0,49741,nan,-0.1603760845346207,0.901985111662531,0.916450795714227,6bba_edf14583
F8_joint,927,75,62,0,2,0,8383,nan,-0.10313469562426447,0.8712406015037594,0.8802261149289186,6bba_eebc57a5
F8_joint,1174,7,27,0,0,2,5706,nan,-0.06566235467496316,0.9718543046357616,0.9782357288400998,6bba_ef7b4f7e
F8_joint,921,88,94,0,1,0,25236,nan,0.010936185554620838,0.8349954669084315,0.8340823003720937,6bba_f17befbc
F8_joint,415,29,31,0,0,0,7681,nan,-0.15033185840707963,0.8736842105263158,0.8868184676292502,6bba_f1fde7e0
F8_joint,931,22,32,0,0,1,5159,nan,-0.13627992633517497,0.9451776649746193,0.9580585392302586,6bba_f20478e9
F8_joint,955,7,10,0,0,0,9235,nan,0.03729080085364484,0.9825102880658436,0.9788464285169516,6bba_f4ae811c
F8_joint,352,17,18,1,0,1,30418,nan,0.02972241029113067,0.9095607235142119,0.9068572898133131,6bba_f8ffd5e7
F8_joint,634,7,5,0,0,0,4908,nan,0.003886275311924729,0.9814241486068112,0.9810427401628854,6bba_fbc898dc
F8_joint,720,28,42,0,0,0,6640,nan,-0.155860666158149,0.9113924050632911,0.9255974278017554,6bba_fc516dc6
F8_joint,440,7,18,0,0,2,17542,nan,0.25121255349500715,0.946236559139785,0.9224659089166015,6bba_fc5f39dc
F8_joint,819,78,104,0,0,0,10872,nan,-0.1692519293955834,0.8181818181818182,0.8320297033141842,6bba_fc83837d
F8_joint,662,14,18,0,0,2,9467,nan,-0.12633813215208564,0.9538904899135446,0.9659417641908762,6bba_fe670320
F8_p8,46,3,4,0,0,0,25488,nan,-0.01036691904484566,0.8679245283018868,0.8688242986340811,44b6_0113de3b
F8_p8,49,0,0,0,0,0,18141,nan,-0.44683640798902274,1.0,1.0446836407989022,44b6_0b24845f
F8_p8,69,1,1,0,0,0,26806,nan,-0.04120466413906574,0.971830985915493,0.9758353828529515,44b6_0c582fdc
F8_p8,149,0,2,0,0,0,17498,nan,0.14104988588196934,0.9867549668874173,0.9728367993401236,44b6_0db75fae
F8_p8,741,38,32,0,0,1,44125,nan,-0.24793768748295608,0.9136868064118372,0.936340545798381,44b6_12dfb391
F8_p8,119,0,0,0,0,0,27584,nan,-0.5780714635340186,1.0,1.0578071463534018,44b6_144b256d
F8_p8,144,10,9,0,1,0,19270,nan,0.09011710131809696,0.8834355828220859,0.8754743174295669,44b6_1574802b
F8_p8,90,16,9,0,1,0,71293,nan,-0.09347184782055847,0.782608695652174,0.7899238837424786,44b6_18ced818
F8_p8,253,28,18,0,1,0,35377,nan,-0.012505233775296581,0.8461538461538461,0.8472119813194482,44b6_1d530831
F8_p8,213,10,8,0,0,0,26792,nan,0.016658444958828216,0.922077922077922,0.9205418836466535,44b6_24264f12
F8_p8,250,40,27,0,0,1,21733,nan,0.13606900156821747,0.7886435331230284,0.7779125393085001,44b6_267148e4
F8_p8,197,23,13,0,1,1,37910,nan,-0.32744336225096243,0.8454935622317596,0.8731786877096308,44b6_2a2eff9f
F8_p8,67,25,18,0,0,0,18086,nan,-0.25779711096520025,0.6090909090909091,0.6247930967587896,44b6_2f31fc2f
F8_p8,49,0,0,0,0,0,23592,nan,0.011230175739391342,1.0,0.9988769824260608,44b6_33b596bf
F8_p8,208,0,1,0,0,1,8361,nan,0.12439483593329748,0.9952153110047847,0.9828353464717101,44b6_341df25f
F8_p8,884,38,35,0,0,0,36206,nan,-0.10703891875894046,0.9237199582027168,0.9336073567589241,44b6_3a861e03
F8_p8,380,26,16,0,0,0,15743,nan,-0.5070607759025582,0.9004739336492891,0.9461334347969129,44b6_3bb3690f
F8_p8,194,5,4,0,0,0,28593,nan,-0.12508797160429608,0.9556650246305419,0.9676192445769624,44b6_40c45f5a
F8_p8,310,13,12,0,0,0,32632,nan,-0.4304265866089506,0.9253731343283582,0.9652036542832162,44b6_415c0a3a
F8_p8,67,2,1,0,0,0,30048,nan,-0.22386671832623015,0.9571428571428572,0.9785701001826536,44b6_53f95252
F8_p8,199,33,25,0,0,0,30257,nan,-0.4749509778402485,0.77431906614786,0.8110954259105875,44b6_551a5dba
F8_p8,169,1,1,0,0,0,11083,nan,-0.43826659908768373,0.9883040935672515,1.031618160962467,44b6_5740d24b
F8_p8,365,7,6,1,0,0,18647,nan,0.028119314109279373,0.9656084656084656,0.9628932408333633,44b6_587a1e22
F8_p8,252,23,21,0,0,1,21046,nan,-0.2870354686811884,0.8513513513513513,0.8757881547661012,44b6_5f15d135
F8_p8,613,28,18,0,0,0,33423,nan,-0.15813203697639858,0.9301972685887708,0.9449066674759533,44b6_668e0cc7
F8_p8,197,2,1,0,0,0,20016,nan,-0.6202618099032442,0.985,1.0460957882754696,44b6_66f9292d
F8_p8,108,10,9,0,0,1,28556,nan,-0.5914618444018427,0.8503937007874016,0.9006912434609441,44b6_706092f0
F8_p8,107,20,12,0,0,0,30496,nan,-0.5494622385060868,0.7697841726618705,0.8120809061296053,44b6_71a4179f
F8_p8,135,5,4,0,1,1,8383,nan,-0.44446653412856196,0.9375,0.9791687375745527,44b6_74d0c52e
F8_p8,492,22,15,0,0,1,42450,nan,-0.3650722426635556,0.9300567107750473,0.9640104996957409,44b6_7a302da0
F8_p8,546,10,14,0,0,0,44362,nan,-0.2086692829111666,0.9578947368421052,0.9778830576262275,44b6_7e557709
F8_p8,179,0,0,0,0,0,14887,nan,-0.05431330199466396,1.0,1.0054313301994664,44b6_808952d6
F8_p8,197,0,0,0,0,0,11208,nan,0.11500198965380024,1.0,0.98849980103462,44b6_81c256f0
F8_p8,109,47,40,0,1,0,28036,nan,-0.0023485872891609136,0.5561224489795918,0.5562530591910809,44b6_87bba6c4
F8_p8,381,22,15,0,0,0,18127,nan,-0.4365597413900286,0.9114832535885168,0.9512749429353112,44b6_8cc6506c
F8_p8,572,38,32,0,0,0,27087,nan,-0.017554677015704907,0.8909657320872274,0.8925297936531127,44b6_8f5ab931
F8_p8,366,4,4,0,0,0,39731,nan,-0.4690711317199631,0.9786096256684492,1.0245133781308842,44b6_8f9ecab4
F8_p8,97,12,6,0,0,0,23034,nan,-0.09783800720664264,0.8434782608695652,0.8517306840861256,44b6_90724892
F8_p8,351,44,27,0,0,0,37840,nan,0.01777885365394443,0.8317535545023697,0.830274792030205,44b6_949adeb1
F8_p8,198,0,0,0,0,0,4757,nan,-0.07827940321643093,1.0,1.007827940321643,44b6_95029e92
F8_p8,219,1,2,0,0,0,32719,nan,-0.08539721585509029,0.9864864864864865,0.994910806428948,44b6_97725144
F8_p8,370,2,7,1,0,0,8879,nan,0.17245477353756766,0.9762532981530343,0.9594173440082058,44b6_996155de
F8_p8,205,18,15,0,1,1,25200,nan,-0.5645938801250928,0.8613445378151261,0.9099755232880857,44b6_9be80b04
F8_p8,241,30,18,0,0,0,38612,nan,-0.3995770355165765,0.8339100346020761,0.8672311645534584,44b6_9bfa6a0a
F8_p8,279,12,7,1,0,1,21921,nan,-0.048567708333333334,0.9362416107382551,0.9407887216862417,44b6_a21120c2
F8_p8,376,44,34,0,1,0,43382,nan,-0.2842789500602181,0.8281938325991189,0.8517376399168815,44b6_a2bb48bb
F8_p8,203,0,3,0,0,1,14019,nan,-0.3656274039549301,0.9854368932038835,1.0214671665062383,44b6_aaf8b0ea
F8_p8,94,0,0,0,0,0,25568,nan,-0.07375742645993334,1.0,1.0073757426459933,44b6_abf82518
F8_p8,156,14,12,0,0,0,36725,nan,-0.3851395469537411,0.8571428571428571,0.8901548183103206,44b6_b2c44266
F8_p8,97,8,5,0,0,0,19353,nan,-0.059849404906485305,0.8818181818181818,0.8870958111599355,44b6_c15fded2
F8_p8,294,31,31,0,0,2,35757,nan,-0.2404732571477123,0.8258426966292135,0.8457020049442213,44b6_c50204e0
F8_p8,203,34,20,0,0,0,28016,nan,-0.4748148842440716,0.7898832684824902,0.8273881017515745,44b6_c771cb04
F8_p8,158,10,6,0,1,1,28311,nan,-0.14581824764663287,0.9080459770114943,0.9212869443265332,44b6_c8e2a523
F8_p8,590,17,26,0,0,0,37236,nan,-0.19465351674020243,0.9320695102685624,0.9502125710705718,44b6_c96cfa10
F8_p8,70,8,5,0,0,0,20633,nan,-0.6415703986797533,0.8433734939759037,0.8974818408525094,44b6_cf2536e8
F8_p8,178,12,10,0,0,0,41001,nan,-0.0623842301447552,0.89,0.8955521964828831,44b6_cf8fed6b
F8_p8,1285,56,43,0,0,0,36336,nan,-0.0451714623571147,0.9284682080924855,0.9326622347636483,44b6_d29c9ab2
F8_p8,271,5,10,0,0,2,14675,nan,-0.390421201296004,0.9475524475524476,0.984546904038887,44b6_d2f34f90
F8_p8,830,90,63,0,1,2,41844,nan,-0.06698180520870496,0.844354018311292,0.8500096539494635,44b6_d5e7d891
F8_p8,64,3,6,0,0,1,5523,nan,0.06807193966350802,0.8767123287671232,0.8707443778925144,44b6_d754aa59
F8_p8,418,37,33,0,0,0,23300,nan,0.046767599622624556,0.8565573770491803,0.8525514638028162,44b6_d78e09d9
F8_p8,154,7,8,0,0,0,15223,nan,0.013312920189043467,0.9112426035502958,0.9100294735449037,44b6_db3c847b
F8_p8,607,48,40,0,0,0,37263,nan,-0.3033911612951469,0.8733812949640288,0.8998789114972885,44b6_ddf577ad
F8_p8,121,6,3,1,2,0,15562,nan,0.11244549288726857,0.9307692307692308,0.9203031502774158,44b6_deabac95
F8_p8,289,14,20,0,0,2,26309,nan,-0.6477385319872533,0.8947368421052632,0.9526923949672806,44b6_e28840c6
F8_p8,48,4,2,0,0,0,13328,nan,0.027681394093607835,0.8888888888888888,0.8864283205250125,44b6_e29f0176
F8_p8,106,10,7,0,0,0,66132,nan,-0.09229164379049083,0.8617886178861789,0.8697422067006441,44b6_e31261b4
F8_p8,240,11,26,0,0,0,18245,nan,-0.36297615306728115,0.8664259927797834,0.8978751901574539,44b6_e35b117d
F8_p8,142,19,44,0,0,0,15946,nan,-0.21502412129565818,0.6926829268292682,0.7075772805970649,44b6_e57ff5c6
F8_p8,371,13,8,0,3,1,35856,nan,-0.2543049663089593,0.9464285714285714,0.9704967200256694,44b6_eb2880fc
F8_p8,55,6,6,0,0,0,21352,nan,0.14451114922813035,0.8208955223880597,0.8090326668544072,44b6_f28707c6
F8_p8,836,8,9,0,0,0,6035,nan,-0.05139893115372524,0.9800703399765534,0.9851077967695797,6bba_05b6850b
F8_p8,1114,93,69,0,0,3,68777,nan,-0.014656160458452722,0.8730407523510971,0.8743202948864197,6bba_05db0fb1
F8_p8,896,4,2,1,1,0,5855,nan,-0.02902155887230514,0.9933481152993349,0.99623096638022,6bba_062c8d37
F8_p8,593,14,9,0,0,0,4518,nan,-0.06575682382133995,0.9626623376623377,0.9689924994360477,6bba_07477033
F8_p8,309,17,36,0,0,2,27261,nan,0.2688387246916453,0.8535911602209945,0.830643324328807,6bba_07e24132
F8_p8,1164,0,4,0,0,1,8219,nan,-0.028831383670093347,0.9965753424657534,0.999448607071232,6bba_085bf656
F8_p8,1791,109,80,1,0,3,29279,nan,-0.059067390815309956,0.9045454545454545,0.9098883685328395,6bba_09961292
F8_p8,620,45,39,0,0,0,12347,nan,-0.09545787545787546,0.8806818181818182,0.8890886197136199,6bba_0c7fa718
F8_p8,179,19,19,0,0,1,21553,nan,-0.04068188899274491,0.8248847926267281,0.8282405797832724,6bba_0e7c0d07
F8_p8,961,21,37,0,1,3,7998,nan,-0.03800817897522252,0.943081452404318,0.9466659332674375,6bba_12665c0e
F8_p8,693,11,11,0,0,0,5565,nan,-0.036029793868006234,0.9692307692307692,0.9727228877133607,6bba_13f19531
F8_p8,716,14,13,0,1,0,6243,nan,-0.09377268108578894,0.9636608344549125,0.972697340465333,6bba_15403b9a
F8_p8,1255,107,110,0,0,1,16932,nan,-0.054553576414093474,0.8525815217391305,0.8572326588586745,6bba_1d0d8384
F8_p8,675,37,44,0,0,0,11145,nan,-0.03573282574839938,0.8928571428571429,0.8960475737275357,6bba_1ebfb80d
F8_p8,264,48,35,0,1,0,31359,nan,0.08497387814413729,0.760806916426513,0.7543420450057486,6bba_1f58c2f6
F8_p8,354,81,96,0,0,1,17223,nan,0.4353696141345112,0.6666666666666666,0.6376420257243659,6bba_207c6aaf
F8_p8,846,27,63,0,0,3,9760,nan,0.00020496003279360525,0.9038461538461539,0.9038276286124206,6bba_20852818
F8_p8,1128,5,4,1,0,1,12255,nan,0.025523012552301255,0.9920844327176781,0.9895523343747585,6bba_2312ac41
F8_p8,498,1,1,0,0,0,4060,nan,-0.08764044943820225,0.996,1.004728988764045,6bba_23af9eeb
F8_p8,523,0,0,0,0,0,3476,nan,-0.08115252445149353,1.0,1.0081152524451493,6bba_2540cd90
F8_p8,704,12,17,0,1,0,5176,nan,-0.05805277525022748,0.9604365620736699,0.9660121628616863,6bba_2646afc7
F8_p8,580,10,29,0,0,1,4611,nan,-0.09712159780693166,0.9369951534733441,0.9460954001176122,6bba_268e1230
F8_p8,918,21,31,0,0,1,4908,nan,-0.11311890133718829,0.9463917525773196,0.9570972321059318,6bba_2819ca14
F8_p8,1266,13,22,0,1,0,21538,nan,0.03245290254541968,0.973097617217525,0.9699396330036509,6bba_283bf9f1
F8_p8,498,3,2,0,0,0,9351,nan,-0.06142728093947606,0.9900596421471173,0.9961413093256182,6bba_312f0dc3
F8_p8,689,118,122,0,0,1,43207,nan,0.11631572148301253,0.7416576964477933,0.7330310514422179,6bba_32db13fc
F8_p8,1194,32,19,1,0,1,29335,nan,-0.03756561679790026,0.9590361445783132,0.9626388230085697,6bba_337b1b3a
F8_p8,1006,2,1,0,0,0,6553,nan,-0.06665717134311351,0.9970267591674926,1.0036726575194423,6bba_372c8cb8
F8_p8,1108,40,34,0,0,0,6461,nan,-0.07739540197058403,0.937394247038917,0.944649247494366,6bba_3a1849c2
F8_p8,841,116,94,1,0,0,52279,nan,0.0041102468068760206,0.8001902949571836,0.7998613969967096,6bba_3abfe10a
F8_p8,741,4,5,0,0,2,6173,nan,-0.013582614253755194,0.988,0.989341962288271,6bba_3c5691b6
F8_p8,433,41,41,0,0,1,22608,nan,-0.02702702702702703,0.8407766990291262,0.8430490684859616,6bba_3db54e20
F8_p8,1164,6,15,0,0,1,8156,nan,-0.17130664499085552,0.9822784810126582,0.9991055641155575,6bba_3fda6b25
F8_p8,858,12,22,0,0,0,5340,nan,-0.0709812108559499,0.9618834080717489,0.9687109729724669,6bba_43fea39d
F8_p8,240,26,46,0,0,1,24479,nan,-0.13480366168310182,0.7692307692307693,0.779600281667931,6bba_474be664
F8_p8,896,20,22,1,0,4,25087,nan,0.04681827665345295,0.9552238805970149,0.9507516870062374,6bba_48816121
F8_p8,648,30,33,0,0,0,7082,nan,0.04346544865183439,0.9113924050632911,0.907430997084896,6bba_4aa14c89
F8_p8,993,8,17,0,0,2,5308,nan,-0.11014249790444258,0.9754420432220039,0.9861858055421523,6bba_4f99ce20
F8_p8,645,22,44,1,0,2,19958,nan,0.1315983443896354,0.9071729957805907,0.8952347493486196,6bba_4ffd3da3
F8_p8,682,6,6,0,0,1,4497,nan,-0.14456914590070383,0.9827089337175793,0.9969158728392334,6bba_55b7eebe
F8_p8,402,49,65,0,0,0,36629,nan,0.03427926020048002,0.7790697674418605,0.7763991739146138,6bba_55c70843
F8_p8,1280,337,312,0,1,3,73101,nan,0.11585840545862527,0.6635562467599793,0.6558683898918072,6bba_57b7cc1e
F8_p8,699,13,23,0,0,0,5457,nan,-0.08684738955823293,0.9510204081632653,0.9592797721498237,6bba_5a4d9360
F8_p8,716,1,8,0,0,0,5746,nan,-0.009651844191658049,0.9875862068965517,0.9885394097160314,6bba_5b28472a
F8_p8,1138,5,7,2,1,1,7934,nan,-0.07421236872812136,0.9895652173913043,0.996909015270661,6bba_5c039895
F8_p8,1081,44,49,1,0,0,25113,nan,0.018906966365074857,0.9207836456558773,0.9190427231140846,6bba_5c824876
F8_p8,1441,19,46,0,0,0,29396,nan,0.09226024597778025,0.9568393094289509,0.9480114864240385,6bba_5dfe9ad1
F8_p8,885,0,0,0,0,0,4440,nan,-0.03708523096942095,1.0,1.003708523096942,6bba_5f89039d
F8_p8,534,8,9,0,0,0,9375,nan,-0.07434834123222749,0.969147005444646,0.976352452671145,6bba_61dd1e0d
F8_p8,595,6,19,0,0,1,5375,nan,-0.06910287495670246,0.9596774193548387,0.9663090662256837,6bba_61ecbe65
F8_p8,785,13,13,0,0,1,4603,nan,-0.045218834266749636,0.967940813810111,0.9723177293340811,6bba_6321a359
F8_p8,470,72,110,0,0,0,23931,nan,0.020381187907730355,0.7208588957055214,0.7193896996446881,6bba_6479435d
F8_p8,391,67,47,0,1,1,15180,nan,-0.054853371521075896,0.7742574257425743,0.7785044887652952,6bba_67ebd073
F8_p8,1038,17,14,0,0,1,6256,nan,-0.13050729673384295,0.971000935453695,0.9836732061749046,6bba_6ca87370
F8_p8,428,15,12,0,0,0,24776,nan,-0.12867944434675577,0.9406593406593406,0.9527636927869035,6bba_6db0e9b4
F8_p8,1123,104,220,0,0,0,10831,nan,0.22218460844053262,0.7760884588804423,0.7588449678452857,6bba_6feb10f0
F8_p8,1330,7,13,0,0,0,6845,nan,-0.08951848895982974,0.9851851851851852,0.9940044140975239,6bba_6feeb0b1
F8_p8,536,23,26,0,2,1,5840,nan,0.04285714285714286,0.9162393162393162,0.9123125763125762,6bba_705ec2c9
F8_p8,649,0,3,0,0,0,4074,nan,-0.0538783093358105,0.995398773006135,1.000761813306586,6bba_718b21f9
F8_p8,560,22,16,0,1,2,25345,nan,-0.14958225681978324,0.9364548494983278,0.9504625524781067,6bba_74686d6a
F8_p8,553,94,105,0,0,0,47371,nan,-0.007188665800394014,0.7353723404255319,0.7359009750249492,6bba_767a1e17
F8_p8,604,0,0,0,0,0,4628,nan,-0.04675592173017508,1.0,1.0046755921730175,6bba_76db78c1
F8_p8,1735,3,4,0,1,1,12664,nan,-0.032987171655467315,0.9959816303099885,0.9992670920104614,6bba_784a78c9
F8_p8,1194,269,201,0,4,3,54336,nan,-0.07872293528204954,0.7175480769230769,0.7231968260052143,6bba_786893ac
F8_p8,670,16,11,0,0,0,10532,nan,-0.013488197826901461,0.9612625538020086,0.962559123750936,6bba_789f8168
F8_p8,731,110,101,0,0,2,38758,nan,-0.045675030162755766,0.7760084925690022,0.7795529136994666,6bba_78a7bd97
F8_p8,1043,48,49,0,0,2,10097,nan,0.0491479634247714,0.9149122807017543,0.9104156731708739,6bba_7af54fde
F8_p8,543,8,12,0,0,0,5399,nan,-0.06591695501730103,0.9644760213143873,0.9708335535656117,6bba_7b5d3b2c
F8_p8,1167,5,6,0,0,2,7395,nan,-0.02837997635001971,0.9906621392190152,0.9934736360272047,6bba_7d3058ae
F8_p8,892,49,42,1,0,2,9139,nan,-0.13628201493242606,0.9074262461851476,0.9197928339084154,6bba_7f87b3d8
F8_p8,639,10,15,0,0,1,8207,nan,-0.09023389868085578,0.9623493975903614,0.9710330513941365,6bba_80d12824
F8_p8,895,42,35,0,1,0,6796,nan,-0.10413920379646717,0.9207818930041153,0.9303708423248805,6bba_825bd1c6
F8_p8,669,41,30,0,1,1,13881,nan,-0.0724976613657624,0.904054054054054,0.9106082345207696,6bba_87289e13
F8_p8,723,2,2,1,0,1,5610,nan,-0.03740562800274537,0.9944979367262724,0.9982179187133404,6bba_8b7818bf
F8_p8,916,1,5,0,0,1,6792,nan,-0.07035313441007392,0.9934924078091106,1.0004819382993089,6bba_907271db
F8_p8,1125,16,23,0,0,0,11398,nan,-0.042747963382884016,0.9664948453608248,0.9706264139867478,6bba_91951b3a
F8_p8,714,8,7,0,0,0,4699,nan,-0.03491476689258575,0.9794238683127572,0.9828435039178747,6bba_96833384
F8_p8,650,5,8,0,0,3,15474,nan,0.11419930875576037,0.9803921568627451,0.9691961462004156,6bba_969618f6
F8_p8,750,11,17,0,1,0,4935,nan,-0.1201640221073275,0.9640102827763496,0.9755942180694724,6bba_971fa5e0
F8_p8,1317,33,36,0,1,2,18355,nan,0.006801601667489441,0.9502164502164502,0.9495701508372233,6bba_9a41d029
F8_p8,866,18,25,0,0,1,7266,nan,-0.05734302023871302,0.9526952695269527,0.9581583119391338,6bba_9e23430b
F8_p8,670,22,28,0,0,0,7841,nan,-0.07097156398104265,0.9305555555555556,0.9371598538704581,6bba_a5e926bb
F8_p8,876,182,236,0,0,0,29125,nan,-0.2106190372940156,0.6769706336939721,0.6912289240084666,6bba_a90a0b9c
F8_p8,936,117,202,0,0,2,12281,nan,0.32896872632831947,0.7458167330677291,0.7212816949925652,6bba_ab78413d
F8_p8,307,27,23,0,0,0,19762,nan,0.0026382546930492135,0.8599439775910365,0.8597171024675726,6bba_acd782a8
F8_p8,1463,13,8,0,1,0,7117,nan,-0.03863298662704309,0.9858490566037735,0.9896576859457792,6bba_ae82a791
F8_p8,762,4,6,0,0,1,4902,nan,-0.026221692491060787,0.9870466321243523,0.9896348354505425,6bba_aeee7805
F8_p8,1268,27,49,0,0,0,7791,nan,-0.12784059106683085,0.9434523809523809,0.955513531954817,6bba_af149c94
F8_p8,594,24,32,1,0,3,5483,nan,-0.0943178064089858,0.9138461538461539,0.9224653503087596,6bba_afb141ff
F8_p8,548,37,31,0,1,0,22534,nan,-0.07259856778335666,0.8896103896103896,0.8960688336274805,6bba_b1ae37b9
F8_p8,802,8,9,0,0,2,5406,nan,0.06166535742340927,0.9792429792429792,0.973204442411041,6bba_b204cac7
F8_p8,1172,89,96,0,0,1,63925,nan,0.023373088929800688,0.8636698599852616,0.8616511967409192,6bba_b329af44
F8_p8,912,18,23,0,0,0,6039,nan,0.08654192155451601,0.9569779643231899,0.9486960931314041,6bba_b693381b
F8_p8,1795,78,84,0,2,3,22768,nan,-0.013133370898530623,0.9172202350536536,0.9184248544079132,6bba_bb9f20c3
F8_p8,848,8,13,0,2,0,6531,nan,-0.03743551952837141,0.9758342922899885,0.979487378660536,6bba_bbb708ca
F8_p8,484,5,9,0,0,0,6299,nan,-0.02265321955003879,0.9718875502008032,0.9740891884060681,6bba_c27cba08
F8_p8,448,25,52,0,0,2,30212,nan,-0.03253490457281927,0.8533333333333334,0.8561096451902139,6bba_c328f2fd
F8_p8,563,95,147,0,0,0,23677,nan,0.45124118908979466,0.6993788819875777,0.6678200261543411,6bba_c73a1d11
F8_p8,1330,19,18,1,2,3,28130,nan,-0.05556488165183817,0.9729334308705194,0.9783395239646631,6bba_cdcfe533
F8_p8,815,3,2,0,0,0,34669,nan,-0.006334193178561192,0.9939024390243902,0.9945319960293326,6bba_cf35214c
F8_p8,1466,41,35,0,0,0,46486,nan,0.0026746042017169232,0.9507133592736705,0.9504590810791363,6bba_cff5865f
F8_p8,813,0,0,0,0,0,5675,nan,-0.07134675175912289,1.0,1.0071346751759123,6bba_d0fc38b5
F8_p8,619,25,24,0,1,1,16020,nan,0.08838915687207011,0.9266467065868264,0.9184561544754773,6bba_d1acb6ff
F8_p8,917,5,4,0,0,2,18760,nan,-0.07027455644761621,0.990280777537797,0.9972399317778039,6bba_d2b9fc0c
F8_p8,833,34,24,0,1,1,15894,nan,-0.07839499014264177,0.9349046015712682,0.9422337852737173,6bba_d3da753b
F8_p8,519,0,0,0,0,0,4115,nan,-0.08940030980305377,1.0,1.0089400309803054,6bba_d5eae175
F8_p8,840,13,22,0,0,0,6006,nan,0.1207314797536854,0.96,0.9484097779436462,6bba_d6ecebbb
F8_p8,508,28,22,0,0,0,28378,nan,0.023885120508009814,0.910394265232975,0.9082197775594859,6bba_d82a4fc6
F8_p8,714,16,15,3,0,1,11757,nan,-0.00423477598035064,0.9583892617449664,0.9587951181275127,6bba_debd7bfa
F8_p8,644,7,10,1,0,3,21790,nan,0.13259524923332813,0.9742813918305597,0.961362883433243,6bba_df673a83
F8_p8,935,7,7,1,0,0,5910,nan,-0.07177634678812628,0.9852476290832455,0.9923193766329713,6bba_e16ffc58
F8_p8,597,16,37,0,0,0,5094,nan,-0.09278717720391808,0.9184615384615384,0.9269836838139599,6bba_e5e44988
F8_p8,737,66,66,0,0,2,59027,nan,0.03834854961563495,0.8481012658227848,0.844848920475636,6bba_ebdf3b34
F8_p8,1002,270,262,0,0,0,48009,nan,0.15417347821905952,0.6531942633637549,0.6431237402102022,6bba_ebff6e76
F8_p8,497,0,11,0,0,0,4275,nan,-0.03781228899392303,0.9783464566929134,0.9820458085885788,6bba_ed9377fd
F8_p8,730,46,30,0,0,0,50168,nan,-0.153168360284933,0.9057071960297767,0.9195797646411911,6bba_edf14583
F8_p8,927,75,62,0,2,0,8417,nan,-0.09949716486573232,0.8712406015037594,0.8799091984803132,6bba_eebc57a5
F8_p8,1179,7,22,0,0,2,5791,nan,-0.0517439004421156,0.9759933774834437,0.9810435478991105,6bba_ef7b4f7e
F8_p8,929,93,86,0,1,0,25507,nan,0.02179225253374995,0.8384476534296029,0.8366204871296161,6bba_f17befbc
F8_p8,415,29,31,0,0,0,7798,nan,-0.13738938053097347,0.8736842105263158,0.8856877037727062,6bba_f1fde7e0
F8_p8,931,22,32,0,0,1,5175,nan,-0.13360120542440984,0.9451776649746193,0.957805352512703,6bba_f20478e9
F8_p8,955,7,10,0,0,0,9271,nan,0.041334381669100306,0.9825102880658436,0.9784491425417705,6bba_f4ae811c
F8_p8,352,17,18,1,0,1,30740,nan,0.040622884224779957,0.9095607235142119,0.9058658255175394,6bba_f8ffd5e7
F8_p8,634,7,5,0,0,0,4941,nan,0.01063612190632031,0.9814241486068112,0.9803802939181723,6bba_fbc898dc
F8_p8,720,28,42,0,0,0,6690,nan,-0.14950419527078565,0.9113924050632911,0.9250181038727805,6bba_fc516dc6
F8_p8,440,7,18,0,0,2,17604,nan,0.25563480741797434,0.946236559139785,0.9220474590830304,6bba_fc5f39dc
F8_p8,828,77,95,0,0,0,11321,nan,-0.13494307327882632,0.828,0.8391732864674868,6bba_fc83837d
F8_p8,662,14,18,0,0,2,9606,nan,-0.11351052048726468,0.9538904899135446,0.9647181505133385,6bba_fe670320
F8_prune12,46,3,4,0,0,0,25488,nan,-0.01036691904484566,0.8679245283018868,0.8688242986340811,44b6_0113de3b
F8_prune12,49,0,0,0,0,0,18141,nan,-0.44683640798902274,1.0,1.0446836407989022,44b6_0b24845f
F8_prune12,69,1,1,0,0,0,26806,nan,-0.04120466413906574,0.971830985915493,0.9758353828529515,44b6_0c582fdc
F8_prune12,149,0,2,0,0,0,17498,nan,0.14104988588196934,0.9867549668874173,0.9728367993401236,44b6_0db75fae
F8_prune12,741,38,32,0,0,1,44125,nan,-0.24793768748295608,0.9136868064118372,0.936340545798381,44b6_12dfb391
F8_prune12,119,0,0,0,0,0,27584,nan,-0.5780714635340186,1.0,1.0578071463534018,44b6_144b256d
F8_prune12,144,10,9,0,1,0,19270,nan,0.09011710131809696,0.8834355828220859,0.8754743174295669,44b6_1574802b
F8_prune12,90,16,9,0,1,0,71293,nan,-0.09347184782055847,0.782608695652174,0.7899238837424786,44b6_18ced818
F8_prune12,253,28,18,0,1,0,35377,nan,-0.012505233775296581,0.8461538461538461,0.8472119813194482,44b6_1d530831
F8_prune12,213,10,8,0,0,0,26792,nan,0.016658444958828216,0.922077922077922,0.9205418836466535,44b6_24264f12
F8_prune12,250,40,27,0,0,1,21733,nan,0.13606900156821747,0.7886435331230284,0.7779125393085001,44b6_267148e4
F8_prune12,197,23,13,0,1,1,37910,nan,-0.32744336225096243,0.8454935622317596,0.8731786877096308,44b6_2a2eff9f
F8_prune12,67,25,18,0,0,0,18086,nan,-0.25779711096520025,0.6090909090909091,0.6247930967587896,44b6_2f31fc2f
F8_prune12,49,0,0,0,0,0,23592,nan,0.011230175739391342,1.0,0.9988769824260608,44b6_33b596bf
F8_prune12,208,0,1,0,0,1,8361,nan,0.12439483593329748,0.9952153110047847,0.9828353464717101,44b6_341df25f
F8_prune12,884,38,35,0,0,0,36206,nan,-0.10703891875894046,0.9237199582027168,0.9336073567589241,44b6_3a861e03
F8_prune12,380,26,16,0,0,0,15743,nan,-0.5070607759025582,0.9004739336492891,0.9461334347969129,44b6_3bb3690f
F8_prune12,194,5,4,0,0,0,28593,nan,-0.12508797160429608,0.9556650246305419,0.9676192445769624,44b6_40c45f5a
F8_prune12,310,13,12,0,0,0,32632,nan,-0.4304265866089506,0.9253731343283582,0.9652036542832162,44b6_415c0a3a
F8_prune12,67,2,1,0,0,0,30048,nan,-0.22386671832623015,0.9571428571428572,0.9785701001826536,44b6_53f95252
F8_prune12,199,33,25,0,0,0,30257,nan,-0.4749509778402485,0.77431906614786,0.8110954259105875,44b6_551a5dba
F8_prune12,169,1,1,0,0,0,11083,nan,-0.43826659908768373,0.9883040935672515,1.031618160962467,44b6_5740d24b
F8_prune12,365,7,6,1,0,0,18647,nan,0.028119314109279373,0.9656084656084656,0.9628932408333633,44b6_587a1e22
F8_prune12,252,23,21,0,0,1,21046,nan,-0.2870354686811884,0.8513513513513513,0.8757881547661012,44b6_5f15d135
F8_prune12,613,28,18,0,0,0,33423,nan,-0.15813203697639858,0.9301972685887708,0.9449066674759533,44b6_668e0cc7
F8_prune12,197,2,1,0,0,0,20016,nan,-0.6202618099032442,0.985,1.0460957882754696,44b6_66f9292d
F8_prune12,108,10,9,0,0,1,28556,nan,-0.5914618444018427,0.8503937007874016,0.9006912434609441,44b6_706092f0
F8_prune12,107,20,12,0,0,0,30496,nan,-0.5494622385060868,0.7697841726618705,0.8120809061296053,44b6_71a4179f
F8_prune12,135,5,4,0,1,1,8383,nan,-0.44446653412856196,0.9375,0.9791687375745527,44b6_74d0c52e
F8_prune12,492,22,15,0,0,1,42450,nan,-0.3650722426635556,0.9300567107750473,0.9640104996957409,44b6_7a302da0
F8_prune12,546,10,14,0,0,0,44362,nan,-0.2086692829111666,0.9578947368421052,0.9778830576262275,44b6_7e557709
F8_prune12,179,0,0,0,0,0,14887,nan,-0.05431330199466396,1.0,1.0054313301994664,44b6_808952d6
F8_prune12,197,0,0,0,0,0,11208,nan,0.11500198965380024,1.0,0.98849980103462,44b6_81c256f0
F8_prune12,109,47,40,0,1,0,28036,nan,-0.0023485872891609136,0.5561224489795918,0.5562530591910809,44b6_87bba6c4
F8_prune12,381,22,15,0,0,0,18127,nan,-0.4365597413900286,0.9114832535885168,0.9512749429353112,44b6_8cc6506c
F8_prune12,572,38,32,0,0,0,27087,nan,-0.017554677015704907,0.8909657320872274,0.8925297936531127,44b6_8f5ab931
F8_prune12,366,4,4,0,0,0,39731,nan,-0.4690711317199631,0.9786096256684492,1.0245133781308842,44b6_8f9ecab4
F8_prune12,97,12,6,0,0,0,23034,nan,-0.09783800720664264,0.8434782608695652,0.8517306840861256,44b6_90724892
F8_prune12,351,44,27,0,0,0,37840,nan,0.01777885365394443,0.8317535545023697,0.830274792030205,44b6_949adeb1
F8_prune12,198,0,0,0,0,0,4757,nan,-0.07827940321643093,1.0,1.007827940321643,44b6_95029e92
F8_prune12,219,1,2,0,0,0,32719,nan,-0.08539721585509029,0.9864864864864865,0.994910806428948,44b6_97725144
F8_prune12,370,2,7,1,0,0,8879,nan,0.17245477353756766,0.9762532981530343,0.9594173440082058,44b6_996155de
F8_prune12,205,18,15,0,1,1,25200,nan,-0.5645938801250928,0.8613445378151261,0.9099755232880857,44b6_9be80b04
F8_prune12,241,30,18,0,0,0,38612,nan,-0.3995770355165765,0.8339100346020761,0.8672311645534584,44b6_9bfa6a0a
F8_prune12,279,12,7,1,0,1,21921,nan,-0.048567708333333334,0.9362416107382551,0.9407887216862417,44b6_a21120c2
F8_prune12,376,44,34,0,1,0,43382,nan,-0.2842789500602181,0.8281938325991189,0.8517376399168815,44b6_a2bb48bb
F8_prune12,203,0,3,0,0,1,14019,nan,-0.3656274039549301,0.9854368932038835,1.0214671665062383,44b6_aaf8b0ea
F8_prune12,94,0,0,0,0,0,25568,nan,-0.07375742645993334,1.0,1.0073757426459933,44b6_abf82518
F8_prune12,156,14,12,0,0,0,36725,nan,-0.3851395469537411,0.8571428571428571,0.8901548183103206,44b6_b2c44266
F8_prune12,97,8,5,0,0,0,19353,nan,-0.059849404906485305,0.8818181818181818,0.8870958111599355,44b6_c15fded2
F8_prune12,294,31,31,0,0,2,35757,nan,-0.2404732571477123,0.8258426966292135,0.8457020049442213,44b6_c50204e0
F8_prune12,203,34,20,0,0,0,28016,nan,-0.4748148842440716,0.7898832684824902,0.8273881017515745,44b6_c771cb04
F8_prune12,158,10,6,0,1,1,28311,nan,-0.14581824764663287,0.9080459770114943,0.9212869443265332,44b6_c8e2a523
F8_prune12,590,17,26,0,0,0,37236,nan,-0.19465351674020243,0.9320695102685624,0.9502125710705718,44b6_c96cfa10
F8_prune12,70,8,5,0,0,0,20633,nan,-0.6415703986797533,0.8433734939759037,0.8974818408525094,44b6_cf2536e8
F8_prune12,178,12,10,0,0,0,41001,nan,-0.0623842301447552,0.89,0.8955521964828831,44b6_cf8fed6b
F8_prune12,1285,56,43,0,0,0,36336,nan,-0.0451714623571147,0.9284682080924855,0.9326622347636483,44b6_d29c9ab2
F8_prune12,271,5,10,0,0,2,14675,nan,-0.390421201296004,0.9475524475524476,0.984546904038887,44b6_d2f34f90
F8_prune12,830,90,63,0,1,2,41844,nan,-0.06698180520870496,0.844354018311292,0.8500096539494635,44b6_d5e7d891
F8_prune12,64,3,6,0,0,1,5523,nan,0.06807193966350802,0.8767123287671232,0.8707443778925144,44b6_d754aa59
F8_prune12,418,37,33,0,0,0,23300,nan,0.046767599622624556,0.8565573770491803,0.8525514638028162,44b6_d78e09d9
F8_prune12,154,7,8,0,0,0,15223,nan,0.013312920189043467,0.9112426035502958,0.9100294735449037,44b6_db3c847b
F8_prune12,607,48,40,0,0,0,37263,nan,-0.3033911612951469,0.8733812949640288,0.8998789114972885,44b6_ddf577ad
F8_prune12,121,6,3,1,2,0,15562,nan,0.11244549288726857,0.9307692307692308,0.9203031502774158,44b6_deabac95
F8_prune12,289,14,20,0,0,2,26309,nan,-0.6477385319872533,0.8947368421052632,0.9526923949672806,44b6_e28840c6
F8_prune12,48,4,2,0,0,0,13328,nan,0.027681394093607835,0.8888888888888888,0.8864283205250125,44b6_e29f0176
F8_prune12,106,10,7,0,0,0,66132,nan,-0.09229164379049083,0.8617886178861789,0.8697422067006441,44b6_e31261b4
F8_prune12,240,11,26,0,0,0,18245,nan,-0.36297615306728115,0.8664259927797834,0.8978751901574539,44b6_e35b117d
F8_prune12,142,19,44,0,0,0,15946,nan,-0.21502412129565818,0.6926829268292682,0.7075772805970649,44b6_e57ff5c6
F8_prune12,371,13,8,0,3,1,35856,nan,-0.2543049663089593,0.9464285714285714,0.9704967200256694,44b6_eb2880fc
F8_prune12,55,6,6,0,0,0,21352,nan,0.14451114922813035,0.8208955223880597,0.8090326668544072,44b6_f28707c6
F8_prune12,836,8,9,0,0,0,5943,nan,-0.06585979251807608,0.9800703399765534,0.9865250629009511,6bba_05b6850b
F8_prune12,1113,93,70,0,0,3,68419,nan,-0.01978510028653295,0.872257053291536,0.8739828226190369,6bba_05db0fb1
F8_prune12,896,4,2,1,1,0,5828,nan,-0.033499170812603646,0.9933481152993349,0.9966757491184138,6bba_062c8d37
F8_prune12,593,14,9,0,0,0,4474,nan,-0.07485525227460711,0.9626623376623377,0.9698683708764355,6bba_07477033
F8_prune12,309,17,36,0,0,2,26774,nan,0.2461717477309751,0.8535911602209945,0.8325781574450631,6bba_07e24132
F8_prune12,1164,0,4,0,0,1,8155,nan,-0.036393713813068655,0.9965753424657534,1.0002022502464392,6bba_085bf656
F8_prune12,1788,108,83,1,0,3,29095,nan,-0.06498055725166307,0.9034866093986862,0.9093575157335004,6bba_09961292
F8_prune12,620,45,39,0,0,0,12317,nan,-0.09765567765567766,0.8806818181818182,0.8892821761571762,6bba_0c7fa718
F8_prune12,179,19,19,0,0,1,20988,nan,-0.06582988382961677,0.8248847926267281,0.8303149996338717,6bba_0e7c0d07
F8_prune12,961,21,37,0,1,3,7989,nan,-0.03909069040173202,0.943081452404318,0.9467680229122734,6bba_12665c0e
F8_prune12,693,11,11,0,0,0,5490,nan,-0.049021306080027714,0.9692307692307692,0.9739820650508335,6bba_13f19531
F8_prune12,716,14,13,0,1,0,6235,nan,-0.09493395267818261,0.9636608344549125,0.9728092476605085,6bba_15403b9a
F8_prune12,1255,107,110,0,0,1,16701,nan,-0.06745211904628957,0.8525815217391305,0.8583323647692319,6bba_1d0d8384
F8_prune12,675,37,44,0,0,0,10966,nan,-0.05121993424467901,0.8928571428571429,0.8974303512718464,6bba_1ebfb80d
F8_prune12,264,46,35,0,1,0,31030,nan,0.07359097671521987,0.7652173913043478,0.7595860817817919,6bba_1f58c2f6
F8_prune12,348,78,102,0,0,1,16820,nan,0.4017834819568297,0.6590909090909091,0.6326097250528453,6bba_207c6aaf
F8_prune12,840,27,69,0,0,3,9661,nan,-0.009940561590489854,0.8974358974358975,0.8983279991170952,6bba_20852818
F8_prune12,1128,5,4,1,0,1,12231,nan,0.023514644351464435,0.9920844327176781,0.98975158145748,6bba_2312ac41
F8_prune12,498,1,1,0,0,0,4012,nan,-0.09842696629213483,0.996,1.0058033258426966,6bba_23af9eeb
F8_prune12,523,0,0,0,0,0,3466,nan,-0.08379592915675389,1.0,1.0083795929156754,6bba_2540cd90
F8_prune12,704,12,17,0,1,0,5150,nan,-0.06278434940855324,0.9604365620736699,0.9664666005434682,6bba_2646afc7
F8_prune12,578,10,31,0,0,1,4353,nan,-0.14764049344037594,0.9337641357027464,0.9475502754779543,6bba_268e1230
F8_prune12,915,20,34,0,0,1,4892,nan,-0.11601011926273942,0.9442724458204335,0.9552269617260482,6bba_2819ca14
F8_prune12,1266,13,22,0,1,0,21511,nan,0.031158621350846075,0.973097617217525,0.9700655791982958,6bba_283bf9f1
F8_prune12,498,3,2,0,0,0,9281,nan,-0.06845327712536385,0.9900596421471173,0.9968369248525708,6bba_312f0dc3
F8_prune12,688,117,123,0,0,1,42805,nan,0.10592946647719932,0.7413793103448276,0.7335259188646215,6bba_32db13fc
F8_prune12,1194,32,19,1,0,1,29290,nan,-0.039041994750656166,0.9590361445783132,0.962780412990545,6bba_337b1b3a
F8_prune12,1006,2,1,0,0,0,6492,nan,-0.07534539239424583,0.9970267591674926,1.0045388964071964,6bba_372c8cb8
F8_prune12,1108,40,34,0,0,0,6397,nan,-0.08653434242467514,0.937394247038917,0.9455059265149357,6bba_3a1849c2
F8_prune12,839,114,96,1,0,0,51501,nan,-0.010832613079804092,0.7998093422306959,0.8006757447448956,6bba_3abfe10a
F8_prune12,741,4,5,0,0,2,6086,nan,-0.027484819431128155,0.988,0.9907155001597954,6bba_3c5691b6
F8_prune12,433,41,41,0,0,1,22208,nan,-0.04424169392322259,0.8407766990291262,0.8444964375667485,6bba_3db54e20
F8_prune12,1164,6,15,0,0,1,7988,nan,-0.1883763462710831,0.9822784810126582,1.0007822841400458,6bba_3fda6b25
F8_prune12,853,11,27,0,0,0,5241,nan,-0.08820459290187892,0.957351290684624,0.9657955687705166,6bba_43fea39d
F8_prune12,240,25,46,0,0,1,23845,nan,-0.15721203124447744,0.7717041800643086,0.783836298231085,6bba_474be664
F8_prune12,896,20,22,1,0,4,25087,nan,0.04681827665345295,0.9552238805970149,0.9507516870062374,6bba_48816121
F8_prune12,648,30,33,0,0,0,7015,nan,0.03359363489023132,0.9113924050632911,0.9083307066935485,6bba_4aa14c89
F8_prune12,993,8,17,0,0,2,5300,nan,-0.11148365465213747,0.9754420432220039,0.9863166276099776,6bba_4f99ce20
F8_prune12,645,22,44,1,0,2,19878,nan,0.12706242558258207,0.9071729957805907,0.8956462356539008,6bba_4ffd3da3
F8_prune12,682,6,6,0,0,1,4478,nan,-0.14818337454822142,0.9827089337175793,0.9972710463172748,6bba_55b7eebe
F8_prune12,402,49,65,0,0,0,35969,nan,0.01564308908654525,0.7790697674418605,0.7778510616641878,6bba_55c70843
F8_prune12,1264,325,328,0,1,3,71395,nan,0.08981697730152188,0.6593635889410537,0.6534413844909168,6bba_57b7cc1e
F8_prune12,699,13,23,0,0,0,5439,nan,-0.08985943775100401,0.9510204081632653,0.9595662240799934,6bba_5a4d9360
F8_prune12,716,1,8,0,0,0,5638,nan,-0.028266115132712856,0.9875862068965517,0.9903777294393136,6bba_5b28472a
F8_prune12,1138,5,7,2,1,1,7896,nan,-0.07864644107351225,0.9895652173913043,0.9973477956471006,6bba_5c039895
F8_prune12,1080,44,50,1,0,0,24872,nan,0.009128900068973912,0.919931856899489,0.9190920603002989,6bba_5c824876
F8_prune12,1441,19,46,0,0,0,29253,nan,0.0869468286701594,0.9568393094289509,0.9485198950787717,6bba_5dfe9ad1
F8_prune12,885,0,0,0,0,0,4381,nan,-0.04988072001734981,1.0,1.004988072001735,6bba_5f89039d
F8_prune12,534,8,9,0,0,0,9324,nan,-0.07938388625592417,0.969147005444646,0.9768404710091947,6bba_61dd1e0d
F8_prune12,595,6,19,0,0,1,5351,nan,-0.07325943886387253,0.9596774193548387,0.9667079622780652,6bba_61ecbe65
F8_prune12,785,13,13,0,0,1,4552,nan,-0.05579755237502593,0.967940813810111,0.9733416866355604,6bba_6321a359
F8_prune12,470,71,110,0,0,0,23373,nan,-0.0034110774740971303,0.7219662058371735,0.7222124741033527,6bba_6479435d
F8_prune12,391,67,47,0,1,1,14844,nan,-0.07577361310005604,0.7742574257425743,0.7801242540043806,6bba_67ebd073
F8_prune12,1038,17,14,0,0,1,6208,nan,-0.13717859624739404,0.971000935453695,0.9843209899817394,6bba_6ca87370
F8_prune12,428,15,12,0,0,0,24481,nan,-0.13905398276771586,0.9406593406593406,0.9537395834339741,6bba_6db0e9b4
F8_prune12,1125,99,218,0,0,0,10343,nan,0.167118032046942,0.7801664355062413,0.7671284475691532,6bba_6feb10f0
F8_prune12,1330,7,13,0,0,0,6765,nan,-0.10015961691939346,0.9851851851851852,0.9950527622594662,6bba_6feeb0b1
F8_prune12,536,23,26,0,2,1,5652,nan,0.009285714285714286,0.9162393162393162,0.9153885225885225,6bba_705ec2c9
F8_prune12,649,0,3,0,0,0,4074,nan,-0.0538783093358105,0.995398773006135,1.000761813306586,6bba_718b21f9
F8_prune12,560,22,16,0,1,2,24945,nan,-0.1630037244572694,0.9364548494983278,0.9517194123237577,6bba_74686d6a
F8_prune12,547,94,111,0,0,0,46447,nan,-0.026554051221863603,0.7273936170212766,0.7293251417577605,6bba_767a1e17
F8_prune12,604,0,0,0,0,0,4590,nan,-0.05458290422245108,1.0,1.005458290422245,6bba_76db78c1
F8_prune12,1735,3,4,0,1,1,12571,nan,-0.04008857666463042,0.9959816303099885,0.9999743789043131,6bba_784a78c9
F8_prune12,1195,268,200,0,4,3,53000,nan,-0.10137506570135132,0.7185808779314492,0.7258654963026528,6bba_786893ac
F8_prune12,670,16,11,0,0,0,10476,nan,-0.018733608092918696,0.9612625538020086,0.9630633453977411,6bba_789f8168
F8_prune12,725,109,107,0,0,2,38081,nan,-0.0623445694728289,0.7704569606801275,0.7752603414312222,6bba_78a7bd97
F8_prune12,1041,46,51,0,0,2,9917,nan,0.03044472152950956,0.9147627416520211,0.9119777719585044,6bba_7af54fde
F8_prune12,543,8,12,0,0,0,5329,nan,-0.07802768166089966,0.9644760213143873,0.9720016041104562,6bba_7b5d3b2c
F8_prune12,1167,5,6,0,0,2,7344,nan,-0.03508080409932992,0.9906621392190152,0.9941374616624717,6bba_7d3058ae
F8_prune12,892,49,42,1,0,2,9101,nan,-0.13987335790567998,0.9074262461851476,0.9201187217957139,6bba_7f87b3d8
F8_prune12,631,12,23,0,0,1,8008,nan,-0.11229353730185124,0.9474474474474475,0.9580866699755958,6bba_80d12824
F8_prune12,895,42,35,0,1,0,6777,nan,-0.10664381755866069,0.9207818930041153,0.9306014626250002,6bba_825bd1c6
F8_prune12,669,41,30,0,1,1,13835,nan,-0.07557129493518643,0.904054054054054,0.910886107609681,6bba_87289e13
F8_prune12,723,2,2,1,0,1,5525,nan,-0.05199039121482498,0.9944979367262724,0.9996683704055459,6bba_8b7818bf
F8_prune12,916,1,5,0,0,1,6755,nan,-0.0754174650971804,0.9934924078091106,1.0009850757081364,6bba_907271db
F8_prune12,1125,16,23,0,0,0,11338,nan,-0.047787016040984294,0.9664948453608248,0.9711134358287032,6bba_91951b3a
F8_prune12,714,8,7,0,0,0,4699,nan,-0.03491476689258575,0.9794238683127572,0.9828435039178747,6bba_96833384
F8_prune12,650,5,8,0,0,3,15396,nan,0.10858294930875576,0.9803921568627451,0.9697467696756121,6bba_969618f6
F8_prune12,750,11,17,0,1,0,4927,nan,-0.12159030130147977,0.9640102827763496,0.9757317128503997,6bba_971fa5e0
F8_prune12,1317,33,36,0,1,2,18249,nan,0.0009873292743129835,0.9502164502164502,0.9501226325646269,6bba_9a41d029
F8_prune12,866,18,25,0,0,1,7164,nan,-0.07057602490918526,0.9526952695269527,0.9594190140342524,6bba_9e23430b
F8_prune12,665,21,33,0,0,0,7727,nan,-0.08447867298578199,0.9248956884561892,0.9327090844972942,6bba_a5e926bb
F8_prune12,871,177,241,0,0,0,28484,nan,-0.22799219427580225,0.6757176105508146,0.6911234446248428,6bba_a90a0b9c
F8_prune12,925,112,213,0,0,2,11776,nan,0.2743209609349638,0.74,0.7197002488908126,6bba_ab78413d
F8_prune12,300,26,30,0,0,0,19611,nan,-0.00502283105022831,0.8426966292134831,0.8431199014929966,6bba_acd782a8
F8_prune12,1463,13,8,0,1,0,7099,nan,-0.041064433337836014,0.9858490566037735,0.989897389890381,6bba_ae82a791
F8_prune12,757,3,11,0,0,1,4885,nan,-0.029598728645212555,0.9818417639429312,0.9847478907372795,6bba_aeee7805
F8_prune12,1268,27,49,0,0,0,7741,nan,-0.13343781484383746,0.9434523809523809,0.9560416033647311,6bba_af149c94
F8_prune12,593,19,33,1,0,3,5356,nan,-0.11529567228278824,0.9193798449612403,0.9299798966920455,6bba_afb141ff
F8_prune12,549,35,30,0,1,0,22323,nan,-0.08128241007490328,0.8941368078175895,0.9014045672851989,6bba_b1ae37b9
F8_prune12,802,8,9,0,0,2,5342,nan,0.049096622152395915,0.9792429792429792,0.9744352269882514,6bba_b204cac7
F8_prune12,1166,88,102,0,0,1,63037,nan,0.009157127991675338,0.859882005899705,0.8590946009411288,6bba_b329af44
F8_prune12,913,12,22,0,0,0,6030,nan,0.08492263404102195,0.9640971488912354,0.9559097819557072,6bba_b693381b
F8_prune12,1795,78,84,0,2,3,22716,nan,-0.015387282735902215,0.9172202350536536,0.9186315877624396,6bba_bb9f20c3
F8_prune12,848,8,13,0,2,0,6456,nan,-0.04848931466470155,0.9758342922899885,0.9805660458959341,6bba_bbb708ca
F8_prune12,484,5,9,0,0,0,6257,nan,-0.02916989914662529,0.9718875502008032,0.974722536382925,6bba_c27cba08
F8_prune12,448,25,52,0,0,2,29816,nan,-0.04521583194568977,0.8533333333333334,0.857191750992699,6bba_c328f2fd
F8_prune12,546,97,164,0,0,0,23103,nan,0.4160588415568495,0.6765799256505576,0.6484302196418785,6bba_c73a1d11
F8_prune12,1330,19,18,1,2,3,28083,nan,-0.05714285714285714,0.9729334308705194,0.9784930504754938,6bba_cdcfe533
F8_prune12,815,3,2,0,0,0,34559,nan,-0.009486959014044139,0.9939024390243902,0.9948453501946886,6bba_cf35214c
F8_prune12,1459,37,42,0,0,0,46237,nan,-0.002696173590440447,0.9486345903771132,0.9488903587300684,6bba_cff5865f
F8_prune12,813,0,0,0,0,0,5607,nan,-0.08247422680412371,1.0,1.0082474226804123,6bba_d0fc38b5
F8_prune12,619,25,24,0,1,1,15905,nan,0.0805761260955228,0.9266467065868264,0.9191801463992323,6bba_d1acb6ff
F8_prune12,917,5,4,0,0,2,18742,nan,-0.07116661710774111,0.990280777537797,0.9973282708302158,6bba_d2b9fc0c
F8_prune12,833,34,24,0,1,1,15894,nan,-0.07839499014264177,0.9349046015712682,0.9422337852737173,6bba_d3da753b
F8_prune12,519,0,0,0,0,0,4115,nan,-0.08940030980305377,1.0,1.0089400309803054,6bba_d5eae175
F8_prune12,840,13,22,0,0,0,5933,nan,0.10710953536107483,0.96,0.9497174846053368,6bba_d6ecebbb
F8_prune12,508,28,22,0,0,0,28120,nan,0.014576417953528648,0.910394265232975,0.9090672365017217,6bba_d82a4fc6
F8_prune12,714,16,15,3,0,1,11703,nan,-0.00880833403912933,0.9583892617449664,0.9592334430206629,6bba_debd7bfa
F8_prune12,644,7,10,1,0,3,21698,nan,0.1278132959093508,0.9742813918305597,0.9618287802472584,6bba_df673a83
F8_prune12,935,7,7,1,0,0,5910,nan,-0.07177634678812628,0.9852476290832455,0.9923193766329713,6bba_e16ffc58
F8_prune12,597,16,37,0,0,0,5048,nan,-0.10097951914514693,0.9184615384615384,0.9277361189122544,6bba_e5e44988
F8_prune12,729,65,74,0,0,2,58653,nan,0.03176948651643886,0.8398617511520737,0.8371935534941839,6bba_ebdf3b34
F8_prune12,989,265,275,0,0,0,46798,nan,0.12506010193287817,0.6468279921517331,0.6387387546885797,6bba_ebff6e76
F8_prune12,497,0,11,0,0,0,4239,nan,-0.04591492234976367,0.9783464566929134,0.9828385268519355,6bba_ed9377fd
F8_prune12,727,46,33,0,0,0,49620,nan,-0.16241855440397016,0.901985111662531,0.9166350234555442,6bba_edf14583
F8_prune12,927,75,62,0,2,0,8383,nan,-0.10313469562426447,0.8712406015037594,0.8802261149289186,6bba_eebc57a5
F8_prune12,1174,7,27,0,0,2,5673,nan,-0.07106598984771574,0.9718543046357616,0.978760883450432,6bba_ef7b4f7e
F8_prune12,921,88,94,0,1,0,25137,nan,0.006970316067780315,0.8349954669084315,0.8344134486764799,6bba_f17befbc
F8_prune12,415,29,31,0,0,0,7626,nan,-0.15641592920353983,0.8736842105263158,0.8873500232883093,6bba_f1fde7e0
F8_prune12,931,21,32,0,0,1,5148,nan,-0.13812154696132597,0.9461382113821138,0.9592064187216457,6bba_f20478e9
F8_prune12,955,7,10,0,0,0,9224,nan,0.036055262271144556,0.9825102880658436,0.9789678214538124,6bba_f4ae811c
F8_prune12,352,17,18,1,0,1,30275,nan,0.024881516587677725,0.9095607235142119,0.90729759849125,6bba_f8ffd5e7
F8_prune12,634,7,5,0,0,0,4908,nan,0.003886275311924729,0.9814241486068112,0.9810427401628854,6bba_fbc898dc
F8_prune12,720,28,42,0,0,0,6629,nan,-0.15725908975336894,0.9113924050632911,0.9257248790661299,6bba_fc516dc6
F8_prune12,440,7,18,0,0,2,17531,nan,0.25042796005706136,0.946236559139785,0.9225401500161061,6bba_fc5f39dc
F8_prune12,816,73,107,0,0,0,10663,nan,-0.18522197600672424,0.8192771084337349,0.8344519209258521,6bba_fc83837d
F8_prune12,662,14,18,0,0,2,9434,nan,-0.12938353636028055,0.9538904899135446,0.9662322624020903,6bba_fe670320
F8_prune12_joint,46,3,4,0,0,0,25488,nan,-0.01036691904484566,0.8679245283018868,0.8688242986340811,44b6_0113de3b
F8_prune12_joint,49,0,0,0,0,0,18141,nan,-0.44683640798902274,1.0,1.0446836407989022,44b6_0b24845f
F8_prune12_joint,69,1,1,0,0,0,26806,nan,-0.04120466413906574,0.971830985915493,0.9758353828529515,44b6_0c582fdc
F8_prune12_joint,149,0,2,0,0,0,17498,nan,0.14104988588196934,0.9867549668874173,0.9728367993401236,44b6_0db75fae
F8_prune12_joint,741,38,32,0,0,1,44125,nan,-0.24793768748295608,0.9136868064118372,0.936340545798381,44b6_12dfb391
F8_prune12_joint,119,0,0,0,0,0,27584,nan,-0.5780714635340186,1.0,1.0578071463534018,44b6_144b256d
F8_prune12_joint,144,10,9,0,1,0,19270,nan,0.09011710131809696,0.8834355828220859,0.8754743174295669,44b6_1574802b
F8_prune12_joint,90,16,9,0,1,0,71293,nan,-0.09347184782055847,0.782608695652174,0.7899238837424786,44b6_18ced818
F8_prune12_joint,253,28,18,0,1,0,35377,nan,-0.012505233775296581,0.8461538461538461,0.8472119813194482,44b6_1d530831
F8_prune12_joint,213,10,8,0,0,0,26792,nan,0.016658444958828216,0.922077922077922,0.9205418836466535,44b6_24264f12
F8_prune12_joint,250,40,27,0,0,1,21733,nan,0.13606900156821747,0.7886435331230284,0.7779125393085001,44b6_267148e4
F8_prune12_joint,197,23,13,0,1,1,37910,nan,-0.32744336225096243,0.8454935622317596,0.8731786877096308,44b6_2a2eff9f
F8_prune12_joint,67,25,18,0,0,0,18086,nan,-0.25779711096520025,0.6090909090909091,0.6247930967587896,44b6_2f31fc2f
F8_prune12_joint,49,0,0,0,0,0,23592,nan,0.011230175739391342,1.0,0.9988769824260608,44b6_33b596bf
F8_prune12_joint,208,0,1,0,0,1,8361,nan,0.12439483593329748,0.9952153110047847,0.9828353464717101,44b6_341df25f
F8_prune12_joint,884,38,35,0,0,0,36206,nan,-0.10703891875894046,0.9237199582027168,0.9336073567589241,44b6_3a861e03
F8_prune12_joint,380,26,16,0,0,0,15743,nan,-0.5070607759025582,0.9004739336492891,0.9461334347969129,44b6_3bb3690f
F8_prune12_joint,194,5,4,0,0,0,28593,nan,-0.12508797160429608,0.9556650246305419,0.9676192445769624,44b6_40c45f5a
F8_prune12_joint,310,13,12,0,0,0,32632,nan,-0.4304265866089506,0.9253731343283582,0.9652036542832162,44b6_415c0a3a
F8_prune12_joint,67,2,1,0,0,0,30048,nan,-0.22386671832623015,0.9571428571428572,0.9785701001826536,44b6_53f95252
F8_prune12_joint,199,33,25,0,0,0,30257,nan,-0.4749509778402485,0.77431906614786,0.8110954259105875,44b6_551a5dba
F8_prune12_joint,169,1,1,0,0,0,11083,nan,-0.43826659908768373,0.9883040935672515,1.031618160962467,44b6_5740d24b
F8_prune12_joint,365,7,6,1,0,0,18647,nan,0.028119314109279373,0.9656084656084656,0.9628932408333633,44b6_587a1e22
F8_prune12_joint,252,23,21,0,0,1,21046,nan,-0.2870354686811884,0.8513513513513513,0.8757881547661012,44b6_5f15d135
F8_prune12_joint,613,28,18,0,0,0,33423,nan,-0.15813203697639858,0.9301972685887708,0.9449066674759533,44b6_668e0cc7
F8_prune12_joint,197,2,1,0,0,0,20016,nan,-0.6202618099032442,0.985,1.0460957882754696,44b6_66f9292d
F8_prune12_joint,108,10,9,0,0,1,28556,nan,-0.5914618444018427,0.8503937007874016,0.9006912434609441,44b6_706092f0
F8_prune12_joint,107,20,12,0,0,0,30496,nan,-0.5494622385060868,0.7697841726618705,0.8120809061296053,44b6_71a4179f
F8_prune12_joint,135,5,4,0,1,1,8383,nan,-0.44446653412856196,0.9375,0.9791687375745527,44b6_74d0c52e
F8_prune12_joint,492,22,15,0,0,1,42450,nan,-0.3650722426635556,0.9300567107750473,0.9640104996957409,44b6_7a302da0
F8_prune12_joint,546,10,14,0,0,0,44362,nan,-0.2086692829111666,0.9578947368421052,0.9778830576262275,44b6_7e557709
F8_prune12_joint,179,0,0,0,0,0,14887,nan,-0.05431330199466396,1.0,1.0054313301994664,44b6_808952d6
F8_prune12_joint,197,0,0,0,0,0,11208,nan,0.11500198965380024,1.0,0.98849980103462,44b6_81c256f0
F8_prune12_joint,109,47,40,0,1,0,28036,nan,-0.0023485872891609136,0.5561224489795918,0.5562530591910809,44b6_87bba6c4
F8_prune12_joint,381,22,15,0,0,0,18127,nan,-0.4365597413900286,0.9114832535885168,0.9512749429353112,44b6_8cc6506c
F8_prune12_joint,572,38,32,0,0,0,27087,nan,-0.017554677015704907,0.8909657320872274,0.8925297936531127,44b6_8f5ab931
F8_prune12_joint,366,4,4,0,0,0,39731,nan,-0.4690711317199631,0.9786096256684492,1.0245133781308842,44b6_8f9ecab4
F8_prune12_joint,97,12,6,0,0,0,23034,nan,-0.09783800720664264,0.8434782608695652,0.8517306840861256,44b6_90724892
F8_prune12_joint,351,44,27,0,0,0,37840,nan,0.01777885365394443,0.8317535545023697,0.830274792030205,44b6_949adeb1
F8_prune12_joint,198,0,0,0,0,0,4757,nan,-0.07827940321643093,1.0,1.007827940321643,44b6_95029e92
F8_prune12_joint,219,1,2,0,0,0,32719,nan,-0.08539721585509029,0.9864864864864865,0.994910806428948,44b6_97725144
F8_prune12_joint,370,2,7,1,0,0,8879,nan,0.17245477353756766,0.9762532981530343,0.9594173440082058,44b6_996155de
F8_prune12_joint,205,18,15,0,1,1,25200,nan,-0.5645938801250928,0.8613445378151261,0.9099755232880857,44b6_9be80b04
F8_prune12_joint,241,30,18,0,0,0,38612,nan,-0.3995770355165765,0.8339100346020761,0.8672311645534584,44b6_9bfa6a0a
F8_prune12_joint,279,12,7,1,0,1,21921,nan,-0.048567708333333334,0.9362416107382551,0.9407887216862417,44b6_a21120c2
F8_prune12_joint,376,44,34,0,1,0,43382,nan,-0.2842789500602181,0.8281938325991189,0.8517376399168815,44b6_a2bb48bb
F8_prune12_joint,203,0,3,0,0,1,14019,nan,-0.3656274039549301,0.9854368932038835,1.0214671665062383,44b6_aaf8b0ea
F8_prune12_joint,94,0,0,0,0,0,25568,nan,-0.07375742645993334,1.0,1.0073757426459933,44b6_abf82518
F8_prune12_joint,156,14,12,0,0,0,36725,nan,-0.3851395469537411,0.8571428571428571,0.8901548183103206,44b6_b2c44266
F8_prune12_joint,97,8,5,0,0,0,19353,nan,-0.059849404906485305,0.8818181818181818,0.8870958111599355,44b6_c15fded2
F8_prune12_joint,294,31,31,0,0,2,35757,nan,-0.2404732571477123,0.8258426966292135,0.8457020049442213,44b6_c50204e0
F8_prune12_joint,203,34,20,0,0,0,28016,nan,-0.4748148842440716,0.7898832684824902,0.8273881017515745,44b6_c771cb04
F8_prune12_joint,158,10,6,0,1,1,28311,nan,-0.14581824764663287,0.9080459770114943,0.9212869443265332,44b6_c8e2a523
F8_prune12_joint,590,17,26,0,0,0,37236,nan,-0.19465351674020243,0.9320695102685624,0.9502125710705718,44b6_c96cfa10
F8_prune12_joint,70,8,5,0,0,0,20633,nan,-0.6415703986797533,0.8433734939759037,0.8974818408525094,44b6_cf2536e8
F8_prune12_joint,178,12,10,0,0,0,41001,nan,-0.0623842301447552,0.89,0.8955521964828831,44b6_cf8fed6b
F8_prune12_joint,1285,56,43,0,0,0,36336,nan,-0.0451714623571147,0.9284682080924855,0.9326622347636483,44b6_d29c9ab2
F8_prune12_joint,271,5,10,0,0,2,14675,nan,-0.390421201296004,0.9475524475524476,0.984546904038887,44b6_d2f34f90
F8_prune12_joint,830,90,63,0,1,2,41844,nan,-0.06698180520870496,0.844354018311292,0.8500096539494635,44b6_d5e7d891
F8_prune12_joint,64,3,6,0,0,1,5523,nan,0.06807193966350802,0.8767123287671232,0.8707443778925144,44b6_d754aa59
F8_prune12_joint,418,37,33,0,0,0,23300,nan,0.046767599622624556,0.8565573770491803,0.8525514638028162,44b6_d78e09d9
F8_prune12_joint,154,7,8,0,0,0,15223,nan,0.013312920189043467,0.9112426035502958,0.9100294735449037,44b6_db3c847b
F8_prune12_joint,607,48,40,0,0,0,37263,nan,-0.3033911612951469,0.8733812949640288,0.8998789114972885,44b6_ddf577ad
F8_prune12_joint,119,7,5,1,1,0,15562,nan,0.11244549288726857,0.9083969465648855,0.8981824323255077,44b6_deabac95
F8_prune12_joint,289,14,20,0,0,2,26309,nan,-0.6477385319872533,0.8947368421052632,0.9526923949672806,44b6_e28840c6
F8_prune12_joint,48,4,2,0,0,0,13328,nan,0.027681394093607835,0.8888888888888888,0.8864283205250125,44b6_e29f0176
F8_prune12_joint,106,10,7,0,0,0,66132,nan,-0.09229164379049083,0.8617886178861789,0.8697422067006441,44b6_e31261b4
F8_prune12_joint,240,11,26,0,0,0,18245,nan,-0.36297615306728115,0.8664259927797834,0.8978751901574539,44b6_e35b117d
F8_prune12_joint,142,19,44,0,0,0,15946,nan,-0.21502412129565818,0.6926829268292682,0.7075772805970649,44b6_e57ff5c6
F8_prune12_joint,371,13,8,0,3,1,35856,nan,-0.2543049663089593,0.9464285714285714,0.9704967200256694,44b6_eb2880fc
F8_prune12_joint,55,6,6,0,0,0,21352,nan,0.14451114922813035,0.8208955223880597,0.8090326668544072,44b6_f28707c6
F8_prune12_joint,836,8,9,0,0,0,5943,nan,-0.06585979251807608,0.9800703399765534,0.9865250629009511,6bba_05b6850b
F8_prune12_joint,1113,93,70,0,0,3,68419,nan,-0.01978510028653295,0.872257053291536,0.8739828226190369,6bba_05db0fb1
F8_prune12_joint,896,4,2,1,1,0,5828,nan,-0.033499170812603646,0.9933481152993349,0.9966757491184138,6bba_062c8d37
F8_prune12_joint,593,14,9,0,0,0,4474,nan,-0.07485525227460711,0.9626623376623377,0.9698683708764355,6bba_07477033
F8_prune12_joint,309,17,36,0,0,2,26774,nan,0.2461717477309751,0.8535911602209945,0.8325781574450631,6bba_07e24132
F8_prune12_joint,1164,0,4,0,0,1,8155,nan,-0.036393713813068655,0.9965753424657534,1.0002022502464392,6bba_085bf656
F8_prune12_joint,1788,108,83,1,0,3,29095,nan,-0.06498055725166307,0.9034866093986862,0.9093575157335004,6bba_09961292
F8_prune12_joint,620,45,39,0,0,0,12317,nan,-0.09765567765567766,0.8806818181818182,0.8892821761571762,6bba_0c7fa718
F8_prune12_joint,179,19,19,0,0,1,20988,nan,-0.06582988382961677,0.8248847926267281,0.8303149996338717,6bba_0e7c0d07
F8_prune12_joint,961,21,37,0,1,3,7989,nan,-0.03909069040173202,0.943081452404318,0.9467680229122734,6bba_12665c0e
F8_prune12_joint,693,11,11,0,0,0,5490,nan,-0.049021306080027714,0.9692307692307692,0.9739820650508335,6bba_13f19531
F8_prune12_joint,716,14,13,0,1,0,6235,nan,-0.09493395267818261,0.9636608344549125,0.9728092476605085,6bba_15403b9a
F8_prune12_joint,1255,107,110,0,0,1,16701,nan,-0.06745211904628957,0.8525815217391305,0.8583323647692319,6bba_1d0d8384
F8_prune12_joint,675,37,44,0,0,0,10966,nan,-0.05121993424467901,0.8928571428571429,0.8974303512718464,6bba_1ebfb80d
F8_prune12_joint,264,46,35,0,1,0,31030,nan,0.07359097671521987,0.7652173913043478,0.7595860817817919,6bba_1f58c2f6
F8_prune12_joint,348,78,102,0,0,1,16820,nan,0.4017834819568297,0.6590909090909091,0.6326097250528453,6bba_207c6aaf
F8_prune12_joint,840,27,69,0,0,3,9661,nan,-0.009940561590489854,0.8974358974358975,0.8983279991170952,6bba_20852818
F8_prune12_joint,1128,5,4,1,0,1,12231,nan,0.023514644351464435,0.9920844327176781,0.98975158145748,6bba_2312ac41
F8_prune12_joint,498,1,1,0,0,0,4012,nan,-0.09842696629213483,0.996,1.0058033258426966,6bba_23af9eeb
F8_prune12_joint,523,0,0,0,0,0,3466,nan,-0.08379592915675389,1.0,1.0083795929156754,6bba_2540cd90
F8_prune12_joint,704,12,17,0,1,0,5150,nan,-0.06278434940855324,0.9604365620736699,0.9664666005434682,6bba_2646afc7
F8_prune12_joint,578,10,31,0,0,1,4353,nan,-0.14764049344037594,0.9337641357027464,0.9475502754779543,6bba_268e1230
F8_prune12_joint,915,20,34,0,0,1,4892,nan,-0.11601011926273942,0.9442724458204335,0.9552269617260482,6bba_2819ca14
F8_prune12_joint,1265,15,23,0,1,0,21511,nan,0.031158621350846075,0.9708365310821182,0.9678115382955625,6bba_283bf9f1
F8_prune12_joint,498,3,2,0,0,0,9281,nan,-0.06845327712536385,0.9900596421471173,0.9968369248525708,6bba_312f0dc3
F8_prune12_joint,688,117,123,0,0,1,42805,nan,0.10592946647719932,0.7413793103448276,0.7335259188646215,6bba_32db13fc
F8_prune12_joint,1194,32,19,1,0,1,29290,nan,-0.039041994750656166,0.9590361445783132,0.962780412990545,6bba_337b1b3a
F8_prune12_joint,1006,2,1,0,0,0,6492,nan,-0.07534539239424583,0.9970267591674926,1.0045388964071964,6bba_372c8cb8
F8_prune12_joint,1108,40,34,0,0,0,6397,nan,-0.08653434242467514,0.937394247038917,0.9455059265149357,6bba_3a1849c2
F8_prune12_joint,839,114,96,1,0,0,51501,nan,-0.010832613079804092,0.7998093422306959,0.8006757447448956,6bba_3abfe10a
F8_prune12_joint,741,4,5,0,0,2,6086,nan,-0.027484819431128155,0.988,0.9907155001597954,6bba_3c5691b6
F8_prune12_joint,433,41,41,0,0,1,22208,nan,-0.04424169392322259,0.8407766990291262,0.8444964375667485,6bba_3db54e20
F8_prune12_joint,1164,6,15,0,0,1,7988,nan,-0.1883763462710831,0.9822784810126582,1.0007822841400458,6bba_3fda6b25
F8_prune12_joint,853,11,27,0,0,0,5241,nan,-0.08820459290187892,0.957351290684624,0.9657955687705166,6bba_43fea39d
F8_prune12_joint,240,25,46,0,0,1,23845,nan,-0.15721203124447744,0.7717041800643086,0.783836298231085,6bba_474be664
F8_prune12_joint,896,20,22,1,0,4,25087,nan,0.04681827665345295,0.9552238805970149,0.9507516870062374,6bba_48816121
F8_prune12_joint,648,30,33,0,0,0,7015,nan,0.03359363489023132,0.9113924050632911,0.9083307066935485,6bba_4aa14c89
F8_prune12_joint,993,8,17,0,0,2,5300,nan,-0.11148365465213747,0.9754420432220039,0.9863166276099776,6bba_4f99ce20
F8_prune12_joint,645,22,44,1,0,2,19878,nan,0.12706242558258207,0.9071729957805907,0.8956462356539008,6bba_4ffd3da3
F8_prune12_joint,682,6,6,0,0,1,4478,nan,-0.14818337454822142,0.9827089337175793,0.9972710463172748,6bba_55b7eebe
F8_prune12_joint,402,49,65,0,0,0,35969,nan,0.01564308908654525,0.7790697674418605,0.7778510616641878,6bba_55c70843
F8_prune12_joint,1264,325,328,0,1,3,71395,nan,0.08981697730152188,0.6593635889410537,0.6534413844909168,6bba_57b7cc1e
F8_prune12_joint,699,13,23,0,0,0,5439,nan,-0.08985943775100401,0.9510204081632653,0.9595662240799934,6bba_5a4d9360
F8_prune12_joint,716,1,8,0,0,0,5638,nan,-0.028266115132712856,0.9875862068965517,0.9903777294393136,6bba_5b28472a
F8_prune12_joint,1138,5,7,2,1,1,7896,nan,-0.07864644107351225,0.9895652173913043,0.9973477956471006,6bba_5c039895
F8_prune12_joint,1080,44,50,1,0,0,24872,nan,0.009128900068973912,0.919931856899489,0.9190920603002989,6bba_5c824876
F8_prune12_joint,1441,19,46,0,0,0,29253,nan,0.0869468286701594,0.9568393094289509,0.9485198950787717,6bba_5dfe9ad1
F8_prune12_joint,885,0,0,0,0,0,4381,nan,-0.04988072001734981,1.0,1.004988072001735,6bba_5f89039d
F8_prune12_joint,534,8,9,0,0,0,9324,nan,-0.07938388625592417,0.969147005444646,0.9768404710091947,6bba_61dd1e0d
F8_prune12_joint,595,6,19,0,0,1,5351,nan,-0.07325943886387253,0.9596774193548387,0.9667079622780652,6bba_61ecbe65
F8_prune12_joint,785,13,13,0,0,1,4552,nan,-0.05579755237502593,0.967940813810111,0.9733416866355604,6bba_6321a359
F8_prune12_joint,470,71,110,0,0,0,23373,nan,-0.0034110774740971303,0.7219662058371735,0.7222124741033527,6bba_6479435d
F8_prune12_joint,391,67,47,0,1,1,14844,nan,-0.07577361310005604,0.7742574257425743,0.7801242540043806,6bba_67ebd073
F8_prune12_joint,1038,17,14,0,0,1,6208,nan,-0.13717859624739404,0.971000935453695,0.9843209899817394,6bba_6ca87370
F8_prune12_joint,428,15,12,0,0,0,24481,nan,-0.13905398276771586,0.9406593406593406,0.9537395834339741,6bba_6db0e9b4
F8_prune12_joint,1125,99,218,0,0,0,10343,nan,0.167118032046942,0.7801664355062413,0.7671284475691532,6bba_6feb10f0
F8_prune12_joint,1330,7,13,0,0,0,6765,nan,-0.10015961691939346,0.9851851851851852,0.9950527622594662,6bba_6feeb0b1
F8_prune12_joint,536,23,26,0,2,1,5652,nan,0.009285714285714286,0.9162393162393162,0.9153885225885225,6bba_705ec2c9
F8_prune12_joint,649,0,3,0,0,0,4074,nan,-0.0538783093358105,0.995398773006135,1.000761813306586,6bba_718b21f9
F8_prune12_joint,560,22,16,0,1,2,24945,nan,-0.1630037244572694,0.9364548494983278,0.9517194123237577,6bba_74686d6a
F8_prune12_joint,547,94,111,0,0,0,46447,nan,-0.026554051221863603,0.7273936170212766,0.7293251417577605,6bba_767a1e17
F8_prune12_joint,604,0,0,0,0,0,4590,nan,-0.05458290422245108,1.0,1.005458290422245,6bba_76db78c1
F8_prune12_joint,1735,3,4,0,1,1,12571,nan,-0.04008857666463042,0.9959816303099885,0.9999743789043131,6bba_784a78c9
F8_prune12_joint,1195,268,200,0,4,3,53000,nan,-0.10137506570135132,0.7185808779314492,0.7258654963026528,6bba_786893ac
F8_prune12_joint,670,16,11,0,0,0,10476,nan,-0.018733608092918696,0.9612625538020086,0.9630633453977411,6bba_789f8168
F8_prune12_joint,725,109,107,0,0,2,38081,nan,-0.0623445694728289,0.7704569606801275,0.7752603414312222,6bba_78a7bd97
F8_prune12_joint,1041,46,51,0,0,2,9917,nan,0.03044472152950956,0.9147627416520211,0.9119777719585044,6bba_7af54fde
F8_prune12_joint,543,8,12,0,0,0,5329,nan,-0.07802768166089966,0.9644760213143873,0.9720016041104562,6bba_7b5d3b2c
F8_prune12_joint,1167,5,6,0,0,2,7344,nan,-0.03508080409932992,0.9906621392190152,0.9941374616624717,6bba_7d3058ae
F8_prune12_joint,892,49,42,1,0,2,9101,nan,-0.13987335790567998,0.9074262461851476,0.9201187217957139,6bba_7f87b3d8
F8_prune12_joint,631,12,23,0,0,1,8008,nan,-0.11229353730185124,0.9474474474474475,0.9580866699755958,6bba_80d12824
F8_prune12_joint,895,42,35,0,1,0,6777,nan,-0.10664381755866069,0.9207818930041153,0.9306014626250002,6bba_825bd1c6
F8_prune12_joint,669,41,30,0,1,1,13835,nan,-0.07557129493518643,0.904054054054054,0.910886107609681,6bba_87289e13
F8_prune12_joint,723,2,2,1,0,1,5525,nan,-0.05199039121482498,0.9944979367262724,0.9996683704055459,6bba_8b7818bf
F8_prune12_joint,916,1,5,0,0,1,6755,nan,-0.0754174650971804,0.9934924078091106,1.0009850757081364,6bba_907271db
F8_prune12_joint,1125,16,23,0,0,0,11338,nan,-0.047787016040984294,0.9664948453608248,0.9711134358287032,6bba_91951b3a
F8_prune12_joint,714,8,7,0,0,0,4699,nan,-0.03491476689258575,0.9794238683127572,0.9828435039178747,6bba_96833384
F8_prune12_joint,650,5,8,0,0,3,15396,nan,0.10858294930875576,0.9803921568627451,0.9697467696756121,6bba_969618f6
F8_prune12_joint,750,11,17,0,1,0,4927,nan,-0.12159030130147977,0.9640102827763496,0.9757317128503997,6bba_971fa5e0
F8_prune12_joint,1317,33,36,0,1,2,18249,nan,0.0009873292743129835,0.9502164502164502,0.9501226325646269,6bba_9a41d029
F8_prune12_joint,866,18,25,0,0,1,7164,nan,-0.07057602490918526,0.9526952695269527,0.9594190140342524,6bba_9e23430b
F8_prune12_joint,665,21,33,0,0,0,7727,nan,-0.08447867298578199,0.9248956884561892,0.9327090844972942,6bba_a5e926bb
F8_prune12_joint,871,177,241,0,0,0,28484,nan,-0.22799219427580225,0.6757176105508146,0.6911234446248428,6bba_a90a0b9c
F8_prune12_joint,925,112,213,0,0,2,11776,nan,0.2743209609349638,0.74,0.7197002488908126,6bba_ab78413d
F8_prune12_joint,300,26,30,0,0,0,19611,nan,-0.00502283105022831,0.8426966292134831,0.8431199014929966,6bba_acd782a8
F8_prune12_joint,1463,13,8,0,1,0,7099,nan,-0.041064433337836014,0.9858490566037735,0.989897389890381,6bba_ae82a791
F8_prune12_joint,757,3,11,0,0,1,4885,nan,-0.029598728645212555,0.9818417639429312,0.9847478907372795,6bba_aeee7805
F8_prune12_joint,1268,27,49,0,0,0,7741,nan,-0.13343781484383746,0.9434523809523809,0.9560416033647311,6bba_af149c94
F8_prune12_joint,593,19,33,1,0,3,5356,nan,-0.11529567228278824,0.9193798449612403,0.9299798966920455,6bba_afb141ff
F8_prune12_joint,549,35,30,0,1,0,22323,nan,-0.08128241007490328,0.8941368078175895,0.9014045672851989,6bba_b1ae37b9
F8_prune12_joint,802,8,9,0,0,2,5342,nan,0.049096622152395915,0.9792429792429792,0.9744352269882514,6bba_b204cac7
F8_prune12_joint,1166,88,102,0,0,1,63037,nan,0.009157127991675338,0.859882005899705,0.8590946009411288,6bba_b329af44
F8_prune12_joint,913,12,22,0,0,0,6030,nan,0.08492263404102195,0.9640971488912354,0.9559097819557072,6bba_b693381b
F8_prune12_joint,1794,77,85,0,1,3,22716,nan,-0.015387282735902215,0.9171779141104295,0.9185892016987837,6bba_bb9f20c3
F8_prune12_joint,848,8,13,0,2,0,6456,nan,-0.04848931466470155,0.9758342922899885,0.9805660458959341,6bba_bbb708ca
F8_prune12_joint,484,5,9,0,0,0,6257,nan,-0.02916989914662529,0.9718875502008032,0.974722536382925,6bba_c27cba08
F8_prune12_joint,448,25,52,0,0,2,29816,nan,-0.04521583194568977,0.8533333333333334,0.857191750992699,6bba_c328f2fd
F8_prune12_joint,546,97,164,0,0,0,23103,nan,0.4160588415568495,0.6765799256505576,0.6484302196418785,6bba_c73a1d11
F8_prune12_joint,1330,19,18,1,2,3,28083,nan,-0.05714285714285714,0.9729334308705194,0.9784930504754938,6bba_cdcfe533
F8_prune12_joint,815,3,2,0,0,0,34559,nan,-0.009486959014044139,0.9939024390243902,0.9948453501946886,6bba_cf35214c
F8_prune12_joint,1459,37,42,0,0,0,46237,nan,-0.002696173590440447,0.9486345903771132,0.9488903587300684,6bba_cff5865f
F8_prune12_joint,813,0,0,0,0,0,5607,nan,-0.08247422680412371,1.0,1.0082474226804123,6bba_d0fc38b5
F8_prune12_joint,619,25,24,0,1,1,15905,nan,0.0805761260955228,0.9266467065868264,0.9191801463992323,6bba_d1acb6ff
F8_prune12_joint,918,3,3,0,0,2,18742,nan,-0.07116661710774111,0.9935064935064936,1.0005769431282365,6bba_d2b9fc0c
F8_prune12_joint,833,34,24,0,1,1,15894,nan,-0.07839499014264177,0.9349046015712682,0.9422337852737173,6bba_d3da753b
F8_prune12_joint,519,0,0,0,0,0,4115,nan,-0.08940030980305377,1.0,1.0089400309803054,6bba_d5eae175
F8_prune12_joint,840,13,22,0,0,0,5933,nan,0.10710953536107483,0.96,0.9497174846053368,6bba_d6ecebbb
F8_prune12_joint,508,28,22,0,0,0,28120,nan,0.014576417953528648,0.910394265232975,0.9090672365017217,6bba_d82a4fc6
F8_prune12_joint,714,16,15,3,0,1,11703,nan,-0.00880833403912933,0.9583892617449664,0.9592334430206629,6bba_debd7bfa
F8_prune12_joint,644,7,10,1,0,3,21698,nan,0.1278132959093508,0.9742813918305597,0.9618287802472584,6bba_df673a83
F8_prune12_joint,935,7,7,1,0,0,5910,nan,-0.07177634678812628,0.9852476290832455,0.9923193766329713,6bba_e16ffc58
F8_prune12_joint,597,16,37,0,0,0,5048,nan,-0.10097951914514693,0.9184615384615384,0.9277361189122544,6bba_e5e44988
F8_prune12_joint,729,65,74,0,0,2,58653,nan,0.03176948651643886,0.8398617511520737,0.8371935534941839,6bba_ebdf3b34
F8_prune12_joint,989,265,275,0,0,0,46798,nan,0.12506010193287817,0.6468279921517331,0.6387387546885797,6bba_ebff6e76
F8_prune12_joint,497,0,11,0,0,0,4239,nan,-0.04591492234976367,0.9783464566929134,0.9828385268519355,6bba_ed9377fd
F8_prune12_joint,727,46,33,0,0,0,49620,nan,-0.16241855440397016,0.901985111662531,0.9166350234555442,6bba_edf14583
F8_prune12_joint,927,75,62,0,2,0,8383,nan,-0.10313469562426447,0.8712406015037594,0.8802261149289186,6bba_eebc57a5
F8_prune12_joint,1174,7,27,0,0,2,5673,nan,-0.07106598984771574,0.9718543046357616,0.978760883450432,6bba_ef7b4f7e
F8_prune12_joint,921,88,94,0,1,0,25137,nan,0.006970316067780315,0.8349954669084315,0.8344134486764799,6bba_f17befbc
F8_prune12_joint,415,29,31,0,0,0,7626,nan,-0.15641592920353983,0.8736842105263158,0.8873500232883093,6bba_f1fde7e0
F8_prune12_joint,931,21,32,0,0,1,5148,nan,-0.13812154696132597,0.9461382113821138,0.9592064187216457,6bba_f20478e9
F8_prune12_joint,955,7,10,0,0,0,9224,nan,0.036055262271144556,0.9825102880658436,0.9789678214538124,6bba_f4ae811c
F8_prune12_joint,352,17,18,1,0,1,30275,nan,0.024881516587677725,0.9095607235142119,0.90729759849125,6bba_f8ffd5e7
F8_prune12_joint,634,7,5,0,0,0,4908,nan,0.003886275311924729,0.9814241486068112,0.9810427401628854,6bba_fbc898dc
F8_prune12_joint,720,28,42,0,0,0,6629,nan,-0.15725908975336894,0.9113924050632911,0.9257248790661299,6bba_fc516dc6
F8_prune12_joint,440,7,18,0,0,2,17531,nan,0.25042796005706136,0.946236559139785,0.9225401500161061,6bba_fc5f39dc
F8_prune12_joint,816,73,107,0,0,0,10663,nan,-0.18522197600672424,0.8192771084337349,0.8344519209258521,6bba_fc83837d
F8_prune12_joint,662,14,18,0,0,2,9434,nan,-0.12938353636028055,0.9538904899135446,0.9662322624020903,6bba_fe670320
F8_curvature,46,3,4,0,0,0,25488,nan,-0.01036691904484566,0.8679245283018868,0.8688242986340811,44b6_0113de3b
F8_curvature,49,0,0,0,0,0,18141,nan,-0.44683640798902274,1.0,1.0446836407989022,44b6_0b24845f
F8_curvature,69,1,1,0,0,0,26806,nan,-0.04120466413906574,0.971830985915493,0.9758353828529515,44b6_0c582fdc
F8_curvature,149,0,2,0,0,0,17498,nan,0.14104988588196934,0.9867549668874173,0.9728367993401236,44b6_0db75fae
F8_curvature,741,38,32,0,0,1,44125,nan,-0.24793768748295608,0.9136868064118372,0.936340545798381,44b6_12dfb391
F8_curvature,119,0,0,0,0,0,27584,nan,-0.5780714635340186,1.0,1.0578071463534018,44b6_144b256d
F8_curvature,144,10,9,0,1,0,19270,nan,0.09011710131809696,0.8834355828220859,0.8754743174295669,44b6_1574802b
F8_curvature,90,16,9,0,1,0,71293,nan,-0.09347184782055847,0.782608695652174,0.7899238837424786,44b6_18ced818
F8_curvature,253,28,18,0,1,0,35377,nan,-0.012505233775296581,0.8461538461538461,0.8472119813194482,44b6_1d530831
F8_curvature,213,10,8,0,0,0,26792,nan,0.016658444958828216,0.922077922077922,0.9205418836466535,44b6_24264f12
F8_curvature,251,38,26,0,0,1,21733,nan,0.13606900156821747,0.7968253968253968,0.7859830732083737,44b6_267148e4
F8_curvature,197,23,13,0,1,1,37910,nan,-0.32744336225096243,0.8454935622317596,0.8731786877096308,44b6_2a2eff9f
F8_curvature,67,25,18,0,0,0,18086,nan,-0.25779711096520025,0.6090909090909091,0.6247930967587896,44b6_2f31fc2f
F8_curvature,49,0,0,0,0,0,23592,nan,0.011230175739391342,1.0,0.9988769824260608,44b6_33b596bf
F8_curvature,208,0,1,0,0,1,8361,nan,0.12439483593329748,0.9952153110047847,0.9828353464717101,44b6_341df25f
F8_curvature,884,38,35,0,0,0,36206,nan,-0.10703891875894046,0.9237199582027168,0.9336073567589241,44b6_3a861e03
F8_curvature,380,26,16,0,0,0,15743,nan,-0.5070607759025582,0.9004739336492891,0.9461334347969129,44b6_3bb3690f
F8_curvature,194,5,4,0,0,0,28593,nan,-0.12508797160429608,0.9556650246305419,0.9676192445769624,44b6_40c45f5a
F8_curvature,310,13,12,0,0,0,32632,nan,-0.4304265866089506,0.9253731343283582,0.9652036542832162,44b6_415c0a3a
F8_curvature,67,2,1,0,0,0,30048,nan,-0.22386671832623015,0.9571428571428572,0.9785701001826536,44b6_53f95252
F8_curvature,199,33,25,0,0,0,30257,nan,-0.4749509778402485,0.77431906614786,0.8110954259105875,44b6_551a5dba
F8_curvature,169,1,1,0,0,0,11083,nan,-0.43826659908768373,0.9883040935672515,1.031618160962467,44b6_5740d24b
F8_curvature,365,7,6,1,0,0,18647,nan,0.028119314109279373,0.9656084656084656,0.9628932408333633,44b6_587a1e22
F8_curvature,252,23,21,0,0,1,21046,nan,-0.2870354686811884,0.8513513513513513,0.8757881547661012,44b6_5f15d135
F8_curvature,613,28,18,0,0,0,33423,nan,-0.15813203697639858,0.9301972685887708,0.9449066674759533,44b6_668e0cc7
F8_curvature,197,2,1,0,0,0,20016,nan,-0.6202618099032442,0.985,1.0460957882754696,44b6_66f9292d
F8_curvature,108,10,9,0,0,1,28556,nan,-0.5914618444018427,0.8503937007874016,0.9006912434609441,44b6_706092f0
F8_curvature,107,20,12,0,0,0,30496,nan,-0.5494622385060868,0.7697841726618705,0.8120809061296053,44b6_71a4179f
F8_curvature,135,5,4,0,1,1,8383,nan,-0.44446653412856196,0.9375,0.9791687375745527,44b6_74d0c52e
F8_curvature,492,22,15,0,0,1,42450,nan,-0.3650722426635556,0.9300567107750473,0.9640104996957409,44b6_7a302da0
F8_curvature,546,10,14,0,0,0,44362,nan,-0.2086692829111666,0.9578947368421052,0.9778830576262275,44b6_7e557709
F8_curvature,179,0,0,0,0,0,14887,nan,-0.05431330199466396,1.0,1.0054313301994664,44b6_808952d6
F8_curvature,197,0,0,0,0,0,11208,nan,0.11500198965380024,1.0,0.98849980103462,44b6_81c256f0
F8_curvature,109,47,40,0,1,0,28036,nan,-0.0023485872891609136,0.5561224489795918,0.5562530591910809,44b6_87bba6c4
F8_curvature,381,22,15,0,0,0,18127,nan,-0.4365597413900286,0.9114832535885168,0.9512749429353112,44b6_8cc6506c
F8_curvature,572,38,32,0,0,0,27087,nan,-0.017554677015704907,0.8909657320872274,0.8925297936531127,44b6_8f5ab931
F8_curvature,366,4,4,0,0,0,39731,nan,-0.4690711317199631,0.9786096256684492,1.0245133781308842,44b6_8f9ecab4
F8_curvature,97,12,6,0,0,0,23034,nan,-0.09783800720664264,0.8434782608695652,0.8517306840861256,44b6_90724892
F8_curvature,351,44,27,0,0,0,37840,nan,0.01777885365394443,0.8317535545023697,0.830274792030205,44b6_949adeb1
F8_curvature,198,0,0,0,0,0,4757,nan,-0.07827940321643093,1.0,1.007827940321643,44b6_95029e92
F8_curvature,217,3,4,0,0,0,32719,nan,-0.08539721585509029,0.96875,0.9770228552859618,44b6_97725144
F8_curvature,370,2,7,1,0,0,8879,nan,0.17245477353756766,0.9762532981530343,0.9594173440082058,44b6_996155de
F8_curvature,205,18,15,0,1,1,25200,nan,-0.5645938801250928,0.8613445378151261,0.9099755232880857,44b6_9be80b04
F8_curvature,241,30,18,0,0,0,38612,nan,-0.3995770355165765,0.8339100346020761,0.8672311645534584,44b6_9bfa6a0a
F8_curvature,279,12,7,1,0,1,21921,nan,-0.048567708333333334,0.9362416107382551,0.9407887216862417,44b6_a21120c2
F8_curvature,376,44,34,0,1,0,43382,nan,-0.2842789500602181,0.8281938325991189,0.8517376399168815,44b6_a2bb48bb
F8_curvature,203,0,3,0,0,1,14019,nan,-0.3656274039549301,0.9854368932038835,1.0214671665062383,44b6_aaf8b0ea
F8_curvature,94,0,0,0,0,0,25568,nan,-0.07375742645993334,1.0,1.0073757426459933,44b6_abf82518
F8_curvature,156,14,12,0,0,0,36725,nan,-0.3851395469537411,0.8571428571428571,0.8901548183103206,44b6_b2c44266
F8_curvature,97,8,5,0,0,0,19353,nan,-0.059849404906485305,0.8818181818181818,0.8870958111599355,44b6_c15fded2
F8_curvature,294,31,31,0,0,2,35757,nan,-0.2404732571477123,0.8258426966292135,0.8457020049442213,44b6_c50204e0
F8_curvature,203,34,20,0,0,0,28016,nan,-0.4748148842440716,0.7898832684824902,0.8273881017515745,44b6_c771cb04
F8_curvature,158,10,6,0,1,1,28311,nan,-0.14581824764663287,0.9080459770114943,0.9212869443265332,44b6_c8e2a523
F8_curvature,590,17,26,0,0,0,37236,nan,-0.19465351674020243,0.9320695102685624,0.9502125710705718,44b6_c96cfa10
F8_curvature,70,8,5,0,0,0,20633,nan,-0.6415703986797533,0.8433734939759037,0.8974818408525094,44b6_cf2536e8
F8_curvature,178,12,10,0,0,0,41001,nan,-0.0623842301447552,0.89,0.8955521964828831,44b6_cf8fed6b
F8_curvature,1285,56,43,0,0,0,36336,nan,-0.0451714623571147,0.9284682080924855,0.9326622347636483,44b6_d29c9ab2
F8_curvature,271,5,10,0,0,2,14675,nan,-0.390421201296004,0.9475524475524476,0.984546904038887,44b6_d2f34f90
F8_curvature,830,90,63,0,1,2,41844,nan,-0.06698180520870496,0.844354018311292,0.8500096539494635,44b6_d5e7d891
F8_curvature,64,3,6,0,0,1,5523,nan,0.06807193966350802,0.8767123287671232,0.8707443778925144,44b6_d754aa59
F8_curvature,418,37,33,0,0,0,23300,nan,0.046767599622624556,0.8565573770491803,0.8525514638028162,44b6_d78e09d9
F8_curvature,154,7,8,0,0,0,15223,nan,0.013312920189043467,0.9112426035502958,0.9100294735449037,44b6_db3c847b
F8_curvature,607,48,40,0,0,0,37263,nan,-0.3033911612951469,0.8733812949640288,0.8998789114972885,44b6_ddf577ad
F8_curvature,121,6,3,1,2,0,15562,nan,0.11244549288726857,0.9307692307692308,0.9203031502774158,44b6_deabac95
F8_curvature,289,14,20,0,0,2,26309,nan,-0.6477385319872533,0.8947368421052632,0.9526923949672806,44b6_e28840c6
F8_curvature,48,4,2,0,0,0,13328,nan,0.027681394093607835,0.8888888888888888,0.8864283205250125,44b6_e29f0176
F8_curvature,106,10,7,0,0,0,66132,nan,-0.09229164379049083,0.8617886178861789,0.8697422067006441,44b6_e31261b4
F8_curvature,240,11,26,0,0,0,18245,nan,-0.36297615306728115,0.8664259927797834,0.8978751901574539,44b6_e35b117d
F8_curvature,142,19,44,0,0,0,15946,nan,-0.21502412129565818,0.6926829268292682,0.7075772805970649,44b6_e57ff5c6
F8_curvature,371,13,8,0,3,1,35856,nan,-0.2543049663089593,0.9464285714285714,0.9704967200256694,44b6_eb2880fc
F8_curvature,55,6,6,0,0,0,21352,nan,0.14451114922813035,0.8208955223880597,0.8090326668544072,44b6_f28707c6
F8_curvature,836,8,9,0,0,0,5965,nan,-0.06240176045268783,0.9800703399765534,0.9861861514347535,6bba_05b6850b
F8_curvature,1113,93,70,0,0,3,68474,nan,-0.018997134670487106,0.872257053291536,0.8739140917624021,6bba_05db0fb1
F8_curvature,896,4,2,1,1,0,5828,nan,-0.033499170812603646,0.9933481152993349,0.9966757491184138,6bba_062c8d37
F8_curvature,593,14,9,0,0,0,4485,nan,-0.07258064516129033,0.9626623376623377,0.9696494030163385,6bba_07477033
F8_curvature,309,17,36,0,0,2,26917,nan,0.2528275541075169,0.8535911602209945,0.8320100236963474,6bba_07e24132
F8_curvature,1164,0,4,0,0,1,8166,nan,-0.03509393831974477,0.9965753424657534,1.0000727178257007,6bba_085bf656
F8_curvature,1788,108,83,1,0,3,29106,nan,-0.06462705273644631,0.9034866093986862,0.9093255770739144,6bba_09961292
F8_curvature,620,45,39,0,0,0,12328,nan,-0.09684981684981685,0.8806818181818182,0.8892112054612056,6bba_0c7fa718
F8_curvature,179,19,19,0,0,1,21076,nan,-0.06191302799661726,0.8248847926267281,0.8299919041527163,6bba_0e7c0d07
F8_curvature,961,21,37,0,1,3,7989,nan,-0.03909069040173202,0.943081452404318,0.9467680229122734,6bba_12665c0e
F8_curvature,693,11,11,0,0,0,5501,nan,-0.04711588428893123,0.9692307692307692,0.973797385708004,6bba_13f19531
F8_curvature,716,14,13,0,1,0,6235,nan,-0.09493395267818261,0.9636608344549125,0.9728092476605085,6bba_15403b9a
F8_curvature,1255,107,110,0,0,1,16778,nan,-0.06315260483555754,0.8525815217391305,0.8579657961323794,6bba_1d0d8384
F8_curvature,675,37,44,0,0,0,11032,nan,-0.04550960373767088,0.8928571428571429,0.8969205003337206,6bba_1ebfb80d
F8_curvature,264,48,35,0,1,0,31173,nan,0.07853856001107151,0.760806916426513,0.7548316484602529,6bba_1f58c2f6
F8_curvature,348,78,102,0,0,1,16908,nan,0.40911742645220434,0.6590909090909091,0.6321263514383774,6bba_207c6aaf
F8_curvature,846,27,63,0,0,3,9672,nan,-0.008813281410125025,0.9038461538461539,0.9046427388966843,6bba_20852818
F8_curvature,1128,5,4,1,0,1,12231,nan,0.023514644351464435,0.9920844327176781,0.98975158145748,6bba_2312ac41
F8_curvature,498,1,1,0,0,0,4034,nan,-0.09348314606741573,0.996,1.0053109213483147,6bba_23af9eeb
F8_curvature,523,0,0,0,0,0,3466,nan,-0.08379592915675389,1.0,1.0083795929156754,6bba_2540cd90
F8_curvature,704,12,17,0,1,0,5150,nan,-0.06278434940855324,0.9604365620736699,0.9664666005434682,6bba_2646afc7
F8_curvature,578,10,31,0,0,1,4463,nan,-0.1261014294106129,0.9337641357027464,0.9455390349271945,6bba_268e1230
F8_curvature,915,20,34,0,0,1,4892,nan,-0.11601011926273942,0.9442724458204335,0.9552269617260482,6bba_2819ca14
F8_curvature,1266,13,22,0,1,0,21511,nan,0.031158621350846075,0.973097617217525,0.9700655791982958,6bba_283bf9f1
F8_curvature,498,3,2,0,0,0,9292,nan,-0.06734919201043862,0.9900596421471173,0.9967276138411926,6bba_312f0dc3
F8_curvature,688,117,123,0,0,1,42904,nan,0.10848727554579511,0.7413793103448276,0.7333362881922945,6bba_32db13fc
F8_curvature,1194,32,19,1,0,1,29290,nan,-0.039041994750656166,0.9590361445783132,0.962780412990545,6bba_337b1b3a
F8_curvature,1006,2,1,0,0,0,6492,nan,-0.07534539239424583,0.9970267591674926,1.0045388964071964,6bba_372c8cb8
F8_curvature,1108,40,34,0,0,0,6408,nan,-0.08496358703412824,0.937394247038917,0.9453586848082752,6bba_3a1849c2
F8_curvature,839,114,96,1,0,0,51710,nan,-0.0068184000768270435,0.7998093422306959,0.8003546842387471,6bba_3abfe10a
F8_curvature,741,4,5,0,0,2,6108,nan,-0.023969319271332695,0.988,0.9903681687440077,6bba_3c5691b6
F8_curvature,433,41,41,0,0,1,22296,nan,-0.040454467206059566,0.8407766990291262,0.8441780163689755,6bba_3db54e20
F8_curvature,1164,6,15,0,0,1,8043,nan,-0.18278805120910385,0.9822784810126582,1.0002333579415525,6bba_3fda6b25
F8_curvature,853,11,27,0,0,0,5241,nan,-0.08820459290187892,0.957351290684624,0.9657955687705166,6bba_43fea39d
F8_curvature,240,25,46,0,0,1,23988,nan,-0.15215777754214824,0.7717041800643086,0.7834462593601657,6bba_474be664
F8_curvature,896,20,22,1,0,4,25087,nan,0.04681827665345295,0.9552238805970149,0.9507516870062374,6bba_48816121
F8_curvature,648,30,33,0,0,0,7026,nan,0.035214380433181085,0.9113924050632911,0.90818299317571,6bba_4aa14c89
F8_curvature,993,8,17,0,0,2,5300,nan,-0.11148365465213747,0.9754420432220039,0.9863166276099776,6bba_4f99ce20
F8_curvature,645,22,44,1,0,2,19900,nan,0.12830980325452174,0.9071729957805907,0.8955330769199484,6bba_4ffd3da3
F8_curvature,682,6,6,0,0,1,4478,nan,-0.14818337454822142,0.9827089337175793,0.9972710463172748,6bba_55b7eebe
F8_curvature,402,49,65,0,0,0,36156,nan,0.020923337568826767,0.7790697674418605,0.7774396934684752,6bba_55c70843
F8_curvature,1268,330,324,0,1,3,71879,nan,0.0972050495336661,0.659729448491155,0.6533165451192149,6bba_57b7cc1e
F8_curvature,699,13,23,0,0,0,5439,nan,-0.08985943775100401,0.9510204081632653,0.9595662240799934,6bba_5a4d9360
F8_curvature,716,1,8,0,0,0,5649,nan,-0.026370217166494313,0.9875862068965517,0.9901904931712013,6bba_5b28472a
F8_curvature,1138,5,7,2,1,1,7907,nan,-0.07736289381563594,0.9895652173913043,0.9972207802749733,6bba_5c039895
F8_curvature,1080,44,50,1,0,0,24927,nan,0.01136040897472309,0.919931856899489,0.9188867766871635,6bba_5c824876
F8_curvature,1441,19,46,0,0,0,29264,nan,0.08735555307843793,0.9568393094289509,0.9484807867207152,6bba_5dfe9ad1
F8_curvature,885,0,0,0,0,0,4414,nan,-0.042723921058338755,1.0,1.0042723921058339,6bba_5f89039d
F8_curvature,534,8,9,0,0,0,9346,nan,-0.07721169036334913,0.969147005444646,0.976629953294742,6bba_61dd1e0d
F8_curvature,595,6,19,0,0,1,5351,nan,-0.07325943886387253,0.9596774193548387,0.9667079622780652,6bba_61ecbe65
F8_curvature,785,13,13,0,0,1,4552,nan,-0.05579755237502593,0.967940813810111,0.9733416866355604,6bba_6321a359
F8_curvature,470,71,110,0,0,0,23527,nan,0.0031552466635398455,0.7219662058371735,0.7217384076909579,6bba_6479435d
F8_curvature,391,67,47,0,1,1,14932,nan,-0.07029450221032314,0.7742574257425743,0.7797000297750964,6bba_67ebd073
F8_curvature,1038,17,14,0,0,1,6219,nan,-0.13564975677553856,0.971000935453695,0.9841725395260064,6bba_6ca87370
F8_curvature,428,15,12,0,0,0,24547,nan,-0.13673289959556884,0.9406593406593406,0.9535212485773413,6bba_6db0e9b4
F8_curvature,1125,99,218,0,0,0,10464,nan,0.18077183480027081,0.7801664355062413,0.7660632237066363,6bba_6feb10f0
F8_curvature,1330,7,13,0,0,0,6765,nan,-0.10015961691939346,0.9851851851851852,0.9950527622594662,6bba_6feeb0b1
F8_curvature,536,23,26,0,2,1,5696,nan,0.017142857142857144,0.9162393162393162,0.9146686202686203,6bba_705ec2c9
F8_curvature,649,0,3,0,0,0,4074,nan,-0.0538783093358105,0.995398773006135,1.000761813306586,6bba_718b21f9
F8_curvature,560,22,16,0,1,2,25088,nan,-0.1582055497768681,0.9364548494983278,0.9512700849289376,6bba_74686d6a
F8_curvature,547,94,111,0,0,0,46623,nan,-0.02286540637967892,0.7273936170212766,0.7290568320863943,6bba_767a1e17
F8_curvature,604,0,0,0,0,0,4590,nan,-0.05458290422245108,1.0,1.005458290422245,6bba_76db78c1
F8_curvature,1735,3,4,0,1,1,12593,nan,-0.03840867440439829,0.9959816303099885,0.9998070637251223,6bba_784a78c9
F8_curvature,1195,268,200,0,4,3,53308,nan,-0.09615286796995541,0.7185808779314492,0.725490239159597,6bba_786893ac
F8_curvature,670,16,11,0,0,0,10487,nan,-0.017703259647808167,0.9612625538020086,0.9629643018599758,6bba_789f8168
F8_curvature,725,109,107,0,0,2,38257,nan,-0.058010981705365276,0.7704569606801275,0.7749264571452061,6bba_78a7bd97
F8_curvature,1043,48,49,0,0,2,9972,nan,0.03615960099750624,0.9149122807017543,0.911603994399965,6bba_7af54fde
F8_curvature,543,8,12,0,0,0,5340,nan,-0.07612456747404844,0.9644760213143873,0.971818053310552,6bba_7b5d3b2c
F8_curvature,1167,5,6,0,0,2,7344,nan,-0.03508080409932992,0.9906621392190152,0.9941374616624717,6bba_7d3058ae
F8_curvature,892,49,42,1,0,2,9112,nan,-0.1388337586239486,0.9074262461851476,0.920024385828338,6bba_7f87b3d8
F8_curvature,631,12,23,0,0,1,8074,nan,-0.10497727524664671,0.9474474474474475,0.9573934925946899,6bba_80d12824
F8_curvature,895,42,35,0,1,0,6788,nan,-0.1051937780121276,0.9207818930041153,0.9304679456091414,6bba_825bd1c6
F8_curvature,669,41,30,0,1,1,13846,nan,-0.07483629560336763,0.904054054054054,0.9108196596971152,6bba_87289e13
F8_curvature,723,2,2,1,0,1,5558,nan,-0.04632807137954702,0.9944979367262724,0.9991052538662191,6bba_8b7818bf
F8_curvature,916,1,5,0,0,1,6766,nan,-0.07391185327128387,0.9934924078091106,1.000835494316323,6bba_907271db
F8_curvature,1125,16,23,0,0,0,11338,nan,-0.047787016040984294,0.9664948453608248,0.9711134358287032,6bba_91951b3a
F8_curvature,714,8,7,0,0,0,4699,nan,-0.03491476689258575,0.9794238683127572,0.9828435039178747,6bba_96833384
F8_curvature,650,5,8,0,0,3,15418,nan,0.11016705069124424,0.9803921568627451,0.9695914656185054,6bba_969618f6
F8_curvature,750,11,17,0,1,0,4927,nan,-0.12159030130147977,0.9640102827763496,0.9757317128503997,6bba_971fa5e0
F8_curvature,1317,33,36,0,1,2,18282,nan,0.0027974329438867863,0.9502164502164502,0.9499506335362844,6bba_9a41d029
F8_curvature,866,18,25,0,0,1,7197,nan,-0.06629475869226778,0.9526952695269527,0.959011139827008,6bba_9e23430b
F8_curvature,665,21,33,0,0,0,7727,nan,-0.08447867298578199,0.9248956884561892,0.9327090844972942,6bba_a5e926bb
F8_curvature,871,179,241,0,0,0,28649,nan,-0.22352016478751083,0.6746707978311387,0.6897510506219925,6bba_a90a0b9c
F8_curvature,930,113,208,0,0,2,11919,nan,0.289795476680013,0.7434052757793765,0.7218617271532844,6bba_ab78413d
F8_curvature,307,27,23,0,0,0,19655,nan,-0.0027904616945712835,0.8599439775910365,0.860183941663931,6bba_acd782a8
F8_curvature,1463,13,8,0,1,0,7099,nan,-0.041064433337836014,0.9858490566037735,0.989897389890381,6bba_ae82a791
F8_curvature,757,3,11,0,0,1,4885,nan,-0.029598728645212555,0.9818417639429312,0.9847478907372795,6bba_aeee7805
F8_curvature,1268,27,49,0,0,0,7774,nan,-0.1297436471510131,0.9434523809523809,0.9556930762341878,6bba_af149c94
F8_curvature,593,19,33,1,0,3,5411,nan,-0.10621076973901553,0.9193798449612403,0.9291446490628272,6bba_afb141ff
F8_curvature,549,35,30,0,1,0,22378,nan,-0.07901884928800725,0.8941368078175895,0.9012021739835693,6bba_b1ae37b9
F8_curvature,802,8,9,0,0,2,5342,nan,0.049096622152395915,0.9792429792429792,0.9744352269882514,6bba_b204cac7
F8_curvature,1166,88,102,0,0,1,63213,nan,0.01197470583526775,0.859882005899705,0.858852322492336,6bba_b329af44
F8_curvature,913,12,22,0,0,0,6030,nan,0.08492263404102195,0.9640971488912354,0.9559097819557072,6bba_b693381b
F8_curvature,1795,78,84,0,2,3,22716,nan,-0.015387282735902215,0.9172202350536536,0.9186315877624396,6bba_bb9f20c3
F8_curvature,848,8,13,0,2,0,6478,nan,-0.04524686809137804,0.9758342922899885,0.9802496368402173,6bba_bbb708ca
F8_curvature,484,5,9,0,0,0,6257,nan,-0.02916989914662529,0.9718875502008032,0.974722536382925,6bba_c27cba08
F8_curvature,448,25,52,0,0,2,29926,nan,-0.041693352119892405,0.8533333333333334,0.8568911660475641,6bba_c328f2fd
F8_curvature,546,97,164,0,0,0,23202,nan,0.4221268771069568,0.6765799256505576,0.648019668537745,6bba_c73a1d11
F8_curvature,1330,19,18,1,2,3,28094,nan,-0.05677354373006547,0.9729334308705194,0.9784571187389165,6bba_cdcfe533
F8_curvature,815,3,2,0,0,0,34581,nan,-0.00885640584694755,0.9939024390243902,0.9947826793616172,6bba_cf35214c
F8_curvature,1459,37,42,0,0,0,46303,nan,-0.001272593934687891,0.9486345903771132,0.948755313039708,6bba_cff5865f
F8_curvature,813,0,0,0,0,0,5607,nan,-0.08247422680412371,1.0,1.0082474226804123,6bba_d0fc38b5
F8_curvature,619,25,24,0,1,1,15949,nan,0.08356545961002786,0.9266467065868264,0.9189031407936217,6bba_d1acb6ff
F8_curvature,917,5,4,0,0,2,18742,nan,-0.07116661710774111,0.990280777537797,0.9973282708302158,6bba_d2b9fc0c
F8_curvature,833,34,24,0,1,1,15894,nan,-0.07839499014264177,0.9349046015712682,0.9422337852737173,6bba_d3da753b
F8_curvature,519,0,0,0,0,0,4115,nan,-0.08940030980305377,1.0,1.0089400309803054,6bba_d5eae175
F8_curvature,840,13,22,0,0,0,5944,nan,0.10916215711886545,0.96,0.9495204329165889,6bba_d6ecebbb
F8_curvature,508,28,22,0,0,0,28208,nan,0.01775147928994083,0.910394265232975,0.9087781807384785,6bba_d82a4fc6
F8_curvature,714,16,15,3,0,1,11703,nan,-0.00880833403912933,0.9583892617449664,0.9592334430206629,6bba_debd7bfa
F8_curvature,644,7,10,1,0,3,21709,nan,0.1283850511980872,0.9742813918305597,0.9617730751934087,6bba_df673a83
F8_curvature,935,7,7,1,0,0,5910,nan,-0.07177634678812628,0.9852476290832455,0.9923193766329713,6bba_e16ffc58
F8_curvature,597,16,37,0,0,0,5059,nan,-0.09902048085485307,0.9184615384615384,0.9275561887800533,6bba_e5e44988
F8_curvature,729,65,74,0,0,2,58763,nan,0.033704505075025946,0.8398617511520737,0.8370310386866712,6bba_ebdf3b34
F8_curvature,996,266,268,0,0,0,47150,nan,0.1335224540821233,0.6509803921568628,0.64228834220485,6bba_ebff6e76
F8_curvature,497,0,11,0,0,0,4239,nan,-0.04591492234976367,0.9783464566929134,0.9828385268519355,6bba_ed9377fd
F8_curvature,727,46,33,0,0,0,49741,nan,-0.1603760845346207,0.901985111662531,0.916450795714227,6bba_edf14583
F8_curvature,927,75,62,0,2,0,8383,nan,-0.10313469562426447,0.8712406015037594,0.8802261149289186,6bba_eebc57a5
F8_curvature,1174,7,27,0,0,2,5706,nan,-0.06566235467496316,0.9718543046357616,0.9782357288400998,6bba_ef7b4f7e
F8_curvature,921,88,94,0,1,0,25236,nan,0.010936185554620838,0.8349954669084315,0.8340823003720937,6bba_f17befbc
F8_curvature,415,29,31,0,0,0,7681,nan,-0.15033185840707963,0.8736842105263158,0.8868184676292502,6bba_f1fde7e0
F8_curvature,931,22,32,0,0,1,5159,nan,-0.13627992633517497,0.9451776649746193,0.9580585392302586,6bba_f20478e9
F8_curvature,955,7,10,0,0,0,9235,nan,0.03729080085364484,0.9825102880658436,0.9788464285169516,6bba_f4ae811c
F8_curvature,352,17,18,1,0,1,30418,nan,0.02972241029113067,0.9095607235142119,0.9068572898133131,6bba_f8ffd5e7
F8_curvature,634,7,5,0,0,0,4908,nan,0.003886275311924729,0.9814241486068112,0.9810427401628854,6bba_fbc898dc
F8_curvature,720,28,42,0,0,0,6640,nan,-0.155860666158149,0.9113924050632911,0.9255974278017554,6bba_fc516dc6
F8_curvature,440,7,18,0,0,2,17542,nan,0.25121255349500715,0.946236559139785,0.9224659089166015,6bba_fc5f39dc
F8_curvature,819,78,104,0,0,0,10872,nan,-0.1692519293955834,0.8181818181818182,0.8320297033141842,6bba_fc83837d
F8_curvature,662,14,18,0,0,2,9467,nan,-0.12633813215208564,0.9538904899135446,0.9659417641908762,6bba_fe670320
F8_dc030,46,3,4,0,0,0,25488,nan,-0.01036691904484566,0.8679245283018868,0.8688242986340811,44b6_0113de3b
F8_dc030,49,0,0,0,0,0,18141,nan,-0.44683640798902274,1.0,1.0446836407989022,44b6_0b24845f
F8_dc030,69,1,1,0,0,0,26806,nan,-0.04120466413906574,0.971830985915493,0.9758353828529515,44b6_0c582fdc
F8_dc030,149,0,2,0,0,0,17498,nan,0.14104988588196934,0.9867549668874173,0.9728367993401236,44b6_0db75fae
F8_dc030,741,38,32,0,0,1,44125,nan,-0.24793768748295608,0.9136868064118372,0.936340545798381,44b6_12dfb391
F8_dc030,119,0,0,0,0,0,27584,nan,-0.5780714635340186,1.0,1.0578071463534018,44b6_144b256d
F8_dc030,144,10,9,0,1,0,19270,nan,0.09011710131809696,0.8834355828220859,0.8754743174295669,44b6_1574802b
F8_dc030,90,16,9,0,1,0,71293,nan,-0.09347184782055847,0.782608695652174,0.7899238837424786,44b6_18ced818
F8_dc030,253,27,18,0,0,0,35377,nan,-0.012505233775296581,0.8489932885906041,0.8500549745453525,44b6_1d530831
F8_dc030,213,10,8,0,0,0,26792,nan,0.016658444958828216,0.922077922077922,0.9205418836466535,44b6_24264f12
F8_dc030,250,40,27,0,0,1,21733,nan,0.13606900156821747,0.7886435331230284,0.7779125393085001,44b6_267148e4
F8_dc030,196,23,14,0,0,1,37900,nan,-0.32762077101850373,0.8412017167381974,0.8687612322401832,44b6_2a2eff9f
F8_dc030,67,25,18,0,0,0,18079,nan,-0.2580843729481287,0.6090909090909091,0.6248105936250224,44b6_2f31fc2f
F8_dc030,49,0,0,0,0,0,23592,nan,0.011230175739391342,1.0,0.9988769824260608,44b6_33b596bf
F8_dc030,208,0,1,0,0,1,8361,nan,0.12439483593329748,0.9952153110047847,0.9828353464717101,44b6_341df25f
F8_dc030,884,38,35,0,0,0,36206,nan,-0.10703891875894046,0.9237199582027168,0.9336073567589241,44b6_3a861e03
F8_dc030,380,26,16,0,0,0,15743,nan,-0.5070607759025582,0.9004739336492891,0.9461334347969129,44b6_3bb3690f
F8_dc030,194,5,4,0,0,0,28593,nan,-0.12508797160429608,0.9556650246305419,0.9676192445769624,44b6_40c45f5a
F8_dc030,310,13,12,0,0,0,32632,nan,-0.4304265866089506,0.9253731343283582,0.9652036542832162,44b6_415c0a3a
F8_dc030,67,2,1,0,0,0,30048,nan,-0.22386671832623015,0.9571428571428572,0.9785701001826536,44b6_53f95252
F8_dc030,199,33,25,0,0,0,30252,nan,-0.47503774272476446,0.77431906614786,0.8111021442810227,44b6_551a5dba
F8_dc030,169,1,1,0,0,0,11083,nan,-0.43826659908768373,0.9883040935672515,1.031618160962467,44b6_5740d24b
F8_dc030,365,7,6,1,0,0,18647,nan,0.028119314109279373,0.9656084656084656,0.9628932408333633,44b6_587a1e22
F8_dc030,252,23,21,0,0,1,21046,nan,-0.2870354686811884,0.8513513513513513,0.8757881547661012,44b6_5f15d135
F8_dc030,613,28,18,0,0,0,33418,nan,-0.15825797838845368,0.9301972685887708,0.9449183825117029,44b6_668e0cc7
F8_dc030,197,2,1,0,0,0,20016,nan,-0.6202618099032442,0.985,1.0460957882754696,44b6_66f9292d
F8_dc030,108,10,9,0,0,1,28556,nan,-0.5914618444018427,0.8503937007874016,0.9006912434609441,44b6_706092f0
F8_dc030,107,20,12,0,0,0,30491,nan,-0.5495361068431628,0.7697841726618705,0.8120865923972794,44b6_71a4179f
F8_dc030,135,4,4,0,0,1,8373,nan,-0.4451292246520875,0.9440559440559441,0.9860786330965258,44b6_74d0c52e
F8_dc030,492,22,15,0,0,1,42445,nan,-0.3651470280295552,0.9300567107750473,0.9640174551588925,44b6_7a302da0
F8_dc030,546,10,14,0,0,0,44362,nan,-0.2086692829111666,0.9578947368421052,0.9778830576262275,44b6_7e557709
F8_dc030,179,0,0,0,0,0,14887,nan,-0.05431330199466396,1.0,1.0054313301994664,44b6_808952d6
F8_dc030,197,0,0,0,0,0,11208,nan,0.11500198965380024,1.0,0.98849980103462,44b6_81c256f0
F8_dc030,109,47,40,0,1,0,28026,nan,-0.0027044338481246885,0.5561224489795918,0.556272848617064,44b6_87bba6c4
F8_dc030,381,22,15,0,0,0,18127,nan,-0.4365597413900286,0.9114832535885168,0.9512749429353112,44b6_8cc6506c
F8_dc030,572,38,32,0,0,0,27087,nan,-0.017554677015704907,0.8909657320872274,0.8925297936531127,44b6_8f5ab931
F8_dc030,366,4,4,0,0,0,39731,nan,-0.4690711317199631,0.9786096256684492,1.0245133781308842,44b6_8f9ecab4
F8_dc030,97,12,6,0,0,0,23034,nan,-0.09783800720664264,0.8434782608695652,0.8517306840861256,44b6_90724892
F8_dc030,351,44,27,0,0,0,37840,nan,0.01777885365394443,0.8317535545023697,0.830274792030205,44b6_949adeb1
F8_dc030,198,0,0,0,0,0,4757,nan,-0.07827940321643093,1.0,1.007827940321643,44b6_95029e92
F8_dc030,219,1,2,0,0,0,32719,nan,-0.08539721585509029,0.9864864864864865,0.994910806428948,44b6_97725144
F8_dc030,370,2,7,1,0,0,8879,nan,0.17245477353756766,0.9762532981530343,0.9594173440082058,44b6_996155de
F8_dc030,204,18,16,0,0,1,25194,nan,-0.5646975482488726,0.8571428571428571,0.9055455041356177,44b6_9be80b04
F8_dc030,241,30,18,0,0,0,38612,nan,-0.3995770355165765,0.8339100346020761,0.8672311645534584,44b6_9bfa6a0a
F8_dc030,279,12,7,1,0,1,21921,nan,-0.048567708333333334,0.9362416107382551,0.9407887216862417,44b6_a21120c2
F8_dc030,376,43,34,0,0,0,43356,nan,-0.28470790094534176,0.8300220750551877,0.8536534593279137,44b6_a2bb48bb
F8_dc030,203,0,3,0,0,1,14019,nan,-0.3656274039549301,0.9854368932038835,1.0214671665062383,44b6_aaf8b0ea
F8_dc030,94,0,0,0,0,0,25568,nan,-0.07375742645993334,1.0,1.0073757426459933,44b6_abf82518
F8_dc030,156,14,12,0,0,0,36725,nan,-0.3851395469537411,0.8571428571428571,0.8901548183103206,44b6_b2c44266
F8_dc030,97,8,5,0,0,0,19353,nan,-0.059849404906485305,0.8818181818181818,0.8870958111599355,44b6_c15fded2
F8_dc030,294,31,31,0,0,2,35757,nan,-0.2404732571477123,0.8258426966292135,0.8457020049442213,44b6_c50204e0
F8_dc030,203,34,20,0,0,0,28016,nan,-0.4748148842440716,0.7898832684824902,0.8273881017515745,44b6_c771cb04
F8_dc030,158,10,6,0,1,1,28311,nan,-0.14581824764663287,0.9080459770114943,0.9212869443265332,44b6_c8e2a523
F8_dc030,590,17,26,0,0,0,37226,nan,-0.19486979842546934,0.9320695102685624,0.9502327300270186,44b6_c96cfa10
F8_dc030,70,8,5,0,0,0,20633,nan,-0.6415703986797533,0.8433734939759037,0.8974818408525094,44b6_cf2536e8
F8_dc030,178,12,10,0,0,0,40997,nan,-0.06247570262297331,0.89,0.8955603375334446,44b6_cf8fed6b
F8_dc030,1285,56,43,0,0,0,36336,nan,-0.0451714623571147,0.9284682080924855,0.9326622347636483,44b6_d29c9ab2
F8_dc030,271,5,10,0,0,2,14675,nan,-0.390421201296004,0.9475524475524476,0.984546904038887,44b6_d2f34f90
F8_dc030,830,89,63,0,0,2,41838,nan,-0.06711559043881556,0.845213849287169,0.8508865519413663,44b6_d5e7d891
F8_dc030,64,3,6,0,0,1,5523,nan,0.06807193966350802,0.8767123287671232,0.8707443778925144,44b6_d754aa59
F8_dc030,418,37,33,0,0,0,23300,nan,0.046767599622624556,0.8565573770491803,0.8525514638028162,44b6_d78e09d9
F8_dc030,154,7,8,0,0,0,15223,nan,0.013312920189043467,0.9112426035502958,0.9100294735449037,44b6_db3c847b
F8_dc030,607,48,40,0,0,0,37263,nan,-0.3033911612951469,0.8733812949640288,0.8998789114972885,44b6_ddf577ad
F8_dc030,121,6,3,1,2,0,15562,nan,0.11244549288726857,0.9307692307692308,0.9203031502774158,44b6_deabac95
F8_dc030,289,14,20,0,0,2,26309,nan,-0.6477385319872533,0.8947368421052632,0.9526923949672806,44b6_e28840c6
F8_dc030,48,4,2,0,0,0,13328,nan,0.027681394093607835,0.8888888888888888,0.8864283205250125,44b6_e29f0176
F8_dc030,106,10,7,0,0,0,66115,nan,-0.09252498078401229,0.8617886178861789,0.8697623154171588,44b6_e31261b4
F8_dc030,240,11,26,0,0,0,18245,nan,-0.36297615306728115,0.8664259927797834,0.8978751901574539,44b6_e35b117d
F8_dc030,142,19,44,0,0,0,15946,nan,-0.21502412129565818,0.6926829268292682,0.7075772805970649,44b6_e57ff5c6
F8_dc030,371,13,8,0,3,1,35852,nan,-0.25438815406372184,0.9464285714285714,0.9705045931524594,44b6_eb2880fc
F8_dc030,55,6,6,0,0,0,21352,nan,0.14451114922813035,0.8208955223880597,0.8090326668544072,44b6_f28707c6
F8_dc030,836,8,9,0,0,0,5965,nan,-0.06240176045268783,0.9800703399765534,0.9861861514347535,6bba_05b6850b
F8_dc030,1111,95,72,0,0,3,68464,nan,-0.019140401146131806,0.8693270735524257,0.8709910004439243,6bba_05db0fb1
F8_dc030,896,4,2,1,1,0,5828,nan,-0.033499170812603646,0.9933481152993349,0.9966757491184138,6bba_062c8d37
F8_dc030,593,14,9,0,0,0,4485,nan,-0.07258064516129033,0.9626623376623377,0.9696494030163385,6bba_07477033
F8_dc030,309,17,36,0,0,2,26909,nan,0.2524552013032348,0.8535911602209945,0.8320418074025692,6bba_07e24132
F8_dc030,1164,0,4,0,0,1,8161,nan,-0.03568474536216472,0.9965753424657534,1.0001315961987638,6bba_085bf656
F8_dc030,1788,108,83,1,0,3,29106,nan,-0.06462705273644631,0.9034866093986862,0.9093255770739144,6bba_09961292
F8_dc030,620,45,39,0,0,0,12328,nan,-0.09684981684981685,0.8806818181818182,0.8892112054612056,6bba_0c7fa718
F8_dc030,179,19,19,0,0,1,21076,nan,-0.06191302799661726,0.8248847926267281,0.8299919041527163,6bba_0e7c0d07
F8_dc030,961,21,37,0,1,3,7989,nan,-0.03909069040173202,0.943081452404318,0.9467680229122734,6bba_12665c0e
F8_dc030,693,11,11,0,0,0,5501,nan,-0.04711588428893123,0.9692307692307692,0.973797385708004,6bba_13f19531
F8_dc030,716,14,13,0,1,0,6235,nan,-0.09493395267818261,0.9636608344549125,0.9728092476605085,6bba_15403b9a
F8_dc030,1255,107,110,0,0,1,16778,nan,-0.06315260483555754,0.8525815217391305,0.8579657961323794,6bba_1d0d8384
F8_dc030,675,37,44,0,0,0,11032,nan,-0.04550960373767088,0.8928571428571429,0.8969205003337206,6bba_1ebfb80d
F8_dc030,264,48,35,0,1,0,31173,nan,0.07853856001107151,0.760806916426513,0.7548316484602529,6bba_1f58c2f6
F8_dc030,348,78,102,0,0,1,16902,nan,0.40861738478206516,0.6590909090909091,0.6321593087302729,6bba_207c6aaf
F8_dc030,846,27,63,0,0,3,9672,nan,-0.008813281410125025,0.9038461538461539,0.9046427388966843,6bba_20852818
F8_dc030,1128,5,4,1,0,1,12231,nan,0.023514644351464435,0.9920844327176781,0.98975158145748,6bba_2312ac41
F8_dc030,498,1,1,0,0,0,4034,nan,-0.09348314606741573,0.996,1.0053109213483147,6bba_23af9eeb
F8_dc030,523,0,0,0,0,0,3466,nan,-0.08379592915675389,1.0,1.0083795929156754,6bba_2540cd90
F8_dc030,704,12,17,0,1,0,5150,nan,-0.06278434940855324,0.9604365620736699,0.9664666005434682,6bba_2646afc7
F8_dc030,578,10,31,0,0,1,4459,nan,-0.12688466810260426,0.9337641357027464,0.9456121709472223,6bba_268e1230
F8_dc030,915,20,34,0,0,1,4892,nan,-0.11601011926273942,0.9442724458204335,0.9552269617260482,6bba_2819ca14
F8_dc030,1266,13,22,0,1,0,21511,nan,0.031158621350846075,0.973097617217525,0.9700655791982958,6bba_283bf9f1
F8_dc030,498,3,2,0,0,0,9287,nan,-0.06785104888085917,0.9900596421471173,0.9967773006645462,6bba_312f0dc3
F8_dc030,688,117,123,0,0,1,42904,nan,0.10848727554579511,0.7413793103448276,0.7333362881922945,6bba_32db13fc
F8_dc030,1194,32,19,1,0,1,29290,nan,-0.039041994750656166,0.9590361445783132,0.962780412990545,6bba_337b1b3a
F8_dc030,1006,2,1,0,0,0,6492,nan,-0.07534539239424583,0.9970267591674926,1.0045388964071964,6bba_372c8cb8
F8_dc030,1108,40,34,0,0,0,6408,nan,-0.08496358703412824,0.937394247038917,0.9453586848082752,6bba_3a1849c2
F8_dc030,838,114,97,0,0,1,51715,nan,-0.00672236627292807,0.7988560533841754,0.7993930736831949,6bba_3abfe10a
F8_dc030,741,4,5,0,0,2,6108,nan,-0.023969319271332695,0.988,0.9903681687440077,6bba_3c5691b6
F8_dc030,433,41,41,0,0,1,22296,nan,-0.040454467206059566,0.8407766990291262,0.8441780163689755,6bba_3db54e20
F8_dc030,1164,6,15,0,0,1,8043,nan,-0.18278805120910385,0.9822784810126582,1.0002333579415525,6bba_3fda6b25
F8_dc030,853,11,27,0,0,0,5241,nan,-0.08820459290187892,0.957351290684624,0.9657955687705166,6bba_43fea39d
F8_dc030,240,25,46,0,0,1,23982,nan,-0.15236984413105714,0.7717041800643086,0.7834626246274771,6bba_474be664
F8_dc030,896,20,22,1,0,4,25087,nan,0.04681827665345295,0.9552238805970149,0.9507516870062374,6bba_48816121
F8_dc030,648,30,33,0,0,0,7026,nan,0.035214380433181085,0.9113924050632911,0.90818299317571,6bba_4aa14c89
F8_dc030,993,8,17,0,0,2,5300,nan,-0.11148365465213747,0.9754420432220039,0.9863166276099776,6bba_4f99ce20
F8_dc030,645,22,44,1,0,2,19900,nan,0.12830980325452174,0.9071729957805907,0.8955330769199484,6bba_4ffd3da3
F8_dc030,682,6,6,0,0,1,4478,nan,-0.14818337454822142,0.9827089337175793,0.9972710463172748,6bba_55b7eebe
F8_dc030,402,49,65,0,0,0,36156,nan,0.020923337568826767,0.7790697674418605,0.7774396934684752,6bba_55c70843
F8_dc030,1267,329,325,0,0,3,71863,nan,0.09696081574086794,0.659552316501822,0.6531572434386425,6bba_57b7cc1e
F8_dc030,699,13,23,0,0,0,5439,nan,-0.08985943775100401,0.9510204081632653,0.9595662240799934,6bba_5a4d9360
F8_dc030,716,1,8,0,0,0,5649,nan,-0.026370217166494313,0.9875862068965517,0.9901904931712013,6bba_5b28472a
F8_dc030,1138,5,7,2,1,1,7907,nan,-0.07736289381563594,0.9895652173913043,0.9972207802749733,6bba_5c039895
F8_dc030,1080,44,50,1,0,0,24927,nan,0.01136040897472309,0.919931856899489,0.9188867766871635,6bba_5c824876
F8_dc030,1441,19,46,0,0,0,29264,nan,0.08735555307843793,0.9568393094289509,0.9484807867207152,6bba_5dfe9ad1
F8_dc030,885,0,0,0,0,0,4414,nan,-0.042723921058338755,1.0,1.0042723921058339,6bba_5f89039d
F8_dc030,534,8,9,0,0,0,9346,nan,-0.07721169036334913,0.969147005444646,0.976629953294742,6bba_61dd1e0d
F8_dc030,595,6,19,0,0,1,5351,nan,-0.07325943886387253,0.9596774193548387,0.9667079622780652,6bba_61ecbe65
F8_dc030,785,13,13,0,0,1,4552,nan,-0.05579755237502593,0.967940813810111,0.9733416866355604,6bba_6321a359
F8_dc030,470,71,110,0,0,0,23508,nan,0.0023451157634417773,0.7219662058371735,0.7217968964041754,6bba_6479435d
F8_dc030,391,66,47,0,0,1,14925,nan,-0.07073034057655189,0.7757936507936508,0.781280865707427,6bba_67ebd073
F8_dc030,1038,17,14,0,0,1,6219,nan,-0.13564975677553856,0.971000935453695,0.9841725395260064,6bba_6ca87370
F8_dc030,428,15,12,0,0,0,24547,nan,-0.13673289959556884,0.9406593406593406,0.9535212485773413,6bba_6db0e9b4
F8_dc030,1125,99,218,0,0,0,10464,nan,0.18077183480027081,0.7801664355062413,0.7660632237066363,6bba_6feb10f0
F8_dc030,1330,7,13,0,0,0,6765,nan,-0.10015961691939346,0.9851851851851852,0.9950527622594662,6bba_6feeb0b1
F8_dc030,535,23,27,0,1,1,5696,nan,0.017142857142857144,0.9145299145299145,0.912962148962149,6bba_705ec2c9
F8_dc030,649,0,3,0,0,0,4074,nan,-0.0538783093358105,0.995398773006135,1.000761813306586,6bba_718b21f9
F8_dc030,560,22,16,0,1,2,25082,nan,-0.1584068717914304,0.9364548494983278,0.9512889378266223,6bba_74686d6a
F8_dc030,547,94,111,0,0,0,46623,nan,-0.02286540637967892,0.7273936170212766,0.7290568320863943,6bba_767a1e17
F8_dc030,604,0,0,0,0,0,4590,nan,-0.05458290422245108,1.0,1.005458290422245,6bba_76db78c1
F8_dc030,1735,3,4,0,1,1,12593,nan,-0.03840867440439829,0.9959816303099885,0.9998070637251223,6bba_784a78c9
F8_dc030,1195,266,200,0,2,3,53308,nan,-0.09615286796995541,0.7194461167971101,0.7263637975450992,6bba_786893ac
F8_dc030,670,16,11,0,0,0,10487,nan,-0.017703259647808167,0.9612625538020086,0.9629643018599758,6bba_789f8168
F8_dc030,725,109,107,0,0,2,38257,nan,-0.058010981705365276,0.7704569606801275,0.7749264571452061,6bba_78a7bd97
F8_dc030,1043,48,49,0,0,2,9972,nan,0.03615960099750624,0.9149122807017543,0.911603994399965,6bba_7af54fde
F8_dc030,543,8,12,0,0,0,5340,nan,-0.07612456747404844,0.9644760213143873,0.971818053310552,6bba_7b5d3b2c
F8_dc030,1167,5,6,0,0,2,7344,nan,-0.03508080409932992,0.9906621392190152,0.9941374616624717,6bba_7d3058ae
F8_dc030,892,49,42,1,0,2,9112,nan,-0.1388337586239486,0.9074262461851476,0.920024385828338,6bba_7f87b3d8
F8_dc030,631,12,23,0,0,1,8074,nan,-0.10497727524664671,0.9474474474474475,0.9573934925946899,6bba_80d12824
F8_dc030,895,42,35,0,1,0,6788,nan,-0.1051937780121276,0.9207818930041153,0.9304679456091414,6bba_825bd1c6
F8_dc030,669,41,30,0,1,1,13846,nan,-0.07483629560336763,0.904054054054054,0.9108196596971152,6bba_87289e13
F8_dc030,723,2,2,1,0,1,5558,nan,-0.04632807137954702,0.9944979367262724,0.9991052538662191,6bba_8b7818bf
F8_dc030,916,1,5,0,0,1,6766,nan,-0.07391185327128387,0.9934924078091106,1.000835494316323,6bba_907271db
F8_dc030,1125,16,23,0,0,0,11338,nan,-0.047787016040984294,0.9664948453608248,0.9711134358287032,6bba_91951b3a
F8_dc030,714,8,7,0,0,0,4699,nan,-0.03491476689258575,0.9794238683127572,0.9828435039178747,6bba_96833384
F8_dc030,650,5,8,0,0,3,15418,nan,0.11016705069124424,0.9803921568627451,0.9695914656185054,6bba_969618f6
F8_dc030,750,11,17,0,1,0,4927,nan,-0.12159030130147977,0.9640102827763496,0.9757317128503997,6bba_971fa5e0
F8_dc030,1317,32,36,0,0,2,18282,nan,0.0027974329438867863,0.9509025270758122,0.9506365184702456,6bba_9a41d029
F8_dc030,866,18,25,0,0,1,7197,nan,-0.06629475869226778,0.9526952695269527,0.959011139827008,6bba_9e23430b
F8_dc030,665,21,33,0,0,0,7727,nan,-0.08447867298578199,0.9248956884561892,0.9327090844972942,6bba_a5e926bb
F8_dc030,871,179,241,0,0,0,28649,nan,-0.22352016478751083,0.6746707978311387,0.6897510506219925,6bba_a90a0b9c
F8_dc030,930,113,208,0,0,2,11919,nan,0.289795476680013,0.7434052757793765,0.7218617271532844,6bba_ab78413d
F8_dc030,307,27,23,0,0,0,19655,nan,-0.0027904616945712835,0.8599439775910365,0.860183941663931,6bba_acd782a8
F8_dc030,1463,13,8,0,1,0,7099,nan,-0.041064433337836014,0.9858490566037735,0.989897389890381,6bba_ae82a791
F8_dc030,757,3,11,0,0,1,4885,nan,-0.029598728645212555,0.9818417639429312,0.9847478907372795,6bba_aeee7805
F8_dc030,1268,27,49,0,0,0,7774,nan,-0.1297436471510131,0.9434523809523809,0.9556930762341878,6bba_af149c94
F8_dc030,593,19,33,1,0,3,5411,nan,-0.10621076973901553,0.9193798449612403,0.9291446490628272,6bba_afb141ff
F8_dc030,548,35,31,0,0,0,22378,nan,-0.07901884928800725,0.8925081433224755,0.8995606399690272,6bba_b1ae37b9
F8_dc030,802,8,9,0,0,2,5342,nan,0.049096622152395915,0.9792429792429792,0.9744352269882514,6bba_b204cac7
F8_dc030,1166,88,102,0,0,1,63213,nan,0.01197470583526775,0.859882005899705,0.858852322492336,6bba_b329af44
F8_dc030,913,12,22,0,0,0,6030,nan,0.08492263404102195,0.9640971488912354,0.9559097819557072,6bba_b693381b
F8_dc030,1795,78,84,0,2,3,22716,nan,-0.015387282735902215,0.9172202350536536,0.9186315877624396,6bba_bb9f20c3
F8_dc030,848,8,13,0,2,0,6478,nan,-0.04524686809137804,0.9758342922899885,0.9802496368402173,6bba_bbb708ca
F8_dc030,484,5,9,0,0,0,6257,nan,-0.02916989914662529,0.9718875502008032,0.974722536382925,6bba_c27cba08
F8_dc030,448,25,52,0,0,2,29926,nan,-0.041693352119892405,0.8533333333333334,0.8568911660475641,6bba_c328f2fd
F8_dc030,546,97,164,0,0,0,23178,nan,0.42065583818571867,0.6765799256505576,0.648119196078141,6bba_c73a1d11
F8_dc030,1330,17,18,1,0,3,28094,nan,-0.05677354373006547,0.9743589743589743,0.9798907555429295,6bba_cdcfe533
F8_dc030,815,3,2,0,0,0,34576,nan,-0.008999713384924047,0.9939024390243902,0.99479692273277,6bba_cf35214c
F8_dc030,1459,37,42,0,0,0,46299,nan,-0.0013588714895819852,0.9486345903771132,0.9487634976270027,6bba_cff5865f
F8_dc030,813,0,0,0,0,0,5607,nan,-0.08247422680412371,1.0,1.0082474226804123,6bba_d0fc38b5
F8_dc030,619,25,24,0,1,1,15940,nan,0.08295400502751546,0.9266467065868264,0.918959801031133,6bba_d1acb6ff
F8_dc030,917,5,4,0,0,2,18742,nan,-0.07116661710774111,0.990280777537797,0.9973282708302158,6bba_d2b9fc0c
F8_dc030,833,34,24,0,1,1,15894,nan,-0.07839499014264177,0.9349046015712682,0.9422337852737173,6bba_d3da753b
F8_dc030,519,0,0,0,0,0,4115,nan,-0.08940030980305377,1.0,1.0089400309803054,6bba_d5eae175
F8_dc030,840,13,22,0,0,0,5944,nan,0.10916215711886545,0.96,0.9495204329165889,6bba_d6ecebbb
F8_dc030,508,28,22,0,0,0,28208,nan,0.01775147928994083,0.910394265232975,0.9087781807384785,6bba_d82a4fc6
F8_dc030,714,16,15,3,0,1,11703,nan,-0.00880833403912933,0.9583892617449664,0.9592334430206629,6bba_debd7bfa
F8_dc030,644,7,10,1,0,3,21709,nan,0.1283850511980872,0.9742813918305597,0.9617730751934087,6bba_df673a83
F8_dc030,935,7,7,1,0,0,5910,nan,-0.07177634678812628,0.9852476290832455,0.9923193766329713,6bba_e16ffc58
F8_dc030,597,16,37,0,0,0,5059,nan,-0.09902048085485307,0.9184615384615384,0.9275561887800533,6bba_e5e44988
F8_dc030,729,65,74,0,0,2,58763,nan,0.033704505075025946,0.8398617511520737,0.8370310386866712,6bba_ebdf3b34
F8_dc030,996,266,268,0,0,0,47140,nan,0.13328204635061064,0.6509803921568628,0.6423039922767838,6bba_ebff6e76
F8_dc030,497,0,11,0,0,0,4239,nan,-0.04591492234976367,0.9783464566929134,0.9828385268519355,6bba_ed9377fd
F8_dc030,727,46,33,0,0,0,49741,nan,-0.1603760845346207,0.901985111662531,0.916450795714227,6bba_edf14583
F8_dc030,927,74,62,0,1,0,8383,nan,-0.10313469562426447,0.8720602069614299,0.88105417336253,6bba_eebc57a5
F8_dc030,1174,7,27,0,0,2,5706,nan,-0.06566235467496316,0.9718543046357616,0.9782357288400998,6bba_ef7b4f7e
F8_dc030,921,88,94,0,1,0,25220,nan,0.010295236950687016,0.8349954669084315,0.8341358192899744,6bba_f17befbc
F8_dc030,415,29,31,0,0,0,7673,nan,-0.15121681415929203,0.8736842105263158,0.8868957848160224,6bba_f1fde7e0
F8_dc030,931,22,32,0,0,1,5159,nan,-0.13627992633517497,0.9451776649746193,0.9580585392302586,6bba_f20478e9
F8_dc030,955,7,10,0,0,0,9235,nan,0.03729080085364484,0.9825102880658436,0.9788464285169516,6bba_f4ae811c
F8_dc030,352,17,18,1,0,1,30412,nan,0.02951929587000677,0.9095607235142119,0.9068757643032966,6bba_f8ffd5e7
F8_dc030,634,7,5,0,0,0,4908,nan,0.003886275311924729,0.9814241486068112,0.9810427401628854,6bba_fbc898dc
F8_dc030,720,28,42,0,0,0,6640,nan,-0.155860666158149,0.9113924050632911,0.9255974278017554,6bba_fc516dc6
F8_dc030,440,7,18,0,0,2,17524,nan,0.2499286733238231,0.946236559139785,0.9225873943521544,6bba_fc5f39dc
F8_dc030,819,78,104,0,0,0,10872,nan,-0.1692519293955834,0.8181818181818182,0.8320297033141842,6bba_fc83837d
F8_dc030,662,14,18,0,0,2,9467,nan,-0.12633813215208564,0.9538904899135446,0.9659417641908762,6bba_fe670320
F8_end04,46,3,4,0,0,0,25490,nan,-0.0102892642205397,0.8679245283018868,0.8688175587814054,44b6_0113de3b
F8_end04,49,0,0,0,0,0,18183,nan,-0.4455557249580729,1.0,1.0445555724958073,44b6_0b24845f
F8_end04,69,1,1,0,0,0,26821,nan,-0.04066814507475499,0.971830985915493,0.9757832422678284,44b6_0c582fdc
F8_end04,149,0,2,0,0,0,17507,nan,0.14163677861102053,0.9867549668874173,0.9727788874085814,44b6_0db75fae
F8_end04,741,38,32,0,0,1,44140,nan,-0.24768202890646304,0.9136868064118372,0.9363171866115524,44b6_12dfb391
F8_end04,119,0,0,0,0,0,27599,nan,-0.5778420215369554,1.0,1.0577842021536956,44b6_144b256d
F8_end04,144,10,9,0,1,0,19278,nan,0.09056966679866493,0.8834355828220859,0.8754343361846578,44b6_1574802b
F8_end04,90,16,9,0,1,0,71330,nan,-0.09300137327704593,0.782608695652174,0.7898870639955949,44b6_18ced818
F8_end04,253,28,18,0,1,0,35390,nan,-0.012142358688066993,0.8461538461538461,0.8471812765043749,44b6_1d530831
F8_end04,213,10,8,0,0,0,26812,nan,0.01741737183622358,0.922077922077922,0.9204719046748417,44b6_24264f12
F8_end04,250,40,27,0,0,1,21745,nan,0.13669628855201255,0.7886435331230284,0.7778630687261819,44b6_267148e4
F8_end04,197,23,13,0,1,1,37931,nan,-0.32707080383912573,0.8454935622317596,0.8731471881357545,44b6_2a2eff9f
F8_end04,67,25,18,0,0,0,18105,nan,-0.2570173998686802,0.6090909090909091,0.6247456052647287,44b6_2f31fc2f
F8_end04,49,0,0,0,0,0,23599,nan,0.011530218602657523,1.0,0.9988469781397342,44b6_33b596bf
F8_end04,208,0,1,0,0,1,8366,nan,0.12506724045185583,0.9952153110047847,0.9827684277445042,44b6_341df25f
F8_end04,884,38,35,0,0,0,36207,nan,-0.1070142554136043,0.9237199582027168,0.9336050785564918,44b6_3a861e03
F8_end04,380,26,16,0,0,0,15753,nan,-0.5067476594545511,0.9004739336492891,0.9461052394769501,44b6_3bb3690f
F8_end04,194,5,4,0,0,0,28610,nan,-0.12456779168324103,0.9556650246305419,0.9675695328012556,44b6_40c45f5a
F8_end04,310,13,12,0,0,0,32649,nan,-0.4301298610626265,0.9253731343283582,0.9651761960983326,44b6_415c0a3a
F8_end04,67,2,1,0,0,0,30057,nan,-0.22363425029058503,0.9571428571428572,0.9785478496706703,44b6_53f95252
F8_end04,199,33,25,0,0,0,30288,nan,-0.4744130355562497,0.77431906614786,0.8110537720138886,44b6_551a5dba
F8_end04,169,1,1,0,0,0,11087,nan,-0.4380638621388748,0.9883040935672515,1.0315981243868246,44b6_5740d24b
F8_end04,365,7,6,1,0,0,18658,nan,0.028725809119479518,0.9656084656084656,0.9628346771617433,44b6_587a1e22
F8_end04,252,23,21,0,0,1,21064,nan,-0.28642569192723333,0.8513513513513513,0.8757362413397508,44b6_5f15d135
F8_end04,613,28,18,0,0,0,33429,nan,-0.15798090728193245,0.9301972685887708,0.9448926094330536,44b6_668e0cc7
F8_end04,197,2,1,0,0,0,20044,nan,-0.6197306014039082,0.985,1.0460434642382848,44b6_66f9292d
F8_end04,108,10,9,0,0,1,28567,nan,-0.5913044722309652,0.8503937007874016,0.9006778606306648,44b6_706092f0
F8_end04,107,20,12,0,0,0,30515,nan,-0.5491815388251979,0.7697841726618705,0.8120592983124433,44b6_71a4179f
F8_end04,135,5,4,0,1,1,8395,nan,-0.44367130550033135,0.9375,0.979094184890656,44b6_74d0c52e
F8_end04,492,22,15,0,0,1,42472,nan,-0.36474318705315745,0.9300567107750473,0.963979895657874,44b6_7a302da0
F8_end04,546,10,14,0,0,0,44375,nan,-0.20843738851230825,0.9578947368421052,0.9778608445838105,44b6_7e557709
F8_end04,179,0,0,0,0,0,14898,nan,-0.053614534366662435,1.0,1.0053614534366662,44b6_808952d6
F8_end04,197,0,0,0,0,0,11211,nan,0.11530043772383605,1.0,0.9884699562276164,44b6_81c256f0
F8_end04,109,47,40,0,1,0,28054,nan,-0.0017080634830261192,0.5561224489795918,0.5562174382243111,44b6_87bba6c4
F8_end04,381,22,15,0,0,0,18141,nan,-0.43612458038045504,0.9114832535885168,0.9512352787380272,44b6_8cc6506c
F8_end04,572,38,32,0,0,0,27097,nan,-0.017191977077363897,0.8909657320872274,0.8924974783315035,44b6_8f5ab931
F8_end04,366,4,4,0,0,0,39749,nan,-0.468830596127377,0.9786096256684492,1.024489839086262,44b6_8f9ecab4
F8_end04,97,12,6,0,0,0,23039,nan,-0.09764217452608491,0.8434782608695652,0.8517141660252436,44b6_90724892
F8_end04,351,44,27,0,0,0,37864,nan,0.01842437935393636,0.8317535545023697,0.830221100200656,44b6_949adeb1
F8_end04,198,0,0,0,0,0,4758,nan,-0.07808564231738035,1.0,1.007808564231738,44b6_95029e92
F8_end04,219,1,2,0,0,0,32733,nan,-0.0850058701850506,0.9864864864864865,0.9948722007074442,44b6_97725144
F8_end04,370,2,7,1,0,0,8883,nan,0.17298296579955103,0.9762532981530343,0.9593657790644238,44b6_996155de
F8_end04,205,18,15,0,1,1,25222,nan,-0.5642137636712338,0.8613445378151261,0.9099427821649592,44b6_9be80b04
F8_end04,241,30,18,0,0,0,38619,nan,-0.3994681843627542,0.8339100346020761,0.8672220873465134,44b6_9bfa6a0a
F8_end04,279,12,7,1,0,1,21925,nan,-0.048394097222222224,0.9362416107382551,0.9407724674916107,44b6_a21120c2
F8_end04,376,44,34,0,1,0,43422,nan,-0.2836190256215663,0.8281938325991189,0.8516829853818743,44b6_a2bb48bb
F8_end04,203,0,3,0,0,1,14030,nan,-0.36512964387528846,0.9854368932038835,1.021418115391594,44b6_aaf8b0ea
F8_end04,94,0,0,0,0,0,25572,nan,-0.0736125199246486,1.0,1.0073612519924648,44b6_abf82518
F8_end04,156,14,12,0,0,0,36742,nan,-0.38485492809188165,0.8571428571428571,0.8901304224078755,44b6_b2c44266
F8_end04,97,8,5,0,0,0,19355,nan,-0.05975224678163711,0.8818181818181818,0.8870872435798353,44b6_c15fded2
F8_end04,294,31,31,0,0,2,35774,nan,-0.24011215429712393,0.8258426966292135,0.8456721835290321,44b6_c50204e0
F8_end04,203,34,20,0,0,0,28022,nan,-0.47470240884806447,0.7898832684824902,0.8273792175082323,44b6_c771cb04
F8_end04,158,10,6,0,1,1,28313,nan,-0.14575790489983104,0.9080459770114943,0.9212814649276857,44b6_c8e2a523
F8_end04,590,17,26,0,0,0,37253,nan,-0.19428583787524872,0.9320695102685624,0.9501783008446124,44b6_c96cfa10
F8_end04,70,8,5,0,0,0,20648,nan,-0.6413098236775818,0.8433734939759037,0.897459864647507,44b6_cf2536e8
F8_end04,178,12,10,0,0,0,41009,nan,-0.06220128518831897,0.89,0.8955359143817604,44b6_cf8fed6b
F8_end04,1285,56,43,0,0,0,36340,nan,-0.045066351333596114,0.9284682080924855,0.9326524755392825,44b6_d29c9ab2
F8_end04,271,5,10,0,0,2,14685,nan,-0.39000581540250895,0.9475524475524476,0.9845075440468812,44b6_d2f34f90
F8_end04,830,90,63,0,1,2,41879,nan,-0.06620139136639315,0.844354018311292,0.8499437593930933,44b6_d5e7d891
F8_end04,64,3,6,0,0,1,5533,nan,0.07000580158576677,0.8767123287671232,0.8705748338335766,44b6_d754aa59
F8_end04,418,37,33,0,0,0,23321,nan,0.04771103823172649,0.8565573770491803,0.8524706528727742,44b6_d78e09d9
F8_end04,154,7,8,0,0,0,15231,nan,0.013845436996605206,0.9112426035502958,0.909980948344688,44b6_db3c847b
F8_end04,607,48,40,0,0,0,37277,nan,-0.30312943991624913,0.8733812949640288,0.8998560532416063,44b6_ddf577ad
F8_end04,121,6,3,1,2,0,15569,nan,0.11294588605332762,0.9307692307692308,0.9202565752211903,44b6_deabac95
F8_end04,289,14,20,0,0,2,26320,nan,-0.6475912486945344,0.8947368421052632,0.9526792169884584,44b6_e28840c6
F8_end04,48,4,2,0,0,0,13332,nan,0.027989821882951654,0.8888888888888888,0.8864009047215153,44b6_e29f0176
F8_end04,106,10,7,0,0,0,66154,nan,-0.09198967826946305,0.8617886178861789,0.8697161836557424,44b6_e31261b4
F8_end04,240,11,26,0,0,0,18259,nan,-0.3624873433190182,0.8664259927797834,0.897832838410312,44b6_e35b117d
F8_end04,143,19,43,0,0,0,15964,nan,-0.21413803288372552,0.697560975609756,0.7124984091231087,44b6_e57ff5c6
F8_end04,371,13,8,0,3,1,35878,nan,-0.2538474336577656,0.9464285714285714,0.9704534178283242,44b6_eb2880fc
F8_end04,55,6,6,0,0,0,21364,nan,0.14515437392795882,0.8208955223880597,0.8089798648268094,44b6_f28707c6
F8_end04,836,8,9,0,0,0,5966,nan,-0.06224457717698837,0.9800703399765534,0.9861707463681082,6bba_05b6850b
F8_end04,1113,93,70,0,0,3,68482,nan,-0.018882521489971348,0.872257053291536,0.8739040945468917,6bba_05db0fb1
F8_end04,896,4,2,1,1,0,5828,nan,-0.033499170812603646,0.9933481152993349,0.9966757491184138,6bba_062c8d37
F8_end04,593,14,9,0,0,0,4489,nan,-0.0717535153019024,0.9626623376623377,0.9695697783399396,6bba_07477033
F8_end04,309,17,36,0,0,2,26931,nan,0.2534791715150105,0.8535911602209945,0.831954402210459,6bba_07e24132
F8_end04,1164,0,4,0,0,1,8183,nan,-0.033085194375516956,0.9965753424657534,0.9998725313572862,6bba_085bf656
F8_end04,1788,108,83,1,0,3,29114,nan,-0.0643699585435614,0.9034866093986862,0.9093023489578519,6bba_09961292
F8_end04,620,45,39,0,0,0,12336,nan,-0.09626373626373626,0.8806818181818182,0.8891595904095904,6bba_0c7fa718
F8_end04,179,19,19,0,0,1,21088,nan,-0.061378911292117325,0.8248847926267281,0.8299478456780134,6bba_0e7c0d07
F8_end04,961,21,37,0,1,3,7993,nan,-0.03860957421217224,0.943081452404318,0.9467226497367907,6bba_12665c0e
F8_end04,693,11,11,0,0,0,5508,nan,-0.04590334314914256,0.9692307692307692,0.97367986248984,6bba_13f19531
F8_end04,716,14,13,0,1,0,6237,nan,-0.0946436347800842,0.9636608344549125,0.9727812708617147,6bba_15403b9a
F8_end04,1255,107,110,0,0,1,16782,nan,-0.06292925344798704,0.8525815217391305,0.8579467536057898,6bba_1d0d8384
F8_end04,675,37,44,0,0,0,11040,nan,-0.04481744246409414,0.8928571428571429,0.8968587002200084,6bba_1ebfb80d
F8_end04,264,48,35,0,1,0,31198,nan,0.07940352212573089,0.760806916426513,0.7547658415443248,6bba_1f58c2f6
F8_end04,348,79,102,0,0,1,16922,nan,0.4102841903491958,0.6578449905482041,0.6308546506159697,6bba_207c6aaf
F8_end04,846,27,63,0,0,3,9674,nan,-0.00860832137733142,0.9038461538461539,0.9046242136629512,6bba_20852818
F8_end04,1128,5,4,1,0,1,12235,nan,0.02384937238493724,0.9920844327176781,0.9897183736103597,6bba_2312ac41
F8_end04,498,1,1,0,0,0,4045,nan,-0.09101123595505618,0.996,1.0050647191011237,6bba_23af9eeb
F8_end04,523,0,0,0,0,0,3466,nan,-0.08379592915675389,1.0,1.0083795929156754,6bba_2540cd90
F8_end04,704,12,17,0,1,0,5150,nan,-0.06278434940855324,0.9604365620736699,0.9664666005434682,6bba_2646afc7
F8_end04,578,10,31,0,0,1,4465,nan,-0.1257098100646172,0.9337641357027464,0.9455024669171809,6bba_268e1230
F8_end04,915,20,34,0,0,1,4892,nan,-0.11601011926273942,0.9442724458204335,0.9552269617260482,6bba_2819ca14
F8_end04,1266,13,22,0,1,0,21520,nan,0.031590048415703946,0.973097617217525,0.9700235971334142,6bba_283bf9f1
F8_end04,498,3,2,0,0,0,9305,nan,-0.06604436414734517,0.9900596421471173,0.9965984281004728,6bba_312f0dc3
F8_end04,689,117,122,0,0,1,42945,nan,0.10954657021056712,0.7424568965517241,0.7343235358970818,6bba_32db13fc
F8_end04,1194,32,19,1,0,1,29300,nan,-0.03871391076115486,0.9590361445783132,0.9627489485501058,6bba_337b1b3a
F8_end04,1006,2,1,0,0,0,6493,nan,-0.07520296254094859,0.9970267591674926,1.0045246957696923,6bba_372c8cb8
F8_end04,1108,40,34,0,0,0,6412,nan,-0.08439240325574754,0.937394247038917,0.9453051423694898,6bba_3a1849c2
F8_end04,839,114,96,1,0,0,51742,nan,-0.00620378373187362,0.7998093422306959,0.800305526649289,6bba_3abfe10a
F8_end04,741,4,5,0,0,2,6109,nan,-0.023809523809523808,0.988,0.990352380952381,6bba_3c5691b6
F8_end04,433,41,41,0,0,1,22308,nan,-0.0399380271991737,0.8407766990291262,0.8441345952965519,6bba_3db54e20
F8_end04,1165,6,14,0,0,1,8056,nan,-0.18146718146718147,0.9831223628691983,1.0009628072919212,6bba_3fda6b25
F8_end04,854,11,26,0,0,0,5246,nan,-0.08733472512178149,0.9584736251402918,0.9668444281991022,6bba_43fea39d
F8_end04,240,25,46,0,0,1,23994,nan,-0.1519457109532393,0.7717041800643086,0.7834298940928544,6bba_474be664
F8_end04,896,20,22,1,0,4,25095,nan,0.047152096807844775,0.9552238805970149,0.9507197997079074,6bba_48816121
F8_end04,648,30,33,0,0,0,7029,nan,0.03565640194489465,0.9113924050632911,0.908142707670845,6bba_4aa14c89
F8_end04,993,8,17,0,0,2,5301,nan,-0.11131601005867561,0.9754420432220039,0.9863002748514994,6bba_4f99ce20
F8_end04,645,22,44,1,0,2,19913,nan,0.1290468900606679,0.9071729957805907,0.8954662103953402,6bba_4ffd3da3
F8_end04,682,6,6,0,0,1,4478,nan,-0.14818337454822142,0.9827089337175793,0.9972710463172748,6bba_55b7eebe
F8_end04,402,49,65,0,0,0,36168,nan,0.021262177043625582,0.7790697674418605,0.777413295509392,6bba_55c70843
F8_end04,1270,326,322,0,1,3,71942,nan,0.09816672009280884,0.662148070907195,0.6556479804735209,6bba_57b7cc1e
F8_end04,699,13,23,0,0,0,5441,nan,-0.08952476572958501,0.9510204081632653,0.9595343960877524,6bba_5a4d9360
F8_end04,716,1,8,0,0,0,5649,nan,-0.026370217166494313,0.9875862068965517,0.9901904931712013,6bba_5b28472a
F8_end04,1138,5,7,2,1,1,7909,nan,-0.07712952158693115,0.9895652173913043,0.9971976865709502,6bba_5c039895
F8_end04,1080,44,50,1,0,0,24930,nan,0.011482127642309409,0.919931856899489,0.9188755793991743,6bba_5c824876
F8_end04,1441,19,46,0,0,0,29272,nan,0.08765280719354959,0.9568393094289509,0.9484523442784923,6bba_5dfe9ad1
F8_end04,885,0,0,0,0,0,4415,nan,-0.04250704836261115,1.0,1.0042507048362612,6bba_5f89039d
F8_end04,534,8,9,0,0,0,9346,nan,-0.07721169036334913,0.969147005444646,0.976629953294742,6bba_61dd1e0d
F8_end04,595,6,19,0,0,1,5356,nan,-0.07239348804987877,0.9596774193548387,0.966624858933819,6bba_61ecbe65
F8_end04,785,13,13,0,0,1,4561,nan,-0.05393071976768305,0.967940813810111,0.9731609882882406,6bba_6321a359
F8_end04,470,71,110,0,0,0,23537,nan,0.003581631347801987,0.7219662058371735,0.7217076241576855,6bba_6479435d
F8_end04,391,67,47,0,1,1,14938,nan,-0.06992092646784136,0.7742574257425743,0.779671105395827,6bba_67ebd073
F8_end04,1038,17,14,0,0,1,6222,nan,-0.1352328005559416,0.971000935453695,0.9841320530380793,6bba_6ca87370
F8_end04,428,15,12,0,0,0,24551,nan,-0.136592227888166,0.9406593406593406,0.9535080161617879,6bba_6db0e9b4
F8_end04,1125,99,218,0,0,0,10474,nan,0.18190024825095916,0.7801664355062413,0.7659751886766762,6bba_6feb10f0
F8_end04,1330,7,13,0,0,0,6766,nan,-0.1000266028198989,0.9851851851851852,0.9950396579074418,6bba_6feeb0b1
F8_end04,536,23,26,0,2,1,5709,nan,0.019464285714285715,0.9162393162393162,0.9144559218559218,6bba_705ec2c9
F8_end04,649,0,3,0,0,0,4076,nan,-0.053413841151881095,0.995398773006135,1.0007155802005476,6bba_718b21f9
F8_end04,561,22,15,0,1,2,25098,nan,-0.15787001308593096,0.9381270903010034,0.9529373039032119,6bba_74686d6a
F8_end04,547,94,111,0,0,0,46652,nan,-0.022257618309091672,0.7273936170212766,0.7290126219700895,6bba_767a1e17
F8_end04,604,0,0,0,0,0,4591,nan,-0.05437693099897013,1.0,1.005437693099897,6bba_76db78c1
F8_end04,1735,3,4,0,1,1,12601,nan,-0.03779780085522297,0.9959816303099885,0.9997462218417803,6bba_784a78c9
F8_end04,1195,268,200,0,4,3,53359,nan,-0.09528815341053595,0.7185808779314492,0.7254281024248701,6bba_786893ac
F8_end04,670,16,11,0,0,0,10489,nan,-0.01751592356687898,0.9612625538020086,0.9629462939440186,6bba_789f8168
F8_end04,724,111,108,0,0,2,38304,nan,-0.056853716790190335,0.767762460233298,0.7721274751809224,6bba_78a7bd97
F8_end04,1043,48,49,0,0,2,9974,nan,0.03636741479634248,0.9149122807017543,0.9115849812602995,6bba_7af54fde
F8_end04,543,8,12,0,0,0,5342,nan,-0.07577854671280276,0.9644760213143873,0.9717846804378424,6bba_7b5d3b2c
F8_end04,1167,5,6,0,0,2,7340,nan,-0.03560635921692287,0.9906621392190152,0.9941895264181789,6bba_7d3058ae
F8_end04,892,49,42,1,0,2,9114,nan,-0.1386447405727247,0.9074262461851476,0.9200072338342696,6bba_7f87b3d8
F8_end04,632,12,22,0,0,1,8081,nan,-0.10420130805897351,0.948948948948949,0.9588371211251158,6bba_80d12824
F8_end04,895,42,35,0,1,0,6795,nan,-0.10427102557342473,0.9207818930041153,0.9303829802354132,6bba_825bd1c6
F8_end04,669,41,30,0,1,1,13853,nan,-0.07436856875584659,0.904054054054054,0.9107773746618462,6bba_87289e13
F8_end04,723,2,2,1,0,1,5558,nan,-0.04632807137954702,0.9944979367262724,0.9991052538662191,6bba_8b7818bf
F8_end04,916,1,5,0,0,1,6771,nan,-0.07322748425951273,0.9934924078091106,1.0007675027745893,6bba_907271db
F8_end04,1125,16,23,0,0,0,11343,nan,-0.047367094986142604,0.9664948453608248,0.971072850675207,6bba_91951b3a
F8_end04,714,8,7,0,0,0,4701,nan,-0.03450400492914356,0.9794238683127572,0.9828032729107556,6bba_96833384
F8_end04,650,5,8,0,0,3,15429,nan,0.11095910138248848,0.9803921568627451,0.969513813589952,6bba_969618f6
F8_end04,750,11,17,0,1,0,4928,nan,-0.12141201640221073,0.9640102827763496,0.9757145260027839,6bba_971fa5e0
F8_end04,1317,33,36,0,1,2,18295,nan,0.003510504086446163,0.9502164502164502,0.9498828763433009,6bba_9a41d029
F8_end04,866,18,25,0,0,1,7202,nan,-0.06564608199273482,0.9526952695269527,0.9589493407046983,6bba_9e23430b
F8_end04,665,21,33,0,0,0,7736,nan,-0.08341232227488152,0.9248956884561892,0.9326104581798047,6bba_a5e926bb
F8_end04,871,179,241,0,0,0,28655,nan,-0.22335754553339116,0.6746707978311387,0.6897400791758005,6bba_a90a0b9c
F8_end04,930,113,208,0,0,2,11934,nan,0.2914186776322909,0.7434052757793765,0.7217410575381271,6bba_ab78413d
F8_end04,307,27,23,0,0,0,19671,nan,-0.0019786910197869103,0.8599439775910365,0.8601141339336343,6bba_acd782a8
F8_end04,1463,13,8,0,1,0,7100,nan,-0.04092935296501418,0.9858490566037735,0.9898840730045697,6bba_ae82a791
F8_end04,757,3,11,0,0,1,4887,nan,-0.029201430274135878,0.9818417639429312,0.9847088823239325,6bba_aeee7805
F8_end04,1268,27,49,0,0,0,7768,nan,-0.13041531400425388,0.9434523809523809,0.9557564448033774,6bba_af149c94
F8_end04,593,19,33,1,0,3,5414,nan,-0.10571522960026429,0.9193798449612403,0.9290990901012336,6bba_afb141ff
F8_end04,549,35,30,0,1,0,22392,nan,-0.07844267017861552,0.8941368078175895,0.9011506556886091,6bba_b1ae37b9
F8_end04,802,8,9,0,0,2,5343,nan,0.0492930086410055,0.9792429792429792,0.9744159959792323,6bba_b204cac7
F8_end04,1166,88,102,0,0,1,63235,nan,0.012326903065716802,0.859882005899705,0.858822037686237,6bba_b329af44
F8_end04,913,12,22,0,0,0,6032,nan,0.0852824757106873,0.9640971488912354,0.9558750897229294,6bba_b693381b
F8_end04,1795,78,84,0,2,3,22719,nan,-0.015257249360669238,0.9172202350536536,0.9186196608381402,6bba_bb9f20c3
F8_end04,848,8,13,0,2,0,6482,nan,-0.044657332350773765,0.9758342922899885,0.9801921079209962,6bba_bbb708ca
F8_end04,484,5,9,0,0,0,6259,nan,-0.028859581070597363,0.9718875502008032,0.9746923769554556,6bba_c27cba08
F8_end04,448,25,52,0,0,2,29929,nan,-0.04159728448827975,0.8533333333333334,0.8568829682763333,6bba_c328f2fd
F8_end04,546,97,164,0,0,0,23223,nan,0.42341403616304013,0.6765799256505576,0.6479325819398983,6bba_c73a1d11
F8_end04,1330,19,18,1,2,3,28094,nan,-0.05677354373006547,0.9729334308705194,0.9784571187389165,6bba_cdcfe533
F8_end04,815,3,2,0,0,0,34588,nan,-0.008655775293780452,0.9939024390243902,0.9947627386420037,6bba_cf35214c
F8_end04,1459,37,42,0,0,0,46312,nan,-0.0010784694361761788,0.9486345903771132,0.9487368977182952,6bba_cff5865f
F8_end04,813,0,0,0,0,0,5600,nan,-0.0836197021764032,1.0,1.0083619702176403,6bba_d0fc38b5
F8_end04,620,25,23,0,1,1,15956,nan,0.08404103539642639,0.9281437125748503,0.920343496714703,6bba_d1acb6ff
F8_end04,917,5,4,0,0,2,18747,nan,-0.07091882247992863,0.990280777537797,0.9973037322045458,6bba_d2b9fc0c
F8_end04,833,34,24,0,1,1,15900,nan,-0.07804708338165371,0.9349046015712682,0.9422012593105407,6bba_d3da753b
F8_end04,519,0,0,0,0,0,4116,nan,-0.08917902190750165,1.0,1.0089179021907502,6bba_d5eae175
F8_end04,840,13,22,0,0,0,5948,nan,0.10990856503078933,0.96,0.9494487777570442,6bba_d6ecebbb
F8_end04,508,28,22,0,0,0,28213,nan,0.017931880502236975,0.910394265232975,0.9087617571155671,6bba_d82a4fc6
F8_end04,714,16,15,3,0,1,11715,nan,-0.007791987803845176,0.9583892617449664,0.9591360374888517,6bba_debd7bfa
F8_end04,644,7,10,1,0,3,21707,nan,0.12828109569104423,0.9742813918305597,0.9617832033850178,6bba_df673a83
F8_end04,935,7,7,1,0,0,5913,nan,-0.07130516726872939,0.9852476290832455,0.9922729537825354,6bba_e16ffc58
F8_end04,597,16,37,0,0,0,5060,nan,-0.09884238646482636,0.9184615384615384,0.9275398314953078,6bba_e5e44988
F8_end04,729,65,74,0,0,2,58781,nan,0.034021144475522014,0.8398617511520737,0.8370044453545328,6bba_ebdf3b34
F8_end04,1001,265,263,0,0,0,47189,nan,0.13446004423502259,0.6546762589928058,0.6458734791184266,6bba_ebff6e76
F8_end04,497,0,11,0,0,0,4239,nan,-0.04591492234976367,0.9783464566929134,0.9828385268519355,6bba_ed9377fd
F8_end04,727,46,33,0,0,0,49758,nan,-0.16008912595793526,0.901985111662531,0.9164249124778436,6bba_edf14583
F8_end04,927,75,62,0,2,0,8387,nan,-0.10270675082914305,0.8712406015037594,0.8801888306408473,6bba_eebc57a5
F8_end04,1174,7,27,0,0,2,5709,nan,-0.06517111511380383,0.9718543046357616,0.978187987511888,6bba_ef7b4f7e
F8_end04,923,88,92,0,1,0,25258,nan,0.011817489885029845,0.8368087035358114,0.8358198056968374,6bba_f17befbc
F8_end04,415,29,31,0,0,0,7691,nan,-0.14922566371681417,0.8736842105263158,0.8867218211457849,6bba_f1fde7e0
F8_end04,931,22,32,0,0,1,5160,nan,-0.13611250627825214,0.9451776649746193,0.9580427150604115,6bba_f20478e9
F8_end04,955,7,10,0,0,0,9247,nan,0.038638661125463325,0.9825102880658436,0.9787139998585579,6bba_f4ae811c
F8_end04,352,17,18,1,0,1,30432,nan,0.03019634394041977,0.9095607235142119,0.9068141826700187,6bba_f8ffd5e7
F8_end04,634,7,5,0,0,0,4910,nan,0.004295356923706279,0.9814241486068112,0.9810025919056301,6bba_fbc898dc
F8_end04,720,28,42,0,0,0,6643,nan,-0.1554792779049072,0.9113924050632911,0.9255626683660167,6bba_fc516dc6
F8_end04,440,7,18,0,0,2,17547,nan,0.2515691868758916,0.946236559139785,0.9224321629622813,6bba_fc5f39dc
F8_end04,819,79,104,0,0,0,10883,nan,-0.168411400626576,0.8173652694610778,0.8311306324464237,6bba_fc83837d
F8_end04,662,14,18,0,0,2,9468,nan,-0.12624584717607973,0.9538904899135446,0.9659329612147789,6bba_fe670320
F8_outlier,46,3,4,0,0,0,25488,nan,-0.01036691904484566,0.8679245283018868,0.8688242986340811,44b6_0113de3b
F8_outlier,49,0,0,0,0,0,18141,nan,-0.44683640798902274,1.0,1.0446836407989022,44b6_0b24845f
F8_outlier,69,1,1,0,0,0,26806,nan,-0.04120466413906574,0.971830985915493,0.9758353828529515,44b6_0c582fdc
F8_outlier,149,0,2,0,0,0,17498,nan,0.14104988588196934,0.9867549668874173,0.9728367993401236,44b6_0db75fae
F8_outlier,741,38,32,0,0,1,44125,nan,-0.24793768748295608,0.9136868064118372,0.936340545798381,44b6_12dfb391
F8_outlier,119,0,0,0,0,0,27584,nan,-0.5780714635340186,1.0,1.0578071463534018,44b6_144b256d
F8_outlier,144,10,9,0,1,0,19270,nan,0.09011710131809696,0.8834355828220859,0.8754743174295669,44b6_1574802b
F8_outlier,90,16,9,0,1,0,71293,nan,-0.09347184782055847,0.782608695652174,0.7899238837424786,44b6_18ced818
F8_outlier,253,28,18,0,1,0,35377,nan,-0.012505233775296581,0.8461538461538461,0.8472119813194482,44b6_1d530831
F8_outlier,213,10,8,0,0,0,26792,nan,0.016658444958828216,0.922077922077922,0.9205418836466535,44b6_24264f12
F8_outlier,250,40,27,0,0,1,21733,nan,0.13606900156821747,0.7886435331230284,0.7779125393085001,44b6_267148e4
F8_outlier,197,23,13,0,1,1,37910,nan,-0.32744336225096243,0.8454935622317596,0.8731786877096308,44b6_2a2eff9f
F8_outlier,67,25,18,0,0,0,18086,nan,-0.25779711096520025,0.6090909090909091,0.6247930967587896,44b6_2f31fc2f
F8_outlier,49,0,0,0,0,0,23592,nan,0.011230175739391342,1.0,0.9988769824260608,44b6_33b596bf
F8_outlier,208,0,1,0,0,1,8361,nan,0.12439483593329748,0.9952153110047847,0.9828353464717101,44b6_341df25f
F8_outlier,884,38,35,0,0,0,36206,nan,-0.10703891875894046,0.9237199582027168,0.9336073567589241,44b6_3a861e03
F8_outlier,380,26,16,0,0,0,15743,nan,-0.5070607759025582,0.9004739336492891,0.9461334347969129,44b6_3bb3690f
F8_outlier,194,5,4,0,0,0,28593,nan,-0.12508797160429608,0.9556650246305419,0.9676192445769624,44b6_40c45f5a
F8_outlier,310,13,12,0,0,0,32632,nan,-0.4304265866089506,0.9253731343283582,0.9652036542832162,44b6_415c0a3a
F8_outlier,67,2,1,0,0,0,30048,nan,-0.22386671832623015,0.9571428571428572,0.9785701001826536,44b6_53f95252
F8_outlier,199,33,25,0,0,0,30257,nan,-0.4749509778402485,0.77431906614786,0.8110954259105875,44b6_551a5dba
F8_outlier,169,1,1,0,0,0,11083,nan,-0.43826659908768373,0.9883040935672515,1.031618160962467,44b6_5740d24b
F8_outlier,363,11,8,1,0,0,18647,nan,0.028119314109279373,0.9502617801047121,0.9475897091566313,44b6_587a1e22
F8_outlier,252,23,21,0,0,1,21046,nan,-0.2870354686811884,0.8513513513513513,0.8757881547661012,44b6_5f15d135
F8_outlier,613,28,18,0,0,0,33423,nan,-0.15813203697639858,0.9301972685887708,0.9449066674759533,44b6_668e0cc7
F8_outlier,197,2,1,0,0,0,20016,nan,-0.6202618099032442,0.985,1.0460957882754696,44b6_66f9292d
F8_outlier,108,10,9,0,0,1,28556,nan,-0.5914618444018427,0.8503937007874016,0.9006912434609441,44b6_706092f0
F8_outlier,107,20,12,0,0,0,30496,nan,-0.5494622385060868,0.7697841726618705,0.8120809061296053,44b6_71a4179f
F8_outlier,135,5,4,0,1,1,8383,nan,-0.44446653412856196,0.9375,0.9791687375745527,44b6_74d0c52e
F8_outlier,492,22,15,0,0,1,42450,nan,-0.3650722426635556,0.9300567107750473,0.9640104996957409,44b6_7a302da0
F8_outlier,546,10,14,0,0,0,44362,nan,-0.2086692829111666,0.9578947368421052,0.9778830576262275,44b6_7e557709
F8_outlier,179,0,0,0,0,0,14887,nan,-0.05431330199466396,1.0,1.0054313301994664,44b6_808952d6
F8_outlier,197,0,0,0,0,0,11208,nan,0.11500198965380024,1.0,0.98849980103462,44b6_81c256f0
F8_outlier,109,47,40,0,1,0,28036,nan,-0.0023485872891609136,0.5561224489795918,0.5562530591910809,44b6_87bba6c4
F8_outlier,381,22,15,0,0,0,18127,nan,-0.4365597413900286,0.9114832535885168,0.9512749429353112,44b6_8cc6506c
F8_outlier,572,38,32,0,0,0,27087,nan,-0.017554677015704907,0.8909657320872274,0.8925297936531127,44b6_8f5ab931
F8_outlier,366,4,4,0,0,0,39731,nan,-0.4690711317199631,0.9786096256684492,1.0245133781308842,44b6_8f9ecab4
F8_outlier,97,12,6,0,0,0,23034,nan,-0.09783800720664264,0.8434782608695652,0.8517306840861256,44b6_90724892
F8_outlier,351,44,27,0,0,0,37840,nan,0.01777885365394443,0.8317535545023697,0.830274792030205,44b6_949adeb1
F8_outlier,198,0,0,0,0,0,4757,nan,-0.07827940321643093,1.0,1.007827940321643,44b6_95029e92
F8_outlier,219,1,2,0,0,0,32719,nan,-0.08539721585509029,0.9864864864864865,0.994910806428948,44b6_97725144
F8_outlier,370,2,7,1,0,0,8879,nan,0.17245477353756766,0.9762532981530343,0.9594173440082058,44b6_996155de
F8_outlier,205,18,15,0,1,1,25200,nan,-0.5645938801250928,0.8613445378151261,0.9099755232880857,44b6_9be80b04
F8_outlier,241,30,18,0,0,0,38612,nan,-0.3995770355165765,0.8339100346020761,0.8672311645534584,44b6_9bfa6a0a
F8_outlier,279,12,7,1,0,1,21921,nan,-0.048567708333333334,0.9362416107382551,0.9407887216862417,44b6_a21120c2
F8_outlier,376,44,34,0,1,0,43382,nan,-0.2842789500602181,0.8281938325991189,0.8517376399168815,44b6_a2bb48bb
F8_outlier,203,0,3,0,0,1,14019,nan,-0.3656274039549301,0.9854368932038835,1.0214671665062383,44b6_aaf8b0ea
F8_outlier,94,0,0,0,0,0,25568,nan,-0.07375742645993334,1.0,1.0073757426459933,44b6_abf82518
F8_outlier,156,14,12,0,0,0,36725,nan,-0.3851395469537411,0.8571428571428571,0.8901548183103206,44b6_b2c44266
F8_outlier,97,8,5,0,0,0,19353,nan,-0.059849404906485305,0.8818181818181818,0.8870958111599355,44b6_c15fded2
F8_outlier,294,31,31,0,0,2,35757,nan,-0.2404732571477123,0.8258426966292135,0.8457020049442213,44b6_c50204e0
F8_outlier,203,34,20,0,0,0,28016,nan,-0.4748148842440716,0.7898832684824902,0.8273881017515745,44b6_c771cb04
F8_outlier,158,10,6,0,1,1,28311,nan,-0.14581824764663287,0.9080459770114943,0.9212869443265332,44b6_c8e2a523
F8_outlier,590,17,26,0,0,0,37236,nan,-0.19465351674020243,0.9320695102685624,0.9502125710705718,44b6_c96cfa10
F8_outlier,70,8,5,0,0,0,20633,nan,-0.6415703986797533,0.8433734939759037,0.8974818408525094,44b6_cf2536e8
F8_outlier,178,12,10,0,0,0,41001,nan,-0.0623842301447552,0.89,0.8955521964828831,44b6_cf8fed6b
F8_outlier,1285,56,43,0,0,0,36336,nan,-0.0451714623571147,0.9284682080924855,0.9326622347636483,44b6_d29c9ab2
F8_outlier,271,5,10,0,0,2,14675,nan,-0.390421201296004,0.9475524475524476,0.984546904038887,44b6_d2f34f90
F8_outlier,830,90,63,0,1,2,41844,nan,-0.06698180520870496,0.844354018311292,0.8500096539494635,44b6_d5e7d891
F8_outlier,64,3,6,0,0,1,5523,nan,0.06807193966350802,0.8767123287671232,0.8707443778925144,44b6_d754aa59
F8_outlier,419,35,32,0,0,0,23300,nan,0.046767599622624556,0.8621399176954733,0.8581078962465268,44b6_d78e09d9
F8_outlier,154,7,8,0,0,0,15223,nan,0.013312920189043467,0.9112426035502958,0.9100294735449037,44b6_db3c847b
F8_outlier,607,48,40,0,0,0,37263,nan,-0.3033911612951469,0.8733812949640288,0.8998789114972885,44b6_ddf577ad
F8_outlier,121,6,3,1,2,0,15562,nan,0.11244549288726857,0.9307692307692308,0.9203031502774158,44b6_deabac95
F8_outlier,289,14,20,0,0,2,26309,nan,-0.6477385319872533,0.8947368421052632,0.9526923949672806,44b6_e28840c6
F8_outlier,48,4,2,0,0,0,13328,nan,0.027681394093607835,0.8888888888888888,0.8864283205250125,44b6_e29f0176
F8_outlier,106,10,7,0,0,0,66132,nan,-0.09229164379049083,0.8617886178861789,0.8697422067006441,44b6_e31261b4
F8_outlier,240,11,26,0,0,0,18245,nan,-0.36297615306728115,0.8664259927797834,0.8978751901574539,44b6_e35b117d
F8_outlier,142,19,44,0,0,0,15946,nan,-0.21502412129565818,0.6926829268292682,0.7075772805970649,44b6_e57ff5c6
F8_outlier,370,13,9,0,3,1,35856,nan,-0.2543049663089593,0.9438775510204082,0.9678808259016111,44b6_eb2880fc
F8_outlier,55,6,6,0,0,0,21352,nan,0.14451114922813035,0.8208955223880597,0.8090326668544072,44b6_f28707c6
F8_outlier,836,8,9,0,0,0,5965,nan,-0.06240176045268783,0.9800703399765534,0.9861861514347535,6bba_05b6850b
F8_outlier,1113,93,70,0,0,3,68474,nan,-0.018997134670487106,0.872257053291536,0.8739140917624021,6bba_05db0fb1
F8_outlier,896,4,2,1,1,0,5828,nan,-0.033499170812603646,0.9933481152993349,0.9966757491184138,6bba_062c8d37
F8_outlier,593,14,9,0,0,0,4485,nan,-0.07258064516129033,0.9626623376623377,0.9696494030163385,6bba_07477033
F8_outlier,309,17,36,0,0,2,26917,nan,0.2528275541075169,0.8535911602209945,0.8320100236963474,6bba_07e24132
F8_outlier,1164,0,4,0,0,1,8166,nan,-0.03509393831974477,0.9965753424657534,1.0000727178257007,6bba_085bf656
F8_outlier,1788,108,83,1,0,3,29106,nan,-0.06462705273644631,0.9034866093986862,0.9093255770739144,6bba_09961292
F8_outlier,620,45,39,0,0,0,12328,nan,-0.09684981684981685,0.8806818181818182,0.8892112054612056,6bba_0c7fa718
F8_outlier,179,19,19,0,0,1,21076,nan,-0.06191302799661726,0.8248847926267281,0.8299919041527163,6bba_0e7c0d07
F8_outlier,961,21,37,0,1,3,7989,nan,-0.03909069040173202,0.943081452404318,0.9467680229122734,6bba_12665c0e
F8_outlier,693,11,11,0,0,0,5501,nan,-0.04711588428893123,0.9692307692307692,0.973797385708004,6bba_13f19531
F8_outlier,716,14,13,0,1,0,6235,nan,-0.09493395267818261,0.9636608344549125,0.9728092476605085,6bba_15403b9a
F8_outlier,1255,109,110,0,0,1,16778,nan,-0.06315260483555754,0.8514246947082768,0.8568016634374914,6bba_1d0d8384
F8_outlier,675,37,44,0,0,0,11032,nan,-0.04550960373767088,0.8928571428571429,0.8969205003337206,6bba_1ebfb80d
F8_outlier,264,48,35,0,1,0,31173,nan,0.07853856001107151,0.760806916426513,0.7548316484602529,6bba_1f58c2f6
F8_outlier,348,78,102,0,0,1,16908,nan,0.40911742645220434,0.6590909090909091,0.6321263514383774,6bba_207c6aaf
F8_outlier,846,27,63,0,0,3,9672,nan,-0.008813281410125025,0.9038461538461539,0.9046427388966843,6bba_20852818
F8_outlier,1128,5,4,1,0,1,12231,nan,0.023514644351464435,0.9920844327176781,0.98975158145748,6bba_2312ac41
F8_outlier,498,1,1,0,0,0,4034,nan,-0.09348314606741573,0.996,1.0053109213483147,6bba_23af9eeb
F8_outlier,523,0,0,0,0,0,3466,nan,-0.08379592915675389,1.0,1.0083795929156754,6bba_2540cd90
F8_outlier,704,12,17,0,1,0,5150,nan,-0.06278434940855324,0.9604365620736699,0.9664666005434682,6bba_2646afc7
F8_outlier,578,10,31,0,0,1,4463,nan,-0.1261014294106129,0.9337641357027464,0.9455390349271945,6bba_268e1230
F8_outlier,915,20,34,0,0,1,4892,nan,-0.11601011926273942,0.9442724458204335,0.9552269617260482,6bba_2819ca14
F8_outlier,1266,13,22,0,1,0,21511,nan,0.031158621350846075,0.973097617217525,0.9700655791982958,6bba_283bf9f1
F8_outlier,498,3,2,0,0,0,9292,nan,-0.06734919201043862,0.9900596421471173,0.9967276138411926,6bba_312f0dc3
F8_outlier,688,117,123,0,0,1,42904,nan,0.10848727554579511,0.7413793103448276,0.7333362881922945,6bba_32db13fc
F8_outlier,1194,32,19,1,0,1,29290,nan,-0.039041994750656166,0.9590361445783132,0.962780412990545,6bba_337b1b3a
F8_outlier,1006,2,1,0,0,0,6492,nan,-0.07534539239424583,0.9970267591674926,1.0045388964071964,6bba_372c8cb8
F8_outlier,1108,40,34,0,0,0,6408,nan,-0.08496358703412824,0.937394247038917,0.9453586848082752,6bba_3a1849c2
F8_outlier,839,114,96,1,0,0,51710,nan,-0.0068184000768270435,0.7998093422306959,0.8003546842387471,6bba_3abfe10a
F8_outlier,741,4,5,0,0,2,6108,nan,-0.023969319271332695,0.988,0.9903681687440077,6bba_3c5691b6
F8_outlier,433,41,41,0,0,1,22296,nan,-0.040454467206059566,0.8407766990291262,0.8441780163689755,6bba_3db54e20
F8_outlier,1164,6,15,0,0,1,8043,nan,-0.18278805120910385,0.9822784810126582,1.0002333579415525,6bba_3fda6b25
F8_outlier,853,11,27,0,0,0,5241,nan,-0.08820459290187892,0.957351290684624,0.9657955687705166,6bba_43fea39d
F8_outlier,240,25,46,0,0,1,23988,nan,-0.15215777754214824,0.7717041800643086,0.7834462593601657,6bba_474be664
F8_outlier,896,20,22,1,0,4,25087,nan,0.04681827665345295,0.9552238805970149,0.9507516870062374,6bba_48816121
F8_outlier,648,30,33,0,0,0,7026,nan,0.035214380433181085,0.9113924050632911,0.90818299317571,6bba_4aa14c89
F8_outlier,993,8,17,0,0,2,5300,nan,-0.11148365465213747,0.9754420432220039,0.9863166276099776,6bba_4f99ce20
F8_outlier,645,22,44,1,0,2,19900,nan,0.12830980325452174,0.9071729957805907,0.8955330769199484,6bba_4ffd3da3
F8_outlier,682,6,6,0,0,1,4478,nan,-0.14818337454822142,0.9827089337175793,0.9972710463172748,6bba_55b7eebe
F8_outlier,402,49,65,0,0,0,36156,nan,0.020923337568826767,0.7790697674418605,0.7774396934684752,6bba_55c70843
F8_outlier,1268,330,324,0,1,3,71879,nan,0.0972050495336661,0.659729448491155,0.6533165451192149,6bba_57b7cc1e
F8_outlier,699,13,23,0,0,0,5439,nan,-0.08985943775100401,0.9510204081632653,0.9595662240799934,6bba_5a4d9360
F8_outlier,716,1,8,0,0,0,5649,nan,-0.026370217166494313,0.9875862068965517,0.9901904931712013,6bba_5b28472a
F8_outlier,1138,5,7,2,1,1,7907,nan,-0.07736289381563594,0.9895652173913043,0.9972207802749733,6bba_5c039895
F8_outlier,1080,44,50,1,0,0,24927,nan,0.01136040897472309,0.919931856899489,0.9188867766871635,6bba_5c824876
F8_outlier,1441,19,46,0,0,0,29264,nan,0.08735555307843793,0.9568393094289509,0.9484807867207152,6bba_5dfe9ad1
F8_outlier,885,0,0,0,0,0,4414,nan,-0.042723921058338755,1.0,1.0042723921058339,6bba_5f89039d
F8_outlier,534,8,9,0,0,0,9346,nan,-0.07721169036334913,0.969147005444646,0.976629953294742,6bba_61dd1e0d
F8_outlier,595,6,19,0,0,1,5351,nan,-0.07325943886387253,0.9596774193548387,0.9667079622780652,6bba_61ecbe65
F8_outlier,785,13,13,0,0,1,4552,nan,-0.05579755237502593,0.967940813810111,0.9733416866355604,6bba_6321a359
F8_outlier,470,71,110,0,0,0,23527,nan,0.0031552466635398455,0.7219662058371735,0.7217384076909579,6bba_6479435d
F8_outlier,391,67,47,0,1,1,14932,nan,-0.07029450221032314,0.7742574257425743,0.7797000297750964,6bba_67ebd073
F8_outlier,1038,17,14,0,0,1,6219,nan,-0.13564975677553856,0.971000935453695,0.9841725395260064,6bba_6ca87370
F8_outlier,428,15,12,0,0,0,24547,nan,-0.13673289959556884,0.9406593406593406,0.9535212485773413,6bba_6db0e9b4
F8_outlier,1123,101,220,0,0,0,10464,nan,0.18077183480027081,0.7777008310249307,0.7636421904099235,6bba_6feb10f0
F8_outlier,1330,7,13,0,0,0,6765,nan,-0.10015961691939346,0.9851851851851852,0.9950527622594662,6bba_6feeb0b1
F8_outlier,536,23,26,0,2,1,5696,nan,0.017142857142857144,0.9162393162393162,0.9146686202686203,6bba_705ec2c9
F8_outlier,649,0,3,0,0,0,4074,nan,-0.0538783093358105,0.995398773006135,1.000761813306586,6bba_718b21f9
F8_outlier,560,22,16,0,1,2,25088,nan,-0.1582055497768681,0.9364548494983278,0.9512700849289376,6bba_74686d6a
F8_outlier,547,94,111,0,0,0,46623,nan,-0.02286540637967892,0.7273936170212766,0.7290568320863943,6bba_767a1e17
F8_outlier,604,0,0,0,0,0,4590,nan,-0.05458290422245108,1.0,1.005458290422245,6bba_76db78c1
F8_outlier,1735,3,4,0,1,1,12593,nan,-0.03840867440439829,0.9959816303099885,0.9998070637251223,6bba_784a78c9
F8_outlier,1195,268,200,0,4,3,53308,nan,-0.09615286796995541,0.7185808779314492,0.725490239159597,6bba_786893ac
F8_outlier,670,16,11,0,0,0,10487,nan,-0.017703259647808167,0.9612625538020086,0.9629643018599758,6bba_789f8168
F8_outlier,725,109,107,0,0,2,38257,nan,-0.058010981705365276,0.7704569606801275,0.7749264571452061,6bba_78a7bd97
F8_outlier,1043,48,49,0,0,2,9972,nan,0.03615960099750624,0.9149122807017543,0.911603994399965,6bba_7af54fde
F8_outlier,544,8,11,0,0,0,5340,nan,-0.07612456747404844,0.9662522202486679,0.9736077734823947,6bba_7b5d3b2c
F8_outlier,1167,5,6,0,0,2,7344,nan,-0.03508080409932992,0.9906621392190152,0.9941374616624717,6bba_7d3058ae
F8_outlier,892,49,42,1,0,2,9112,nan,-0.1388337586239486,0.9074262461851476,0.920024385828338,6bba_7f87b3d8
F8_outlier,631,12,23,0,0,1,8074,nan,-0.10497727524664671,0.9474474474474475,0.9573934925946899,6bba_80d12824
F8_outlier,895,42,35,0,1,0,6788,nan,-0.1051937780121276,0.9207818930041153,0.9304679456091414,6bba_825bd1c6
F8_outlier,669,41,30,0,1,1,13846,nan,-0.07483629560336763,0.904054054054054,0.9108196596971152,6bba_87289e13
F8_outlier,723,2,2,1,0,1,5558,nan,-0.04632807137954702,0.9944979367262724,0.9991052538662191,6bba_8b7818bf
F8_outlier,916,1,5,0,0,1,6766,nan,-0.07391185327128387,0.9934924078091106,1.000835494316323,6bba_907271db
F8_outlier,1125,16,23,0,0,0,11338,nan,-0.047787016040984294,0.9664948453608248,0.9711134358287032,6bba_91951b3a
F8_outlier,714,8,7,0,0,0,4699,nan,-0.03491476689258575,0.9794238683127572,0.9828435039178747,6bba_96833384
F8_outlier,650,5,8,0,0,3,15418,nan,0.11016705069124424,0.9803921568627451,0.9695914656185054,6bba_969618f6
F8_outlier,750,11,17,0,1,0,4927,nan,-0.12159030130147977,0.9640102827763496,0.9757317128503997,6bba_971fa5e0
F8_outlier,1317,33,36,0,1,2,18282,nan,0.0027974329438867863,0.9502164502164502,0.9499506335362844,6bba_9a41d029
F8_outlier,866,18,25,0,0,1,7197,nan,-0.06629475869226778,0.9526952695269527,0.959011139827008,6bba_9e23430b
F8_outlier,665,21,33,0,0,0,7727,nan,-0.08447867298578199,0.9248956884561892,0.9327090844972942,6bba_a5e926bb
F8_outlier,867,182,245,0,0,0,28649,nan,-0.22352016478751083,0.6700154559505409,0.6849916524629653,6bba_a90a0b9c
F8_outlier,927,115,211,0,0,2,11919,nan,0.289795476680013,0.7398244213886672,0.7183846443030829,6bba_ab78413d
F8_outlier,307,27,23,0,0,0,19655,nan,-0.0027904616945712835,0.8599439775910365,0.860183941663931,6bba_acd782a8
F8_outlier,1463,13,8,0,1,0,7099,nan,-0.041064433337836014,0.9858490566037735,0.989897389890381,6bba_ae82a791
F8_outlier,757,3,11,0,0,1,4885,nan,-0.029598728645212555,0.9818417639429312,0.9847478907372795,6bba_aeee7805
F8_outlier,1268,27,49,0,0,0,7774,nan,-0.1297436471510131,0.9434523809523809,0.9556930762341878,6bba_af149c94
F8_outlier,593,19,33,1,0,3,5411,nan,-0.10621076973901553,0.9193798449612403,0.9291446490628272,6bba_afb141ff
F8_outlier,549,35,30,0,1,0,22378,nan,-0.07901884928800725,0.8941368078175895,0.9012021739835693,6bba_b1ae37b9
F8_outlier,802,8,9,0,0,2,5342,nan,0.049096622152395915,0.9792429792429792,0.9744352269882514,6bba_b204cac7
F8_outlier,1166,88,102,0,0,1,63213,nan,0.01197470583526775,0.859882005899705,0.858852322492336,6bba_b329af44
F8_outlier,913,12,22,0,0,0,6030,nan,0.08492263404102195,0.9640971488912354,0.9559097819557072,6bba_b693381b
F8_outlier,1795,78,84,0,2,3,22716,nan,-0.015387282735902215,0.9172202350536536,0.9186315877624396,6bba_bb9f20c3
F8_outlier,848,8,13,0,2,0,6478,nan,-0.04524686809137804,0.9758342922899885,0.9802496368402173,6bba_bbb708ca
F8_outlier,484,5,9,0,0,0,6257,nan,-0.02916989914662529,0.9718875502008032,0.974722536382925,6bba_c27cba08
F8_outlier,448,25,52,0,0,2,29926,nan,-0.041693352119892405,0.8533333333333334,0.8568911660475641,6bba_c328f2fd
F8_outlier,546,97,164,0,0,0,23202,nan,0.4221268771069568,0.6765799256505576,0.648019668537745,6bba_c73a1d11
F8_outlier,1330,19,18,1,2,3,28094,nan,-0.05677354373006547,0.9729334308705194,0.9784571187389165,6bba_cdcfe533
F8_outlier,815,3,2,0,0,0,34581,nan,-0.00885640584694755,0.9939024390243902,0.9947826793616172,6bba_cf35214c
F8_outlier,1459,37,42,0,0,0,46303,nan,-0.001272593934687891,0.9486345903771132,0.948755313039708,6bba_cff5865f
F8_outlier,813,0,0,0,0,0,5607,nan,-0.08247422680412371,1.0,1.0082474226804123,6bba_d0fc38b5
F8_outlier,619,25,24,0,1,1,15949,nan,0.08356545961002786,0.9266467065868264,0.9189031407936217,6bba_d1acb6ff
F8_outlier,917,5,4,0,0,2,18742,nan,-0.07116661710774111,0.990280777537797,0.9973282708302158,6bba_d2b9fc0c
F8_outlier,833,34,24,0,1,1,15894,nan,-0.07839499014264177,0.9349046015712682,0.9422337852737173,6bba_d3da753b
F8_outlier,519,0,0,0,0,0,4115,nan,-0.08940030980305377,1.0,1.0089400309803054,6bba_d5eae175
F8_outlier,840,13,22,0,0,0,5944,nan,0.10916215711886545,0.96,0.9495204329165889,6bba_d6ecebbb
F8_outlier,508,28,22,0,0,0,28208,nan,0.01775147928994083,0.910394265232975,0.9087781807384785,6bba_d82a4fc6
F8_outlier,714,16,15,3,0,1,11703,nan,-0.00880833403912933,0.9583892617449664,0.9592334430206629,6bba_debd7bfa
F8_outlier,644,7,10,1,0,3,21709,nan,0.1283850511980872,0.9742813918305597,0.9617730751934087,6bba_df673a83
F8_outlier,935,7,7,1,0,0,5910,nan,-0.07177634678812628,0.9852476290832455,0.9923193766329713,6bba_e16ffc58
F8_outlier,597,16,37,0,0,0,5059,nan,-0.09902048085485307,0.9184615384615384,0.9275561887800533,6bba_e5e44988
F8_outlier,729,65,74,0,0,2,58763,nan,0.033704505075025946,0.8398617511520737,0.8370310386866712,6bba_ebdf3b34
F8_outlier,996,268,268,0,0,0,47150,nan,0.1335224540821233,0.6501305483028721,0.6414498456745565,6bba_ebff6e76
F8_outlier,497,0,11,0,0,0,4239,nan,-0.04591492234976367,0.9783464566929134,0.9828385268519355,6bba_ed9377fd
F8_outlier,727,46,33,0,0,0,49741,nan,-0.1603760845346207,0.901985111662531,0.916450795714227,6bba_edf14583
F8_outlier,927,75,62,0,2,0,8383,nan,-0.10313469562426447,0.8712406015037594,0.8802261149289186,6bba_eebc57a5
F8_outlier,1174,7,27,0,0,2,5706,nan,-0.06566235467496316,0.9718543046357616,0.9782357288400998,6bba_ef7b4f7e
F8_outlier,921,88,94,0,1,0,25236,nan,0.010936185554620838,0.8349954669084315,0.8340823003720937,6bba_f17befbc
F8_outlier,415,29,31,0,0,0,7681,nan,-0.15033185840707963,0.8736842105263158,0.8868184676292502,6bba_f1fde7e0
F8_outlier,931,22,32,0,0,1,5159,nan,-0.13627992633517497,0.9451776649746193,0.9580585392302586,6bba_f20478e9
F8_outlier,955,7,10,0,0,0,9235,nan,0.03729080085364484,0.9825102880658436,0.9788464285169516,6bba_f4ae811c
F8_outlier,352,17,18,1,0,1,30418,nan,0.02972241029113067,0.9095607235142119,0.9068572898133131,6bba_f8ffd5e7
F8_outlier,634,7,5,0,0,0,4908,nan,0.003886275311924729,0.9814241486068112,0.9810427401628854,6bba_fbc898dc
F8_outlier,720,28,42,0,0,0,6640,nan,-0.155860666158149,0.9113924050632911,0.9255974278017554,6bba_fc516dc6
F8_outlier,440,7,18,0,0,2,17542,nan,0.25121255349500715,0.946236559139785,0.9224659089166015,6bba_fc5f39dc
F8_outlier,819,78,104,0,0,0,10872,nan,-0.1692519293955834,0.8181818181818182,0.8320297033141842,6bba_fc83837d
F8_outlier,662,14,18,0,0,2,9467,nan,-0.12633813215208564,0.9538904899135446,0.9659417641908762,6bba_fe670320
