config,stem,edge_tp,edge_fp,edge_fn,division_tp,division_fp,division_fn,num_pred_nodes,node_recall,total_node_ratio,edge_jaccard,adj_edge_jaccard
base(x138),44b6_0b24845f,49,0,0,0,0,0,18731,nan,-0.42884586064948926,1.0,1.042884586064949
base(x138),44b6_0db75fae,149,0,2,0,0,0,17671,nan,0.15233126834039779,0.9867549668874173,0.9717236033227026
base(x138),44b6_0113de3b,46,3,4,0,0,0,25578,nan,-0.006872451951077461,0.8679245283018868,0.8685210052636784
base(x138),44b6_0c582fdc,69,1,1,0,0,0,27109,nan,-0.030366979039988553,0.971830985915493,0.9747821430334637
base(x138),44b6_144b256d,119,0,0,0,0,0,28161,nan,-0.5692455947136564,1.0,1.0569245594713657
base(x138),44b6_1574802b,144,11,9,0,2,0,19462,nan,0.10097867285172824,0.8780487804878049,0.8691823604325312
base(x138),44b6_18ced818,90,16,9,0,1,0,72096,nan,-0.0832612786735161,0.782608695652174,0.7891247957222752
base(x138),44b6_1d530831,253,28,18,0,1,0,35627,nan,-0.005526866713189114,0.8461538461538461,0.8466215041065005
base(x138),44b6_12dfb391,741,39,32,0,0,1,44289,nan,-0.24514248704663213,0.9125615763546798,0.934932337795758
base(x138),44b6_24264f12,214,8,7,0,0,0,26949,nan,0.022616020946381817,0.9344978165938864,0.9323843543744429
base(x138),44b6_267148e4,251,40,26,0,0,1,21972,nan,0.14856246732880293,0.7917981072555205,0.7800349592115048
base(x138),44b6_2f31fc2f,67,25,18,0,0,0,18475,nan,-0.24183355219960603,0.6090909090909091,0.6238207709067033
base(x138),44b6_341df25f,208,0,1,0,0,1,8420,nan,0.13232920925228617,0.9952153110047847,0.9820457054906815
base(x138),44b6_33b596bf,49,0,0,0,0,0,23724,nan,0.016888126875267896,1.0,0.9983111873124733
base(x138),44b6_3a861e03,884,38,35,0,0,0,36272,nan,-0.1054111379667538,0.9237199582027168,0.9334569953983918
base(x138),44b6_2a2eff9f,197,23,13,0,1,1,38424,nan,-0.31832455159934003,0.8454935622317596,0.872407698139515
base(x138),44b6_40c45f5a,194,5,4,0,0,0,28935,nan,-0.11462317554542395,0.9556650246305419,0.9666191606186267
base(x138),44b6_3bb3690f,380,26,16,0,0,0,15854,nan,-0.5035851833296803,0.9004739336492891,0.9458204667453266
base(x138),44b6_415c0a3a,310,13,12,0,0,0,33034,nan,-0.4234099001605809,0.9253731343283582,0.9645543489700836
base(x138),44b6_5740d24b,169,1,1,0,0,0,11175,nan,-0.43360364926507855,0.9883040935672515,1.031157319722689
base(x138),44b6_53f95252,67,2,1,0,0,0,30367,nan,-0.2156270179516983,0.9571428571428572,0.9777814431468055
base(x138),44b6_587a1e22,365,7,6,1,0,0,18771,nan,0.034956166951535535,0.9656084656084656,0.962233068535103
base(x138),44b6_551a5dba,199,34,25,0,0,0,30579,nan,-0.46936331927742203,0.7713178294573644,0.807520659122561
base(x138),44b6_5f15d135,252,23,21,0,0,1,21315,nan,-0.277922693858193,0.8513513513513513,0.8750123374500893
base(x138),44b6_668e0cc7,615,24,16,0,0,0,33541,nan,-0.15515981965189793,0.9389312977099237,0.9534997387917431
base(x138),44b6_66f9292d,197,2,1,0,0,0,20872,nan,-0.6040220072092582,0.985,1.044496167710112
base(x138),44b6_74d0c52e,135,5,4,0,1,1,8446,nan,-0.4402915838303512,0.9375,0.9787773359840956
base(x138),44b6_706092f0,108,10,9,0,0,1,28777,nan,-0.5883000944233026,0.8503937007874016,0.9004223702344226
base(x138),44b6_71a4179f,107,18,12,0,0,0,30745,nan,-0.5457835953197021,0.781021897810219,0.8236487917512468
base(x138),44b6_808952d6,179,0,0,0,0,0,14983,nan,-0.048214966332105196,1.0,1.0048214966332105
base(x138),44b6_7a302da0,492,22,15,0,0,1,42991,nan,-0.3569804660624009,0.9300567107750473,0.9632579185827411
base(x138),44b6_7e557709,544,13,16,0,0,0,44506,nan,-0.20610060649304318,0.9493891797556719,0.9689561483302296
base(x138),44b6_81c256f0,197,0,0,0,0,0,11241,nan,0.1182849184241942,1.0,0.9881715081575806
base(x138),44b6_8cc6506c,381,22,15,0,0,0,18239,nan,-0.43307845331344025,0.9114832535885168,0.9509576293570385
base(x138),44b6_87bba6c4,110,49,39,0,1,0,28517,nan,0.014767632196996654,0.5555555555555556,0.5547351315446113
base(x138),44b6_8f5ab931,571,40,33,0,1,0,27290,nan,-0.010191868267382394,0.8866459627329193,0.8875496206181173
base(x138),44b6_90724892,97,12,6,0,0,0,23136,nan,-0.09384302052326492,0.8434782608695652,0.8513937156441364
base(x138),44b6_95029e92,198,0,0,0,0,0,4768,nan,-0.07614803332687464,1.0,1.0076148033326875
base(x138),44b6_8f9ecab4,366,4,4,0,0,0,40016,nan,-0.46526265150401563,0.9786096256684492,1.0241406765910346
base(x138),44b6_949adeb1,351,45,27,0,0,0,38296,nan,0.030043841953791117,0.8297872340425532,0.8272942343910684
base(x138),44b6_996155de,370,2,7,1,0,0,9044,nan,0.19424270434438135,0.9762532981530343,0.9572902900771976
base(x138),44b6_9be80b04,206,16,14,0,1,1,25358,nan,-0.5618639528655597,0.8728813559322034,0.9219254128348752
base(x138),44b6_9bfa6a0a,241,30,18,0,0,0,38817,nan,-0.3963892517260683,0.8339100346020761,0.8669653320643538
base(x138),44b6_97725144,219,1,2,0,0,0,33043,nan,-0.07634035891988596,0.9864864864864865,0.9940173597312861
base(x138),44b6_a21120c2,279,12,7,1,0,1,21982,nan,-0.04592013888888889,0.9362416107382551,0.9405408452181208
base(x138),44b6_aaf8b0ea,203,0,3,0,0,1,14368,nan,-0.3498348341553916,0.9854368932038835,1.019910908414342
base(x138),44b6_abf82518,94,0,0,0,0,0,25932,nan,-0.06057093174902188,1.0,1.0060570931749022
base(x138),44b6_c15fded2,97,8,5,0,0,0,19407,nan,-0.057226135535584165,0.8818181818181818,0.8868644864972288
base(x138),44b6_b2c44266,156,14,12,0,0,0,37016,nan,-0.3802675417301478,0.8571428571428571,0.8897372178625841
base(x138),44b6_a2bb48bb,376,45,34,0,1,0,44500,nan,-0.265834061999901,0.8263736263736263,0.8483414521564753
base(x138),44b6_c771cb04,203,34,20,0,0,0,28304,nan,-0.4694160652357297,0.7898832684824902,0.8269616580711491
base(x138),44b6_c50204e0,300,31,25,0,1,2,36454,nan,-0.2256680402735885,0.8426966292134831,0.8617135988994596
base(x138),44b6_c96cfa10,592,16,24,0,0,0,37501,nan,-0.18892205208062982,0.9367088607594937,0.9544053567771729
base(x138),44b6_cf2536e8,68,11,7,0,0,0,21015,nan,-0.6349344219577868,0.7906976744186046,0.8409017915036389
base(x138),44b6_c8e2a523,158,10,6,0,1,1,28369,nan,-0.14406830798937967,0.9080459770114943,0.9211280417599552
base(x138),44b6_d29c9ab2,1285,57,43,0,0,0,36377,nan,-0.04409407436604914,0.927797833935018,0.9318888726036371
base(x138),44b6_d2f34f90,272,5,9,0,0,2,14814,nan,-0.3846473373764227,0.951048951048951,0.9876307957225129
base(x138),44b6_d754aa59,64,3,6,0,0,1,5568,nan,0.0767743183136724,0.8767123287671232,0.8699814296272944
base(x138),44b6_cf8fed6b,178,12,10,0,0,0,41253,nan,-0.05662146401701388,0.89,0.8950393102975144
base(x138),44b6_d78e09d9,418,37,33,0,0,0,23480,nan,0.054854216272069725,0.8565573770491803,0.851858798688171
base(x138),44b6_db3c847b,154,7,8,0,0,0,15406,nan,0.02549424216201824,0.9112426035502958,0.9089194595899699
base(x138),44b6_ddf577ad,607,48,40,0,0,0,37531,nan,-0.2983810663276752,0.8733812949640288,0.8994413391742301
base(x138),44b6_deabac95,121,6,3,1,2,0,15655,nan,0.11909357352205305,0.9307692307692308,0.9196843673875628
base(x138),44b6_d5e7d891,830,91,63,0,1,2,42373,nan,-0.05518640742062076,0.8434959349593496,0.8481508859917799
base(x138),44b6_e29f0176,46,7,4,0,0,0,13522,nan,0.0426401418767831,0.8070175438596491,0.8035764096029262
base(x138),44b6_e35b117d,240,12,26,0,0,0,18621,nan,-0.3498481198282183,0.8633093525179856,0.8935120678988389
base(x138),44b6_e57ff5c6,143,19,43,0,0,0,16359,nan,-0.1946933149552033,0.697560975609756,0.7111420214822409
base(x138),44b6_e28840c6,289,14,20,0,0,2,26442,nan,-0.6459577430843799,0.8947368421052632,0.9525330612233393
base(x138),44b6_e31261b4,106,10,7,0,0,0,66566,nan,-0.08633468760294279,0.8617886178861789,0.8692288429966764
base(x138),6bba_05b6850b,836,8,9,0,0,0,6142,nan,-0.034580320653882425,0.9800703399765534,0.9834594546385282
base(x138),44b6_f28707c6,55,6,6,0,0,0,21507,nan,0.15281946826758147,0.8208955223880597,0.8083506406646016
base(x138),44b6_eb2880fc,371,13,8,0,3,1,36289,nan,-0.2452998918559188,0.9464285714285714,0.9696444540506495
base(x138),6bba_07477033,589,20,13,0,0,0,4590,nan,-0.05086848635235732,0.9469453376205788,0.9517623052188969
base(x138),6bba_062c8d37,896,4,2,1,1,0,5879,nan,-0.025041459369817578,0.9933481152993349,0.9958356039462701
base(x138),6bba_085bf656,1164,0,4,0,0,1,8362,nan,-0.011934302256882903,0.9965753424657534,0.9977646856016276
base(x138),6bba_0c7fa718,619,48,40,0,0,0,12498,nan,-0.0843956043956044,0.8755304101838756,0.8829195019972955
base(x138),6bba_07e24132,310,17,35,0,0,2,27701,nan,0.28931812892715847,0.856353591160221,0.8315777292907682
base(x138),6bba_12665c0e,961,21,37,0,1,3,8055,nan,-0.03115227327399567,0.943081452404318,0.9460193655168115
base(x138),6bba_09961292,1789,113,82,1,0,3,29458,nan,-0.053314908249509914,0.9017137096774194,0.9065211880472972
base(x138),6bba_0e7c0d07,183,20,15,0,0,1,21852,nan,-0.02737348110562158,0.8394495412844036,0.8417474069001507
base(x138),6bba_13f19531,694,11,10,0,0,0,5652,nan,-0.02095963970206132,0.9706293706293706,0.9726637748186335
base(x138),6bba_15403b9a,716,14,13,0,1,0,6292,nan,-0.0866598925823777,0.9636608344549125,0.9720119088948831
base(x138),6bba_05db0fb1,1114,94,69,0,0,3,69197,nan,-0.008638968481375358,0.8723570869224746,0.8731107134603174
base(x138),6bba_1d0d8384,1261,109,104,0,0,1,17234,nan,-0.03769054665252108,0.8554952510176391,0.858719659384588
base(x138),6bba_1ebfb80d,676,35,43,0,0,0,11308,nan,-0.02163003979927323,0.896551724137931,0.8984909690854522
base(x138),6bba_1f58c2f6,263,49,36,0,1,0,31734,nan,0.09794830986402796,0.7557471264367817,0.7483447110648738
base(x138),6bba_207c6aaf,357,81,93,0,1,1,17498,nan,0.4582881906825569,0.672316384180791,0.6415049182535456
base(x138),6bba_23af9eeb,498,1,1,0,0,0,4136,nan,-0.07056179775280899,0.996,1.0030279550561798
base(x138),6bba_2312ac41,1128,5,4,1,0,1,12366,nan,0.03481171548117155,0.9920844327176781,0.9886308166171714
base(x138),6bba_20852818,853,28,56,0,1,3,9904,nan,0.014962082393933183,0.9103521878335112,0.908990111389325
base(x138),6bba_2540cd90,523,0,0,0,0,0,3477,nan,-0.08088818398096749,1.0,1.0080888183980967
base(x138),6bba_2646afc7,704,12,17,0,1,0,5252,nan,-0.04422202001819836,0.9604365620736699,0.9646838065610931
base(x138),6bba_2819ca14,919,21,30,0,0,1,4944,nan,-0.10661366100469823,0.9474226804123711,0.9575235004601358
base(x138),6bba_312f0dc3,495,9,5,0,1,0,9455,nan,-0.0509886580347285,0.9724950884086444,0.9774537103589764
base(x138),6bba_283bf9f1,1267,13,21,0,1,0,21805,nan,0.04525190546953645,0.9738662567255957,0.9694593263466639
base(x138),6bba_268e1230,580,10,29,0,0,1,4710,nan,-0.0777364401801449,0.9369951534733441,0.9442790202430507
base(x138),6bba_372c8cb8,1006,2,1,0,0,0,6646,nan,-0.053411194986469165,0.9970267591674926,1.002351998231555
base(x138),6bba_3a1849c2,1108,41,34,0,0,0,6590,nan,-0.05897472511780665,0.9366018596787827,0.942125443400721
base(x138),6bba_3c5691b6,741,4,5,0,0,2,6244,nan,-0.0022371364653243847,0.988,0.988221029082774
base(x138),6bba_337b1b3a,1194,33,19,1,1,1,29447,nan,-0.033891076115485565,0.9582664526484751,0.9615141207770378
base(x138),6bba_32db13fc,695,121,116,0,1,1,43831,nan,0.1324376695517375,0.7457081545064378,0.7358321694915818
base(x138),6bba_3fda6b25,1165,6,14,0,0,1,8341,nan,-0.1525096525096525,0.9831223628691983,0.9981159278627632
base(x138),6bba_43fea39d,860,14,20,0,1,0,5468,nan,-0.04871259568545581,0.9619686800894854,0.9666546792270125
base(x138),6bba_3db54e20,439,41,35,0,0,1,22863,nan,-0.01605267688070236,0.8524271844660194,0.8537955582816754
base(x138),6bba_4aa14c89,646,36,35,0,0,0,7161,nan,0.055105348460291734,0.900976290097629,0.8960114288556
base(x138),6bba_3abfe10a,841,116,94,1,0,0,52775,nan,0.013636800153654087,0.8001902949571836,0.7990990914434613
base(x138),6bba_474be664,243,26,43,0,0,1,24936,nan,-0.11865125649453928,0.7788461538461539,0.7880872613231324
base(x138),6bba_4f99ce20,993,8,17,0,0,2,5323,nan,-0.10762782900251466,0.9754420432220039,0.9859405141649801
base(x138),6bba_55b7eebe,682,6,6,0,0,1,4519,nan,-0.14038424957199924,0.9827089337175793,0.9965046193383434
base(x138),6bba_48816121,896,20,22,1,0,4,25206,nan,0.051783851450031296,0.9552238805970149,0.950277363443579
base(x138),6bba_5a4d9360,699,13,23,0,0,0,5511,nan,-0.07781124497991967,0.9510204081632653,0.9584204163593147
base(x138),6bba_4ffd3da3,645,22,44,1,0,2,20098,nan,0.1395362023019788,0.9071729957805907,0.8945146483143774
base(x138),6bba_55c70843,402,49,65,0,0,0,37006,nan,0.04492446703374276,0.7790697674418605,0.7755698380334178
base(x138),6bba_5b28472a,716,1,8,0,0,0,5833,nan,0.005342985177524991,0.9875862068965517,0.9870585410500541
base(x138),6bba_5c039895,1138,5,7,2,1,1,8016,nan,-0.06464410735122521,0.9895652173913043,0.9959621734057126
base(x138),6bba_5c824876,1086,42,44,1,0,0,25470,nan,0.033391487807846794,0.9266211604095563,0.9235270344915255
base(x138),6bba_5f89039d,885,0,0,0,0,0,4468,nan,-0.03101279548904793,1.0,1.0031012795489047
base(x138),6bba_5dfe9ad1,1446,16,41,0,0,0,29715,nan,0.10411325381785753,0.9620758483033932,0.952059363604749
base(x138),6bba_61dd1e0d,534,10,9,0,0,0,9463,nan,-0.06565955766192733,0.9656419529837251,0.9719823153329963
base(x138),6bba_61ecbe65,598,7,16,0,0,1,5464,nan,-0.05368895046761344,0.9629629629629629,0.9681330100450295
base(x138),6bba_6321a359,785,13,13,0,0,1,4674,nan,-0.030491599253266957,0.967940813810111,0.9708922201496688
base(x138),6bba_6ca87370,1038,17,14,0,0,1,6298,nan,-0.12466990965948575,0.971000935453695,0.9831063953439237
base(x138),6bba_67ebd073,391,68,47,0,2,1,15492,nan,-0.03542743291202291,0.7727272727272727,0.7754648470886563
base(x138),6bba_6479435d,472,73,108,0,0,0,24333,nan,0.03752185221506844,0.7228177641653905,0.7201056180328465
base(x138),6bba_6db0e9b4,429,15,11,0,0,0,25014,nan,-0.12030947775628627,0.9428571428571428,0.9542006079027355
base(x138),6bba_6feeb0b1,1331,7,12,0,0,0,6879,nan,-0.08499600957701517,0.9859259259259259,0.9943059028701485
base(x138),6bba_57b7cc1e,1282,340,310,0,1,3,74188,nan,0.13245103875685,0.6635610766045549,0.6547721412170662
base(x138),6bba_718b21f9,649,0,3,0,0,0,4089,nan,-0.05039479795633999,0.995398773006135,1.0004150650112982
base(x138),6bba_705ec2c9,536,23,26,0,2,1,6001,nan,0.07160714285714286,0.9162393162393162,0.9096783882783882
base(x138),6bba_6feb10f0,1126,105,217,0,0,0,11205,nan,0.2643872714962762,0.7776243093922652,0.7570649124513256
base(x138),6bba_76db78c1,604,0,0,0,0,0,4653,nan,-0.04160659114315139,1.0,1.004160659114315
base(x138),6bba_74686d6a,561,23,15,0,2,2,25703,nan,-0.13757004328423314,0.9365609348914858,0.9494452077266203
base(x138),6bba_784a78c9,1735,3,4,0,1,1,12805,nan,-0.02222052535125229,0.9959816303099885,0.9981947538165571
base(x138),6bba_767a1e17,554,95,104,0,0,0,47796,nan,0.0017185731651087732,0.7357237715803453,0.7355973320672682
base(x138),6bba_789f8168,670,16,11,0,0,0,10648,nan,-0.0026227051330086175,0.9612625538020086,0.9615146646254112
base(x138),6bba_7af54fde,1041,51,51,0,0,2,10224,nan,0.06234413965087282,0.910761154855643,0.905083092792952
base(x138),6bba_7b5d3b2c,543,8,12,0,0,0,5469,nan,-0.05380622837370242,0.9644760213143873,0.9696655030207675
base(x138),6bba_7d3058ae,1167,5,6,0,0,2,7426,nan,-0.02430692418867429,0.9906621392190152,0.993070134170474
base(x138),6bba_7f87b3d8,892,49,42,1,0,2,9219,nan,-0.12872129288347037,0.9074262461851476,0.9191067541456823
base(x138),6bba_78a7bd97,733,113,99,0,0,2,39109,nan,-0.037032477285598206,0.7756613756613756,0.7785338418889253
base(x138),6bba_80d12824,640,10,14,0,0,1,8399,nan,-0.06895022724753354,0.963855421686747,0.9705012267226537
base(x138),6bba_87289e13,669,41,30,0,1,1,14016,nan,-0.06347721502071361,0.904054054054054,0.9097927374120077
base(x138),6bba_8b7818bf,723,2,2,1,0,1,5662,nan,-0.02848318462594372,0.9944979367262724,0.997330583560462
base(x138),6bba_825bd1c6,893,46,37,0,2,0,6853,nan,-0.09662536250988664,0.9149590163934426,0.923799841057513
base(x138),6bba_786893ac,1194,271,201,0,4,3,55311,nan,-0.062191627528442324,0.7166866746698679,0.7211438657424346
base(x138),6bba_96833384,714,9,7,0,1,0,4803,nan,-0.013555144793592114,0.9780821917808219,0.9794079963537841
base(x138),6bba_91951b3a,1125,16,23,0,0,0,11508,nan,-0.03350970017636684,0.9664948453608248,0.9697335406098292
base(x138),6bba_907271db,917,1,4,0,0,1,6853,nan,-0.062003832466465916,0.9945770065075922,1.0007437651162419
base(x138),6bba_971fa5e0,750,11,17,0,1,0,5010,nan,-0.10679265466215011,0.9640102827763496,0.9743052044982793
base(x138),6bba_a5e926bb,671,22,27,0,0,0,7929,nan,-0.060545023696682465,0.9319444444444445,0.9375869042917325
base(x138),6bba_9e23430b,866,18,25,0,0,1,7425,nan,-0.03671510119356513,0.9526952695269527,0.956193099849684
base(x138),6bba_9a41d029,1317,33,36,0,1,2,18436,nan,0.011244583401897866,0.9502164502164502,0.9491479714040187
base(x138),6bba_969618f6,650,5,8,0,0,3,15593,nan,0.12276785714285714,0.9803921568627451,0.9683560924369747
base(x138),6bba_acd782a8,305,31,25,0,0,0,19942,nan,0.011770674784373415,0.8448753462603878,0.8438808709669712
base(x138),6bba_ab78413d,935,123,203,0,0,2,12734,nan,0.37798939508711177,0.7414750198255353,0.7134480504039296
base(x138),6bba_a90a0b9c,883,176,229,0,0,0,29610,nan,-0.19747398091934085,0.6855590062111802,0.699097012822343
base(x138),6bba_ae82a791,1464,13,7,0,2,0,7138,nan,-0.03579629879778468,0.9865229110512129,0.990054297940698
base(x138),6bba_aeee7805,762,4,6,0,0,1,4941,nan,-0.018474374255065554,0.9870466321243523,0.988870139013259
base(x138),6bba_af149c94,1268,27,49,0,0,0,7851,nan,-0.12112392253442293,0.9434523809523809,0.9548798462629202
base(x138),6bba_b204cac7,802,8,9,0,0,2,5471,nan,0.07443047918303221,0.9792429792429792,0.9719544268248117
base(x138),6bba_b1ae37b9,551,35,28,0,1,0,22858,nan,-0.05926413696600543,0.8973941368078175,0.9027124657114445
base(x138),6bba_afb141ff,594,24,32,1,0,3,5553,nan,-0.08275520317145689,0.9138461538461539,0.9214087062590531
base(x138),6bba_b693381b,912,18,23,0,0,0,6085,nan,0.094818279956819,0.9569779643231899,0.9479040638698196
base(x138),6bba_bbb708ca,848,9,13,0,2,0,6623,nan,-0.023876197494473103,0.9747126436781609,0.9770398868362428
base(x138),6bba_c27cba08,487,6,6,0,0,0,6352,nan,-0.014429790535298682,0.9759519038076152,0.9773601819620623
base(x138),6bba_bb9f20c3,1795,78,84,0,2,3,22901,nan,-0.007368557929868666,0.9172202350536536,0.9178960940972976
base(x138),6bba_c73a1d11,563,100,147,0,0,0,24105,nan,0.47747471651854123,0.6950617283950618,0.6618742882222298
base(x138),6bba_b329af44,1172,89,96,0,0,1,64439,nan,0.03160169695029216,0.8636698599852616,0.860940516667226
base(x138),6bba_c328f2fd,448,25,52,0,0,2,30477,nan,-0.02404893044703471,0.8533333333333334,0.8553855087314802
base(x138),6bba_cf35214c,815,3,2,0,0,0,34817,nan,-0.0020922900544568645,0.9939024390243902,0.9941103922432173
base(x138),6bba_d0fc38b5,813,0,0,0,0,0,5757,nan,-0.057928325969563085,1.0,1.0057928325969563
base(x138),6bba_cdcfe533,1330,19,18,1,2,3,28329,nan,-0.04888366627497062,0.9729334308705194,0.977689486184763
base(x138),6bba_cff5865f,1466,41,35,0,0,0,46740,nan,0.00815322893749191,0.9507133592736705,0.9499382209064615
base(x138),6bba_d5eae175,519,0,0,0,0,0,4124,nan,-0.08740871874308476,1.0,1.0087408718743085
base(x138),6bba_d1acb6ff,620,26,23,0,2,1,16190,nan,0.09993885454174876,0.9267563527653214,0.9174944559318559
base(x138),6bba_d3da753b,833,34,24,0,1,1,16034,nan,-0.07027716571958716,0.9349046015712682,0.9414748461329311
base(x138),6bba_d6ecebbb,840,14,22,0,0,0,6061,nan,0.13099458854263854,0.958904109589041,0.9463429846602949
base(x138),6bba_d2b9fc0c,917,5,4,0,0,2,18951,nan,-0.0608088016651799,0.990280777537797,0.9963025562772105
base(x138),6bba_d82a4fc6,508,29,22,0,0,0,28548,nan,0.0300187617260788,0.9087656529516994,0.9060376509916194
base(x138),6bba_e16ffc58,929,17,13,1,0,0,5936,nan,-0.06769279095335323,0.9687174139728885,0.9752749325125825
base(x138),6bba_e5e44988,597,16,37,0,0,0,5130,nan,-0.08637577916295637,0.9184615384615384,0.9263948215631208
base(x138),6bba_debd7bfa,714,17,15,3,0,1,11893,nan,0.0072838146862031,0.9571045576407506,0.9564074204174331
base(x138),6bba_df673a83,644,7,10,1,0,3,21917,nan,0.13919642393055773,0.9742813918305597,0.9607197432660697
base(x138),6bba_ed9377fd,495,3,13,0,0,0,4325,nan,-0.02655863155525546,0.9686888454011742,0.9712615504148437
base(x138),6bba_eebc57a5,927,78,62,0,2,0,8489,nan,-0.0917941585535466,0.8687910028116214,0.8767659967178199
base(x138),6bba_ebff6e76,1005,293,259,0,0,0,49007,nan,0.17816616982402153,0.6454720616570327,0.6339719331616479
base(x138),6bba_ef7b4f7e,1178,8,23,0,0,2,5846,nan,-0.04273784182086131,0.9743589743589743,0.9785231743312633
base(x138),6bba_edf14583,730,46,30,0,0,0,50622,nan,-0.14550487829580366,0.9057071960297767,0.9188856775627713
base(x138),6bba_f17befbc,932,98,83,0,2,0,25884,nan,0.03689460401394063,0.8373764600179695,0.8342869927276737
base(x138),6bba_f1fde7e0,416,28,30,0,0,0,7969,nan,-0.11847345132743363,0.8776371308016878,0.8880348007916061
base(x138),6bba_f20478e9,931,23,32,0,0,1,5218,nan,-0.1264021429767286,0.9442190669371197,0.9561541982871536
base(x138),6bba_ebdf3b34,740,61,63,0,0,2,59401,nan,0.04492761271483104,0.8564814814814815,0.852633514651739
base(x138),6bba_f4ae811c,956,8,9,0,0,0,9396,nan,0.05537459283387622,0.9825282631038027,0.9770875528520878
base(x138),6bba_fbc898dc,634,7,5,0,0,0,4984,nan,0.019431376559623646,0.9814241486068112,0.9795171063871825
base(x138),6bba_fc516dc6,721,27,41,0,0,0,6786,nan,-0.13729977116704806,0.9138149556400507,0.9263616140698911
base(x138),6bba_f8ffd5e7,353,17,17,1,0,1,31015,nan,0.0499322951929587,0.9121447028423773,0.9075901549862754
base(x138),6bba_fc83837d,825,88,98,0,0,0,11720,nan,-0.10445480247573928,0.8160237388724035,0.8245474987183466
base(x138),6bba_fc5f39dc,440,7,18,0,0,2,17735,nan,0.26497860199714696,0.946236559139785,0.92116331507984
base(x138),6bba_fe670320,663,15,17,0,0,2,9793,nan,-0.0962532299741602,0.9539568345323741,0.9631389771903407
D_defensive_P8,44b6_0b24845f,49,0,0,0,0,0,18141,nan,-0.44683640798902274,1.0,1.0446836407989022
D_defensive_P8,44b6_0db75fae,149,0,2,0,0,0,17498,nan,0.14104988588196934,0.9867549668874173,0.9728367993401236
D_defensive_P8,44b6_0113de3b,46,3,4,0,0,0,25488,nan,-0.01036691904484566,0.8679245283018868,0.8688242986340811
D_defensive_P8,44b6_0c582fdc,69,1,1,0,0,0,26806,nan,-0.04120466413906574,0.971830985915493,0.9758353828529515
D_defensive_P8,44b6_1574802b,144,10,9,0,1,0,19270,nan,0.09011710131809696,0.8834355828220859,0.8754743174295669
D_defensive_P8,44b6_144b256d,119,0,0,0,0,0,27584,nan,-0.5780714635340186,1.0,1.0578071463534018
D_defensive_P8,44b6_1d530831,253,28,18,0,1,0,35377,nan,-0.012505233775296581,0.8461538461538461,0.8472119813194482
D_defensive_P8,44b6_24264f12,213,10,8,0,0,0,26792,nan,0.016658444958828216,0.922077922077922,0.9205418836466535
D_defensive_P8,44b6_12dfb391,741,38,32,0,0,1,44125,nan,-0.24793768748295608,0.9136868064118372,0.936340545798381
D_defensive_P8,44b6_18ced818,90,16,9,0,1,0,71293,nan,-0.09347184782055847,0.782608695652174,0.7899238837424786
D_defensive_P8,44b6_2f31fc2f,67,25,18,0,0,0,18086,nan,-0.25779711096520025,0.6090909090909091,0.6247930967587896
D_defensive_P8,44b6_2a2eff9f,197,23,13,0,1,1,37910,nan,-0.32744336225096243,0.8454935622317596,0.8731786877096308
D_defensive_P8,44b6_33b596bf,49,0,0,0,0,0,23592,nan,0.011230175739391342,1.0,0.9988769824260608
D_defensive_P8,44b6_341df25f,208,0,1,0,0,1,8361,nan,0.12439483593329748,0.9952153110047847,0.9828353464717101
D_defensive_P8,44b6_267148e4,250,40,27,0,0,1,21733,nan,0.13606900156821747,0.7886435331230284,0.7779125393085001
D_defensive_P8,44b6_3bb3690f,380,26,16,0,0,0,15743,nan,-0.5070607759025582,0.9004739336492891,0.9461334347969129
D_defensive_P8,44b6_3a861e03,884,38,35,0,0,0,36206,nan,-0.10703891875894046,0.9237199582027168,0.9336073567589241
D_defensive_P8,44b6_40c45f5a,194,5,4,0,0,0,28593,nan,-0.12508797160429608,0.9556650246305419,0.9676192445769624
D_defensive_P8,44b6_415c0a3a,310,13,12,0,0,0,32632,nan,-0.4304265866089506,0.9253731343283582,0.9652036542832162
D_defensive_P8,44b6_53f95252,67,2,1,0,0,0,30048,nan,-0.22386671832623015,0.9571428571428572,0.9785701001826536
D_defensive_P8,44b6_5740d24b,169,1,1,0,0,0,11083,nan,-0.43826659908768373,0.9883040935672515,1.031618160962467
D_defensive_P8,44b6_551a5dba,199,33,25,0,0,0,30257,nan,-0.4749509778402485,0.77431906614786,0.8110954259105875
D_defensive_P8,44b6_587a1e22,365,7,6,1,0,0,18647,nan,0.028119314109279373,0.9656084656084656,0.9628932408333633
D_defensive_P8,44b6_66f9292d,197,2,1,0,0,0,20016,nan,-0.6202618099032442,0.985,1.0460957882754696
D_defensive_P8,44b6_5f15d135,252,23,21,0,0,1,21046,nan,-0.2870354686811884,0.8513513513513513,0.8757881547661012
D_defensive_P8,44b6_668e0cc7,613,28,18,0,0,0,33423,nan,-0.15813203697639858,0.9301972685887708,0.9449066674759533
D_defensive_P8,44b6_74d0c52e,135,5,4,0,1,1,8383,nan,-0.44446653412856196,0.9375,0.9791687375745527
D_defensive_P8,44b6_706092f0,108,10,9,0,0,1,28556,nan,-0.5914618444018427,0.8503937007874016,0.9006912434609441
D_defensive_P8,44b6_808952d6,179,0,0,0,0,0,14887,nan,-0.05431330199466396,1.0,1.0054313301994664
D_defensive_P8,44b6_71a4179f,107,20,12,0,0,0,30496,nan,-0.5494622385060868,0.7697841726618705,0.8120809061296053
D_defensive_P8,44b6_7e557709,546,10,14,0,0,0,44362,nan,-0.2086692829111666,0.9578947368421052,0.9778830576262275
D_defensive_P8,44b6_81c256f0,197,0,0,0,0,0,11208,nan,0.11500198965380024,1.0,0.98849980103462
D_defensive_P8,44b6_7a302da0,492,22,15,0,0,1,42450,nan,-0.3650722426635556,0.9300567107750473,0.9640104996957409
D_defensive_P8,44b6_8cc6506c,381,22,15,0,0,0,18127,nan,-0.4365597413900286,0.9114832535885168,0.9512749429353112
D_defensive_P8,44b6_87bba6c4,109,47,40,0,1,0,28036,nan,-0.0023485872891609136,0.5561224489795918,0.5562530591910809
D_defensive_P8,44b6_8f5ab931,572,38,32,0,0,0,27087,nan,-0.017554677015704907,0.8909657320872274,0.8925297936531127
D_defensive_P8,44b6_90724892,97,12,6,0,0,0,23034,nan,-0.09783800720664264,0.8434782608695652,0.8517306840861256
D_defensive_P8,44b6_95029e92,198,0,0,0,0,0,4757,nan,-0.07827940321643093,1.0,1.007827940321643
D_defensive_P8,44b6_8f9ecab4,366,4,4,0,0,0,39731,nan,-0.4690711317199631,0.9786096256684492,1.0245133781308842
D_defensive_P8,44b6_949adeb1,351,44,27,0,0,0,37840,nan,0.01777885365394443,0.8317535545023697,0.830274792030205
D_defensive_P8,44b6_97725144,219,1,2,0,0,0,32719,nan,-0.08539721585509029,0.9864864864864865,0.994910806428948
D_defensive_P8,44b6_9be80b04,205,18,15,0,1,1,25200,nan,-0.5645938801250928,0.8613445378151261,0.9099755232880857
D_defensive_P8,44b6_9bfa6a0a,241,30,18,0,0,0,38612,nan,-0.3995770355165765,0.8339100346020761,0.8672311645534584
D_defensive_P8,44b6_996155de,370,2,7,1,0,0,8879,nan,0.17245477353756766,0.9762532981530343,0.9594173440082058
D_defensive_P8,44b6_a21120c2,279,12,7,1,0,1,21921,nan,-0.048567708333333334,0.9362416107382551,0.9407887216862417
D_defensive_P8,44b6_abf82518,94,0,0,0,0,0,25568,nan,-0.07375742645993334,1.0,1.0073757426459933
D_defensive_P8,44b6_a2bb48bb,376,44,34,0,1,0,43382,nan,-0.2842789500602181,0.8281938325991189,0.8517376399168815
D_defensive_P8,44b6_aaf8b0ea,203,0,3,0,0,1,14019,nan,-0.3656274039549301,0.9854368932038835,1.0214671665062383
D_defensive_P8,44b6_c15fded2,97,8,5,0,0,0,19353,nan,-0.059849404906485305,0.8818181818181818,0.8870958111599355
D_defensive_P8,44b6_c771cb04,203,34,20,0,0,0,28016,nan,-0.4748148842440716,0.7898832684824902,0.8273881017515745
D_defensive_P8,44b6_b2c44266,156,14,12,0,0,0,36725,nan,-0.3851395469537411,0.8571428571428571,0.8901548183103206
D_defensive_P8,44b6_c8e2a523,158,10,6,0,1,1,28311,nan,-0.14581824764663287,0.9080459770114943,0.9212869443265332
D_defensive_P8,44b6_cf2536e8,70,8,5,0,0,0,20633,nan,-0.6415703986797533,0.8433734939759037,0.8974818408525094
D_defensive_P8,44b6_c96cfa10,590,17,26,0,0,0,37236,nan,-0.19465351674020243,0.9320695102685624,0.9502125710705718
D_defensive_P8,44b6_c50204e0,294,31,31,0,0,2,35757,nan,-0.2404732571477123,0.8258426966292135,0.8457020049442213
D_defensive_P8,44b6_d29c9ab2,1285,56,43,0,0,0,36336,nan,-0.0451714623571147,0.9284682080924855,0.9326622347636483
D_defensive_P8,44b6_cf8fed6b,178,12,10,0,0,0,41001,nan,-0.0623842301447552,0.89,0.8955521964828831
D_defensive_P8,44b6_d2f34f90,271,5,10,0,0,2,14675,nan,-0.390421201296004,0.9475524475524476,0.984546904038887
D_defensive_P8,44b6_d754aa59,64,3,6,0,0,1,5523,nan,0.06807193966350802,0.8767123287671232,0.8707443778925144
D_defensive_P8,44b6_db3c847b,154,7,8,0,0,0,15223,nan,0.013312920189043467,0.9112426035502958,0.9100294735449037
D_defensive_P8,44b6_d5e7d891,830,90,63,0,1,2,41844,nan,-0.06698180520870496,0.844354018311292,0.8500096539494635
D_defensive_P8,44b6_d78e09d9,418,37,33,0,0,0,23300,nan,0.046767599622624556,0.8565573770491803,0.8525514638028162
D_defensive_P8,44b6_deabac95,121,6,3,1,2,0,15562,nan,0.11244549288726857,0.9307692307692308,0.9203031502774158
D_defensive_P8,44b6_e29f0176,48,4,2,0,0,0,13328,nan,0.027681394093607835,0.8888888888888888,0.8864283205250125
D_defensive_P8,44b6_ddf577ad,607,48,40,0,0,0,37263,nan,-0.3033911612951469,0.8733812949640288,0.8998789114972885
D_defensive_P8,44b6_e35b117d,240,11,26,0,0,0,18245,nan,-0.36297615306728115,0.8664259927797834,0.8978751901574539
D_defensive_P8,44b6_e57ff5c6,142,19,44,0,0,0,15946,nan,-0.21502412129565818,0.6926829268292682,0.7075772805970649
D_defensive_P8,44b6_e31261b4,106,10,7,0,0,0,66132,nan,-0.09229164379049083,0.8617886178861789,0.8697422067006441
D_defensive_P8,44b6_e28840c6,289,14,20,0,0,2,26309,nan,-0.6477385319872533,0.8947368421052632,0.9526923949672806
D_defensive_P8,6bba_05b6850b,836,8,9,0,0,0,6035,nan,-0.05139893115372524,0.9800703399765534,0.9851077967695797
D_defensive_P8,44b6_f28707c6,55,6,6,0,0,0,21352,nan,0.14451114922813035,0.8208955223880597,0.8090326668544072
D_defensive_P8,6bba_07477033,593,14,9,0,0,0,4518,nan,-0.06575682382133995,0.9626623376623377,0.9689924994360477
D_defensive_P8,6bba_062c8d37,896,4,2,1,1,0,5855,nan,-0.02902155887230514,0.9933481152993349,0.99623096638022
D_defensive_P8,44b6_eb2880fc,371,13,8,0,3,1,35856,nan,-0.2543049663089593,0.9464285714285714,0.9704967200256694
D_defensive_P8,6bba_085bf656,1164,0,4,0,0,1,8219,nan,-0.028831383670093347,0.9965753424657534,0.999448607071232
D_defensive_P8,6bba_0c7fa718,620,45,39,0,0,0,12347,nan,-0.09545787545787546,0.8806818181818182,0.8890886197136199
D_defensive_P8,6bba_07e24132,309,17,36,0,0,2,27261,nan,0.2688387246916453,0.8535911602209945,0.830643324328807
D_defensive_P8,6bba_0e7c0d07,179,19,19,0,0,1,21553,nan,-0.04068188899274491,0.8248847926267281,0.8282405797832724
D_defensive_P8,6bba_12665c0e,961,21,37,0,1,3,7998,nan,-0.03800817897522252,0.943081452404318,0.9466659332674375
D_defensive_P8,6bba_15403b9a,716,14,13,0,1,0,6243,nan,-0.09377268108578894,0.9636608344549125,0.972697340465333
D_defensive_P8,6bba_09961292,1791,109,80,1,0,3,29279,nan,-0.059067390815309956,0.9045454545454545,0.9098883685328395
D_defensive_P8,6bba_13f19531,693,11,11,0,0,0,5565,nan,-0.036029793868006234,0.9692307692307692,0.9727228877133607
D_defensive_P8,6bba_1ebfb80d,675,37,44,0,0,0,11145,nan,-0.03573282574839938,0.8928571428571429,0.8960475737275357
D_defensive_P8,6bba_1d0d8384,1255,107,110,0,0,1,16932,nan,-0.054553576414093474,0.8525815217391305,0.8572326588586745
D_defensive_P8,6bba_05db0fb1,1114,93,69,0,0,3,68777,nan,-0.014656160458452722,0.8730407523510971,0.8743202948864197
D_defensive_P8,6bba_1f58c2f6,264,48,35,0,1,0,31359,nan,0.08497387814413729,0.760806916426513,0.7543420450057486
D_defensive_P8,6bba_207c6aaf,354,81,96,0,0,1,17223,nan,0.4353696141345112,0.6666666666666666,0.6376420257243659
D_defensive_P8,6bba_23af9eeb,498,1,1,0,0,0,4060,nan,-0.08764044943820225,0.996,1.004728988764045
D_defensive_P8,6bba_20852818,846,27,63,0,0,3,9760,nan,0.00020496003279360525,0.9038461538461539,0.9038276286124206
D_defensive_P8,6bba_2540cd90,523,0,0,0,0,0,3476,nan,-0.08115252445149353,1.0,1.0081152524451493
D_defensive_P8,6bba_2312ac41,1128,5,4,1,0,1,12255,nan,0.025523012552301255,0.9920844327176781,0.9895523343747585
D_defensive_P8,6bba_2646afc7,704,12,17,0,1,0,5176,nan,-0.05805277525022748,0.9604365620736699,0.9660121628616863
D_defensive_P8,6bba_268e1230,580,10,29,0,0,1,4611,nan,-0.09712159780693166,0.9369951534733441,0.9460954001176122
D_defensive_P8,6bba_312f0dc3,498,3,2,0,0,0,9351,nan,-0.06142728093947606,0.9900596421471173,0.9961413093256182
D_defensive_P8,6bba_283bf9f1,1266,13,22,0,1,0,21538,nan,0.03245290254541968,0.973097617217525,0.9699396330036509
D_defensive_P8,6bba_2819ca14,918,21,31,0,0,1,4908,nan,-0.11311890133718829,0.9463917525773196,0.9570972321059318
D_defensive_P8,6bba_372c8cb8,1006,2,1,0,0,0,6553,nan,-0.06665717134311351,0.9970267591674926,1.0036726575194423
D_defensive_P8,6bba_3a1849c2,1108,40,34,0,0,0,6461,nan,-0.07739540197058403,0.937394247038917,0.944649247494366
D_defensive_P8,6bba_337b1b3a,1194,32,19,1,0,1,29335,nan,-0.03756561679790026,0.9590361445783132,0.9626388230085697
D_defensive_P8,6bba_3c5691b6,741,4,5,0,0,2,6173,nan,-0.013582614253755194,0.988,0.989341962288271
D_defensive_P8,6bba_32db13fc,689,118,122,0,0,1,43207,nan,0.11631572148301253,0.7416576964477933,0.7330310514422179
D_defensive_P8,6bba_3fda6b25,1164,6,15,0,0,1,8156,nan,-0.17130664499085552,0.9822784810126582,0.9991055641155575
D_defensive_P8,6bba_43fea39d,858,12,22,0,0,0,5340,nan,-0.0709812108559499,0.9618834080717489,0.9687109729724669
D_defensive_P8,6bba_3abfe10a,841,116,94,1,0,0,52279,nan,0.0041102468068760206,0.8001902949571836,0.7998613969967096
D_defensive_P8,6bba_3db54e20,433,41,41,0,0,1,22608,nan,-0.02702702702702703,0.8407766990291262,0.8430490684859616
D_defensive_P8,6bba_4aa14c89,648,30,33,0,0,0,7082,nan,0.04346544865183439,0.9113924050632911,0.907430997084896
D_defensive_P8,6bba_4f99ce20,993,8,17,0,0,2,5308,nan,-0.11014249790444258,0.9754420432220039,0.9861858055421523
D_defensive_P8,6bba_474be664,240,26,46,0,0,1,24479,nan,-0.13480366168310182,0.7692307692307693,0.779600281667931
D_defensive_P8,6bba_55b7eebe,682,6,6,0,0,1,4497,nan,-0.14456914590070383,0.9827089337175793,0.9969158728392334
D_defensive_P8,6bba_48816121,896,20,22,1,0,4,25087,nan,0.04681827665345295,0.9552238805970149,0.9507516870062374
D_defensive_P8,6bba_4ffd3da3,645,22,44,1,0,2,19958,nan,0.1315983443896354,0.9071729957805907,0.8952347493486196
D_defensive_P8,6bba_5a4d9360,699,13,23,0,0,0,5457,nan,-0.08684738955823293,0.9510204081632653,0.9592797721498237
D_defensive_P8,6bba_5b28472a,716,1,8,0,0,0,5746,nan,-0.009651844191658049,0.9875862068965517,0.9885394097160314
D_defensive_P8,6bba_55c70843,402,49,65,0,0,0,36629,nan,0.03427926020048002,0.7790697674418605,0.7763991739146138
D_defensive_P8,6bba_5c039895,1138,5,7,2,1,1,7934,nan,-0.07421236872812136,0.9895652173913043,0.996909015270661
D_defensive_P8,6bba_5f89039d,885,0,0,0,0,0,4440,nan,-0.03708523096942095,1.0,1.003708523096942
D_defensive_P8,6bba_5dfe9ad1,1441,19,46,0,0,0,29396,nan,0.09226024597778025,0.9568393094289509,0.9480114864240385
D_defensive_P8,6bba_5c824876,1081,44,49,1,0,0,25113,nan,0.018906966365074857,0.9207836456558773,0.9190427231140846
D_defensive_P8,6bba_61dd1e0d,534,8,9,0,0,0,9375,nan,-0.07434834123222749,0.969147005444646,0.976352452671145
D_defensive_P8,6bba_61ecbe65,595,6,19,0,0,1,5375,nan,-0.06910287495670246,0.9596774193548387,0.9663090662256837
D_defensive_P8,6bba_6321a359,785,13,13,0,0,1,4603,nan,-0.045218834266749636,0.967940813810111,0.9723177293340811
D_defensive_P8,6bba_6ca87370,1038,17,14,0,0,1,6256,nan,-0.13050729673384295,0.971000935453695,0.9836732061749046
D_defensive_P8,6bba_6479435d,470,72,110,0,0,0,23931,nan,0.020381187907730355,0.7208588957055214,0.7193896996446881
D_defensive_P8,6bba_67ebd073,391,67,47,0,1,1,15180,nan,-0.054853371521075896,0.7742574257425743,0.7785044887652952
D_defensive_P8,6bba_6feeb0b1,1330,7,13,0,0,0,6845,nan,-0.08951848895982974,0.9851851851851852,0.9940044140975239
D_defensive_P8,6bba_6feb10f0,1123,104,220,0,0,0,10831,nan,0.22218460844053262,0.7760884588804423,0.7588449678452857
D_defensive_P8,6bba_6db0e9b4,428,15,12,0,0,0,24776,nan,-0.12867944434675577,0.9406593406593406,0.9527636927869035
D_defensive_P8,6bba_57b7cc1e,1280,337,312,0,1,3,73101,nan,0.11585840545862527,0.6635562467599793,0.6558683898918072
D_defensive_P8,6bba_705ec2c9,536,23,26,0,2,1,5840,nan,0.04285714285714286,0.9162393162393162,0.9123125763125762
D_defensive_P8,6bba_718b21f9,649,0,3,0,0,0,4074,nan,-0.0538783093358105,0.995398773006135,1.000761813306586
D_defensive_P8,6bba_76db78c1,604,0,0,0,0,0,4628,nan,-0.04675592173017508,1.0,1.0046755921730175
D_defensive_P8,6bba_784a78c9,1735,3,4,0,1,1,12664,nan,-0.032987171655467315,0.9959816303099885,0.9992670920104614
D_defensive_P8,6bba_789f8168,670,16,11,0,0,0,10532,nan,-0.013488197826901461,0.9612625538020086,0.962559123750936
D_defensive_P8,6bba_74686d6a,560,22,16,0,1,2,25345,nan,-0.14958225681978324,0.9364548494983278,0.9504625524781067
D_defensive_P8,6bba_767a1e17,553,94,105,0,0,0,47371,nan,-0.007188665800394014,0.7353723404255319,0.7359009750249492
D_defensive_P8,6bba_7b5d3b2c,543,8,12,0,0,0,5399,nan,-0.06591695501730103,0.9644760213143873,0.9708335535656117
D_defensive_P8,6bba_7af54fde,1043,48,49,0,0,2,10097,nan,0.0491479634247714,0.9149122807017543,0.9104156731708739
D_defensive_P8,6bba_7d3058ae,1167,5,6,0,0,2,7395,nan,-0.02837997635001971,0.9906621392190152,0.9934736360272047
D_defensive_P8,6bba_7f87b3d8,892,49,42,1,0,2,9139,nan,-0.13628201493242606,0.9074262461851476,0.9197928339084154
D_defensive_P8,6bba_80d12824,639,10,15,0,0,1,8207,nan,-0.09023389868085578,0.9623493975903614,0.9710330513941365
D_defensive_P8,6bba_786893ac,1194,269,201,0,4,3,54336,nan,-0.07872293528204954,0.7175480769230769,0.7231968260052143
D_defensive_P8,6bba_825bd1c6,895,42,35,0,1,0,6796,nan,-0.10413920379646717,0.9207818930041153,0.9303708423248805
D_defensive_P8,6bba_78a7bd97,731,110,101,0,0,2,38758,nan,-0.045675030162755766,0.7760084925690022,0.7795529136994666
D_defensive_P8,6bba_87289e13,669,41,30,0,1,1,13881,nan,-0.0724976613657624,0.904054054054054,0.9106082345207696
D_defensive_P8,6bba_907271db,916,1,5,0,0,1,6792,nan,-0.07035313441007392,0.9934924078091106,1.0004819382993089
D_defensive_P8,6bba_96833384,714,8,7,0,0,0,4699,nan,-0.03491476689258575,0.9794238683127572,0.9828435039178747
D_defensive_P8,6bba_91951b3a,1125,16,23,0,0,0,11398,nan,-0.042747963382884016,0.9664948453608248,0.9706264139867478
D_defensive_P8,6bba_8b7818bf,723,2,2,1,0,1,5610,nan,-0.03740562800274537,0.9944979367262724,0.9982179187133404
D_defensive_P8,6bba_971fa5e0,750,11,17,0,1,0,4935,nan,-0.1201640221073275,0.9640102827763496,0.9755942180694724
D_defensive_P8,6bba_9e23430b,866,18,25,0,0,1,7266,nan,-0.05734302023871302,0.9526952695269527,0.9581583119391338
D_defensive_P8,6bba_a5e926bb,670,22,28,0,0,0,7841,nan,-0.07097156398104265,0.9305555555555556,0.9371598538704581
D_defensive_P8,6bba_969618f6,650,5,8,0,0,3,15474,nan,0.11419930875576037,0.9803921568627451,0.9691961462004156
D_defensive_P8,6bba_9a41d029,1317,33,36,0,1,2,18355,nan,0.006801601667489441,0.9502164502164502,0.9495701508372233
D_defensive_P8,6bba_a90a0b9c,876,182,236,0,0,0,29125,nan,-0.2106190372940156,0.6769706336939721,0.6912289240084666
D_defensive_P8,6bba_ab78413d,936,117,202,0,0,2,12281,nan,0.32896872632831947,0.7458167330677291,0.7212816949925652
D_defensive_P8,6bba_ae82a791,1463,13,8,0,1,0,7117,nan,-0.03863298662704309,0.9858490566037735,0.9896576859457792
D_defensive_P8,6bba_aeee7805,762,4,6,0,0,1,4902,nan,-0.026221692491060787,0.9870466321243523,0.9896348354505425
D_defensive_P8,6bba_af149c94,1268,27,49,0,0,0,7791,nan,-0.12784059106683085,0.9434523809523809,0.955513531954817
D_defensive_P8,6bba_acd782a8,307,27,23,0,0,0,19762,nan,0.0026382546930492135,0.8599439775910365,0.8597171024675726
D_defensive_P8,6bba_afb141ff,594,24,32,1,0,3,5483,nan,-0.0943178064089858,0.9138461538461539,0.9224653503087596
D_defensive_P8,6bba_b1ae37b9,548,37,31,0,1,0,22534,nan,-0.07259856778335666,0.8896103896103896,0.8960688336274805
D_defensive_P8,6bba_b204cac7,802,8,9,0,0,2,5406,nan,0.06166535742340927,0.9792429792429792,0.973204442411041
D_defensive_P8,6bba_b693381b,912,18,23,0,0,0,6039,nan,0.08654192155451601,0.9569779643231899,0.9486960931314041
D_defensive_P8,6bba_bbb708ca,848,8,13,0,2,0,6531,nan,-0.03743551952837141,0.9758342922899885,0.979487378660536
D_defensive_P8,6bba_c27cba08,484,5,9,0,0,0,6299,nan,-0.02265321955003879,0.9718875502008032,0.9740891884060681
D_defensive_P8,6bba_c73a1d11,563,95,147,0,0,0,23677,nan,0.45124118908979466,0.6993788819875777,0.6678200261543411
D_defensive_P8,6bba_bb9f20c3,1795,78,84,0,2,3,22768,nan,-0.013133370898530623,0.9172202350536536,0.9184248544079132
D_defensive_P8,6bba_b329af44,1172,89,96,0,0,1,63925,nan,0.023373088929800688,0.8636698599852616,0.8616511967409192
D_defensive_P8,6bba_cf35214c,815,3,2,0,0,0,34669,nan,-0.006334193178561192,0.9939024390243902,0.9945319960293326
D_defensive_P8,6bba_c328f2fd,448,25,52,0,0,2,30212,nan,-0.03253490457281927,0.8533333333333334,0.8561096451902139
D_defensive_P8,6bba_d0fc38b5,813,0,0,0,0,0,5675,nan,-0.07134675175912289,1.0,1.0071346751759123
D_defensive_P8,6bba_cff5865f,1466,41,35,0,0,0,46486,nan,0.0026746042017169232,0.9507133592736705,0.9504590810791363
D_defensive_P8,6bba_cdcfe533,1330,19,18,1,2,3,28130,nan,-0.05556488165183817,0.9729334308705194,0.9783395239646631
D_defensive_P8,6bba_d3da753b,833,34,24,0,1,1,15894,nan,-0.07839499014264177,0.9349046015712682,0.9422337852737173
D_defensive_P8,6bba_d2b9fc0c,917,5,4,0,0,2,18760,nan,-0.07027455644761621,0.990280777537797,0.9972399317778039
D_defensive_P8,6bba_d5eae175,519,0,0,0,0,0,4115,nan,-0.08940030980305377,1.0,1.0089400309803054
D_defensive_P8,6bba_d1acb6ff,619,25,24,0,1,1,16020,nan,0.08838915687207011,0.9266467065868264,0.9184561544754773
D_defensive_P8,6bba_d6ecebbb,840,13,22,0,0,0,6006,nan,0.1207314797536854,0.96,0.9484097779436462
D_defensive_P8,6bba_d82a4fc6,508,28,22,0,0,0,28378,nan,0.023885120508009814,0.910394265232975,0.9082197775594859
D_defensive_P8,6bba_e16ffc58,935,7,7,1,0,0,5910,nan,-0.07177634678812628,0.9852476290832455,0.9923193766329713
D_defensive_P8,6bba_e5e44988,597,16,37,0,0,0,5094,nan,-0.09278717720391808,0.9184615384615384,0.9269836838139599
D_defensive_P8,6bba_debd7bfa,714,16,15,3,0,1,11757,nan,-0.00423477598035064,0.9583892617449664,0.9587951181275127
D_defensive_P8,6bba_ed9377fd,497,0,11,0,0,0,4275,nan,-0.03781228899392303,0.9783464566929134,0.9820458085885788
D_defensive_P8,6bba_df673a83,644,7,10,1,0,3,21790,nan,0.13259524923332813,0.9742813918305597,0.961362883433243
D_defensive_P8,6bba_eebc57a5,927,75,62,0,2,0,8417,nan,-0.09949716486573232,0.8712406015037594,0.8799091984803132
D_defensive_P8,6bba_ebff6e76,1002,270,262,0,0,0,48009,nan,0.15417347821905952,0.6531942633637549,0.6431237402102022
D_defensive_P8,6bba_ebdf3b34,737,66,66,0,0,2,59027,nan,0.03834854961563495,0.8481012658227848,0.844848920475636
D_defensive_P8,6bba_edf14583,730,46,30,0,0,0,50168,nan,-0.153168360284933,0.9057071960297767,0.9195797646411911
D_defensive_P8,6bba_ef7b4f7e,1179,7,22,0,0,2,5791,nan,-0.0517439004421156,0.9759933774834437,0.9810435478991105
D_defensive_P8,6bba_f17befbc,929,93,86,0,1,0,25507,nan,0.02179225253374995,0.8384476534296029,0.8366204871296161
D_defensive_P8,6bba_f1fde7e0,415,29,31,0,0,0,7798,nan,-0.13738938053097347,0.8736842105263158,0.8856877037727062
D_defensive_P8,6bba_f20478e9,931,22,32,0,0,1,5175,nan,-0.13360120542440984,0.9451776649746193,0.957805352512703
D_defensive_P8,6bba_f4ae811c,955,7,10,0,0,0,9271,nan,0.041334381669100306,0.9825102880658436,0.9784491425417705
D_defensive_P8,6bba_fbc898dc,634,7,5,0,0,0,4941,nan,0.01063612190632031,0.9814241486068112,0.9803802939181723
D_defensive_P8,6bba_fc516dc6,720,28,42,0,0,0,6690,nan,-0.14950419527078565,0.9113924050632911,0.9250181038727805
D_defensive_P8,6bba_fc83837d,828,77,95,0,0,0,11321,nan,-0.13494307327882632,0.828,0.8391732864674868
D_defensive_P8,6bba_fc5f39dc,440,7,18,0,0,2,17604,nan,0.25563480741797434,0.946236559139785,0.9220474590830304
D_defensive_P8,6bba_fe670320,662,14,18,0,0,2,9606,nan,-0.11351052048726468,0.9538904899135446,0.9647181505133385
D_defensive_P8,6bba_f8ffd5e7,352,17,18,1,0,1,30740,nan,0.040622884224779957,0.9095607235142119,0.9058658255175394
A_tau09_P8,44b6_0b24845f,49,0,0,0,0,0,18141,nan,-0.44683640798902274,1.0,1.0446836407989022
A_tau09_P8,44b6_0db75fae,149,0,2,0,0,0,17498,nan,0.14104988588196934,0.9867549668874173,0.9728367993401236
A_tau09_P8,44b6_0c582fdc,69,1,1,0,0,0,26806,nan,-0.04120466413906574,0.971830985915493,0.9758353828529515
A_tau09_P8,44b6_144b256d,119,0,0,0,0,0,27584,nan,-0.5780714635340186,1.0,1.0578071463534018
A_tau09_P8,44b6_0113de3b,46,3,4,0,0,0,25488,nan,-0.01036691904484566,0.8679245283018868,0.8688242986340811
A_tau09_P8,44b6_1574802b,144,10,9,0,1,0,19270,nan,0.09011710131809696,0.8834355828220859,0.8754743174295669
A_tau09_P8,44b6_12dfb391,741,38,32,0,0,1,44125,nan,-0.24793768748295608,0.9136868064118372,0.936340545798381
A_tau09_P8,44b6_24264f12,213,10,8,0,0,0,26792,nan,0.016658444958828216,0.922077922077922,0.9205418836466535
A_tau09_P8,44b6_1d530831,253,28,18,0,1,0,35377,nan,-0.012505233775296581,0.8461538461538461,0.8472119813194482
A_tau09_P8,44b6_2f31fc2f,67,25,18,0,0,0,18086,nan,-0.25779711096520025,0.6090909090909091,0.6247930967587896
A_tau09_P8,44b6_33b596bf,49,0,0,0,0,0,23592,nan,0.011230175739391342,1.0,0.9988769824260608
A_tau09_P8,44b6_2a2eff9f,197,23,13,0,1,1,37910,nan,-0.32744336225096243,0.8454935622317596,0.8731786877096308
A_tau09_P8,44b6_267148e4,250,40,27,0,0,1,21733,nan,0.13606900156821747,0.7886435331230284,0.7779125393085001
A_tau09_P8,44b6_18ced818,90,16,9,0,1,0,71293,nan,-0.09347184782055847,0.782608695652174,0.7899238837424786
A_tau09_P8,44b6_341df25f,208,0,1,0,0,1,8361,nan,0.12439483593329748,0.9952153110047847,0.9828353464717101
A_tau09_P8,44b6_3bb3690f,380,26,16,0,0,0,15743,nan,-0.5070607759025582,0.9004739336492891,0.9461334347969129
A_tau09_P8,44b6_40c45f5a,194,5,4,0,0,0,28593,nan,-0.12508797160429608,0.9556650246305419,0.9676192445769624
A_tau09_P8,44b6_3a861e03,884,38,35,0,0,0,36206,nan,-0.10703891875894046,0.9237199582027168,0.9336073567589241
A_tau09_P8,44b6_53f95252,67,2,1,0,0,0,30048,nan,-0.22386671832623015,0.9571428571428572,0.9785701001826536
A_tau09_P8,44b6_415c0a3a,310,13,12,0,0,0,32632,nan,-0.4304265866089506,0.9253731343283582,0.9652036542832162
A_tau09_P8,44b6_5740d24b,169,1,1,0,0,0,11083,nan,-0.43826659908768373,0.9883040935672515,1.031618160962467
A_tau09_P8,44b6_551a5dba,199,33,25,0,0,0,30257,nan,-0.4749509778402485,0.77431906614786,0.8110954259105875
A_tau09_P8,44b6_587a1e22,365,7,6,1,0,0,18647,nan,0.028119314109279373,0.9656084656084656,0.9628932408333633
A_tau09_P8,44b6_5f15d135,252,23,21,0,0,1,21046,nan,-0.2870354686811884,0.8513513513513513,0.8757881547661012
A_tau09_P8,44b6_66f9292d,197,2,1,0,0,0,20016,nan,-0.6202618099032442,0.985,1.0460957882754696
A_tau09_P8,44b6_668e0cc7,613,28,18,0,0,0,33423,nan,-0.15813203697639858,0.9301972685887708,0.9449066674759533
A_tau09_P8,44b6_74d0c52e,135,5,4,0,1,1,8383,nan,-0.44446653412856196,0.9375,0.9791687375745527
A_tau09_P8,44b6_71a4179f,107,20,12,0,0,0,30496,nan,-0.5494622385060868,0.7697841726618705,0.8120809061296053
A_tau09_P8,44b6_706092f0,108,10,9,0,0,1,28556,nan,-0.5914618444018427,0.8503937007874016,0.9006912434609441
A_tau09_P8,44b6_81c256f0,197,0,0,0,0,0,11208,nan,0.11500198965380024,1.0,0.98849980103462
A_tau09_P8,44b6_808952d6,179,0,0,0,0,0,14887,nan,-0.05431330199466396,1.0,1.0054313301994664
A_tau09_P8,44b6_7e557709,546,10,14,0,0,0,44362,nan,-0.2086692829111666,0.9578947368421052,0.9778830576262275
A_tau09_P8,44b6_7a302da0,492,22,15,0,0,1,42450,nan,-0.3650722426635556,0.9300567107750473,0.9640104996957409
A_tau09_P8,44b6_87bba6c4,109,47,40,0,1,0,28036,nan,-0.0023485872891609136,0.5561224489795918,0.5562530591910809
A_tau09_P8,44b6_8cc6506c,381,22,15,0,0,0,18127,nan,-0.4365597413900286,0.9114832535885168,0.9512749429353112
A_tau09_P8,44b6_90724892,97,12,6,0,0,0,23034,nan,-0.09783800720664264,0.8434782608695652,0.8517306840861256
A_tau09_P8,44b6_8f5ab931,572,38,32,0,0,0,27087,nan,-0.017554677015704907,0.8909657320872274,0.8925297936531127
A_tau09_P8,44b6_8f9ecab4,366,4,4,0,0,0,39731,nan,-0.4690711317199631,0.9786096256684492,1.0245133781308842
A_tau09_P8,44b6_95029e92,198,0,0,0,0,0,4757,nan,-0.07827940321643093,1.0,1.007827940321643
A_tau09_P8,44b6_949adeb1,351,44,27,0,0,0,37840,nan,0.01777885365394443,0.8317535545023697,0.830274792030205
A_tau09_P8,44b6_996155de,370,2,7,1,0,0,8879,nan,0.17245477353756766,0.9762532981530343,0.9594173440082058
A_tau09_P8,44b6_97725144,219,1,2,0,0,0,32719,nan,-0.08539721585509029,0.9864864864864865,0.994910806428948
A_tau09_P8,44b6_9be80b04,205,18,15,0,1,1,25200,nan,-0.5645938801250928,0.8613445378151261,0.9099755232880857
A_tau09_P8,44b6_a21120c2,279,12,7,1,0,1,21921,nan,-0.048567708333333334,0.9362416107382551,0.9407887216862417
A_tau09_P8,44b6_a2bb48bb,376,44,34,0,1,0,43382,nan,-0.2842789500602181,0.8281938325991189,0.8517376399168815
A_tau09_P8,44b6_9bfa6a0a,241,30,18,0,0,0,38612,nan,-0.3995770355165765,0.8339100346020761,0.8672311645534584
A_tau09_P8,44b6_aaf8b0ea,203,0,3,0,0,1,14019,nan,-0.3656274039549301,0.9854368932038835,1.0214671665062383
A_tau09_P8,44b6_c15fded2,97,8,5,0,0,0,19353,nan,-0.059849404906485305,0.8818181818181818,0.8870958111599355
A_tau09_P8,44b6_b2c44266,156,14,12,0,0,0,36725,nan,-0.3851395469537411,0.8571428571428571,0.8901548183103206
A_tau09_P8,44b6_abf82518,94,0,0,0,0,0,25568,nan,-0.07375742645993334,1.0,1.0073757426459933
A_tau09_P8,44b6_c771cb04,203,34,20,0,0,0,28016,nan,-0.4748148842440716,0.7898832684824902,0.8273881017515745
A_tau09_P8,44b6_cf2536e8,70,8,5,0,0,0,20633,nan,-0.6415703986797533,0.8433734939759037,0.8974818408525094
A_tau09_P8,44b6_c96cfa10,590,17,26,0,0,0,37236,nan,-0.19465351674020243,0.9320695102685624,0.9502125710705718
A_tau09_P8,44b6_c50204e0,294,31,31,0,0,2,35757,nan,-0.2404732571477123,0.8258426966292135,0.8457020049442213
A_tau09_P8,44b6_c8e2a523,158,10,6,0,1,1,28311,nan,-0.14581824764663287,0.9080459770114943,0.9212869443265332
A_tau09_P8,44b6_d2f34f90,271,5,10,0,0,2,14675,nan,-0.390421201296004,0.9475524475524476,0.984546904038887
A_tau09_P8,44b6_cf8fed6b,178,12,10,0,0,0,41001,nan,-0.0623842301447552,0.89,0.8955521964828831
A_tau09_P8,44b6_d29c9ab2,1285,56,43,0,0,0,36336,nan,-0.0451714623571147,0.9284682080924855,0.9326622347636483
A_tau09_P8,44b6_d754aa59,64,3,6,0,0,1,5523,nan,0.06807193966350802,0.8767123287671232,0.8707443778925144
A_tau09_P8,44b6_db3c847b,154,7,8,0,0,0,15223,nan,0.013312920189043467,0.9112426035502958,0.9100294735449037
A_tau09_P8,44b6_d78e09d9,418,37,33,0,0,0,23300,nan,0.046767599622624556,0.8565573770491803,0.8525514638028162
A_tau09_P8,44b6_d5e7d891,830,90,63,0,1,2,41844,nan,-0.06698180520870496,0.844354018311292,0.8500096539494635
A_tau09_P8,44b6_ddf577ad,607,48,40,0,0,0,37263,nan,-0.3033911612951469,0.8733812949640288,0.8998789114972885
A_tau09_P8,44b6_deabac95,121,6,3,1,2,0,15562,nan,0.11244549288726857,0.9307692307692308,0.9203031502774158
A_tau09_P8,44b6_e28840c6,289,14,20,0,0,2,26309,nan,-0.6477385319872533,0.8947368421052632,0.9526923949672806
A_tau09_P8,44b6_e29f0176,48,4,2,0,0,0,13328,nan,0.027681394093607835,0.8888888888888888,0.8864283205250125
A_tau09_P8,44b6_e35b117d,240,11,26,0,0,0,18245,nan,-0.36297615306728115,0.8664259927797834,0.8978751901574539
A_tau09_P8,44b6_e57ff5c6,142,19,44,0,0,0,15946,nan,-0.21502412129565818,0.6926829268292682,0.7075772805970649
A_tau09_P8,44b6_f28707c6,55,6,6,0,0,0,21352,nan,0.14451114922813035,0.8208955223880597,0.8090326668544072
A_tau09_P8,44b6_eb2880fc,371,13,8,0,3,1,35856,nan,-0.2543049663089593,0.9464285714285714,0.9704967200256694
A_tau09_P8,6bba_05b6850b,836,8,9,0,0,0,6035,nan,-0.05139893115372524,0.9800703399765534,0.9851077967695797
A_tau09_P8,44b6_e31261b4,106,10,7,0,0,0,66132,nan,-0.09229164379049083,0.8617886178861789,0.8697422067006441
A_tau09_P8,6bba_062c8d37,896,5,2,1,2,0,5855,nan,-0.02902155887230514,0.9922480620155039,0.9951277205702751
A_tau09_P8,6bba_07477033,593,14,9,0,0,0,4518,nan,-0.06575682382133995,0.9626623376623377,0.9689924994360477
A_tau09_P8,6bba_085bf656,1164,2,4,0,2,1,8223,nan,-0.02835873803615739,0.9948717948717949,0.9976931257328281
A_tau09_P8,6bba_0c7fa718,620,45,39,0,0,0,12354,nan,-0.09494505494505495,0.8806818181818182,0.8890434565434566
A_tau09_P8,6bba_09961292,1791,109,80,1,0,3,29279,nan,-0.059067390815309956,0.9045454545454545,0.9098883685328395
A_tau09_P8,6bba_07e24132,309,17,36,0,0,2,27261,nan,0.2688387246916453,0.8535911602209945,0.830643324328807
A_tau09_P8,6bba_0e7c0d07,179,19,19,0,0,1,21553,nan,-0.04068188899274491,0.8248847926267281,0.8282405797832724
A_tau09_P8,6bba_05db0fb1,1114,93,69,0,0,3,68777,nan,-0.014656160458452722,0.8730407523510971,0.8743202948864197
A_tau09_P8,6bba_13f19531,693,11,11,0,0,0,5571,nan,-0.03499047289104452,0.9692307692307692,0.9726221535263628
A_tau09_P8,6bba_12665c0e,961,21,37,0,1,3,7998,nan,-0.03800817897522252,0.943081452404318,0.9466659332674375
A_tau09_P8,6bba_15403b9a,716,14,13,0,1,0,6243,nan,-0.09377268108578894,0.9636608344549125,0.972697340465333
A_tau09_P8,6bba_1ebfb80d,675,37,44,0,0,0,11151,nan,-0.03521370479321682,0.8928571428571429,0.8960012236422517
A_tau09_P8,6bba_1d0d8384,1255,107,110,0,0,1,16932,nan,-0.054553576414093474,0.8525815217391305,0.8572326588586745
A_tau09_P8,6bba_1f58c2f6,264,48,35,0,1,0,31359,nan,0.08497387814413729,0.760806916426513,0.7543420450057486
A_tau09_P8,6bba_207c6aaf,354,81,96,0,0,1,17234,nan,0.43628635719643305,0.6666666666666666,0.6375809095202378
A_tau09_P8,6bba_23af9eeb,498,1,1,0,0,0,4060,nan,-0.08764044943820225,0.996,1.004728988764045
A_tau09_P8,6bba_2540cd90,523,0,0,0,0,0,3476,nan,-0.08115252445149353,1.0,1.0081152524451493
A_tau09_P8,6bba_20852818,846,27,63,0,0,3,9760,nan,0.00020496003279360525,0.9038461538461539,0.9038276286124206
A_tau09_P8,6bba_2312ac41,1128,5,4,1,0,1,12255,nan,0.025523012552301255,0.9920844327176781,0.9895523343747585
A_tau09_P8,6bba_2646afc7,704,12,17,0,1,0,5176,nan,-0.05805277525022748,0.9604365620736699,0.9660121628616863
A_tau09_P8,6bba_268e1230,580,10,29,0,0,1,4611,nan,-0.09712159780693166,0.9369951534733441,0.9460954001176122
A_tau09_P8,6bba_2819ca14,918,21,31,0,0,1,4908,nan,-0.11311890133718829,0.9463917525773196,0.9570972321059318
A_tau09_P8,6bba_312f0dc3,498,3,2,0,0,0,9351,nan,-0.06142728093947606,0.9900596421471173,0.9961413093256182
A_tau09_P8,6bba_283bf9f1,1268,13,20,0,2,0,21538,nan,0.03245290254541968,0.9746348962336664,0.9714719231031828
A_tau09_P8,6bba_372c8cb8,1006,2,1,0,0,0,6553,nan,-0.06665717134311351,0.9970267591674926,1.0036726575194423
A_tau09_P8,6bba_3a1849c2,1108,40,34,0,0,0,6461,nan,-0.07739540197058403,0.937394247038917,0.944649247494366
A_tau09_P8,6bba_32db13fc,689,118,122,0,0,1,43207,nan,0.11631572148301253,0.7416576964477933,0.7330310514422179
A_tau09_P8,6bba_337b1b3a,1194,32,19,1,0,1,29346,nan,-0.03720472440944882,0.9590361445783132,0.962604212124087
A_tau09_P8,6bba_3c5691b6,741,5,5,1,0,1,6173,nan,-0.013582614253755194,0.9866844207723036,0.9880245961600576
A_tau09_P8,6bba_43fea39d,858,12,22,0,0,0,5340,nan,-0.0709812108559499,0.9618834080717489,0.9687109729724669
A_tau09_P8,6bba_3fda6b25,1165,7,14,1,1,0,8156,nan,-0.17130664499085552,0.9822934232715008,0.9991207623452232
A_tau09_P8,6bba_3db54e20,433,41,41,0,0,1,22608,nan,-0.02702702702702703,0.8407766990291262,0.8430490684859616
A_tau09_P8,6bba_3abfe10a,841,116,94,1,0,0,52279,nan,0.0041102468068760206,0.8001902949571836,0.7998613969967096
A_tau09_P8,6bba_4aa14c89,648,30,33,0,0,0,7082,nan,0.04346544865183439,0.9113924050632911,0.907430997084896
A_tau09_P8,6bba_4f99ce20,993,8,17,0,0,2,5308,nan,-0.11014249790444258,0.9754420432220039,0.9861858055421523
A_tau09_P8,6bba_474be664,240,26,46,0,0,1,24479,nan,-0.13480366168310182,0.7692307692307693,0.779600281667931
A_tau09_P8,6bba_55b7eebe,682,6,6,0,0,1,4497,nan,-0.14456914590070383,0.9827089337175793,0.9969158728392334
A_tau09_P8,6bba_48816121,897,21,21,2,1,3,25087,nan,0.04681827665345295,0.9552715654952076,0.9507991486519545
A_tau09_P8,6bba_4ffd3da3,645,22,44,1,0,2,19958,nan,0.1315983443896354,0.9071729957805907,0.8952347493486196
A_tau09_P8,6bba_5a4d9360,699,13,23,0,0,0,5457,nan,-0.08684738955823293,0.9510204081632653,0.9592797721498237
A_tau09_P8,6bba_55c70843,402,49,65,0,0,0,36629,nan,0.03427926020048002,0.7790697674418605,0.7763991739146138
A_tau09_P8,6bba_5b28472a,716,1,8,0,0,0,5746,nan,-0.009651844191658049,0.9875862068965517,0.9885394097160314
A_tau09_P8,6bba_5c039895,1138,5,7,2,1,1,7934,nan,-0.07421236872812136,0.9895652173913043,0.996909015270661
A_tau09_P8,6bba_5c824876,1081,44,49,1,0,0,25113,nan,0.018906966365074857,0.9207836456558773,0.9190427231140846
A_tau09_P8,6bba_5dfe9ad1,1441,19,46,0,0,0,29396,nan,0.09226024597778025,0.9568393094289509,0.9480114864240385
A_tau09_P8,6bba_5f89039d,885,0,0,0,0,0,4440,nan,-0.03708523096942095,1.0,1.003708523096942
A_tau09_P8,6bba_61dd1e0d,534,8,9,0,0,0,9386,nan,-0.07326224328593997,0.969147005444646,0.9762471938139187
A_tau09_P8,6bba_61ecbe65,595,6,19,0,0,1,5375,nan,-0.06910287495670246,0.9596774193548387,0.9663090662256837
A_tau09_P8,6bba_6321a359,785,13,13,0,0,1,4603,nan,-0.045218834266749636,0.967940813810111,0.9723177293340811
A_tau09_P8,6bba_6479435d,470,72,110,0,0,0,23931,nan,0.020381187907730355,0.7208588957055214,0.7193896996446881
A_tau09_P8,6bba_67ebd073,391,67,47,0,1,1,15186,nan,-0.05447979577859411,0.7742574257425743,0.7784755643860258
A_tau09_P8,6bba_6ca87370,1038,17,14,0,0,1,6261,nan,-0.12981236970118137,0.971000935453695,0.9836057286950258
A_tau09_P8,6bba_6feeb0b1,1330,8,13,0,1,0,6845,nan,-0.08951848895982974,0.9844559585492227,0.9932686595349055
A_tau09_P8,6bba_57b7cc1e,1279,338,313,0,2,3,73111,nan,0.11601105157912411,0.6626943005181347,0.6550063142502746
A_tau09_P8,6bba_6db0e9b4,428,16,12,0,1,0,24776,nan,-0.12867944434675577,0.9385964912280702,0.9506742987237744
A_tau09_P8,6bba_6feb10f0,1123,104,220,0,0,0,10831,nan,0.22218460844053262,0.7760884588804423,0.7588449678452857
A_tau09_P8,6bba_718b21f9,649,0,3,0,0,0,4074,nan,-0.0538783093358105,0.995398773006135,1.000761813306586
A_tau09_P8,6bba_705ec2c9,536,23,26,0,2,1,5840,nan,0.04285714285714286,0.9162393162393162,0.9123125763125762
A_tau09_P8,6bba_76db78c1,604,0,0,0,0,0,4628,nan,-0.04675592173017508,1.0,1.0046755921730175
A_tau09_P8,6bba_784a78c9,1736,3,3,1,1,0,12664,nan,-0.032987171655467315,0.9965556831228473,0.9998430384611877
A_tau09_P8,6bba_767a1e17,553,94,105,0,0,0,47381,nan,-0.0069790837070880666,0.7353723404255319,0.7358855629375026
A_tau09_P8,6bba_74686d6a,560,22,16,0,1,2,25345,nan,-0.14958225681978324,0.9364548494983278,0.9504625524781067
A_tau09_P8,6bba_789f8168,670,16,11,0,0,0,10532,nan,-0.013488197826901461,0.9612625538020086,0.962559123750936
A_tau09_P8,6bba_7b5d3b2c,543,8,12,0,0,0,5399,nan,-0.06591695501730103,0.9644760213143873,0.9708335535656117
A_tau09_P8,6bba_7af54fde,1043,48,49,0,0,2,10097,nan,0.0491479634247714,0.9149122807017543,0.9104156731708739
A_tau09_P8,6bba_7d3058ae,1167,6,6,0,1,2,7395,nan,-0.02837997635001971,0.989821882951654,0.9926309951145439
A_tau09_P8,6bba_7f87b3d8,891,52,43,1,1,2,9148,nan,-0.13543143370191854,0.9036511156186613,0.9158893922341186
A_tau09_P8,6bba_78a7bd97,731,110,101,0,0,2,38758,nan,-0.045675030162755766,0.7760084925690022,0.7795529136994666
A_tau09_P8,6bba_786893ac,1194,269,201,0,4,3,54341,nan,-0.07863815934485156,0.7175480769230769,0.7231907429241439
A_tau09_P8,6bba_80d12824,639,10,15,0,0,1,8207,nan,-0.09023389868085578,0.9623493975903614,0.9710330513941365
A_tau09_P8,6bba_825bd1c6,895,42,35,0,1,0,6796,nan,-0.10413920379646717,0.9207818930041153,0.9303708423248805
A_tau09_P8,6bba_87289e13,669,41,30,0,1,1,13881,nan,-0.0724976613657624,0.904054054054054,0.9106082345207696
A_tau09_P8,6bba_907271db,916,1,5,0,0,1,6792,nan,-0.07035313441007392,0.9934924078091106,1.0004819382993089
A_tau09_P8,6bba_91951b3a,1125,17,23,0,1,0,11398,nan,-0.042747963382884016,0.9656652360515021,0.9697932582665874
A_tau09_P8,6bba_96833384,714,8,7,0,0,0,4699,nan,-0.03491476689258575,0.9794238683127572,0.9828435039178747
A_tau09_P8,6bba_8b7818bf,723,2,2,1,0,1,5610,nan,-0.03740562800274537,0.9944979367262724,0.9982179187133404
A_tau09_P8,6bba_971fa5e0,750,12,17,0,2,0,4935,nan,-0.1201640221073275,0.962772785622593,0.9743418506521817
A_tau09_P8,6bba_a5e926bb,670,22,28,0,0,0,7841,nan,-0.07097156398104265,0.9305555555555556,0.9371598538704581
A_tau09_P8,6bba_9e23430b,866,18,25,0,0,1,7266,nan,-0.05734302023871302,0.9526952695269527,0.9581583119391338
A_tau09_P8,6bba_9a41d029,1317,33,36,0,1,2,18365,nan,0.007350117930996654,0.9502164502164502,0.9495180299195438
A_tau09_P8,6bba_ab78413d,936,118,202,0,1,2,12281,nan,0.32896872632831947,0.7452229299363057,0.7207074261271252
A_tau09_P8,6bba_a90a0b9c,876,182,236,0,0,0,29125,nan,-0.2106190372940156,0.6769706336939721,0.6912289240084666
A_tau09_P8,6bba_acd782a8,307,27,23,0,0,0,19762,nan,0.0026382546930492135,0.8599439775910365,0.8597171024675726
A_tau09_P8,6bba_969618f6,650,5,8,0,0,3,15474,nan,0.11419930875576037,0.9803921568627451,0.9691961462004156
A_tau09_P8,6bba_ae82a791,1463,13,8,0,1,0,7117,nan,-0.03863298662704309,0.9858490566037735,0.9896576859457792
A_tau09_P8,6bba_aeee7805,763,4,5,1,0,0,4902,nan,-0.026221692491060787,0.9883419689119171,0.990933568830399
A_tau09_P8,6bba_afb141ff,594,24,32,1,0,3,5483,nan,-0.0943178064089858,0.9138461538461539,0.9224653503087596
A_tau09_P8,6bba_b204cac7,802,8,9,0,0,2,5416,nan,0.0636292223095051,0.9792429792429792,0.9730121323208519
A_tau09_P8,6bba_af149c94,1269,27,48,0,1,0,7791,nan,-0.12784059106683085,0.9441964285714286,0.9562670915226047
A_tau09_P8,6bba_b693381b,912,18,23,0,0,0,6039,nan,0.08654192155451601,0.9569779643231899,0.9486960931314041
A_tau09_P8,6bba_b1ae37b9,548,37,31,0,1,0,22534,nan,-0.07259856778335666,0.8896103896103896,0.8960688336274805
A_tau09_P8,6bba_bbb708ca,848,8,13,0,2,0,6531,nan,-0.03743551952837141,0.9758342922899885,0.979487378660536
A_tau09_P8,6bba_c27cba08,484,5,9,0,0,0,6299,nan,-0.02265321955003879,0.9718875502008032,0.9740891884060681
A_tau09_P8,6bba_bb9f20c3,1795,78,84,0,2,3,22768,nan,-0.013133370898530623,0.9172202350536536,0.9184248544079132
A_tau09_P8,6bba_b329af44,1172,89,96,0,0,1,63925,nan,0.023373088929800688,0.8636698599852616,0.8616511967409192
A_tau09_P8,6bba_c73a1d11,563,95,147,0,0,0,23677,nan,0.45124118908979466,0.6993788819875777,0.6678200261543411
A_tau09_P8,6bba_c328f2fd,448,25,52,0,0,2,30218,nan,-0.032342769309593955,0.8533333333333334,0.8560932496477521
A_tau09_P8,6bba_cf35214c,815,3,2,0,0,0,34669,nan,-0.006334193178561192,0.9939024390243902,0.9945319960293326
A_tau09_P8,6bba_cff5865f,1466,42,35,0,1,0,46494,nan,0.002847159311505112,0.950097213220998,0.9498267054082523
A_tau09_P8,6bba_d0fc38b5,813,0,0,0,0,0,5675,nan,-0.07134675175912289,1.0,1.0071346751759123
A_tau09_P8,6bba_cdcfe533,1331,19,17,2,2,2,28130,nan,-0.05556488165183817,0.9736649597659107,0.9790751175917041
A_tau09_P8,6bba_d3da753b,834,34,23,1,1,0,15894,nan,-0.07839499014264177,0.936026936026936,0.943364918269244
A_tau09_P8,6bba_d1acb6ff,619,25,24,0,1,1,16026,nan,0.08879679326041172,0.9266467065868264,0.9184183809838031
A_tau09_P8,6bba_d5eae175,519,0,0,0,0,0,4115,nan,-0.08940030980305377,1.0,1.0089400309803054
A_tau09_P8,6bba_d6ecebbb,840,13,22,0,0,0,6006,nan,0.1207314797536854,0.96,0.9484097779436462
A_tau09_P8,6bba_d2b9fc0c,917,5,4,0,0,2,18760,nan,-0.07027455644761621,0.990280777537797,0.9972399317778039
A_tau09_P8,6bba_d82a4fc6,508,28,22,0,0,0,28378,nan,0.023885120508009814,0.910394265232975,0.9082197775594859
A_tau09_P8,6bba_e16ffc58,935,7,7,1,0,0,5910,nan,-0.07177634678812628,0.9852476290832455,0.9923193766329713
A_tau09_P8,6bba_debd7bfa,715,16,14,4,0,0,11757,nan,-0.00423477598035064,0.959731543624161,0.9601379684330134
A_tau09_P8,6bba_e5e44988,597,16,37,0,0,0,5099,nan,-0.0918967052537845,0.9184615384615384,0.9269018973902322
A_tau09_P8,6bba_ed9377fd,497,1,11,0,0,0,4275,nan,-0.03781228899392303,0.9764243614931237,0.9801164455068723
A_tau09_P8,6bba_df673a83,644,7,10,1,0,3,21790,nan,0.13259524923332813,0.9742813918305597,0.961362883433243
A_tau09_P8,6bba_edf14583,730,46,30,0,0,0,50168,nan,-0.153168360284933,0.9057071960297767,0.9195797646411911
A_tau09_P8,6bba_eebc57a5,927,76,62,0,3,0,8417,nan,-0.09949716486573232,0.8704225352112676,0.8790829926601439
A_tau09_P8,6bba_ebff6e76,1002,270,262,0,0,0,48009,nan,0.15417347821905952,0.6531942633637549,0.6431237402102022
A_tau09_P8,6bba_ef7b4f7e,1179,7,22,0,0,2,5791,nan,-0.0517439004421156,0.9759933774834437,0.9810435478991105
A_tau09_P8,6bba_f1fde7e0,415,29,31,0,0,0,7798,nan,-0.13738938053097347,0.8736842105263158,0.8856877037727062
A_tau09_P8,6bba_f17befbc,929,93,86,0,1,0,25507,nan,0.02179225253374995,0.8384476534296029,0.8366204871296161
A_tau09_P8,6bba_f20478e9,931,22,32,0,0,1,5175,nan,-0.13360120542440984,0.9451776649746193,0.957805352512703
A_tau09_P8,6bba_ebdf3b34,737,66,66,0,0,2,59027,nan,0.03834854961563495,0.8481012658227848,0.844848920475636
A_tau09_P8,6bba_f4ae811c,955,7,10,0,0,0,9271,nan,0.041334381669100306,0.9825102880658436,0.9784491425417705
A_tau09_P8,6bba_fbc898dc,634,7,5,0,0,0,4941,nan,0.01063612190632031,0.9814241486068112,0.9803802939181723
A_tau09_P8,6bba_fc516dc6,720,28,42,0,0,0,6696,nan,-0.14874141876430205,0.9113924050632911,0.9249485850013035
A_tau09_P8,6bba_fc83837d,828,77,95,0,0,0,11321,nan,-0.13494307327882632,0.828,0.8391732864674868
A_tau09_P8,6bba_fe670320,662,14,18,0,0,2,9606,nan,-0.11351052048726468,0.9538904899135446,0.9647181505133385
A_tau09_P8,6bba_fc5f39dc,440,7,18,0,0,2,17604,nan,0.25563480741797434,0.946236559139785,0.9220474590830304
A_tau09_P8,6bba_f8ffd5e7,353,17,17,2,0,0,30744,nan,0.04075829383886256,0.9121447028423773,0.908426956660176
B_tau09_E,44b6_0b24845f,49,0,0,0,0,0,18141,nan,-0.44683640798902274,1.0,1.0446836407989022
B_tau09_E,44b6_0113de3b,46,3,4,0,0,0,25488,nan,-0.01036691904484566,0.8679245283018868,0.8688242986340811
B_tau09_E,44b6_0db75fae,149,0,2,0,0,0,17498,nan,0.14104988588196934,0.9867549668874173,0.9728367993401236
B_tau09_E,44b6_0c582fdc,69,1,1,0,0,0,26806,nan,-0.04120466413906574,0.971830985915493,0.9758353828529515
B_tau09_E,44b6_1574802b,144,10,9,0,1,0,19270,nan,0.09011710131809696,0.8834355828220859,0.8754743174295669
B_tau09_E,44b6_144b256d,119,0,0,0,0,0,27584,nan,-0.5780714635340186,1.0,1.0578071463534018
B_tau09_E,44b6_12dfb391,741,38,32,0,0,1,44125,nan,-0.24793768748295608,0.9136868064118372,0.936340545798381
B_tau09_E,44b6_24264f12,213,10,8,0,0,0,26792,nan,0.016658444958828216,0.922077922077922,0.9205418836466535
B_tau09_E,44b6_18ced818,90,16,9,0,1,0,71293,nan,-0.09347184782055847,0.782608695652174,0.7899238837424786
B_tau09_E,44b6_1d530831,253,28,18,0,1,0,35377,nan,-0.012505233775296581,0.8461538461538461,0.8472119813194482
B_tau09_E,44b6_267148e4,250,40,27,0,0,1,21733,nan,0.13606900156821747,0.7886435331230284,0.7779125393085001
B_tau09_E,44b6_2f31fc2f,67,25,18,0,0,0,18086,nan,-0.25779711096520025,0.6090909090909091,0.6247930967587896
B_tau09_E,44b6_33b596bf,49,0,0,0,0,0,23592,nan,0.011230175739391342,1.0,0.9988769824260608
B_tau09_E,44b6_2a2eff9f,197,23,13,0,1,1,37910,nan,-0.32744336225096243,0.8454935622317596,0.8731786877096308
B_tau09_E,44b6_3bb3690f,380,26,16,0,0,0,15743,nan,-0.5070607759025582,0.9004739336492891,0.9461334347969129
B_tau09_E,44b6_341df25f,208,0,1,0,0,1,8361,nan,0.12439483593329748,0.9952153110047847,0.9828353464717101
B_tau09_E,44b6_40c45f5a,194,5,4,0,0,0,28593,nan,-0.12508797160429608,0.9556650246305419,0.9676192445769624
B_tau09_E,44b6_3a861e03,884,38,35,0,0,0,36206,nan,-0.10703891875894046,0.9237199582027168,0.9336073567589241
B_tau09_E,44b6_53f95252,67,2,1,0,0,0,30048,nan,-0.22386671832623015,0.9571428571428572,0.9785701001826536
B_tau09_E,44b6_5740d24b,169,1,1,0,0,0,11083,nan,-0.43826659908768373,0.9883040935672515,1.031618160962467
B_tau09_E,44b6_415c0a3a,310,13,12,0,0,0,32632,nan,-0.4304265866089506,0.9253731343283582,0.9652036542832162
B_tau09_E,44b6_551a5dba,199,33,25,0,0,0,30257,nan,-0.4749509778402485,0.77431906614786,0.8110954259105875
B_tau09_E,44b6_587a1e22,365,7,6,1,0,0,18647,nan,0.028119314109279373,0.9656084656084656,0.9628932408333633
B_tau09_E,44b6_5f15d135,252,23,21,0,0,1,21046,nan,-0.2870354686811884,0.8513513513513513,0.8757881547661012
B_tau09_E,44b6_66f9292d,197,2,1,0,0,0,20016,nan,-0.6202618099032442,0.985,1.0460957882754696
B_tau09_E,44b6_668e0cc7,613,28,18,0,0,0,33423,nan,-0.15813203697639858,0.9301972685887708,0.9449066674759533
B_tau09_E,44b6_71a4179f,107,20,12,0,0,0,30496,nan,-0.5494622385060868,0.7697841726618705,0.8120809061296053
B_tau09_E,44b6_74d0c52e,135,5,4,0,1,1,8383,nan,-0.44446653412856196,0.9375,0.9791687375745527
B_tau09_E,44b6_706092f0,108,10,9,0,0,1,28556,nan,-0.5914618444018427,0.8503937007874016,0.9006912434609441
B_tau09_E,44b6_81c256f0,197,0,0,0,0,0,11208,nan,0.11500198965380024,1.0,0.98849980103462
B_tau09_E,44b6_7a302da0,492,22,15,0,0,1,42450,nan,-0.3650722426635556,0.9300567107750473,0.9640104996957409
B_tau09_E,44b6_808952d6,179,0,0,0,0,0,14887,nan,-0.05431330199466396,1.0,1.0054313301994664
B_tau09_E,44b6_7e557709,546,10,14,0,0,0,44362,nan,-0.2086692829111666,0.9578947368421052,0.9778830576262275
B_tau09_E,44b6_8cc6506c,381,22,15,0,0,0,18127,nan,-0.4365597413900286,0.9114832535885168,0.9512749429353112
B_tau09_E,44b6_87bba6c4,109,47,40,0,1,0,28036,nan,-0.0023485872891609136,0.5561224489795918,0.5562530591910809
B_tau09_E,44b6_8f5ab931,572,38,32,0,0,0,27087,nan,-0.017554677015704907,0.8909657320872274,0.8925297936531127
B_tau09_E,44b6_90724892,97,12,6,0,0,0,23034,nan,-0.09783800720664264,0.8434782608695652,0.8517306840861256
B_tau09_E,44b6_95029e92,198,0,0,0,0,0,4757,nan,-0.07827940321643093,1.0,1.007827940321643
B_tau09_E,44b6_8f9ecab4,366,4,4,0,0,0,39731,nan,-0.4690711317199631,0.9786096256684492,1.0245133781308842
B_tau09_E,44b6_949adeb1,351,44,27,0,0,0,37840,nan,0.01777885365394443,0.8317535545023697,0.830274792030205
B_tau09_E,44b6_996155de,370,2,7,1,0,0,8879,nan,0.17245477353756766,0.9762532981530343,0.9594173440082058
B_tau09_E,44b6_97725144,219,1,2,0,0,0,32719,nan,-0.08539721585509029,0.9864864864864865,0.994910806428948
B_tau09_E,44b6_9be80b04,205,18,15,0,1,1,25200,nan,-0.5645938801250928,0.8613445378151261,0.9099755232880857
B_tau09_E,44b6_9bfa6a0a,241,30,18,0,0,0,38612,nan,-0.3995770355165765,0.8339100346020761,0.8672311645534584
B_tau09_E,44b6_a21120c2,279,12,7,1,0,1,21921,nan,-0.048567708333333334,0.9362416107382551,0.9407887216862417
B_tau09_E,44b6_aaf8b0ea,203,0,3,0,0,1,14019,nan,-0.3656274039549301,0.9854368932038835,1.0214671665062383
B_tau09_E,44b6_abf82518,94,0,0,0,0,0,25568,nan,-0.07375742645993334,1.0,1.0073757426459933
B_tau09_E,44b6_a2bb48bb,376,44,34,0,1,0,43382,nan,-0.2842789500602181,0.8281938325991189,0.8517376399168815
B_tau09_E,44b6_c15fded2,97,8,5,0,0,0,19353,nan,-0.059849404906485305,0.8818181818181818,0.8870958111599355
B_tau09_E,44b6_b2c44266,156,14,12,0,0,0,36725,nan,-0.3851395469537411,0.8571428571428571,0.8901548183103206
B_tau09_E,44b6_c771cb04,203,34,20,0,0,0,28016,nan,-0.4748148842440716,0.7898832684824902,0.8273881017515745
B_tau09_E,44b6_cf2536e8,70,8,5,0,0,0,20633,nan,-0.6415703986797533,0.8433734939759037,0.8974818408525094
B_tau09_E,44b6_c50204e0,294,31,31,0,0,2,35757,nan,-0.2404732571477123,0.8258426966292135,0.8457020049442213
B_tau09_E,44b6_c8e2a523,158,10,6,0,1,1,28311,nan,-0.14581824764663287,0.9080459770114943,0.9212869443265332
B_tau09_E,44b6_c96cfa10,590,17,26,0,0,0,37236,nan,-0.19465351674020243,0.9320695102685624,0.9502125710705718
B_tau09_E,44b6_d2f34f90,271,5,10,0,0,2,14675,nan,-0.390421201296004,0.9475524475524476,0.984546904038887
B_tau09_E,44b6_d29c9ab2,1285,56,43,0,0,0,36336,nan,-0.0451714623571147,0.9284682080924855,0.9326622347636483
B_tau09_E,44b6_cf8fed6b,178,12,10,0,0,0,41001,nan,-0.0623842301447552,0.89,0.8955521964828831
B_tau09_E,44b6_d754aa59,64,3,6,0,0,1,5523,nan,0.06807193966350802,0.8767123287671232,0.8707443778925144
B_tau09_E,44b6_d78e09d9,418,37,33,0,0,0,23300,nan,0.046767599622624556,0.8565573770491803,0.8525514638028162
B_tau09_E,44b6_db3c847b,154,7,8,0,0,0,15223,nan,0.013312920189043467,0.9112426035502958,0.9100294735449037
B_tau09_E,44b6_d5e7d891,830,90,63,0,1,2,41844,nan,-0.06698180520870496,0.844354018311292,0.8500096539494635
B_tau09_E,44b6_ddf577ad,607,48,40,0,0,0,37263,nan,-0.3033911612951469,0.8733812949640288,0.8998789114972885
B_tau09_E,44b6_e29f0176,48,4,2,0,0,0,13328,nan,0.027681394093607835,0.8888888888888888,0.8864283205250125
B_tau09_E,44b6_deabac95,121,6,3,1,2,0,15562,nan,0.11244549288726857,0.9307692307692308,0.9203031502774158
B_tau09_E,44b6_e28840c6,289,14,20,0,0,2,26309,nan,-0.6477385319872533,0.8947368421052632,0.9526923949672806
B_tau09_E,44b6_e57ff5c6,142,19,44,0,0,0,15946,nan,-0.21502412129565818,0.6926829268292682,0.7075772805970649
B_tau09_E,44b6_e35b117d,240,11,26,0,0,0,18245,nan,-0.36297615306728115,0.8664259927797834,0.8978751901574539
B_tau09_E,6bba_05b6850b,836,8,9,0,0,0,5965,nan,-0.06240176045268783,0.9800703399765534,0.9861861514347535
B_tau09_E,44b6_f28707c6,55,6,6,0,0,0,21352,nan,0.14451114922813035,0.8208955223880597,0.8090326668544072
B_tau09_E,44b6_e31261b4,106,10,7,0,0,0,66132,nan,-0.09229164379049083,0.8617886178861789,0.8697422067006441
B_tau09_E,6bba_07477033,593,14,9,0,0,0,4485,nan,-0.07258064516129033,0.9626623376623377,0.9696494030163385
B_tau09_E,44b6_eb2880fc,371,13,8,0,3,1,35856,nan,-0.2543049663089593,0.9464285714285714,0.9704967200256694
B_tau09_E,6bba_062c8d37,896,5,2,1,2,0,5828,nan,-0.033499170812603646,0.9922480620155039,0.9955720107472971
B_tau09_E,6bba_07e24132,309,17,36,0,0,2,26917,nan,0.2528275541075169,0.8535911602209945,0.8320100236963474
B_tau09_E,6bba_085bf656,1164,2,4,0,2,1,8170,nan,-0.03462129268580882,0.9948717948717949,0.9983161696313061
B_tau09_E,6bba_0c7fa718,620,45,39,0,0,0,12335,nan,-0.09633699633699634,0.8806818181818182,0.8891660422910423
B_tau09_E,6bba_0e7c0d07,179,19,19,0,0,1,21076,nan,-0.06191302799661726,0.8248847926267281,0.8299919041527163
B_tau09_E,6bba_13f19531,693,11,11,0,0,0,5507,nan,-0.046076563311969514,0.9692307692307692,0.9736966515210063
B_tau09_E,6bba_12665c0e,961,21,37,0,1,3,7989,nan,-0.03909069040173202,0.943081452404318,0.9467680229122734
B_tau09_E,6bba_09961292,1788,108,83,1,0,3,29106,nan,-0.06462705273644631,0.9034866093986862,0.9093255770739144
B_tau09_E,6bba_05db0fb1,1113,93,70,0,0,3,68474,nan,-0.018997134670487106,0.872257053291536,0.8739140917624021
B_tau09_E,6bba_15403b9a,716,14,13,0,1,0,6235,nan,-0.09493395267818261,0.9636608344549125,0.9728092476605085
B_tau09_E,6bba_1ebfb80d,675,37,44,0,0,0,11038,nan,-0.04499048278248832,0.8928571428571429,0.8968741502484364
B_tau09_E,6bba_1d0d8384,1255,107,110,0,0,1,16778,nan,-0.06315260483555754,0.8525815217391305,0.8579657961323794
B_tau09_E,6bba_1f58c2f6,264,48,35,0,1,0,31181,nan,0.07881534788776251,0.760806916426513,0.7548105902471558
B_tau09_E,6bba_207c6aaf,348,78,102,0,0,1,16919,nan,0.4100341695141262,0.6590909090909091,0.6320659297365689
B_tau09_E,6bba_20852818,846,27,63,0,0,3,9672,nan,-0.008813281410125025,0.9038461538461539,0.9046427388966843
B_tau09_E,6bba_23af9eeb,498,1,1,0,0,0,4034,nan,-0.09348314606741573,0.996,1.0053109213483147
B_tau09_E,6bba_2312ac41,1128,5,4,1,0,1,12239,nan,0.024184100418410043,0.9920844327176781,0.9896851657632396
B_tau09_E,6bba_2540cd90,523,0,0,0,0,0,3466,nan,-0.08379592915675389,1.0,1.0083795929156754
B_tau09_E,6bba_2646afc7,704,12,17,0,1,0,5150,nan,-0.06278434940855324,0.9604365620736699,0.9664666005434682
B_tau09_E,6bba_268e1230,578,10,31,0,0,1,4463,nan,-0.1261014294106129,0.9337641357027464,0.9455390349271945
B_tau09_E,6bba_2819ca14,915,20,34,0,0,1,4892,nan,-0.11601011926273942,0.9442724458204335,0.9552269617260482
B_tau09_E,6bba_312f0dc3,498,3,2,0,0,0,9292,nan,-0.06734919201043862,0.9900596421471173,0.9967276138411926
B_tau09_E,6bba_283bf9f1,1268,13,20,0,2,0,21511,nan,0.031158621350846075,0.9746348962336664,0.9715980682649598
B_tau09_E,6bba_372c8cb8,1006,2,1,0,0,0,6492,nan,-0.07534539239424583,0.9970267591674926,1.0045388964071964
B_tau09_E,6bba_3a1849c2,1108,40,34,0,0,0,6408,nan,-0.08496358703412824,0.937394247038917,0.9453586848082752
B_tau09_E,6bba_337b1b3a,1194,32,19,1,0,1,29301,nan,-0.038681102362204726,0.9590361445783132,0.9627458021060621
B_tau09_E,6bba_32db13fc,688,117,123,0,0,1,42914,nan,0.10874564009817853,0.7413793103448276,0.7333171335789281
B_tau09_E,6bba_3c5691b6,741,5,5,1,0,1,6108,nan,-0.023969319271332695,0.9866844207723036,0.9890494361624578
B_tau09_E,6bba_3fda6b25,1165,7,14,1,1,0,8043,nan,-0.18278805120910385,0.9822934232715008,1.0002485733270325
B_tau09_E,6bba_3db54e20,433,41,41,0,0,1,22296,nan,-0.040454467206059566,0.8407766990291262,0.8441780163689755
B_tau09_E,6bba_43fea39d,853,11,27,0,0,0,5241,nan,-0.08820459290187892,0.957351290684624,0.9657955687705166
B_tau09_E,6bba_4aa14c89,648,30,33,0,0,0,7026,nan,0.035214380433181085,0.9113924050632911,0.90818299317571
B_tau09_E,6bba_3abfe10a,839,114,96,1,0,0,51710,nan,-0.0068184000768270435,0.7998093422306959,0.8003546842387471
B_tau09_E,6bba_474be664,240,25,46,0,0,1,23988,nan,-0.15215777754214824,0.7717041800643086,0.7834462593601657
B_tau09_E,6bba_4f99ce20,993,8,17,0,0,2,5300,nan,-0.11148365465213747,0.9754420432220039,0.9863166276099776
B_tau09_E,6bba_55b7eebe,682,6,6,0,0,1,4478,nan,-0.14818337454822142,0.9827089337175793,0.9972710463172748
B_tau09_E,6bba_4ffd3da3,645,22,44,1,0,2,19900,nan,0.12830980325452174,0.9071729957805907,0.8955330769199484
B_tau09_E,6bba_48816121,897,21,21,2,1,3,25087,nan,0.04681827665345295,0.9552715654952076,0.9507991486519545
B_tau09_E,6bba_55c70843,402,49,65,0,0,0,36165,nan,0.021177467174925878,0.7790697674418605,0.7774198949991629
B_tau09_E,6bba_5a4d9360,699,13,23,0,0,0,5439,nan,-0.08985943775100401,0.9510204081632653,0.9595662240799934
B_tau09_E,6bba_5b28472a,716,1,8,0,0,0,5649,nan,-0.026370217166494313,0.9875862068965517,0.9901904931712013
B_tau09_E,6bba_5dfe9ad1,1441,19,46,0,0,0,29264,nan,0.08735555307843793,0.9568393094289509,0.9484807867207152
B_tau09_E,6bba_5c824876,1080,44,50,1,0,0,24927,nan,0.01136040897472309,0.919931856899489,0.9188867766871635
B_tau09_E,6bba_5c039895,1138,5,7,2,1,1,7907,nan,-0.07736289381563594,0.9895652173913043,0.9972207802749733
B_tau09_E,6bba_61dd1e0d,534,8,9,0,0,0,9366,nan,-0.07523696682464455,0.969147005444646,0.9764385735543304
B_tau09_E,6bba_61ecbe65,595,6,19,0,0,1,5351,nan,-0.07325943886387253,0.9596774193548387,0.9667079622780652
B_tau09_E,6bba_6321a359,785,13,13,0,0,1,4552,nan,-0.05579755237502593,0.967940813810111,0.9733416866355604
B_tau09_E,6bba_5f89039d,885,0,0,0,0,0,4414,nan,-0.042723921058338755,1.0,1.0042723921058339
B_tau09_E,6bba_6479435d,470,71,110,0,0,0,23546,nan,0.003965377563637914,0.7219662058371735,0.7216799189777403
B_tau09_E,6bba_6ca87370,1038,17,14,0,0,1,6224,nan,-0.134954829742877,0.971000935453695,0.9841050620461278
B_tau09_E,6bba_67ebd073,391,67,47,0,1,1,14948,nan,-0.0692983002303717,0.7742574257425743,0.7796228980970447
B_tau09_E,6bba_6feb10f0,1125,99,218,0,0,0,10473,nan,0.18178740690589032,0.7801664355062413,0.7659839921796723
B_tau09_E,6bba_6db0e9b4,428,16,12,0,1,0,24547,nan,-0.13673289959556884,0.9385964912280702,0.9514301932076543
B_tau09_E,6bba_6feeb0b1,1330,8,13,0,1,0,6765,nan,-0.10015961691939346,0.9844559585492227,0.9943162317174531
B_tau09_E,6bba_718b21f9,649,0,3,0,0,0,4074,nan,-0.0538783093358105,0.995398773006135,1.000761813306586
B_tau09_E,6bba_705ec2c9,536,23,26,0,2,1,5705,nan,0.01875,0.9162393162393162,0.9145213675213675
B_tau09_E,6bba_57b7cc1e,1267,331,325,0,2,3,71889,nan,0.09735769565416495,0.6588663546541862,0.652451783650867
B_tau09_E,6bba_76db78c1,604,0,0,0,0,0,4590,nan,-0.05458290422245108,1.0,1.005458290422245
B_tau09_E,6bba_74686d6a,560,22,16,0,1,2,25088,nan,-0.1582055497768681,0.9364548494983278,0.9512700849289376
B_tau09_E,6bba_784a78c9,1736,3,3,1,1,0,12593,nan,-0.03840867440439829,0.9965556831228473,1.000383321398739
B_tau09_E,6bba_767a1e17,547,94,111,0,0,0,46633,nan,-0.022655824286372972,0.7273936170212766,0.7290415872187029
B_tau09_E,6bba_789f8168,670,16,11,0,0,0,10487,nan,-0.017703259647808167,0.9612625538020086,0.9629643018599758
B_tau09_E,6bba_7b5d3b2c,543,8,12,0,0,0,5340,nan,-0.07612456747404844,0.9644760213143873,0.971818053310552
B_tau09_E,6bba_7af54fde,1043,48,49,0,0,2,9972,nan,0.03615960099750624,0.9149122807017543,0.911603994399965
B_tau09_E,6bba_78a7bd97,725,109,107,0,0,2,38257,nan,-0.058010981705365276,0.7704569606801275,0.7749264571452061
B_tau09_E,6bba_7d3058ae,1167,6,6,0,1,2,7344,nan,-0.03508080409932992,0.989821882951654,0.9932942577085596
B_tau09_E,6bba_7f87b3d8,891,52,43,1,1,2,9121,nan,-0.13798317739344107,0.9036511156186613,0.9161199808374804
B_tau09_E,6bba_825bd1c6,895,42,35,0,1,0,6788,nan,-0.1051937780121276,0.9207818930041153,0.9304679456091414
B_tau09_E,6bba_786893ac,1195,268,200,0,4,3,53313,nan,-0.09606809203275742,0.7185808779314492,0.725484147322859
B_tau09_E,6bba_87289e13,669,41,30,0,1,1,13846,nan,-0.07483629560336763,0.904054054054054,0.9108196596971152
B_tau09_E,6bba_80d12824,631,12,23,0,0,1,8074,nan,-0.10497727524664671,0.9474474474474475,0.9573934925946899
B_tau09_E,6bba_8b7818bf,723,2,2,1,0,1,5558,nan,-0.04632807137954702,0.9944979367262724,0.9991052538662191
B_tau09_E,6bba_96833384,714,8,7,0,0,0,4699,nan,-0.03491476689258575,0.9794238683127572,0.9828435039178747
B_tau09_E,6bba_907271db,916,1,5,0,0,1,6766,nan,-0.07391185327128387,0.9934924078091106,1.000835494316323
B_tau09_E,6bba_91951b3a,1125,17,23,0,1,0,11338,nan,-0.047787016040984294,0.9656652360515021,0.9702798620640434
B_tau09_E,6bba_971fa5e0,750,12,17,0,2,0,4927,nan,-0.12159030130147977,0.962772785622593,0.9744791689314647
B_tau09_E,6bba_9e23430b,866,18,25,0,0,1,7197,nan,-0.06629475869226778,0.9526952695269527,0.959011139827008
B_tau09_E,6bba_969618f6,650,5,8,0,0,3,15418,nan,0.11016705069124424,0.9803921568627451,0.9695914656185054
B_tau09_E,6bba_a5e926bb,665,21,33,0,0,0,7727,nan,-0.08447867298578199,0.9248956884561892,0.9327090844972942
B_tau09_E,6bba_9a41d029,1317,33,36,0,1,2,18292,nan,0.003345949207393999,0.9502164502164502,0.9498985126186047
B_tau09_E,6bba_ae82a791,1463,13,8,0,1,0,7099,nan,-0.041064433337836014,0.9858490566037735,0.989897389890381
B_tau09_E,6bba_acd782a8,307,27,23,0,0,0,19655,nan,-0.0027904616945712835,0.8599439775910365,0.860183941663931
B_tau09_E,6bba_ab78413d,930,114,208,0,1,2,11919,nan,0.289795476680013,0.7428115015974441,0.7212851602785614
B_tau09_E,6bba_aeee7805,758,3,10,1,0,0,4885,nan,-0.029598728645212555,0.9831387808041504,0.9860487466035112
B_tau09_E,6bba_af149c94,1269,27,48,0,1,0,7774,nan,-0.1297436471510131,0.9441964285714286,0.9564467773984103
B_tau09_E,6bba_a90a0b9c,871,179,241,0,0,0,28659,nan,-0.22324913269731136,0.6746707978311387,0.6897327648783392
B_tau09_E,6bba_b204cac7,802,8,9,0,0,2,5352,nan,0.05106048703849175,0.9792429792429792,0.9742429168980621
B_tau09_E,6bba_afb141ff,593,19,33,1,0,3,5411,nan,-0.10621076973901553,0.9193798449612403,0.9291446490628272
B_tau09_E,6bba_b693381b,913,12,22,0,0,0,6030,nan,0.08492263404102195,0.9640971488912354,0.9559097819557072
B_tau09_E,6bba_b1ae37b9,549,35,30,0,1,0,22378,nan,-0.07901884928800725,0.8941368078175895,0.9012021739835693
B_tau09_E,6bba_bbb708ca,848,8,13,0,2,0,6478,nan,-0.04524686809137804,0.9758342922899885,0.9802496368402173
B_tau09_E,6bba_c27cba08,484,5,9,0,0,0,6257,nan,-0.02916989914662529,0.9718875502008032,0.974722536382925
B_tau09_E,6bba_b329af44,1166,88,102,0,0,1,63213,nan,0.01197470583526775,0.859882005899705,0.858852322492336
B_tau09_E,6bba_bb9f20c3,1795,78,84,0,2,3,22716,nan,-0.015387282735902215,0.9172202350536536,0.9186315877624396
B_tau09_E,6bba_c73a1d11,546,97,164,0,0,0,23202,nan,0.4221268771069568,0.6765799256505576,0.648019668537745
B_tau09_E,6bba_cf35214c,815,3,2,0,0,0,34581,nan,-0.00885640584694755,0.9939024390243902,0.9947826793616172
B_tau09_E,6bba_c328f2fd,448,25,52,0,0,2,29932,nan,-0.04150121685666709,0.8533333333333334,0.8568747705051023
B_tau09_E,6bba_d0fc38b5,813,0,0,0,0,0,5607,nan,-0.08247422680412371,1.0,1.0082474226804123
B_tau09_E,6bba_cff5865f,1468,38,33,0,1,0,46331,nan,-0.0006686510504292308,0.9538661468486029,0.9539299272087087
B_tau09_E,6bba_cdcfe533,1331,19,17,2,2,2,28094,nan,-0.05677354373006547,0.9736649597659107,0.979192800783081
B_tau09_E,6bba_d1acb6ff,619,25,24,0,1,1,15955,nan,0.08397309599836945,0.9266467065868264,0.9188653673019475
B_tau09_E,6bba_d5eae175,519,0,0,0,0,0,4115,nan,-0.08940030980305377,1.0,1.0089400309803054
B_tau09_E,6bba_d2b9fc0c,917,5,4,0,0,2,18742,nan,-0.07116661710774111,0.990280777537797,0.9973282708302158
B_tau09_E,6bba_d6ecebbb,840,13,22,0,0,0,5944,nan,0.10916215711886545,0.96,0.9495204329165889
B_tau09_E,6bba_d3da753b,834,34,23,1,1,0,15894,nan,-0.07839499014264177,0.936026936026936,0.943364918269244
B_tau09_E,6bba_e16ffc58,935,7,7,1,0,0,5910,nan,-0.07177634678812628,0.9852476290832455,0.9923193766329713
B_tau09_E,6bba_debd7bfa,715,16,14,4,0,0,11703,nan,-0.00880833403912933,0.959731543624161,0.9605769072265742
B_tau09_E,6bba_d82a4fc6,508,28,22,0,0,0,28208,nan,0.01775147928994083,0.910394265232975,0.9087781807384785
B_tau09_E,6bba_e5e44988,597,16,37,0,0,0,5064,nan,-0.0981300089047195,0.9184615384615384,0.9274744023563258
B_tau09_E,6bba_df673a83,644,7,10,1,0,3,21709,nan,0.1283850511980872,0.9742813918305597,0.9617730751934087
B_tau09_E,6bba_ed9377fd,497,1,11,0,0,0,4239,nan,-0.04591492234976367,0.9764243614931237,0.9809076063669612
B_tau09_E,6bba_ebff6e76,996,266,268,0,0,0,47150,nan,0.1335224540821233,0.6509803921568628,0.64228834220485
B_tau09_E,6bba_eebc57a5,927,76,62,0,3,0,8383,nan,-0.10313469562426447,0.8704225352112676,0.8793996115346191
B_tau09_E,6bba_ef7b4f7e,1174,7,27,0,0,2,5706,nan,-0.06566235467496316,0.9718543046357616,0.9782357288400998
B_tau09_E,6bba_edf14583,727,46,33,0,0,0,49741,nan,-0.1603760845346207,0.901985111662531,0.916450795714227
B_tau09_E,6bba_f1fde7e0,415,29,31,0,0,0,7681,nan,-0.15033185840707963,0.8736842105263158,0.8868184676292502
B_tau09_E,6bba_f17befbc,921,88,94,0,1,0,25236,nan,0.010936185554620838,0.8349954669084315,0.8340823003720937
B_tau09_E,6bba_f20478e9,931,22,32,0,0,1,5159,nan,-0.13627992633517497,0.9451776649746193,0.9580585392302586
B_tau09_E,6bba_ebdf3b34,729,65,74,0,0,2,58763,nan,0.033704505075025946,0.8398617511520737,0.8370310386866712
B_tau09_E,6bba_fbc898dc,634,7,5,0,0,0,4908,nan,0.003886275311924729,0.9814241486068112,0.9810427401628854
B_tau09_E,6bba_fc516dc6,720,28,42,0,0,0,6646,nan,-0.1550978896516654,0.9113924050632911,0.9255279089302784
B_tau09_E,6bba_f4ae811c,955,7,10,0,0,0,9235,nan,0.03729080085364484,0.9825102880658436,0.9788464285169516
B_tau09_E,6bba_f8ffd5e7,353,17,17,2,0,0,30422,nan,0.02985781990521327,0.9121447028423773,0.909421237615881
B_tau09_E,6bba_fc83837d,819,78,104,0,0,0,10872,nan,-0.1692519293955834,0.8181818181818182,0.8320297033141842
B_tau09_E,6bba_fc5f39dc,440,7,18,0,0,2,17542,nan,0.25121255349500715,0.946236559139785,0.9224659089166015
B_tau09_E,6bba_fe670320,662,14,18,0,0,2,9467,nan,-0.12633813215208564,0.9538904899135446,0.9659417641908762
C_tau09_P8_no_fork,44b6_0b24845f,49,0,0,0,0,0,18149,nan,-0.4465924683640799,1.0,1.044659246836408
C_tau09_P8_no_fork,44b6_0db75fae,149,0,2,0,0,0,17507,nan,0.14163677861102053,0.9867549668874173,0.9727788874085814
C_tau09_P8_no_fork,44b6_0113de3b,46,3,4,0,0,0,25491,nan,-0.01025043680838672,0.8679245283018868,0.8688141888550677
C_tau09_P8_no_fork,44b6_0c582fdc,69,1,1,0,0,0,26811,nan,-0.04102582445096216,0.971830985915493,0.9758180026579104
C_tau09_P8_no_fork,44b6_1574802b,144,11,9,0,2,0,19280,nan,0.09068280816880693,0.8780487804878049,0.8700863875754218
C_tau09_P8_no_fork,44b6_144b256d,119,0,0,0,0,0,27584,nan,-0.5780714635340186,1.0,1.0578071463534018
C_tau09_P8_no_fork,44b6_12dfb391,741,38,32,0,0,1,44134,nan,-0.24778429233706026,0.9136868064118372,0.9363265302862839
C_tau09_P8_no_fork,44b6_24264f12,213,10,8,0,0,0,26797,nan,0.01684817667817706,0.922077922077922,0.9205243889037006
C_tau09_P8_no_fork,44b6_1d530831,253,28,18,0,1,0,35393,nan,-0.012058618283321703,0.8461538461538461,0.8471741907778195
C_tau09_P8_no_fork,44b6_18ced818,90,16,9,0,1,0,71302,nan,-0.0933574080667311,0.782608695652174,0.7899149275878312
C_tau09_P8_no_fork,44b6_2a2eff9f,197,23,13,0,1,1,37925,nan,-0.3271772490996505,0.8454935622317596,0.8731561880140047
C_tau09_P8_no_fork,44b6_2f31fc2f,67,25,18,0,0,0,18092,nan,-0.25755088640840446,0.6090909090909091,0.6247780994448756
C_tau09_P8_no_fork,44b6_267148e4,250,40,27,0,0,1,21733,nan,0.13606900156821747,0.7886435331230284,0.7779125393085001
C_tau09_P8_no_fork,44b6_33b596bf,49,0,0,0,0,0,23601,nan,0.011615945135019288,1.0,0.998838405486498
C_tau09_P8_no_fork,44b6_341df25f,208,0,1,0,0,1,8365,nan,0.12493275954814416,0.9952153110047847,0.9827818114899455
C_tau09_P8_no_fork,44b6_3bb3690f,380,26,16,0,0,0,15743,nan,-0.5070607759025582,0.9004739336492891,0.9461334347969129
C_tau09_P8_no_fork,44b6_3a861e03,884,38,35,0,0,0,36221,nan,-0.10666896857889804,0.9237199582027168,0.9335731837224395
C_tau09_P8_no_fork,44b6_415c0a3a,310,13,12,0,0,0,32632,nan,-0.4304265866089506,0.9253731343283582,0.9652036542832162
C_tau09_P8_no_fork,44b6_53f95252,67,2,1,0,0,0,30053,nan,-0.22373756941753842,0.9571428571428572,0.9785577387871074
C_tau09_P8_no_fork,44b6_40c45f5a,194,5,4,0,0,0,28599,nan,-0.12490437869098253,0.9556650246305419,0.9676016992443599
C_tau09_P8_no_fork,44b6_551a5dba,199,33,25,0,0,0,30269,nan,-0.47474274211741024,0.77431906614786,0.8110793018215428
C_tau09_P8_no_fork,44b6_5740d24b,169,1,1,0,0,0,11093,nan,-0.4377597567156614,0.9883040935672515,1.0315680695233607
C_tau09_P8_no_fork,44b6_5f15d135,252,23,21,0,0,1,21051,nan,-0.2868660862495342,0.8513513513513513,0.8757737343698927
C_tau09_P8_no_fork,44b6_66f9292d,197,2,1,0,0,0,20022,nan,-0.6201479795105294,0.985,1.0460845759817872
C_tau09_P8_no_fork,44b6_668e0cc7,613,28,18,0,0,0,33423,nan,-0.15813203697639858,0.9301972685887708,0.9449066674759533
C_tau09_P8_no_fork,44b6_587a1e22,365,7,6,1,0,0,18679,nan,0.02988366322986161,0.9656084656084656,0.962722873788651
C_tau09_P8_no_fork,44b6_74d0c52e,135,5,4,0,1,1,8389,nan,-0.4440689198144466,0.9375,0.9791314612326043
C_tau09_P8_no_fork,44b6_71a4179f,107,20,12,0,0,0,30501,nan,-0.5493883701690108,0.7697841726618705,0.812075219861931
C_tau09_P8_no_fork,44b6_706092f0,108,10,9,0,0,1,28562,nan,-0.5913760050359095,0.8503937007874016,0.9006839437353371
C_tau09_P8_no_fork,44b6_81c256f0,197,0,0,0,0,0,11208,nan,0.11500198965380024,1.0,0.98849980103462
C_tau09_P8_no_fork,44b6_808952d6,179,0,0,0,0,0,14896,nan,-0.05374158302629907,1.0,1.0053741583026299
C_tau09_P8_no_fork,44b6_7a302da0,492,22,15,0,0,1,42483,nan,-0.36457865924795835,0.9300567107750473,0.9639645936389405
C_tau09_P8_no_fork,44b6_87bba6c4,109,47,40,0,1,0,28051,nan,-0.0018148174507152516,0.5561224489795918,0.5562233750521062
C_tau09_P8_no_fork,44b6_7e557709,546,10,14,0,0,0,44367,nan,-0.20858009275775954,0.9578947368421052,0.9778745141483749
C_tau09_P8_no_fork,44b6_8f5ab931,572,39,32,0,1,0,27103,nan,-0.016974357114359292,0.8895800933125972,0.8910900983311685
C_tau09_P8_no_fork,44b6_8cc6506c,381,22,15,0,0,0,18127,nan,-0.4365597413900286,0.9114832535885168,0.9512749429353112
C_tau09_P8_no_fork,44b6_8f9ecab4,366,4,4,0,0,0,39734,nan,-0.4690310424545321,0.9786096256684492,1.0245094549567806
C_tau09_P8_no_fork,44b6_90724892,97,12,6,0,0,0,23034,nan,-0.09783800720664264,0.8434782608695652,0.8517306840861256
C_tau09_P8_no_fork,44b6_95029e92,198,0,0,0,0,0,4757,nan,-0.07827940321643093,1.0,1.007827940321643
C_tau09_P8_no_fork,44b6_949adeb1,351,44,27,0,0,0,37856,nan,0.01820920412060572,0.8317535545023697,0.8302389974771723
C_tau09_P8_no_fork,44b6_996155de,370,2,7,1,0,0,8879,nan,0.17245477353756766,0.9762532981530343,0.9594173440082058
C_tau09_P8_no_fork,44b6_97725144,219,1,2,0,0,0,32719,nan,-0.08539721585509029,0.9864864864864865,0.994910806428948
C_tau09_P8_no_fork,44b6_9bfa6a0a,241,30,18,0,0,0,38617,nan,-0.39949928469241774,0.8339100346020761,0.867224680834212
C_tau09_P8_no_fork,44b6_9be80b04,205,18,15,0,1,1,25200,nan,-0.5645938801250928,0.8613445378151261,0.9099755232880857
C_tau09_P8_no_fork,44b6_a21120c2,279,12,7,1,0,1,21921,nan,-0.048567708333333334,0.9362416107382551,0.9407887216862417
C_tau09_P8_no_fork,44b6_a2bb48bb,376,44,34,0,1,0,43396,nan,-0.28404797650669,0.8281938325991189,0.8517185108296289
C_tau09_P8_no_fork,44b6_c15fded2,97,8,5,0,0,0,19358,nan,-0.05960650959436483,0.8818181818181818,0.887074392209685
C_tau09_P8_no_fork,44b6_abf82518,94,0,0,0,0,0,25568,nan,-0.07375742645993334,1.0,1.0073757426459933
C_tau09_P8_no_fork,44b6_aaf8b0ea,203,0,3,0,0,1,14024,nan,-0.36540114937327484,0.9854368932038835,1.0214448705450363
C_tau09_P8_no_fork,44b6_b2c44266,156,14,12,0,0,0,36725,nan,-0.3851395469537411,0.8571428571428571,0.8901548183103206
C_tau09_P8_no_fork,44b6_c771cb04,203,34,20,0,0,0,28016,nan,-0.4748148842440716,0.7898832684824902,0.8273881017515745
C_tau09_P8_no_fork,44b6_c8e2a523,158,10,6,0,1,1,28311,nan,-0.14581824764663287,0.9080459770114943,0.9212869443265332
C_tau09_P8_no_fork,44b6_c96cfa10,590,17,26,0,0,0,37261,nan,-0.19411281252703522,0.9320695102685624,0.950162173679455
C_tau09_P8_no_fork,44b6_cf2536e8,70,8,5,0,0,0,20633,nan,-0.6415703986797533,0.8433734939759037,0.8974818408525094
C_tau09_P8_no_fork,44b6_c50204e0,297,31,28,0,1,2,35776,nan,-0.2400696716088194,0.8342696629213483,0.8542979473224213
C_tau09_P8_no_fork,44b6_cf8fed6b,178,12,10,0,0,0,41008,nan,-0.062224153307873495,0.89,0.8955379496444007
C_tau09_P8_no_fork,44b6_d2f34f90,271,5,10,0,0,2,14679,nan,-0.39025504693860597,0.9475524475524476,0.9845311600420847
C_tau09_P8_no_fork,44b6_d754aa59,64,3,6,0,0,1,5523,nan,0.06807193966350802,0.8767123287671232,0.8707443778925144
C_tau09_P8_no_fork,44b6_d29c9ab2,1285,56,43,0,0,0,36336,nan,-0.0451714623571147,0.9284682080924855,0.9326622347636483
C_tau09_P8_no_fork,44b6_d78e09d9,418,37,33,0,0,0,23310,nan,0.04721685610314929,0.8565573770491803,0.8525129824075581
C_tau09_P8_no_fork,44b6_db3c847b,154,7,8,0,0,0,15223,nan,0.013312920189043467,0.9112426035502958,0.9100294735449037
C_tau09_P8_no_fork,44b6_ddf577ad,607,48,40,0,0,0,37273,nan,-0.3032042174530771,0.8733812949640288,0.8998625841718012
C_tau09_P8_no_fork,44b6_deabac95,121,6,3,1,2,0,15574,nan,0.11330330974336979,0.9307692307692308,0.9202233073238864
C_tau09_P8_no_fork,44b6_d5e7d891,830,90,63,0,1,2,41859,nan,-0.06664734213342847,0.844354018311292,0.8499814134253048
C_tau09_P8_no_fork,44b6_e28840c6,289,14,20,0,0,2,26312,nan,-0.6476983638165118,0.8947368421052632,0.9526888009730563
C_tau09_P8_no_fork,44b6_e35b117d,240,11,26,0,0,0,18249,nan,-0.362836493139206,0.8664259927797834,0.8978630896582707
C_tau09_P8_no_fork,44b6_e29f0176,48,4,2,0,0,0,13354,nan,0.029686174724342665,0.8888888888888888,0.8862501178022806
C_tau09_P8_no_fork,44b6_e57ff5c6,142,19,44,0,0,0,15952,nan,-0.2147287584916806,0.6926829268292682,0.7075568213199115
C_tau09_P8_no_fork,44b6_e31261b4,106,10,7,0,0,0,66142,nan,-0.0921543867354782,0.8617886178861789,0.8697303780438705
C_tau09_P8_no_fork,6bba_05b6850b,836,8,9,0,0,0,6035,nan,-0.05139893115372524,0.9800703399765534,0.9851077967695797
C_tau09_P8_no_fork,44b6_f28707c6,55,6,6,0,0,0,21361,nan,0.1449935677530017,0.8208955223880597,0.8089930653337088
C_tau09_P8_no_fork,6bba_07477033,593,14,9,0,0,0,4518,nan,-0.06575682382133995,0.9626623376623377,0.9689924994360477
C_tau09_P8_no_fork,44b6_eb2880fc,371,13,8,0,3,1,35880,nan,-0.25380583978038435,0.9464285714285714,0.9704494812649291
C_tau09_P8_no_fork,6bba_062c8d37,896,5,2,1,2,0,5855,nan,-0.02902155887230514,0.9922480620155039,0.9951277205702751
C_tau09_P8_no_fork,6bba_085bf656,1164,2,4,0,2,1,8223,nan,-0.02835873803615739,0.9948717948717949,0.9976931257328281
C_tau09_P8_no_fork,6bba_0c7fa718,620,46,39,0,1,0,12358,nan,-0.09465201465201466,0.8794326241134752,0.8877566310757801
C_tau09_P8_no_fork,6bba_07e24132,309,17,36,0,0,2,27261,nan,0.2688387246916453,0.8535911602209945,0.830643324328807
C_tau09_P8_no_fork,6bba_09961292,1791,109,80,1,0,3,29289,nan,-0.05874602307420381,0.9045454545454545,0.9098592993598938
C_tau09_P8_no_fork,6bba_0e7c0d07,179,19,19,0,0,1,21553,nan,-0.04068188899274491,0.8248847926267281,0.8282405797832724
C_tau09_P8_no_fork,6bba_13f19531,693,11,11,0,0,0,5571,nan,-0.03499047289104452,0.9692307692307692,0.9726221535263628
C_tau09_P8_no_fork,6bba_15403b9a,716,14,13,0,1,0,6243,nan,-0.09377268108578894,0.9636608344549125,0.972697340465333
C_tau09_P8_no_fork,6bba_12665c0e,961,21,37,0,1,3,8008,nan,-0.03680538850132307,0.943081452404318,0.9465525003287312
C_tau09_P8_no_fork,6bba_05db0fb1,1114,93,69,0,0,3,68793,nan,-0.014426934097421204,0.8730407523510971,0.8743002824909503
C_tau09_P8_no_fork,6bba_1ebfb80d,675,37,44,0,0,0,11154,nan,-0.03495414431562554,0.8928571428571429,0.8959780485996096
C_tau09_P8_no_fork,6bba_1d0d8384,1255,107,110,0,0,1,16932,nan,-0.054553576414093474,0.8525815217391305,0.8572326588586745
C_tau09_P8_no_fork,6bba_1f58c2f6,264,48,35,0,1,0,31373,nan,0.08545825692834653,0.760806916426513,0.754305193132829
C_tau09_P8_no_fork,6bba_207c6aaf,355,82,95,0,2,1,17249,nan,0.437536461371781,0.6672932330827067,0.6380967210926725
C_tau09_P8_no_fork,6bba_23af9eeb,498,1,1,0,0,0,4060,nan,-0.08764044943820225,0.996,1.004728988764045
C_tau09_P8_no_fork,6bba_2312ac41,1128,5,4,1,0,1,12261,nan,0.026025104602510462,0.9920844327176781,0.9895025226040781
C_tau09_P8_no_fork,6bba_2540cd90,523,0,0,0,0,0,3476,nan,-0.08115252445149353,1.0,1.0081152524451493
C_tau09_P8_no_fork,6bba_2646afc7,704,12,17,0,1,0,5176,nan,-0.05805277525022748,0.9604365620736699,0.9660121628616863
C_tau09_P8_no_fork,6bba_20852818,846,27,63,0,0,3,9760,nan,0.00020496003279360525,0.9038461538461539,0.9038276286124206
C_tau09_P8_no_fork,6bba_268e1230,580,10,29,0,0,1,4611,nan,-0.09712159780693166,0.9369951534733441,0.9460954001176122
C_tau09_P8_no_fork,6bba_2819ca14,918,21,31,0,0,1,4913,nan,-0.11221539573545355,0.9463917525773196,0.9570117250809429
C_tau09_P8_no_fork,6bba_312f0dc3,495,9,5,0,1,0,9363,nan,-0.06022282445046673,0.9724950884086444,0.9783517285074619
C_tau09_P8_no_fork,6bba_283bf9f1,1268,13,20,0,2,0,21548,nan,0.032932265950817316,0.9746348962336664,0.971425202672895
C_tau09_P8_no_fork,6bba_372c8cb8,1006,2,1,0,0,0,6553,nan,-0.06665717134311351,0.9970267591674926,1.0036726575194423
C_tau09_P8_no_fork,6bba_3a1849c2,1108,40,34,0,0,0,6461,nan,-0.07739540197058403,0.937394247038917,0.944649247494366
C_tau09_P8_no_fork,6bba_32db13fc,692,119,119,0,1,1,43227,nan,0.11683245058777936,0.7440860215053764,0.7353926821713179
C_tau09_P8_no_fork,6bba_3c5691b6,741,5,5,1,0,1,6173,nan,-0.013582614253755194,0.9866844207723036,0.9880245961600576
C_tau09_P8_no_fork,6bba_337b1b3a,1194,32,19,1,0,1,29346,nan,-0.03720472440944882,0.9590361445783132,0.962604212124087
C_tau09_P8_no_fork,6bba_43fea39d,858,13,22,0,1,0,5343,nan,-0.07045929018789145,0.9608062709966405,0.9675760437828904
C_tau09_P8_no_fork,6bba_3abfe10a,841,116,94,1,0,0,52315,nan,0.004801690194948622,0.8001902949571836,0.7998060683678447
C_tau09_P8_no_fork,6bba_3fda6b25,1165,7,14,1,1,0,8156,nan,-0.17130664499085552,0.9822934232715008,0.9991207623452232
C_tau09_P8_no_fork,6bba_3db54e20,433,41,41,0,0,1,22613,nan,-0.026811843690824583,0.8407766990291262,0.8430309763724518
C_tau09_P8_no_fork,6bba_4aa14c89,648,30,33,0,0,0,7082,nan,0.04346544865183439,0.9113924050632911,0.907430997084896
C_tau09_P8_no_fork,6bba_474be664,240,26,46,0,0,1,24483,nan,-0.13466228395716254,0.7692307692307693,0.7795894064582434
C_tau09_P8_no_fork,6bba_4f99ce20,993,8,17,0,0,2,5308,nan,-0.11014249790444258,0.9754420432220039,0.9861858055421523
C_tau09_P8_no_fork,6bba_55b7eebe,682,6,6,0,0,1,4497,nan,-0.14456914590070383,0.9827089337175793,0.9969158728392334
C_tau09_P8_no_fork,6bba_48816121,897,21,21,2,1,3,25087,nan,0.04681827665345295,0.9552715654952076,0.9507991486519545
C_tau09_P8_no_fork,6bba_55c70843,402,49,65,0,0,0,36629,nan,0.03427926020048002,0.7790697674418605,0.7763991739146138
C_tau09_P8_no_fork,6bba_4ffd3da3,645,22,44,1,0,2,19970,nan,0.13227873221069342,0.9071729957805907,0.8951730264028275
C_tau09_P8_no_fork,6bba_5a4d9360,699,13,23,0,0,0,5457,nan,-0.08684738955823293,0.9510204081632653,0.9592797721498237
C_tau09_P8_no_fork,6bba_5b28472a,716,1,8,0,0,0,5746,nan,-0.009651844191658049,0.9875862068965517,0.9885394097160314
C_tau09_P8_no_fork,6bba_5c824876,1081,44,49,1,0,0,25124,nan,0.019353268146224692,0.9207836456558773,0.9190016283759737
C_tau09_P8_no_fork,6bba_5dfe9ad1,1441,19,46,0,0,0,29396,nan,0.09226024597778025,0.9568393094289509,0.9480114864240385
C_tau09_P8_no_fork,6bba_5c039895,1138,5,7,2,1,1,7938,nan,-0.07374562427071178,0.9895652173913043,0.9968628278626147
C_tau09_P8_no_fork,6bba_61ecbe65,595,6,19,0,0,1,5375,nan,-0.06910287495670246,0.9596774193548387,0.9663090662256837
C_tau09_P8_no_fork,6bba_61dd1e0d,534,8,9,0,0,0,9386,nan,-0.07326224328593997,0.969147005444646,0.9762471938139187
C_tau09_P8_no_fork,6bba_5f89039d,885,0,0,0,0,0,4440,nan,-0.03708523096942095,1.0,1.003708523096942
C_tau09_P8_no_fork,6bba_6321a359,785,13,13,0,0,1,4603,nan,-0.045218834266749636,0.967940813810111,0.9723177293340811
C_tau09_P8_no_fork,6bba_6ca87370,1038,17,14,0,0,1,6261,nan,-0.12981236970118137,0.971000935453695,0.9836057286950258
C_tau09_P8_no_fork,6bba_67ebd073,391,68,47,0,2,1,15219,nan,-0.05242512919494428,0.7727272727272727,0.7767783054377911
C_tau09_P8_no_fork,6bba_57b7cc1e,1279,338,313,0,2,3,73132,nan,0.11633160843217169,0.6626943005181347,0.6549850711303239
C_tau09_P8_no_fork,6bba_6479435d,470,72,110,0,0,0,23959,nan,0.02157506502366435,0.7208588957055214,0.719303637950748
C_tau09_P8_no_fork,6bba_6feeb0b1,1330,8,13,0,1,0,6850,nan,-0.088853418462357,0.9844559585492227,0.9932031862734964
C_tau09_P8_no_fork,6bba_6db0e9b4,428,16,12,0,1,0,24776,nan,-0.12867944434675577,0.9385964912280702,0.9506742987237744
C_tau09_P8_no_fork,6bba_6feb10f0,1123,104,220,0,0,0,10831,nan,0.22218460844053262,0.7760884588804423,0.7588449678452857
C_tau09_P8_no_fork,6bba_705ec2c9,536,24,26,0,3,1,5857,nan,0.045892857142857145,0.9146757679180887,0.9104780594831788
C_tau09_P8_no_fork,6bba_718b21f9,649,0,3,0,0,0,4074,nan,-0.0538783093358105,0.995398773006135,1.000761813306586
C_tau09_P8_no_fork,6bba_76db78c1,604,0,0,0,0,0,4628,nan,-0.04675592173017508,1.0,1.0046755921730175
C_tau09_P8_no_fork,6bba_784a78c9,1736,3,3,1,1,0,12669,nan,-0.03260537568723274,0.9965556831228473,0.9998049903669941
C_tau09_P8_no_fork,6bba_74686d6a,560,24,16,0,3,2,25350,nan,-0.14941448847431466,0.9333333333333333,0.9472786855909361
C_tau09_P8_no_fork,6bba_767a1e17,553,94,105,0,0,0,47386,nan,-0.006874292660435093,0.7353723404255319,0.7358778568937793
C_tau09_P8_no_fork,6bba_789f8168,670,16,11,0,0,0,10542,nan,-0.012551517422255526,0.9612625538020086,0.9624690841711493
C_tau09_P8_no_fork,6bba_7b5d3b2c,544,8,11,0,1,0,5405,nan,-0.06487889273356401,0.9662522202486679,0.972521157663776
C_tau09_P8_no_fork,6bba_7af54fde,1043,48,49,0,0,2,10101,nan,0.04956359102244389,0.9149122807017543,0.9103776468915431
C_tau09_P8_no_fork,6bba_7d3058ae,1167,6,6,0,1,2,7395,nan,-0.02837997635001971,0.989821882951654,0.9926309951145439
C_tau09_P8_no_fork,6bba_7f87b3d8,891,52,43,1,1,2,9148,nan,-0.13543143370191854,0.9036511156186613,0.9158893922341186
C_tau09_P8_no_fork,6bba_80d12824,639,10,15,0,0,1,8213,nan,-0.08956878394856446,0.9623493975903614,0.9709690441179416
C_tau09_P8_no_fork,6bba_825bd1c6,893,46,37,0,2,0,6801,nan,-0.10348009491167941,0.9149590163934426,0.9244270209791116
C_tau09_P8_no_fork,6bba_78a7bd97,731,110,101,0,0,2,38772,nan,-0.045330312953980254,0.7760084925690022,0.7795261633513121
C_tau09_P8_no_fork,6bba_87289e13,669,41,30,0,1,1,13881,nan,-0.0724976613657624,0.904054054054054,0.9106082345207696
C_tau09_P8_no_fork,6bba_8b7818bf,723,2,2,1,0,1,5610,nan,-0.03740562800274537,0.9944979367262724,0.9982179187133404
C_tau09_P8_no_fork,6bba_907271db,916,1,5,0,0,1,6792,nan,-0.07035313441007392,0.9934924078091106,1.0004819382993089
C_tau09_P8_no_fork,6bba_96833384,714,9,7,0,1,0,4703,nan,-0.034093242965701376,0.9780821917808219,0.9814167911613028
C_tau09_P8_no_fork,6bba_91951b3a,1125,17,23,0,1,0,11398,nan,-0.042747963382884016,0.9656652360515021,0.9697932582665874
C_tau09_P8_no_fork,6bba_971fa5e0,750,12,17,0,2,0,4940,nan,-0.11927259761098236,0.962772785622593,0.9742560267276298
C_tau09_P8_no_fork,6bba_969618f6,650,5,8,0,0,3,15489,nan,0.11527937788018433,0.9803921568627451,0.9690902570705702
C_tau09_P8_no_fork,6bba_786893ac,1194,269,201,0,4,3,54358,nan,-0.07834992115837841,0.7175480769230769,0.7231700604485037
C_tau09_P8_no_fork,6bba_9e23430b,866,18,25,0,0,1,7274,nan,-0.0563051375194603,0.9526952695269527,0.9580594333434382
C_tau09_P8_no_fork,6bba_9a41d029,1317,33,36,0,1,2,18370,nan,0.00762437606275026,0.9502164502164502,0.949491969460704
C_tau09_P8_no_fork,6bba_a5e926bb,670,22,28,0,0,0,7847,nan,-0.07026066350710901,0.9305555555555556,0.9370937006319116
C_tau09_P8_no_fork,6bba_ae82a791,1463,13,8,0,1,0,7122,nan,-0.03795758476293395,0.9858490566037735,0.989591101516723
C_tau09_P8_no_fork,6bba_acd782a8,307,27,23,0,0,0,19768,nan,0.002942668696093354,0.8599439775910365,0.8596909245687113
C_tau09_P8_no_fork,6bba_ab78413d,936,118,202,0,1,2,12281,nan,0.32896872632831947,0.7452229299363057,0.7207074261271252
C_tau09_P8_no_fork,6bba_aeee7805,763,4,5,1,0,0,4902,nan,-0.026221692491060787,0.9883419689119171,0.990933568830399
C_tau09_P8_no_fork,6bba_af149c94,1269,27,48,0,1,0,7801,nan,-0.12672114631142953,0.9441964285714286,0.9561613939486016
C_tau09_P8_no_fork,6bba_a90a0b9c,876,182,236,0,0,0,29125,nan,-0.2106190372940156,0.6769706336939721,0.6912289240084666
C_tau09_P8_no_fork,6bba_b204cac7,802,8,9,0,0,2,5416,nan,0.0636292223095051,0.9792429792429792,0.9730121323208519
C_tau09_P8_no_fork,6bba_b1ae37b9,548,37,31,0,1,0,22538,nan,-0.07243394518067331,0.8896103896103896,0.8960541886297093
C_tau09_P8_no_fork,6bba_afb141ff,594,24,32,1,0,3,5489,nan,-0.09332672613148332,0.9138461538461539,0.9223747808187849
C_tau09_P8_no_fork,6bba_b693381b,912,18,23,0,0,0,6039,nan,0.08654192155451601,0.9569779643231899,0.9486960931314041
C_tau09_P8_no_fork,6bba_bbb708ca,848,8,13,0,2,0,6531,nan,-0.03743551952837141,0.9758342922899885,0.979487378660536
C_tau09_P8_no_fork,6bba_c27cba08,484,5,9,0,0,0,6299,nan,-0.02265321955003879,0.9718875502008032,0.9740891884060681
C_tau09_P8_no_fork,6bba_bb9f20c3,1795,78,84,0,2,3,22768,nan,-0.013133370898530623,0.9172202350536536,0.9184248544079132
C_tau09_P8_no_fork,6bba_c73a1d11,563,95,147,0,0,0,23690,nan,0.45203800183879866,0.6993788819875777,0.6677642987533859
C_tau09_P8_no_fork,6bba_b329af44,1172,89,96,0,0,1,63930,nan,0.023453133754902745,0.8636698599852616,0.8616442835106304
C_tau09_P8_no_fork,6bba_c328f2fd,448,25,52,0,0,2,30228,nan,-0.0320225438708851,0.8533333333333334,0.8560659237436489
C_tau09_P8_no_fork,6bba_cf35214c,815,3,2,0,0,0,34671,nan,-0.0062768701633705935,0.9939024390243902,0.9945262986808716
C_tau09_P8_no_fork,6bba_d0fc38b5,813,0,0,0,0,0,5675,nan,-0.07134675175912289,1.0,1.0071346751759123
C_tau09_P8_no_fork,6bba_cff5865f,1466,42,35,0,1,0,46494,nan,0.002847159311505112,0.950097213220998,0.9498267054082523
C_tau09_P8_no_fork,6bba_cdcfe533,1331,19,17,2,2,2,28134,nan,-0.055430585865368476,0.9736649597659107,0.9790620416815512
C_tau09_P8_no_fork,6bba_d1acb6ff,619,26,24,0,2,1,16037,nan,0.08954412663903798,0.9252615844544095,0.9169764104051472
C_tau09_P8_no_fork,6bba_d3da753b,834,34,23,1,1,0,15894,nan,-0.07839499014264177,0.936026936026936,0.943364918269244
C_tau09_P8_no_fork,6bba_d5eae175,519,0,0,0,0,0,4115,nan,-0.08940030980305377,1.0,1.0089400309803054
C_tau09_P8_no_fork,6bba_d6ecebbb,840,13,22,0,0,0,6008,nan,0.12110468370964732,0.96,0.9483739503638738
C_tau09_P8_no_fork,6bba_d2b9fc0c,917,5,4,0,0,2,18760,nan,-0.07027455644761621,0.990280777537797,0.9972399317778039
C_tau09_P8_no_fork,6bba_d82a4fc6,508,28,22,0,0,0,28384,nan,0.02410160196276519,0.910394265232975,0.908200069211992
C_tau09_P8_no_fork,6bba_debd7bfa,715,16,14,4,0,0,11777,nan,-0.002540865588210384,0.959731543624161,0.9599753985094724
C_tau09_P8_no_fork,6bba_e16ffc58,935,7,7,1,0,0,5913,nan,-0.07130516726872939,0.9852476290832455,0.9922729537825354
C_tau09_P8_no_fork,6bba_e5e44988,597,16,37,0,0,0,5099,nan,-0.0918967052537845,0.9184615384615384,0.9269018973902322
C_tau09_P8_no_fork,6bba_ed9377fd,497,1,11,0,0,0,4275,nan,-0.03781228899392303,0.9764243614931237,0.9801164455068723
C_tau09_P8_no_fork,6bba_df673a83,644,7,10,1,0,3,21800,nan,0.13311502676854306,0.9742813918305597,0.9613122424751979
C_tau09_P8_no_fork,6bba_ebff6e76,1002,270,262,0,0,0,48009,nan,0.15417347821905952,0.6531942633637549,0.6431237402102022
C_tau09_P8_no_fork,6bba_eebc57a5,927,76,62,0,3,0,8417,nan,-0.09949716486573232,0.8704225352112676,0.8790829926601439
C_tau09_P8_no_fork,6bba_edf14583,730,46,30,0,0,0,50178,nan,-0.15299956112217683,0.9057071960297767,0.9195644763795519
C_tau09_P8_no_fork,6bba_f1fde7e0,415,29,31,0,0,0,7811,nan,-0.1359513274336283,0.8736842105263158,0.8855620633442012
C_tau09_P8_no_fork,6bba_f17befbc,929,94,86,0,2,0,25513,nan,0.022032608260225132,0.8376916140667268,0.835845960949166
C_tau09_P8_no_fork,6bba_ef7b4f7e,1179,7,22,0,0,2,5797,nan,-0.050761421319796954,0.9759933774834437,0.9809476585874205
C_tau09_P8_no_fork,6bba_f20478e9,931,22,32,0,0,1,5175,nan,-0.13360120542440984,0.9451776649746193,0.957805352512703
C_tau09_P8_no_fork,6bba_ebdf3b34,737,66,66,0,0,2,59031,nan,0.0384189139268563,0.8481012658227848,0.8448429528694944
C_tau09_P8_no_fork,6bba_f4ae811c,955,7,10,0,0,0,9275,nan,0.041783668426373134,0.9825102880658436,0.9784049996556393
C_tau09_P8_no_fork,6bba_fbc898dc,634,7,5,0,0,0,4950,nan,0.012476989159337287,0.9814241486068112,0.9801996267605233
C_tau09_P8_no_fork,6bba_fc516dc6,720,28,42,0,0,0,6699,nan,-0.14836003051106025,0.9113924050632911,0.924913825565565
C_tau09_P8_no_fork,6bba_fc83837d,828,77,95,0,0,0,11330,nan,-0.1342553679223657,0.828,0.8391163444639719
C_tau09_P8_no_fork,6bba_f8ffd5e7,353,17,17,2,0,0,30748,nan,0.04089370345294516,0.9121447028423773,0.9084146053439561
C_tau09_P8_no_fork,6bba_fe670320,662,14,18,0,0,2,9613,nan,-0.11286452565522333,0.9538904899135446,0.9646565296806567
C_tau09_P8_no_fork,6bba_fc5f39dc,440,7,18,0,0,2,17604,nan,0.25563480741797434,0.946236559139785,0.9220474590830304
E_tau10_P8,44b6_0b24845f,49,0,0,0,0,0,18141,nan,-0.44683640798902274,1.0,1.0446836407989022
E_tau10_P8,44b6_0db75fae,149,0,2,0,0,0,17498,nan,0.14104988588196934,0.9867549668874173,0.9728367993401236
E_tau10_P8,44b6_0113de3b,46,3,4,0,0,0,25488,nan,-0.01036691904484566,0.8679245283018868,0.8688242986340811
E_tau10_P8,44b6_0c582fdc,69,1,1,0,0,0,26806,nan,-0.04120466413906574,0.971830985915493,0.9758353828529515
E_tau10_P8,44b6_1574802b,144,10,9,0,1,0,19270,nan,0.09011710131809696,0.8834355828220859,0.8754743174295669
E_tau10_P8,44b6_144b256d,119,0,0,0,0,0,27584,nan,-0.5780714635340186,1.0,1.0578071463534018
E_tau10_P8,44b6_12dfb391,741,38,32,0,0,1,44125,nan,-0.24793768748295608,0.9136868064118372,0.936340545798381
E_tau10_P8,44b6_24264f12,213,10,8,0,0,0,26792,nan,0.016658444958828216,0.922077922077922,0.9205418836466535
E_tau10_P8,44b6_18ced818,90,16,9,0,1,0,71293,nan,-0.09347184782055847,0.782608695652174,0.7899238837424786
E_tau10_P8,44b6_1d530831,253,28,18,0,1,0,35377,nan,-0.012505233775296581,0.8461538461538461,0.8472119813194482
E_tau10_P8,44b6_2f31fc2f,67,25,18,0,0,0,18086,nan,-0.25779711096520025,0.6090909090909091,0.6247930967587896
E_tau10_P8,44b6_33b596bf,49,0,0,0,0,0,23592,nan,0.011230175739391342,1.0,0.9988769824260608
E_tau10_P8,44b6_267148e4,250,40,27,0,0,1,21733,nan,0.13606900156821747,0.7886435331230284,0.7779125393085001
E_tau10_P8,44b6_341df25f,208,0,1,0,0,1,8361,nan,0.12439483593329748,0.9952153110047847,0.9828353464717101
E_tau10_P8,44b6_3bb3690f,380,26,16,0,0,0,15743,nan,-0.5070607759025582,0.9004739336492891,0.9461334347969129
E_tau10_P8,44b6_3a861e03,884,38,35,0,0,0,36206,nan,-0.10703891875894046,0.9237199582027168,0.9336073567589241
E_tau10_P8,44b6_2a2eff9f,197,23,13,0,1,1,37910,nan,-0.32744336225096243,0.8454935622317596,0.8731786877096308
E_tau10_P8,44b6_40c45f5a,194,5,4,0,0,0,28593,nan,-0.12508797160429608,0.9556650246305419,0.9676192445769624
E_tau10_P8,44b6_5740d24b,169,1,1,0,0,0,11083,nan,-0.43826659908768373,0.9883040935672515,1.031618160962467
E_tau10_P8,44b6_551a5dba,199,33,25,0,0,0,30257,nan,-0.4749509778402485,0.77431906614786,0.8110954259105875
E_tau10_P8,44b6_415c0a3a,310,13,12,0,0,0,32632,nan,-0.4304265866089506,0.9253731343283582,0.9652036542832162
E_tau10_P8,44b6_53f95252,67,2,1,0,0,0,30048,nan,-0.22386671832623015,0.9571428571428572,0.9785701001826536
E_tau10_P8,44b6_587a1e22,365,7,6,1,0,0,18647,nan,0.028119314109279373,0.9656084656084656,0.9628932408333633
E_tau10_P8,44b6_5f15d135,252,23,21,0,0,1,21046,nan,-0.2870354686811884,0.8513513513513513,0.8757881547661012
E_tau10_P8,44b6_668e0cc7,613,28,18,0,0,0,33423,nan,-0.15813203697639858,0.9301972685887708,0.9449066674759533
E_tau10_P8,44b6_66f9292d,197,2,1,0,0,0,20016,nan,-0.6202618099032442,0.985,1.0460957882754696
E_tau10_P8,44b6_74d0c52e,135,5,4,0,1,1,8383,nan,-0.44446653412856196,0.9375,0.9791687375745527
E_tau10_P8,44b6_71a4179f,107,20,12,0,0,0,30496,nan,-0.5494622385060868,0.7697841726618705,0.8120809061296053
E_tau10_P8,44b6_706092f0,108,10,9,0,0,1,28556,nan,-0.5914618444018427,0.8503937007874016,0.9006912434609441
E_tau10_P8,44b6_808952d6,179,0,0,0,0,0,14887,nan,-0.05431330199466396,1.0,1.0054313301994664
E_tau10_P8,44b6_7a302da0,492,22,15,0,0,1,42450,nan,-0.3650722426635556,0.9300567107750473,0.9640104996957409
E_tau10_P8,44b6_7e557709,546,10,14,0,0,0,44362,nan,-0.2086692829111666,0.9578947368421052,0.9778830576262275
E_tau10_P8,44b6_81c256f0,197,0,0,0,0,0,11208,nan,0.11500198965380024,1.0,0.98849980103462
E_tau10_P8,44b6_87bba6c4,109,47,40,0,1,0,28036,nan,-0.0023485872891609136,0.5561224489795918,0.5562530591910809
E_tau10_P8,44b6_8cc6506c,381,22,15,0,0,0,18127,nan,-0.4365597413900286,0.9114832535885168,0.9512749429353112
E_tau10_P8,44b6_8f5ab931,572,38,32,0,0,0,27087,nan,-0.017554677015704907,0.8909657320872274,0.8925297936531127
E_tau10_P8,44b6_90724892,97,12,6,0,0,0,23034,nan,-0.09783800720664264,0.8434782608695652,0.8517306840861256
E_tau10_P8,44b6_95029e92,198,0,0,0,0,0,4757,nan,-0.07827940321643093,1.0,1.007827940321643
E_tau10_P8,44b6_949adeb1,351,44,27,0,0,0,37840,nan,0.01777885365394443,0.8317535545023697,0.830274792030205
E_tau10_P8,44b6_8f9ecab4,366,4,4,0,0,0,39731,nan,-0.4690711317199631,0.9786096256684492,1.0245133781308842
E_tau10_P8,44b6_996155de,370,2,7,1,0,0,8879,nan,0.17245477353756766,0.9762532981530343,0.9594173440082058
E_tau10_P8,44b6_97725144,219,1,2,0,0,0,32719,nan,-0.08539721585509029,0.9864864864864865,0.994910806428948
E_tau10_P8,44b6_9bfa6a0a,241,30,18,0,0,0,38612,nan,-0.3995770355165765,0.8339100346020761,0.8672311645534584
E_tau10_P8,44b6_a21120c2,279,12,7,1,0,1,21921,nan,-0.048567708333333334,0.9362416107382551,0.9407887216862417
E_tau10_P8,44b6_9be80b04,205,18,15,0,1,1,25200,nan,-0.5645938801250928,0.8613445378151261,0.9099755232880857
E_tau10_P8,44b6_a2bb48bb,376,44,34,0,1,0,43382,nan,-0.2842789500602181,0.8281938325991189,0.8517376399168815
E_tau10_P8,44b6_aaf8b0ea,203,0,3,0,0,1,14019,nan,-0.3656274039549301,0.9854368932038835,1.0214671665062383
E_tau10_P8,44b6_abf82518,94,0,0,0,0,0,25568,nan,-0.07375742645993334,1.0,1.0073757426459933
E_tau10_P8,44b6_c15fded2,97,8,5,0,0,0,19353,nan,-0.059849404906485305,0.8818181818181818,0.8870958111599355
E_tau10_P8,44b6_b2c44266,156,14,12,0,0,0,36725,nan,-0.3851395469537411,0.8571428571428571,0.8901548183103206
E_tau10_P8,44b6_c771cb04,203,34,20,0,0,0,28016,nan,-0.4748148842440716,0.7898832684824902,0.8273881017515745
E_tau10_P8,44b6_c50204e0,294,31,31,0,0,2,35757,nan,-0.2404732571477123,0.8258426966292135,0.8457020049442213
E_tau10_P8,44b6_cf2536e8,70,8,5,0,0,0,20633,nan,-0.6415703986797533,0.8433734939759037,0.8974818408525094
E_tau10_P8,44b6_c8e2a523,158,10,6,0,1,1,28311,nan,-0.14581824764663287,0.9080459770114943,0.9212869443265332
E_tau10_P8,44b6_c96cfa10,590,17,26,0,0,0,37236,nan,-0.19465351674020243,0.9320695102685624,0.9502125710705718
E_tau10_P8,44b6_cf8fed6b,178,12,10,0,0,0,41001,nan,-0.0623842301447552,0.89,0.8955521964828831
E_tau10_P8,44b6_d754aa59,64,3,6,0,0,1,5523,nan,0.06807193966350802,0.8767123287671232,0.8707443778925144
E_tau10_P8,44b6_d29c9ab2,1285,56,43,0,0,0,36336,nan,-0.0451714623571147,0.9284682080924855,0.9326622347636483
E_tau10_P8,44b6_d2f34f90,271,5,10,0,0,2,14675,nan,-0.390421201296004,0.9475524475524476,0.984546904038887
E_tau10_P8,44b6_d78e09d9,418,37,33,0,0,0,23300,nan,0.046767599622624556,0.8565573770491803,0.8525514638028162
E_tau10_P8,44b6_db3c847b,154,7,8,0,0,0,15223,nan,0.013312920189043467,0.9112426035502958,0.9100294735449037
E_tau10_P8,44b6_d5e7d891,830,90,63,0,1,2,41844,nan,-0.06698180520870496,0.844354018311292,0.8500096539494635
E_tau10_P8,44b6_deabac95,121,6,3,1,2,0,15562,nan,0.11244549288726857,0.9307692307692308,0.9203031502774158
E_tau10_P8,44b6_ddf577ad,607,48,40,0,0,0,37263,nan,-0.3033911612951469,0.8733812949640288,0.8998789114972885
E_tau10_P8,44b6_e29f0176,48,4,2,0,0,0,13328,nan,0.027681394093607835,0.8888888888888888,0.8864283205250125
E_tau10_P8,44b6_e28840c6,289,14,20,0,0,2,26309,nan,-0.6477385319872533,0.8947368421052632,0.9526923949672806
E_tau10_P8,44b6_e35b117d,240,11,26,0,0,0,18245,nan,-0.36297615306728115,0.8664259927797834,0.8978751901574539
E_tau10_P8,44b6_e57ff5c6,142,19,44,0,0,0,15946,nan,-0.21502412129565818,0.6926829268292682,0.7075772805970649
E_tau10_P8,44b6_e31261b4,106,10,7,0,0,0,66132,nan,-0.09229164379049083,0.8617886178861789,0.8697422067006441
E_tau10_P8,44b6_f28707c6,55,6,6,0,0,0,21352,nan,0.14451114922813035,0.8208955223880597,0.8090326668544072
E_tau10_P8,6bba_05b6850b,836,8,9,0,0,0,6035,nan,-0.05139893115372524,0.9800703399765534,0.9851077967695797
E_tau10_P8,6bba_07477033,593,14,9,0,0,0,4518,nan,-0.06575682382133995,0.9626623376623377,0.9689924994360477
E_tau10_P8,6bba_062c8d37,896,5,2,1,2,0,5855,nan,-0.02902155887230514,0.9922480620155039,0.9951277205702751
E_tau10_P8,44b6_eb2880fc,371,13,8,0,3,1,35856,nan,-0.2543049663089593,0.9464285714285714,0.9704967200256694
E_tau10_P8,6bba_085bf656,1164,3,4,0,3,1,8223,nan,-0.02835873803615739,0.9940222032450897,0.996841124771485
E_tau10_P8,6bba_0c7fa718,620,45,39,0,0,0,12354,nan,-0.09494505494505495,0.8806818181818182,0.8890434565434566
E_tau10_P8,6bba_07e24132,309,17,36,0,0,2,27261,nan,0.2688387246916453,0.8535911602209945,0.830643324328807
E_tau10_P8,6bba_0e7c0d07,179,19,19,0,0,1,21553,nan,-0.04068188899274491,0.8248847926267281,0.8282405797832724
E_tau10_P8,6bba_13f19531,693,11,11,0,0,0,5571,nan,-0.03499047289104452,0.9692307692307692,0.9726221535263628
E_tau10_P8,6bba_09961292,1791,109,80,1,0,3,29279,nan,-0.059067390815309956,0.9045454545454545,0.9098883685328395
E_tau10_P8,6bba_12665c0e,961,21,37,0,1,3,7998,nan,-0.03800817897522252,0.943081452404318,0.9466659332674375
E_tau10_P8,6bba_15403b9a,716,14,13,0,1,0,6243,nan,-0.09377268108578894,0.9636608344549125,0.972697340465333
E_tau10_P8,6bba_1ebfb80d,675,37,44,0,0,0,11151,nan,-0.03521370479321682,0.8928571428571429,0.8960012236422517
E_tau10_P8,6bba_1d0d8384,1255,107,110,0,0,1,16932,nan,-0.054553576414093474,0.8525815217391305,0.8572326588586745
E_tau10_P8,6bba_1f58c2f6,264,48,35,0,1,0,31359,nan,0.08497387814413729,0.760806916426513,0.7543420450057486
E_tau10_P8,6bba_207c6aaf,354,81,96,0,0,1,17234,nan,0.43628635719643305,0.6666666666666666,0.6375809095202378
E_tau10_P8,6bba_20852818,846,27,63,0,0,3,9760,nan,0.00020496003279360525,0.9038461538461539,0.9038276286124206
E_tau10_P8,6bba_23af9eeb,498,1,1,0,0,0,4060,nan,-0.08764044943820225,0.996,1.004728988764045
E_tau10_P8,6bba_05db0fb1,1114,93,69,0,0,3,68777,nan,-0.014656160458452722,0.8730407523510971,0.8743202948864197
E_tau10_P8,6bba_2540cd90,523,0,0,0,0,0,3476,nan,-0.08115252445149353,1.0,1.0081152524451493
E_tau10_P8,6bba_2646afc7,704,12,17,0,1,0,5176,nan,-0.05805277525022748,0.9604365620736699,0.9660121628616863
E_tau10_P8,6bba_2312ac41,1128,5,4,1,0,1,12255,nan,0.025523012552301255,0.9920844327176781,0.9895523343747585
E_tau10_P8,6bba_268e1230,580,10,29,0,0,1,4611,nan,-0.09712159780693166,0.9369951534733441,0.9460954001176122
E_tau10_P8,6bba_2819ca14,918,21,31,0,0,1,4908,nan,-0.11311890133718829,0.9463917525773196,0.9570972321059318
E_tau10_P8,6bba_312f0dc3,498,3,2,0,0,0,9351,nan,-0.06142728093947606,0.9900596421471173,0.9961413093256182
E_tau10_P8,6bba_283bf9f1,1268,13,20,0,2,0,21538,nan,0.03245290254541968,0.9746348962336664,0.9714719231031828
E_tau10_P8,6bba_372c8cb8,1006,2,1,0,0,0,6553,nan,-0.06665717134311351,0.9970267591674926,1.0036726575194423
E_tau10_P8,6bba_337b1b3a,1194,32,19,1,0,1,29351,nan,-0.03704068241469816,0.9590361445783132,0.9625884799038673
E_tau10_P8,6bba_32db13fc,689,118,122,0,0,1,43207,nan,0.11631572148301253,0.7416576964477933,0.7330310514422179
E_tau10_P8,6bba_3a1849c2,1108,40,34,0,0,0,6461,nan,-0.07739540197058403,0.937394247038917,0.944649247494366
E_tau10_P8,6bba_3fda6b25,1165,7,14,1,1,0,8156,nan,-0.17130664499085552,0.9822934232715008,0.9991207623452232
E_tau10_P8,6bba_3c5691b6,741,5,5,1,0,1,6173,nan,-0.013582614253755194,0.9866844207723036,0.9880245961600576
E_tau10_P8,6bba_43fea39d,858,13,22,0,1,0,5340,nan,-0.0709812108559499,0.9608062709966405,0.9676261902479736
E_tau10_P8,6bba_3db54e20,433,41,41,0,0,1,22608,nan,-0.02702702702702703,0.8407766990291262,0.8430490684859616
E_tau10_P8,6bba_3abfe10a,841,116,94,1,0,0,52279,nan,0.0041102468068760206,0.8001902949571836,0.7998613969967096
E_tau10_P8,6bba_4aa14c89,648,30,33,0,0,0,7082,nan,0.04346544865183439,0.9113924050632911,0.907430997084896
E_tau10_P8,6bba_474be664,240,26,46,0,0,1,24479,nan,-0.13480366168310182,0.7692307692307693,0.779600281667931
E_tau10_P8,6bba_4f99ce20,993,8,17,0,0,2,5308,nan,-0.11014249790444258,0.9754420432220039,0.9861858055421523
E_tau10_P8,6bba_55b7eebe,682,6,6,0,0,1,4497,nan,-0.14456914590070383,0.9827089337175793,0.9969158728392334
E_tau10_P8,6bba_4ffd3da3,645,22,44,1,0,2,19958,nan,0.1315983443896354,0.9071729957805907,0.8952347493486196
E_tau10_P8,6bba_5a4d9360,699,13,23,0,0,0,5457,nan,-0.08684738955823293,0.9510204081632653,0.9592797721498237
E_tau10_P8,6bba_48816121,897,21,21,2,1,3,25087,nan,0.04681827665345295,0.9552715654952076,0.9507991486519545
E_tau10_P8,6bba_55c70843,402,49,65,0,0,0,36629,nan,0.03427926020048002,0.7790697674418605,0.7763991739146138
E_tau10_P8,6bba_5b28472a,716,1,8,0,0,0,5746,nan,-0.009651844191658049,0.9875862068965517,0.9885394097160314
E_tau10_P8,6bba_5c039895,1138,5,7,2,1,1,7934,nan,-0.07421236872812136,0.9895652173913043,0.996909015270661
E_tau10_P8,6bba_5f89039d,885,0,0,0,0,0,4440,nan,-0.03708523096942095,1.0,1.003708523096942
E_tau10_P8,6bba_5dfe9ad1,1441,19,46,0,0,0,29396,nan,0.09226024597778025,0.9568393094289509,0.9480114864240385
E_tau10_P8,6bba_61dd1e0d,534,8,9,0,0,0,9386,nan,-0.07326224328593997,0.969147005444646,0.9762471938139187
E_tau10_P8,6bba_61ecbe65,595,6,19,0,0,1,5375,nan,-0.06910287495670246,0.9596774193548387,0.9663090662256837
E_tau10_P8,6bba_5c824876,1081,44,49,1,0,0,25119,nan,0.019150403700247495,0.9207836456558773,0.9190203078023877
E_tau10_P8,6bba_6321a359,785,13,13,0,0,1,4603,nan,-0.045218834266749636,0.967940813810111,0.9723177293340811
E_tau10_P8,6bba_6ca87370,1038,18,14,0,1,1,6261,nan,-0.12981236970118137,0.9700934579439252,0.9826864710046566
E_tau10_P8,6bba_67ebd073,391,67,47,0,1,1,15186,nan,-0.05447979577859411,0.7742574257425743,0.7784755643860258
E_tau10_P8,6bba_6479435d,470,72,110,0,0,0,23931,nan,0.020381187907730355,0.7208588957055214,0.7193896996446881
E_tau10_P8,6bba_6feb10f0,1123,104,220,0,0,0,10831,nan,0.22218460844053262,0.7760884588804423,0.7588449678452857
E_tau10_P8,6bba_6db0e9b4,428,16,12,0,1,0,24780,nan,-0.1285387726393529,0.9385964912280702,0.9506610953266761
E_tau10_P8,6bba_6feeb0b1,1330,8,13,0,1,0,6845,nan,-0.08951848895982974,0.9844559585492227,0.9932686595349055
E_tau10_P8,6bba_718b21f9,649,0,3,0,0,0,4074,nan,-0.0538783093358105,0.995398773006135,1.000761813306586
E_tau10_P8,6bba_705ec2c9,536,23,26,0,2,1,5845,nan,0.04375,0.9162393162393162,0.9122307692307692
E_tau10_P8,6bba_57b7cc1e,1279,338,313,0,2,3,73116,nan,0.11608737463937353,0.6626943005181347,0.6550012563645721
E_tau10_P8,6bba_76db78c1,604,0,0,0,0,0,4628,nan,-0.04675592173017508,1.0,1.0046755921730175
E_tau10_P8,6bba_784a78c9,1736,3,3,1,1,0,12664,nan,-0.032987171655467315,0.9965556831228473,0.9998430384611877
E_tau10_P8,6bba_767a1e17,553,94,105,0,0,0,47381,nan,-0.0069790837070880666,0.7353723404255319,0.7358855629375026
E_tau10_P8,6bba_789f8168,670,16,11,0,0,0,10532,nan,-0.013488197826901461,0.9612625538020086,0.962559123750936
E_tau10_P8,6bba_74686d6a,560,22,16,0,1,2,25345,nan,-0.14958225681978324,0.9364548494983278,0.9504625524781067
E_tau10_P8,6bba_7b5d3b2c,543,8,12,0,0,0,5399,nan,-0.06591695501730103,0.9644760213143873,0.9708335535656117
E_tau10_P8,6bba_7af54fde,1043,48,49,0,0,2,10101,nan,0.04956359102244389,0.9149122807017543,0.9103776468915431
E_tau10_P8,6bba_7d3058ae,1167,6,6,0,1,2,7395,nan,-0.02837997635001971,0.989821882951654,0.9926309951145439
E_tau10_P8,6bba_786893ac,1194,269,201,0,4,3,54341,nan,-0.07863815934485156,0.7175480769230769,0.7231907429241439
E_tau10_P8,6bba_80d12824,639,10,15,0,0,1,8207,nan,-0.09023389868085578,0.9623493975903614,0.9710330513941365
E_tau10_P8,6bba_7f87b3d8,891,52,43,1,1,2,9148,nan,-0.13543143370191854,0.9036511156186613,0.9158893922341186
E_tau10_P8,6bba_78a7bd97,731,110,101,0,0,2,38758,nan,-0.045675030162755766,0.7760084925690022,0.7795529136994666
E_tau10_P8,6bba_825bd1c6,895,42,35,0,1,0,6796,nan,-0.10413920379646717,0.9207818930041153,0.9303708423248805
E_tau10_P8,6bba_907271db,916,1,5,0,0,1,6792,nan,-0.07035313441007392,0.9934924078091106,1.0004819382993089
E_tau10_P8,6bba_8b7818bf,723,2,2,1,0,1,5615,nan,-0.03654770075497598,0.9944979367262724,0.9981325980255638
E_tau10_P8,6bba_87289e13,669,41,30,0,1,1,13881,nan,-0.0724976613657624,0.904054054054054,0.9106082345207696
E_tau10_P8,6bba_91951b3a,1125,17,23,0,1,0,11398,nan,-0.042747963382884016,0.9656652360515021,0.9697932582665874
E_tau10_P8,6bba_96833384,714,8,7,0,0,0,4699,nan,-0.03491476689258575,0.9794238683127572,0.9828435039178747
E_tau10_P8,6bba_971fa5e0,750,12,17,0,2,0,4935,nan,-0.1201640221073275,0.962772785622593,0.9743418506521817
E_tau10_P8,6bba_9e23430b,866,18,25,0,0,1,7266,nan,-0.05734302023871302,0.9526952695269527,0.9581583119391338
E_tau10_P8,6bba_969618f6,650,5,8,0,0,3,15474,nan,0.11419930875576037,0.9803921568627451,0.9691961462004156
E_tau10_P8,6bba_a5e926bb,670,22,28,0,0,0,7841,nan,-0.07097156398104265,0.9305555555555556,0.9371598538704581
E_tau10_P8,6bba_9a41d029,1317,33,36,0,1,2,18371,nan,0.007679227689100981,0.9502164502164502,0.949486757368936
E_tau10_P8,6bba_ab78413d,938,118,200,0,2,2,12281,nan,0.32896872632831947,0.7468152866242038,0.7222473992598756
E_tau10_P8,6bba_a90a0b9c,876,182,236,0,0,0,29125,nan,-0.2106190372940156,0.6769706336939721,0.6912289240084666
E_tau10_P8,6bba_acd782a8,307,27,23,0,0,0,19762,nan,0.0026382546930492135,0.8599439775910365,0.8597171024675726
E_tau10_P8,6bba_ae82a791,1463,13,8,0,1,0,7117,nan,-0.03863298662704309,0.9858490566037735,0.9896576859457792
E_tau10_P8,6bba_aeee7805,763,4,5,1,0,0,4902,nan,-0.026221692491060787,0.9883419689119171,0.990933568830399
E_tau10_P8,6bba_af149c94,1269,27,48,0,1,0,7795,nan,-0.12739281316467033,0.9441964285714286,0.9562248124930035
E_tau10_P8,6bba_afb141ff,594,24,32,1,0,3,5483,nan,-0.0943178064089858,0.9138461538461539,0.9224653503087596
E_tau10_P8,6bba_b204cac7,802,8,9,0,0,2,5416,nan,0.0636292223095051,0.9792429792429792,0.9730121323208519
E_tau10_P8,6bba_b1ae37b9,548,37,31,0,1,0,22534,nan,-0.07259856778335666,0.8896103896103896,0.8960688336274805
E_tau10_P8,6bba_b693381b,912,18,23,0,0,0,6039,nan,0.08654192155451601,0.9569779643231899,0.9486960931314041
E_tau10_P8,6bba_c27cba08,484,5,9,0,0,0,6299,nan,-0.02265321955003879,0.9718875502008032,0.9740891884060681
E_tau10_P8,6bba_bbb708ca,848,8,13,0,2,0,6531,nan,-0.03743551952837141,0.9758342922899885,0.979487378660536
E_tau10_P8,6bba_b329af44,1172,89,96,0,0,1,63925,nan,0.023373088929800688,0.8636698599852616,0.8616511967409192
E_tau10_P8,6bba_c73a1d11,563,95,147,0,0,0,23677,nan,0.45124118908979466,0.6993788819875777,0.6678200261543411
E_tau10_P8,6bba_bb9f20c3,1795,78,84,0,2,3,22768,nan,-0.013133370898530623,0.9172202350536536,0.9184248544079132
E_tau10_P8,6bba_cf35214c,815,4,2,0,1,0,34669,nan,-0.006334193178561192,0.9926918392204629,0.9933206294081033
E_tau10_P8,6bba_c328f2fd,448,25,52,0,0,2,30218,nan,-0.032342769309593955,0.8533333333333334,0.8560932496477521
E_tau10_P8,6bba_cff5865f,1466,42,35,0,1,0,46494,nan,0.002847159311505112,0.950097213220998,0.9498267054082523
E_tau10_P8,6bba_d0fc38b5,813,0,0,0,0,0,5675,nan,-0.07134675175912289,1.0,1.0071346751759123
E_tau10_P8,6bba_d1acb6ff,619,25,24,0,1,1,16026,nan,0.08879679326041172,0.9266467065868264,0.9184183809838031
E_tau10_P8,6bba_cdcfe533,1331,19,17,2,2,2,28134,nan,-0.055430585865368476,0.9736649597659107,0.9790620416815512
E_tau10_P8,6bba_d5eae175,519,0,0,0,0,0,4115,nan,-0.08940030980305377,1.0,1.0089400309803054
E_tau10_P8,6bba_d3da753b,834,34,23,1,1,0,15894,nan,-0.07839499014264177,0.936026936026936,0.943364918269244
E_tau10_P8,6bba_d2b9fc0c,917,6,4,0,1,2,18760,nan,-0.07027455644761621,0.9892125134843581,0.9961641605461126
E_tau10_P8,6bba_d6ecebbb,840,13,22,0,0,0,6006,nan,0.1207314797536854,0.96,0.9484097779436462
E_tau10_P8,6bba_d82a4fc6,508,28,22,0,0,0,28378,nan,0.023885120508009814,0.910394265232975,0.9082197775594859
E_tau10_P8,6bba_e16ffc58,935,7,7,1,0,0,5910,nan,-0.07177634678812628,0.9852476290832455,0.9923193766329713
E_tau10_P8,6bba_debd7bfa,715,16,14,4,0,0,11757,nan,-0.00423477598035064,0.959731543624161,0.9601379684330134
E_tau10_P8,6bba_e5e44988,597,16,37,0,0,0,5099,nan,-0.0918967052537845,0.9184615384615384,0.9269018973902322
E_tau10_P8,6bba_ed9377fd,497,1,11,0,0,0,4275,nan,-0.03781228899392303,0.9764243614931237,0.9801164455068723
E_tau10_P8,6bba_df673a83,644,7,10,1,0,3,21790,nan,0.13259524923332813,0.9742813918305597,0.961362883433243
E_tau10_P8,6bba_eebc57a5,927,76,62,0,3,0,8417,nan,-0.09949716486573232,0.8704225352112676,0.8790829926601439
E_tau10_P8,6bba_edf14583,730,46,30,0,0,0,50168,nan,-0.153168360284933,0.9057071960297767,0.9195797646411911
E_tau10_P8,6bba_ef7b4f7e,1179,7,22,0,0,2,5791,nan,-0.0517439004421156,0.9759933774834437,0.9810435478991105
E_tau10_P8,6bba_ebff6e76,1002,270,262,0,0,0,48009,nan,0.15417347821905952,0.6531942633637549,0.6431237402102022
E_tau10_P8,6bba_ebdf3b34,737,66,66,0,0,2,59027,nan,0.03834854961563495,0.8481012658227848,0.844848920475636
E_tau10_P8,6bba_f1fde7e0,415,29,31,0,0,0,7798,nan,-0.13738938053097347,0.8736842105263158,0.8856877037727062
E_tau10_P8,6bba_f20478e9,931,22,32,0,0,1,5175,nan,-0.13360120542440984,0.9451776649746193,0.957805352512703
E_tau10_P8,6bba_f17befbc,929,93,86,0,1,0,25507,nan,0.02179225253374995,0.8384476534296029,0.8366204871296161
E_tau10_P8,6bba_fbc898dc,634,7,5,0,0,0,4941,nan,0.01063612190632031,0.9814241486068112,0.9803802939181723
E_tau10_P8,6bba_f4ae811c,955,7,10,0,0,0,9271,nan,0.041334381669100306,0.9825102880658436,0.9784491425417705
E_tau10_P8,6bba_f8ffd5e7,353,17,17,2,0,0,30744,nan,0.04075829383886256,0.9121447028423773,0.908426956660176
E_tau10_P8,6bba_fc5f39dc,440,7,18,0,0,2,17604,nan,0.25563480741797434,0.946236559139785,0.9220474590830304
E_tau10_P8,6bba_fc516dc6,720,28,42,0,0,0,6696,nan,-0.14874141876430205,0.9113924050632911,0.9249485850013035
E_tau10_P8,6bba_fc83837d,828,77,95,0,0,0,11321,nan,-0.13494307327882632,0.828,0.8391732864674868
E_tau10_P8,6bba_fe670320,662,14,18,0,0,2,9606,nan,-0.11351052048726468,0.9538904899135446,0.9647181505133385
F_defensive_E,44b6_0b24845f,49,0,0,0,0,0,18141,nan,-0.44683640798902274,1.0,1.0446836407989022
F_defensive_E,44b6_0113de3b,46,3,4,0,0,0,25488,nan,-0.01036691904484566,0.8679245283018868,0.8688242986340811
F_defensive_E,44b6_0db75fae,149,0,2,0,0,0,17498,nan,0.14104988588196934,0.9867549668874173,0.9728367993401236
F_defensive_E,44b6_1574802b,144,10,9,0,1,0,19270,nan,0.09011710131809696,0.8834355828220859,0.8754743174295669
F_defensive_E,44b6_144b256d,119,0,0,0,0,0,27584,nan,-0.5780714635340186,1.0,1.0578071463534018
F_defensive_E,44b6_0c582fdc,69,1,1,0,0,0,26806,nan,-0.04120466413906574,0.971830985915493,0.9758353828529515
F_defensive_E,44b6_24264f12,213,10,8,0,0,0,26792,nan,0.016658444958828216,0.922077922077922,0.9205418836466535
F_defensive_E,44b6_1d530831,253,28,18,0,1,0,35377,nan,-0.012505233775296581,0.8461538461538461,0.8472119813194482
F_defensive_E,44b6_12dfb391,741,38,32,0,0,1,44125,nan,-0.24793768748295608,0.9136868064118372,0.936340545798381
F_defensive_E,44b6_18ced818,90,16,9,0,1,0,71293,nan,-0.09347184782055847,0.782608695652174,0.7899238837424786
F_defensive_E,44b6_267148e4,250,40,27,0,0,1,21733,nan,0.13606900156821747,0.7886435331230284,0.7779125393085001
F_defensive_E,44b6_2f31fc2f,67,25,18,0,0,0,18086,nan,-0.25779711096520025,0.6090909090909091,0.6247930967587896
F_defensive_E,44b6_33b596bf,49,0,0,0,0,0,23592,nan,0.011230175739391342,1.0,0.9988769824260608
F_defensive_E,44b6_341df25f,208,0,1,0,0,1,8361,nan,0.12439483593329748,0.9952153110047847,0.9828353464717101
F_defensive_E,44b6_2a2eff9f,197,23,13,0,1,1,37910,nan,-0.32744336225096243,0.8454935622317596,0.8731786877096308
F_defensive_E,44b6_3a861e03,884,38,35,0,0,0,36206,nan,-0.10703891875894046,0.9237199582027168,0.9336073567589241
F_defensive_E,44b6_3bb3690f,380,26,16,0,0,0,15743,nan,-0.5070607759025582,0.9004739336492891,0.9461334347969129
F_defensive_E,44b6_40c45f5a,194,5,4,0,0,0,28593,nan,-0.12508797160429608,0.9556650246305419,0.9676192445769624
F_defensive_E,44b6_415c0a3a,310,13,12,0,0,0,32632,nan,-0.4304265866089506,0.9253731343283582,0.9652036542832162
F_defensive_E,44b6_53f95252,67,2,1,0,0,0,30048,nan,-0.22386671832623015,0.9571428571428572,0.9785701001826536
F_defensive_E,44b6_5740d24b,169,1,1,0,0,0,11083,nan,-0.43826659908768373,0.9883040935672515,1.031618160962467
F_defensive_E,44b6_551a5dba,199,33,25,0,0,0,30257,nan,-0.4749509778402485,0.77431906614786,0.8110954259105875
F_defensive_E,44b6_587a1e22,365,7,6,1,0,0,18647,nan,0.028119314109279373,0.9656084656084656,0.9628932408333633
F_defensive_E,44b6_66f9292d,197,2,1,0,0,0,20016,nan,-0.6202618099032442,0.985,1.0460957882754696
F_defensive_E,44b6_668e0cc7,613,28,18,0,0,0,33423,nan,-0.15813203697639858,0.9301972685887708,0.9449066674759533
F_defensive_E,44b6_5f15d135,252,23,21,0,0,1,21046,nan,-0.2870354686811884,0.8513513513513513,0.8757881547661012
F_defensive_E,44b6_706092f0,108,10,9,0,0,1,28556,nan,-0.5914618444018427,0.8503937007874016,0.9006912434609441
F_defensive_E,44b6_74d0c52e,135,5,4,0,1,1,8383,nan,-0.44446653412856196,0.9375,0.9791687375745527
F_defensive_E,44b6_808952d6,179,0,0,0,0,0,14887,nan,-0.05431330199466396,1.0,1.0054313301994664
F_defensive_E,44b6_71a4179f,107,20,12,0,0,0,30496,nan,-0.5494622385060868,0.7697841726618705,0.8120809061296053
F_defensive_E,44b6_81c256f0,197,0,0,0,0,0,11208,nan,0.11500198965380024,1.0,0.98849980103462
F_defensive_E,44b6_7a302da0,492,22,15,0,0,1,42450,nan,-0.3650722426635556,0.9300567107750473,0.9640104996957409
F_defensive_E,44b6_87bba6c4,109,47,40,0,1,0,28036,nan,-0.0023485872891609136,0.5561224489795918,0.5562530591910809
F_defensive_E,44b6_7e557709,546,10,14,0,0,0,44362,nan,-0.2086692829111666,0.9578947368421052,0.9778830576262275
F_defensive_E,44b6_8cc6506c,381,22,15,0,0,0,18127,nan,-0.4365597413900286,0.9114832535885168,0.9512749429353112
F_defensive_E,44b6_90724892,97,12,6,0,0,0,23034,nan,-0.09783800720664264,0.8434782608695652,0.8517306840861256
F_defensive_E,44b6_8f9ecab4,366,4,4,0,0,0,39731,nan,-0.4690711317199631,0.9786096256684492,1.0245133781308842
F_defensive_E,44b6_949adeb1,351,44,27,0,0,0,37840,nan,0.01777885365394443,0.8317535545023697,0.830274792030205
F_defensive_E,44b6_95029e92,198,0,0,0,0,0,4757,nan,-0.07827940321643093,1.0,1.007827940321643
F_defensive_E,44b6_8f5ab931,572,38,32,0,0,0,27087,nan,-0.017554677015704907,0.8909657320872274,0.8925297936531127
F_defensive_E,44b6_996155de,370,2,7,1,0,0,8879,nan,0.17245477353756766,0.9762532981530343,0.9594173440082058
F_defensive_E,44b6_9be80b04,205,18,15,0,1,1,25200,nan,-0.5645938801250928,0.8613445378151261,0.9099755232880857
F_defensive_E,44b6_9bfa6a0a,241,30,18,0,0,0,38612,nan,-0.3995770355165765,0.8339100346020761,0.8672311645534584
F_defensive_E,44b6_97725144,219,1,2,0,0,0,32719,nan,-0.08539721585509029,0.9864864864864865,0.994910806428948
F_defensive_E,44b6_a21120c2,279,12,7,1,0,1,21921,nan,-0.048567708333333334,0.9362416107382551,0.9407887216862417
F_defensive_E,44b6_aaf8b0ea,203,0,3,0,0,1,14019,nan,-0.3656274039549301,0.9854368932038835,1.0214671665062383
F_defensive_E,44b6_c15fded2,97,8,5,0,0,0,19353,nan,-0.059849404906485305,0.8818181818181818,0.8870958111599355
F_defensive_E,44b6_abf82518,94,0,0,0,0,0,25568,nan,-0.07375742645993334,1.0,1.0073757426459933
F_defensive_E,44b6_a2bb48bb,376,44,34,0,1,0,43382,nan,-0.2842789500602181,0.8281938325991189,0.8517376399168815
F_defensive_E,44b6_b2c44266,156,14,12,0,0,0,36725,nan,-0.3851395469537411,0.8571428571428571,0.8901548183103206
F_defensive_E,44b6_c771cb04,203,34,20,0,0,0,28016,nan,-0.4748148842440716,0.7898832684824902,0.8273881017515745
F_defensive_E,44b6_c8e2a523,158,10,6,0,1,1,28311,nan,-0.14581824764663287,0.9080459770114943,0.9212869443265332
F_defensive_E,44b6_c50204e0,294,31,31,0,0,2,35757,nan,-0.2404732571477123,0.8258426966292135,0.8457020049442213
F_defensive_E,44b6_cf2536e8,70,8,5,0,0,0,20633,nan,-0.6415703986797533,0.8433734939759037,0.8974818408525094
F_defensive_E,44b6_c96cfa10,590,17,26,0,0,0,37236,nan,-0.19465351674020243,0.9320695102685624,0.9502125710705718
F_defensive_E,44b6_cf8fed6b,178,12,10,0,0,0,41001,nan,-0.0623842301447552,0.89,0.8955521964828831
F_defensive_E,44b6_d2f34f90,271,5,10,0,0,2,14675,nan,-0.390421201296004,0.9475524475524476,0.984546904038887
F_defensive_E,44b6_d754aa59,64,3,6,0,0,1,5523,nan,0.06807193966350802,0.8767123287671232,0.8707443778925144
F_defensive_E,44b6_d29c9ab2,1285,56,43,0,0,0,36336,nan,-0.0451714623571147,0.9284682080924855,0.9326622347636483
F_defensive_E,44b6_db3c847b,154,7,8,0,0,0,15223,nan,0.013312920189043467,0.9112426035502958,0.9100294735449037
F_defensive_E,44b6_d78e09d9,418,37,33,0,0,0,23300,nan,0.046767599622624556,0.8565573770491803,0.8525514638028162
F_defensive_E,44b6_ddf577ad,607,48,40,0,0,0,37263,nan,-0.3033911612951469,0.8733812949640288,0.8998789114972885
F_defensive_E,44b6_deabac95,121,6,3,1,2,0,15562,nan,0.11244549288726857,0.9307692307692308,0.9203031502774158
F_defensive_E,44b6_d5e7d891,830,90,63,0,1,2,41844,nan,-0.06698180520870496,0.844354018311292,0.8500096539494635
F_defensive_E,44b6_e29f0176,48,4,2,0,0,0,13328,nan,0.027681394093607835,0.8888888888888888,0.8864283205250125
F_defensive_E,44b6_e28840c6,289,14,20,0,0,2,26309,nan,-0.6477385319872533,0.8947368421052632,0.9526923949672806
F_defensive_E,44b6_e35b117d,240,11,26,0,0,0,18245,nan,-0.36297615306728115,0.8664259927797834,0.8978751901574539
F_defensive_E,44b6_e57ff5c6,142,19,44,0,0,0,15946,nan,-0.21502412129565818,0.6926829268292682,0.7075772805970649
F_defensive_E,44b6_e31261b4,106,10,7,0,0,0,66132,nan,-0.09229164379049083,0.8617886178861789,0.8697422067006441
F_defensive_E,6bba_05b6850b,836,8,9,0,0,0,5965,nan,-0.06240176045268783,0.9800703399765534,0.9861861514347535
F_defensive_E,6bba_062c8d37,896,4,2,1,1,0,5828,nan,-0.033499170812603646,0.9933481152993349,0.9966757491184138
F_defensive_E,44b6_f28707c6,55,6,6,0,0,0,21352,nan,0.14451114922813035,0.8208955223880597,0.8090326668544072
F_defensive_E,6bba_07477033,593,14,9,0,0,0,4485,nan,-0.07258064516129033,0.9626623376623377,0.9696494030163385
F_defensive_E,44b6_eb2880fc,371,13,8,0,3,1,35856,nan,-0.2543049663089593,0.9464285714285714,0.9704967200256694
F_defensive_E,6bba_085bf656,1164,0,4,0,0,1,8166,nan,-0.03509393831974477,0.9965753424657534,1.0000727178257007
F_defensive_E,6bba_07e24132,309,17,36,0,0,2,26917,nan,0.2528275541075169,0.8535911602209945,0.8320100236963474
F_defensive_E,6bba_0c7fa718,620,45,39,0,0,0,12328,nan,-0.09684981684981685,0.8806818181818182,0.8892112054612056
F_defensive_E,6bba_12665c0e,961,21,37,0,1,3,7989,nan,-0.03909069040173202,0.943081452404318,0.9467680229122734
F_defensive_E,6bba_0e7c0d07,179,19,19,0,0,1,21076,nan,-0.06191302799661726,0.8248847926267281,0.8299919041527163
F_defensive_E,6bba_09961292,1788,108,83,1,0,3,29106,nan,-0.06462705273644631,0.9034866093986862,0.9093255770739144
F_defensive_E,6bba_13f19531,693,11,11,0,0,0,5501,nan,-0.04711588428893123,0.9692307692307692,0.973797385708004
F_defensive_E,6bba_15403b9a,716,14,13,0,1,0,6235,nan,-0.09493395267818261,0.9636608344549125,0.9728092476605085
F_defensive_E,6bba_05db0fb1,1113,93,70,0,0,3,68474,nan,-0.018997134670487106,0.872257053291536,0.8739140917624021
F_defensive_E,6bba_1ebfb80d,675,37,44,0,0,0,11032,nan,-0.04550960373767088,0.8928571428571429,0.8969205003337206
F_defensive_E,6bba_1d0d8384,1255,107,110,0,0,1,16778,nan,-0.06315260483555754,0.8525815217391305,0.8579657961323794
F_defensive_E,6bba_1f58c2f6,264,48,35,0,1,0,31173,nan,0.07853856001107151,0.760806916426513,0.7548316484602529
F_defensive_E,6bba_207c6aaf,348,78,102,0,0,1,16908,nan,0.40911742645220434,0.6590909090909091,0.6321263514383774
F_defensive_E,6bba_20852818,846,27,63,0,0,3,9672,nan,-0.008813281410125025,0.9038461538461539,0.9046427388966843
F_defensive_E,6bba_2312ac41,1128,5,4,1,0,1,12231,nan,0.023514644351464435,0.9920844327176781,0.98975158145748
F_defensive_E,6bba_2540cd90,523,0,0,0,0,0,3466,nan,-0.08379592915675389,1.0,1.0083795929156754
F_defensive_E,6bba_2646afc7,704,12,17,0,1,0,5150,nan,-0.06278434940855324,0.9604365620736699,0.9664666005434682
F_defensive_E,6bba_23af9eeb,498,1,1,0,0,0,4034,nan,-0.09348314606741573,0.996,1.0053109213483147
F_defensive_E,6bba_268e1230,578,10,31,0,0,1,4463,nan,-0.1261014294106129,0.9337641357027464,0.9455390349271945
F_defensive_E,6bba_312f0dc3,498,3,2,0,0,0,9292,nan,-0.06734919201043862,0.9900596421471173,0.9967276138411926
F_defensive_E,6bba_2819ca14,915,20,34,0,0,1,4892,nan,-0.11601011926273942,0.9442724458204335,0.9552269617260482
F_defensive_E,6bba_372c8cb8,1006,2,1,0,0,0,6492,nan,-0.07534539239424583,0.9970267591674926,1.0045388964071964
F_defensive_E,6bba_283bf9f1,1266,13,22,0,1,0,21511,nan,0.031158621350846075,0.973097617217525,0.9700655791982958
F_defensive_E,6bba_3a1849c2,1108,40,34,0,0,0,6408,nan,-0.08496358703412824,0.937394247038917,0.9453586848082752
F_defensive_E,6bba_337b1b3a,1194,32,19,1,0,1,29290,nan,-0.039041994750656166,0.9590361445783132,0.962780412990545
F_defensive_E,6bba_3c5691b6,741,4,5,0,0,2,6108,nan,-0.023969319271332695,0.988,0.9903681687440077
F_defensive_E,6bba_3fda6b25,1164,6,15,0,0,1,8043,nan,-0.18278805120910385,0.9822784810126582,1.0002333579415525
F_defensive_E,6bba_3db54e20,433,41,41,0,0,1,22296,nan,-0.040454467206059566,0.8407766990291262,0.8441780163689755
F_defensive_E,6bba_43fea39d,853,11,27,0,0,0,5241,nan,-0.08820459290187892,0.957351290684624,0.9657955687705166
F_defensive_E,6bba_3abfe10a,839,114,96,1,0,0,51710,nan,-0.0068184000768270435,0.7998093422306959,0.8003546842387471
F_defensive_E,6bba_32db13fc,688,117,123,0,0,1,42904,nan,0.10848727554579511,0.7413793103448276,0.7333362881922945
F_defensive_E,6bba_4aa14c89,648,30,33,0,0,0,7026,nan,0.035214380433181085,0.9113924050632911,0.90818299317571
F_defensive_E,6bba_4f99ce20,993,8,17,0,0,2,5300,nan,-0.11148365465213747,0.9754420432220039,0.9863166276099776
F_defensive_E,6bba_474be664,240,25,46,0,0,1,23988,nan,-0.15215777754214824,0.7717041800643086,0.7834462593601657
F_defensive_E,6bba_55b7eebe,682,6,6,0,0,1,4478,nan,-0.14818337454822142,0.9827089337175793,0.9972710463172748
F_defensive_E,6bba_48816121,896,20,22,1,0,4,25087,nan,0.04681827665345295,0.9552238805970149,0.9507516870062374
F_defensive_E,6bba_4ffd3da3,645,22,44,1,0,2,19900,nan,0.12830980325452174,0.9071729957805907,0.8955330769199484
F_defensive_E,6bba_55c70843,402,49,65,0,0,0,36156,nan,0.020923337568826767,0.7790697674418605,0.7774396934684752
F_defensive_E,6bba_5b28472a,716,1,8,0,0,0,5649,nan,-0.026370217166494313,0.9875862068965517,0.9901904931712013
F_defensive_E,6bba_5a4d9360,699,13,23,0,0,0,5439,nan,-0.08985943775100401,0.9510204081632653,0.9595662240799934
F_defensive_E,6bba_5c039895,1138,5,7,2,1,1,7907,nan,-0.07736289381563594,0.9895652173913043,0.9972207802749733
F_defensive_E,6bba_5f89039d,885,0,0,0,0,0,4414,nan,-0.042723921058338755,1.0,1.0042723921058339
F_defensive_E,6bba_5c824876,1080,44,50,1,0,0,24927,nan,0.01136040897472309,0.919931856899489,0.9188867766871635
F_defensive_E,6bba_5dfe9ad1,1441,19,46,0,0,0,29264,nan,0.08735555307843793,0.9568393094289509,0.9484807867207152
F_defensive_E,6bba_61dd1e0d,534,8,9,0,0,0,9346,nan,-0.07721169036334913,0.969147005444646,0.976629953294742
F_defensive_E,6bba_61ecbe65,595,6,19,0,0,1,5351,nan,-0.07325943886387253,0.9596774193548387,0.9667079622780652
F_defensive_E,6bba_6321a359,785,13,13,0,0,1,4552,nan,-0.05579755237502593,0.967940813810111,0.9733416866355604
F_defensive_E,6bba_57b7cc1e,1268,330,324,0,1,3,71879,nan,0.0972050495336661,0.659729448491155,0.6533165451192149
F_defensive_E,6bba_6ca87370,1038,17,14,0,0,1,6219,nan,-0.13564975677553856,0.971000935453695,0.9841725395260064
F_defensive_E,6bba_6479435d,470,71,110,0,0,0,23527,nan,0.0031552466635398455,0.7219662058371735,0.7217384076909579
F_defensive_E,6bba_6db0e9b4,428,15,12,0,0,0,24547,nan,-0.13673289959556884,0.9406593406593406,0.9535212485773413
F_defensive_E,6bba_6feb10f0,1125,99,218,0,0,0,10464,nan,0.18077183480027081,0.7801664355062413,0.7660632237066363
F_defensive_E,6bba_67ebd073,391,67,47,0,1,1,14932,nan,-0.07029450221032314,0.7742574257425743,0.7797000297750964
F_defensive_E,6bba_718b21f9,649,0,3,0,0,0,4074,nan,-0.0538783093358105,0.995398773006135,1.000761813306586
F_defensive_E,6bba_705ec2c9,536,23,26,0,2,1,5696,nan,0.017142857142857144,0.9162393162393162,0.9146686202686203
F_defensive_E,6bba_6feeb0b1,1330,7,13,0,0,0,6765,nan,-0.10015961691939346,0.9851851851851852,0.9950527622594662
F_defensive_E,6bba_76db78c1,604,0,0,0,0,0,4590,nan,-0.05458290422245108,1.0,1.005458290422245
F_defensive_E,6bba_74686d6a,560,22,16,0,1,2,25088,nan,-0.1582055497768681,0.9364548494983278,0.9512700849289376
F_defensive_E,6bba_784a78c9,1735,3,4,0,1,1,12593,nan,-0.03840867440439829,0.9959816303099885,0.9998070637251223
F_defensive_E,6bba_767a1e17,547,94,111,0,0,0,46623,nan,-0.02286540637967892,0.7273936170212766,0.7290568320863943
F_defensive_E,6bba_789f8168,670,16,11,0,0,0,10487,nan,-0.017703259647808167,0.9612625538020086,0.9629643018599758
F_defensive_E,6bba_7b5d3b2c,543,8,12,0,0,0,5340,nan,-0.07612456747404844,0.9644760213143873,0.971818053310552
F_defensive_E,6bba_7af54fde,1043,48,49,0,0,2,9972,nan,0.03615960099750624,0.9149122807017543,0.911603994399965
F_defensive_E,6bba_7d3058ae,1167,5,6,0,0,2,7344,nan,-0.03508080409932992,0.9906621392190152,0.9941374616624717
F_defensive_E,6bba_7f87b3d8,892,49,42,1,0,2,9112,nan,-0.1388337586239486,0.9074262461851476,0.920024385828338
F_defensive_E,6bba_80d12824,631,12,23,0,0,1,8074,nan,-0.10497727524664671,0.9474474474474475,0.9573934925946899
F_defensive_E,6bba_78a7bd97,725,109,107,0,0,2,38257,nan,-0.058010981705365276,0.7704569606801275,0.7749264571452061
F_defensive_E,6bba_825bd1c6,895,42,35,0,1,0,6788,nan,-0.1051937780121276,0.9207818930041153,0.9304679456091414
F_defensive_E,6bba_8b7818bf,723,2,2,1,0,1,5558,nan,-0.04632807137954702,0.9944979367262724,0.9991052538662191
F_defensive_E,6bba_907271db,916,1,5,0,0,1,6766,nan,-0.07391185327128387,0.9934924078091106,1.000835494316323
F_defensive_E,6bba_786893ac,1195,268,200,0,4,3,53308,nan,-0.09615286796995541,0.7185808779314492,0.725490239159597
F_defensive_E,6bba_91951b3a,1125,16,23,0,0,0,11338,nan,-0.047787016040984294,0.9664948453608248,0.9711134358287032
F_defensive_E,6bba_96833384,714,8,7,0,0,0,4699,nan,-0.03491476689258575,0.9794238683127572,0.9828435039178747
F_defensive_E,6bba_87289e13,669,41,30,0,1,1,13846,nan,-0.07483629560336763,0.904054054054054,0.9108196596971152
F_defensive_E,6bba_971fa5e0,750,11,17,0,1,0,4927,nan,-0.12159030130147977,0.9640102827763496,0.9757317128503997
F_defensive_E,6bba_9e23430b,866,18,25,0,0,1,7197,nan,-0.06629475869226778,0.9526952695269527,0.959011139827008
F_defensive_E,6bba_969618f6,650,5,8,0,0,3,15418,nan,0.11016705069124424,0.9803921568627451,0.9695914656185054
F_defensive_E,6bba_a5e926bb,665,21,33,0,0,0,7727,nan,-0.08447867298578199,0.9248956884561892,0.9327090844972942
F_defensive_E,6bba_9a41d029,1317,33,36,0,1,2,18282,nan,0.0027974329438867863,0.9502164502164502,0.9499506335362844
F_defensive_E,6bba_acd782a8,307,27,23,0,0,0,19655,nan,-0.0027904616945712835,0.8599439775910365,0.860183941663931
F_defensive_E,6bba_ae82a791,1463,13,8,0,1,0,7099,nan,-0.041064433337836014,0.9858490566037735,0.989897389890381
F_defensive_E,6bba_ab78413d,930,113,208,0,0,2,11919,nan,0.289795476680013,0.7434052757793765,0.7218617271532844
F_defensive_E,6bba_a90a0b9c,871,179,241,0,0,0,28649,nan,-0.22352016478751083,0.6746707978311387,0.6897510506219925
F_defensive_E,6bba_aeee7805,757,3,11,0,0,1,4885,nan,-0.029598728645212555,0.9818417639429312,0.9847478907372795
F_defensive_E,6bba_af149c94,1268,27,49,0,0,0,7774,nan,-0.1297436471510131,0.9434523809523809,0.9556930762341878
F_defensive_E,6bba_afb141ff,593,19,33,1,0,3,5411,nan,-0.10621076973901553,0.9193798449612403,0.9291446490628272
F_defensive_E,6bba_b204cac7,802,8,9,0,0,2,5342,nan,0.049096622152395915,0.9792429792429792,0.9744352269882514
F_defensive_E,6bba_b693381b,913,12,22,0,0,0,6030,nan,0.08492263404102195,0.9640971488912354,0.9559097819557072
F_defensive_E,6bba_b1ae37b9,549,35,30,0,1,0,22378,nan,-0.07901884928800725,0.8941368078175895,0.9012021739835693
F_defensive_E,6bba_bbb708ca,848,8,13,0,2,0,6478,nan,-0.04524686809137804,0.9758342922899885,0.9802496368402173
F_defensive_E,6bba_c27cba08,484,5,9,0,0,0,6257,nan,-0.02916989914662529,0.9718875502008032,0.974722536382925
F_defensive_E,6bba_c73a1d11,546,97,164,0,0,0,23202,nan,0.4221268771069568,0.6765799256505576,0.648019668537745
F_defensive_E,6bba_bb9f20c3,1795,78,84,0,2,3,22716,nan,-0.015387282735902215,0.9172202350536536,0.9186315877624396
F_defensive_E,6bba_c328f2fd,448,25,52,0,0,2,29926,nan,-0.041693352119892405,0.8533333333333334,0.8568911660475641
F_defensive_E,6bba_b329af44,1166,88,102,0,0,1,63213,nan,0.01197470583526775,0.859882005899705,0.858852322492336
F_defensive_E,6bba_cf35214c,815,3,2,0,0,0,34581,nan,-0.00885640584694755,0.9939024390243902,0.9947826793616172
F_defensive_E,6bba_d0fc38b5,813,0,0,0,0,0,5607,nan,-0.08247422680412371,1.0,1.0082474226804123
F_defensive_E,6bba_cff5865f,1459,37,42,0,0,0,46303,nan,-0.001272593934687891,0.9486345903771132,0.948755313039708
F_defensive_E,6bba_cdcfe533,1330,19,18,1,2,3,28094,nan,-0.05677354373006547,0.9729334308705194,0.9784571187389165
F_defensive_E,6bba_d1acb6ff,619,25,24,0,1,1,15949,nan,0.08356545961002786,0.9266467065868264,0.9189031407936217
F_defensive_E,6bba_d5eae175,519,0,0,0,0,0,4115,nan,-0.08940030980305377,1.0,1.0089400309803054
F_defensive_E,6bba_d6ecebbb,840,13,22,0,0,0,5944,nan,0.10916215711886545,0.96,0.9495204329165889
F_defensive_E,6bba_d2b9fc0c,917,5,4,0,0,2,18742,nan,-0.07116661710774111,0.990280777537797,0.9973282708302158
F_defensive_E,6bba_d3da753b,833,34,24,0,1,1,15894,nan,-0.07839499014264177,0.9349046015712682,0.9422337852737173
F_defensive_E,6bba_d82a4fc6,508,28,22,0,0,0,28208,nan,0.01775147928994083,0.910394265232975,0.9087781807384785
F_defensive_E,6bba_e16ffc58,935,7,7,1,0,0,5910,nan,-0.07177634678812628,0.9852476290832455,0.9923193766329713
F_defensive_E,6bba_e5e44988,597,16,37,0,0,0,5059,nan,-0.09902048085485307,0.9184615384615384,0.9275561887800533
F_defensive_E,6bba_debd7bfa,714,16,15,3,0,1,11703,nan,-0.00880833403912933,0.9583892617449664,0.9592334430206629
F_defensive_E,6bba_df673a83,644,7,10,1,0,3,21709,nan,0.1283850511980872,0.9742813918305597,0.9617730751934087
F_defensive_E,6bba_ed9377fd,497,0,11,0,0,0,4239,nan,-0.04591492234976367,0.9783464566929134,0.9828385268519355
F_defensive_E,6bba_eebc57a5,927,75,62,0,2,0,8383,nan,-0.10313469562426447,0.8712406015037594,0.8802261149289186
F_defensive_E,6bba_ef7b4f7e,1174,7,27,0,0,2,5706,nan,-0.06566235467496316,0.9718543046357616,0.9782357288400998
F_defensive_E,6bba_ebff6e76,996,266,268,0,0,0,47150,nan,0.1335224540821233,0.6509803921568628,0.64228834220485
F_defensive_E,6bba_edf14583,727,46,33,0,0,0,49741,nan,-0.1603760845346207,0.901985111662531,0.916450795714227
F_defensive_E,6bba_f1fde7e0,415,29,31,0,0,0,7681,nan,-0.15033185840707963,0.8736842105263158,0.8868184676292502
F_defensive_E,6bba_f17befbc,921,88,94,0,1,0,25236,nan,0.010936185554620838,0.8349954669084315,0.8340823003720937
F_defensive_E,6bba_f20478e9,931,22,32,0,0,1,5159,nan,-0.13627992633517497,0.9451776649746193,0.9580585392302586
F_defensive_E,6bba_f4ae811c,955,7,10,0,0,0,9235,nan,0.03729080085364484,0.9825102880658436,0.9788464285169516
F_defensive_E,6bba_ebdf3b34,729,65,74,0,0,2,58763,nan,0.033704505075025946,0.8398617511520737,0.8370310386866712
F_defensive_E,6bba_fbc898dc,634,7,5,0,0,0,4908,nan,0.003886275311924729,0.9814241486068112,0.9810427401628854
F_defensive_E,6bba_fc516dc6,720,28,42,0,0,0,6640,nan,-0.155860666158149,0.9113924050632911,0.9255974278017554
F_defensive_E,6bba_fc83837d,819,78,104,0,0,0,10872,nan,-0.1692519293955834,0.8181818181818182,0.8320297033141842
F_defensive_E,6bba_fc5f39dc,440,7,18,0,0,2,17542,nan,0.25121255349500715,0.946236559139785,0.9224659089166015
F_defensive_E,6bba_fe670320,662,14,18,0,0,2,9467,nan,-0.12633813215208564,0.9538904899135446,0.9659417641908762
F_defensive_E,6bba_f8ffd5e7,352,17,18,1,0,1,30418,nan,0.02972241029113067,0.9095607235142119,0.9068572898133131
stability_tau085_P8,44b6_0b24845f,49,0,0,0,0,0,18141,nan,-0.44683640798902274,1.0,1.0446836407989022
stability_tau085_P8,44b6_0db75fae,149,0,2,0,0,0,17498,nan,0.14104988588196934,0.9867549668874173,0.9728367993401236
stability_tau085_P8,44b6_0c582fdc,69,1,1,0,0,0,26806,nan,-0.04120466413906574,0.971830985915493,0.9758353828529515
stability_tau085_P8,44b6_1574802b,144,10,9,0,1,0,19270,nan,0.09011710131809696,0.8834355828220859,0.8754743174295669
stability_tau085_P8,44b6_0113de3b,46,3,4,0,0,0,25488,nan,-0.01036691904484566,0.8679245283018868,0.8688242986340811
stability_tau085_P8,44b6_144b256d,119,0,0,0,0,0,27584,nan,-0.5780714635340186,1.0,1.0578071463534018
stability_tau085_P8,44b6_1d530831,253,28,18,0,1,0,35377,nan,-0.012505233775296581,0.8461538461538461,0.8472119813194482
stability_tau085_P8,44b6_12dfb391,741,38,32,0,0,1,44125,nan,-0.24793768748295608,0.9136868064118372,0.936340545798381
stability_tau085_P8,44b6_24264f12,213,10,8,0,0,0,26792,nan,0.016658444958828216,0.922077922077922,0.9205418836466535
stability_tau085_P8,44b6_2f31fc2f,67,25,18,0,0,0,18086,nan,-0.25779711096520025,0.6090909090909091,0.6247930967587896
stability_tau085_P8,44b6_18ced818,90,16,9,0,1,0,71293,nan,-0.09347184782055847,0.782608695652174,0.7899238837424786
stability_tau085_P8,44b6_267148e4,250,40,27,0,0,1,21733,nan,0.13606900156821747,0.7886435331230284,0.7779125393085001
stability_tau085_P8,44b6_33b596bf,49,0,0,0,0,0,23592,nan,0.011230175739391342,1.0,0.9988769824260608
stability_tau085_P8,44b6_2a2eff9f,197,23,13,0,1,1,37910,nan,-0.32744336225096243,0.8454935622317596,0.8731786877096308
stability_tau085_P8,44b6_341df25f,208,0,1,0,0,1,8361,nan,0.12439483593329748,0.9952153110047847,0.9828353464717101
stability_tau085_P8,44b6_3a861e03,884,38,35,0,0,0,36206,nan,-0.10703891875894046,0.9237199582027168,0.9336073567589241
stability_tau085_P8,44b6_3bb3690f,380,26,16,0,0,0,15743,nan,-0.5070607759025582,0.9004739336492891,0.9461334347969129
stability_tau085_P8,44b6_40c45f5a,194,5,4,0,0,0,28593,nan,-0.12508797160429608,0.9556650246305419,0.9676192445769624
stability_tau085_P8,44b6_415c0a3a,310,13,12,0,0,0,32632,nan,-0.4304265866089506,0.9253731343283582,0.9652036542832162
stability_tau085_P8,44b6_5740d24b,169,1,1,0,0,0,11083,nan,-0.43826659908768373,0.9883040935672515,1.031618160962467
stability_tau085_P8,44b6_587a1e22,365,7,6,1,0,0,18647,nan,0.028119314109279373,0.9656084656084656,0.9628932408333633
stability_tau085_P8,44b6_53f95252,67,2,1,0,0,0,30048,nan,-0.22386671832623015,0.9571428571428572,0.9785701001826536
stability_tau085_P8,44b6_551a5dba,199,33,25,0,0,0,30257,nan,-0.4749509778402485,0.77431906614786,0.8110954259105875
stability_tau085_P8,44b6_5f15d135,252,23,21,0,0,1,21046,nan,-0.2870354686811884,0.8513513513513513,0.8757881547661012
stability_tau085_P8,44b6_66f9292d,197,2,1,0,0,0,20016,nan,-0.6202618099032442,0.985,1.0460957882754696
stability_tau085_P8,44b6_668e0cc7,613,28,18,0,0,0,33423,nan,-0.15813203697639858,0.9301972685887708,0.9449066674759533
stability_tau085_P8,44b6_71a4179f,107,20,12,0,0,0,30496,nan,-0.5494622385060868,0.7697841726618705,0.8120809061296053
stability_tau085_P8,44b6_706092f0,108,10,9,0,0,1,28556,nan,-0.5914618444018427,0.8503937007874016,0.9006912434609441
stability_tau085_P8,44b6_74d0c52e,135,5,4,0,1,1,8383,nan,-0.44446653412856196,0.9375,0.9791687375745527
stability_tau085_P8,44b6_81c256f0,197,0,0,0,0,0,11208,nan,0.11500198965380024,1.0,0.98849980103462
stability_tau085_P8,44b6_7a302da0,492,22,15,0,0,1,42450,nan,-0.3650722426635556,0.9300567107750473,0.9640104996957409
stability_tau085_P8,44b6_808952d6,179,0,0,0,0,0,14887,nan,-0.05431330199466396,1.0,1.0054313301994664
stability_tau085_P8,44b6_87bba6c4,109,47,40,0,1,0,28036,nan,-0.0023485872891609136,0.5561224489795918,0.5562530591910809
stability_tau085_P8,44b6_7e557709,546,10,14,0,0,0,44362,nan,-0.2086692829111666,0.9578947368421052,0.9778830576262275
stability_tau085_P8,44b6_8cc6506c,381,22,15,0,0,0,18127,nan,-0.4365597413900286,0.9114832535885168,0.9512749429353112
stability_tau085_P8,44b6_8f5ab931,572,38,32,0,0,0,27087,nan,-0.017554677015704907,0.8909657320872274,0.8925297936531127
stability_tau085_P8,44b6_8f9ecab4,366,4,4,0,0,0,39731,nan,-0.4690711317199631,0.9786096256684492,1.0245133781308842
stability_tau085_P8,44b6_90724892,97,12,6,0,0,0,23034,nan,-0.09783800720664264,0.8434782608695652,0.8517306840861256
stability_tau085_P8,44b6_95029e92,198,0,0,0,0,0,4757,nan,-0.07827940321643093,1.0,1.007827940321643
stability_tau085_P8,44b6_949adeb1,351,44,27,0,0,0,37840,nan,0.01777885365394443,0.8317535545023697,0.830274792030205
stability_tau085_P8,44b6_996155de,370,2,7,1,0,0,8879,nan,0.17245477353756766,0.9762532981530343,0.9594173440082058
stability_tau085_P8,44b6_97725144,219,1,2,0,0,0,32719,nan,-0.08539721585509029,0.9864864864864865,0.994910806428948
stability_tau085_P8,44b6_9be80b04,205,18,15,0,1,1,25200,nan,-0.5645938801250928,0.8613445378151261,0.9099755232880857
stability_tau085_P8,44b6_9bfa6a0a,241,30,18,0,0,0,38612,nan,-0.3995770355165765,0.8339100346020761,0.8672311645534584
stability_tau085_P8,44b6_a21120c2,279,12,7,1,0,1,21921,nan,-0.048567708333333334,0.9362416107382551,0.9407887216862417
stability_tau085_P8,44b6_aaf8b0ea,203,0,3,0,0,1,14019,nan,-0.3656274039549301,0.9854368932038835,1.0214671665062383
stability_tau085_P8,44b6_a2bb48bb,376,44,34,0,1,0,43382,nan,-0.2842789500602181,0.8281938325991189,0.8517376399168815
stability_tau085_P8,44b6_c15fded2,97,8,5,0,0,0,19353,nan,-0.059849404906485305,0.8818181818181818,0.8870958111599355
stability_tau085_P8,44b6_abf82518,94,0,0,0,0,0,25568,nan,-0.07375742645993334,1.0,1.0073757426459933
stability_tau085_P8,44b6_c771cb04,203,34,20,0,0,0,28016,nan,-0.4748148842440716,0.7898832684824902,0.8273881017515745
stability_tau085_P8,44b6_b2c44266,156,14,12,0,0,0,36725,nan,-0.3851395469537411,0.8571428571428571,0.8901548183103206
stability_tau085_P8,44b6_c8e2a523,158,10,6,0,1,1,28311,nan,-0.14581824764663287,0.9080459770114943,0.9212869443265332
stability_tau085_P8,44b6_c50204e0,294,31,31,0,0,2,35757,nan,-0.2404732571477123,0.8258426966292135,0.8457020049442213
stability_tau085_P8,44b6_cf2536e8,70,8,5,0,0,0,20633,nan,-0.6415703986797533,0.8433734939759037,0.8974818408525094
stability_tau085_P8,44b6_cf8fed6b,178,12,10,0,0,0,41001,nan,-0.0623842301447552,0.89,0.8955521964828831
stability_tau085_P8,44b6_c96cfa10,590,17,26,0,0,0,37236,nan,-0.19465351674020243,0.9320695102685624,0.9502125710705718
stability_tau085_P8,44b6_d754aa59,64,3,6,0,0,1,5523,nan,0.06807193966350802,0.8767123287671232,0.8707443778925144
stability_tau085_P8,44b6_d2f34f90,271,5,10,0,0,2,14675,nan,-0.390421201296004,0.9475524475524476,0.984546904038887
stability_tau085_P8,44b6_d29c9ab2,1285,56,43,0,0,0,36336,nan,-0.0451714623571147,0.9284682080924855,0.9326622347636483
stability_tau085_P8,44b6_db3c847b,154,7,8,0,0,0,15223,nan,0.013312920189043467,0.9112426035502958,0.9100294735449037
stability_tau085_P8,44b6_d78e09d9,418,37,33,0,0,0,23300,nan,0.046767599622624556,0.8565573770491803,0.8525514638028162
stability_tau085_P8,44b6_ddf577ad,607,48,40,0,0,0,37263,nan,-0.3033911612951469,0.8733812949640288,0.8998789114972885
stability_tau085_P8,44b6_d5e7d891,830,90,63,0,1,2,41844,nan,-0.06698180520870496,0.844354018311292,0.8500096539494635
stability_tau085_P8,44b6_e29f0176,48,4,2,0,0,0,13328,nan,0.027681394093607835,0.8888888888888888,0.8864283205250125
stability_tau085_P8,44b6_deabac95,121,6,3,1,2,0,15562,nan,0.11244549288726857,0.9307692307692308,0.9203031502774158
stability_tau085_P8,44b6_e35b117d,240,11,26,0,0,0,18245,nan,-0.36297615306728115,0.8664259927797834,0.8978751901574539
stability_tau085_P8,44b6_e57ff5c6,142,19,44,0,0,0,15946,nan,-0.21502412129565818,0.6926829268292682,0.7075772805970649
stability_tau085_P8,44b6_e28840c6,289,14,20,0,0,2,26309,nan,-0.6477385319872533,0.8947368421052632,0.9526923949672806
stability_tau085_P8,6bba_05b6850b,836,8,9,0,0,0,6035,nan,-0.05139893115372524,0.9800703399765534,0.9851077967695797
stability_tau085_P8,44b6_e31261b4,106,10,7,0,0,0,66132,nan,-0.09229164379049083,0.8617886178861789,0.8697422067006441
stability_tau085_P8,44b6_f28707c6,55,6,6,0,0,0,21352,nan,0.14451114922813035,0.8208955223880597,0.8090326668544072
stability_tau085_P8,6bba_062c8d37,896,5,2,1,2,0,5855,nan,-0.02902155887230514,0.9922480620155039,0.9951277205702751
stability_tau085_P8,6bba_07477033,593,14,9,0,0,0,4518,nan,-0.06575682382133995,0.9626623376623377,0.9689924994360477
stability_tau085_P8,44b6_eb2880fc,371,13,8,0,3,1,35856,nan,-0.2543049663089593,0.9464285714285714,0.9704967200256694
stability_tau085_P8,6bba_085bf656,1164,2,4,0,2,1,8223,nan,-0.02835873803615739,0.9948717948717949,0.9976931257328281
stability_tau085_P8,6bba_07e24132,309,17,36,0,0,2,27261,nan,0.2688387246916453,0.8535911602209945,0.830643324328807
stability_tau085_P8,6bba_0c7fa718,620,45,39,0,0,0,12354,nan,-0.09494505494505495,0.8806818181818182,0.8890434565434566
stability_tau085_P8,6bba_12665c0e,961,21,37,0,1,3,7998,nan,-0.03800817897522252,0.943081452404318,0.9466659332674375
stability_tau085_P8,6bba_0e7c0d07,179,19,19,0,0,1,21553,nan,-0.04068188899274491,0.8248847926267281,0.8282405797832724
stability_tau085_P8,6bba_09961292,1791,109,80,1,0,3,29279,nan,-0.059067390815309956,0.9045454545454545,0.9098883685328395
stability_tau085_P8,6bba_13f19531,693,11,11,0,0,0,5571,nan,-0.03499047289104452,0.9692307692307692,0.9726221535263628
stability_tau085_P8,6bba_15403b9a,716,14,13,0,1,0,6243,nan,-0.09377268108578894,0.9636608344549125,0.972697340465333
stability_tau085_P8,6bba_1ebfb80d,675,37,44,0,0,0,11151,nan,-0.03521370479321682,0.8928571428571429,0.8960012236422517
stability_tau085_P8,6bba_1d0d8384,1255,107,110,0,0,1,16932,nan,-0.054553576414093474,0.8525815217391305,0.8572326588586745
stability_tau085_P8,6bba_1f58c2f6,264,48,35,0,1,0,31359,nan,0.08497387814413729,0.760806916426513,0.7543420450057486
stability_tau085_P8,6bba_05db0fb1,1114,93,69,0,0,3,68777,nan,-0.014656160458452722,0.8730407523510971,0.8743202948864197
stability_tau085_P8,6bba_23af9eeb,498,1,1,0,0,0,4060,nan,-0.08764044943820225,0.996,1.004728988764045
stability_tau085_P8,6bba_20852818,846,27,63,0,0,3,9760,nan,0.00020496003279360525,0.9038461538461539,0.9038276286124206
stability_tau085_P8,6bba_2540cd90,523,0,0,0,0,0,3476,nan,-0.08115252445149353,1.0,1.0081152524451493
stability_tau085_P8,6bba_2646afc7,704,12,17,0,1,0,5176,nan,-0.05805277525022748,0.9604365620736699,0.9660121628616863
stability_tau085_P8,6bba_207c6aaf,354,81,96,0,0,1,17234,nan,0.43628635719643305,0.6666666666666666,0.6375809095202378
stability_tau085_P8,6bba_268e1230,580,10,29,0,0,1,4611,nan,-0.09712159780693166,0.9369951534733441,0.9460954001176122
stability_tau085_P8,6bba_2312ac41,1128,5,4,1,0,1,12255,nan,0.025523012552301255,0.9920844327176781,0.9895523343747585
stability_tau085_P8,6bba_2819ca14,918,21,31,0,0,1,4908,nan,-0.11311890133718829,0.9463917525773196,0.9570972321059318
stability_tau085_P8,6bba_283bf9f1,1268,13,20,0,2,0,21538,nan,0.03245290254541968,0.9746348962336664,0.9714719231031828
stability_tau085_P8,6bba_312f0dc3,498,3,2,0,0,0,9351,nan,-0.06142728093947606,0.9900596421471173,0.9961413093256182
stability_tau085_P8,6bba_372c8cb8,1006,2,1,0,0,0,6553,nan,-0.06665717134311351,0.9970267591674926,1.0036726575194423
stability_tau085_P8,6bba_3a1849c2,1108,40,34,0,0,0,6461,nan,-0.07739540197058403,0.937394247038917,0.944649247494366
stability_tau085_P8,6bba_337b1b3a,1194,32,19,1,0,1,29346,nan,-0.03720472440944882,0.9590361445783132,0.962604212124087
stability_tau085_P8,6bba_3c5691b6,741,5,5,1,0,1,6173,nan,-0.013582614253755194,0.9866844207723036,0.9880245961600576
stability_tau085_P8,6bba_32db13fc,689,118,122,0,0,1,43207,nan,0.11631572148301253,0.7416576964477933,0.7330310514422179
stability_tau085_P8,6bba_43fea39d,858,12,22,0,0,0,5340,nan,-0.0709812108559499,0.9618834080717489,0.9687109729724669
stability_tau085_P8,6bba_3fda6b25,1165,7,14,1,1,0,8156,nan,-0.17130664499085552,0.9822934232715008,0.9991207623452232
stability_tau085_P8,6bba_3abfe10a,841,116,94,1,0,0,52279,nan,0.0041102468068760206,0.8001902949571836,0.7998613969967096
stability_tau085_P8,6bba_3db54e20,433,41,41,0,0,1,22608,nan,-0.02702702702702703,0.8407766990291262,0.8430490684859616
stability_tau085_P8,6bba_4aa14c89,648,30,33,0,0,0,7082,nan,0.04346544865183439,0.9113924050632911,0.907430997084896
stability_tau085_P8,6bba_474be664,240,26,46,0,0,1,24479,nan,-0.13480366168310182,0.7692307692307693,0.779600281667931
stability_tau085_P8,6bba_4f99ce20,993,8,17,0,0,2,5308,nan,-0.11014249790444258,0.9754420432220039,0.9861858055421523
stability_tau085_P8,6bba_48816121,897,21,21,2,1,3,25087,nan,0.04681827665345295,0.9552715654952076,0.9507991486519545
stability_tau085_P8,6bba_55b7eebe,682,6,6,0,0,1,4497,nan,-0.14456914590070383,0.9827089337175793,0.9969158728392334
stability_tau085_P8,6bba_4ffd3da3,645,22,44,1,0,2,19958,nan,0.1315983443896354,0.9071729957805907,0.8952347493486196
stability_tau085_P8,6bba_5a4d9360,699,13,23,0,0,0,5457,nan,-0.08684738955823293,0.9510204081632653,0.9592797721498237
stability_tau085_P8,6bba_55c70843,402,49,65,0,0,0,36629,nan,0.03427926020048002,0.7790697674418605,0.7763991739146138
stability_tau085_P8,6bba_5b28472a,716,1,8,0,0,0,5746,nan,-0.009651844191658049,0.9875862068965517,0.9885394097160314
stability_tau085_P8,6bba_5c039895,1138,5,7,2,1,1,7934,nan,-0.07421236872812136,0.9895652173913043,0.996909015270661
stability_tau085_P8,6bba_5f89039d,885,0,0,0,0,0,4440,nan,-0.03708523096942095,1.0,1.003708523096942
stability_tau085_P8,6bba_61dd1e0d,534,8,9,0,0,0,9386,nan,-0.07326224328593997,0.969147005444646,0.9762471938139187
stability_tau085_P8,6bba_5c824876,1081,44,49,1,0,0,25113,nan,0.018906966365074857,0.9207836456558773,0.9190427231140846
stability_tau085_P8,6bba_5dfe9ad1,1441,19,46,0,0,0,29396,nan,0.09226024597778025,0.9568393094289509,0.9480114864240385
stability_tau085_P8,6bba_61ecbe65,595,6,19,0,0,1,5375,nan,-0.06910287495670246,0.9596774193548387,0.9663090662256837
stability_tau085_P8,6bba_6321a359,785,13,13,0,0,1,4603,nan,-0.045218834266749636,0.967940813810111,0.9723177293340811
stability_tau085_P8,6bba_6479435d,470,72,110,0,0,0,23931,nan,0.020381187907730355,0.7208588957055214,0.7193896996446881
stability_tau085_P8,6bba_6ca87370,1038,17,14,0,0,1,6261,nan,-0.12981236970118137,0.971000935453695,0.9836057286950258
stability_tau085_P8,6bba_6feb10f0,1123,104,220,0,0,0,10831,nan,0.22218460844053262,0.7760884588804423,0.7588449678452857
stability_tau085_P8,6bba_67ebd073,391,67,47,0,1,1,15186,nan,-0.05447979577859411,0.7742574257425743,0.7784755643860258
stability_tau085_P8,6bba_57b7cc1e,1280,337,312,0,1,3,73106,nan,0.1159347285188747,0.6635562467599793,0.6558633254274671
stability_tau085_P8,6bba_6feeb0b1,1330,8,13,0,1,0,6845,nan,-0.08951848895982974,0.9844559585492227,0.9932686595349055
stability_tau085_P8,6bba_705ec2c9,536,23,26,0,2,1,5840,nan,0.04285714285714286,0.9162393162393162,0.9123125763125762
stability_tau085_P8,6bba_6db0e9b4,428,16,12,0,1,0,24776,nan,-0.12867944434675577,0.9385964912280702,0.9506742987237744
stability_tau085_P8,6bba_718b21f9,649,0,3,0,0,0,4074,nan,-0.0538783093358105,0.995398773006135,1.000761813306586
stability_tau085_P8,6bba_76db78c1,604,0,0,0,0,0,4628,nan,-0.04675592173017508,1.0,1.0046755921730175
stability_tau085_P8,6bba_784a78c9,1736,3,3,1,1,0,12664,nan,-0.032987171655467315,0.9965556831228473,0.9998430384611877
stability_tau085_P8,6bba_767a1e17,553,94,105,0,0,0,47381,nan,-0.0069790837070880666,0.7353723404255319,0.7358855629375026
stability_tau085_P8,6bba_74686d6a,560,22,16,0,1,2,25345,nan,-0.14958225681978324,0.9364548494983278,0.9504625524781067
stability_tau085_P8,6bba_789f8168,670,16,11,0,0,0,10532,nan,-0.013488197826901461,0.9612625538020086,0.962559123750936
stability_tau085_P8,6bba_7b5d3b2c,543,8,12,0,0,0,5399,nan,-0.06591695501730103,0.9644760213143873,0.9708335535656117
stability_tau085_P8,6bba_7af54fde,1043,48,49,0,0,2,10097,nan,0.0491479634247714,0.9149122807017543,0.9104156731708739
stability_tau085_P8,6bba_7d3058ae,1167,6,6,0,1,2,7395,nan,-0.02837997635001971,0.989821882951654,0.9926309951145439
stability_tau085_P8,6bba_7f87b3d8,891,52,43,1,1,2,9148,nan,-0.13543143370191854,0.9036511156186613,0.9158893922341186
stability_tau085_P8,6bba_78a7bd97,731,110,101,0,0,2,38758,nan,-0.045675030162755766,0.7760084925690022,0.7795529136994666
stability_tau085_P8,6bba_80d12824,639,10,15,0,0,1,8207,nan,-0.09023389868085578,0.9623493975903614,0.9710330513941365
stability_tau085_P8,6bba_825bd1c6,895,42,35,0,1,0,6796,nan,-0.10413920379646717,0.9207818930041153,0.9303708423248805
stability_tau085_P8,6bba_786893ac,1194,269,201,0,4,3,54341,nan,-0.07863815934485156,0.7175480769230769,0.7231907429241439
stability_tau085_P8,6bba_87289e13,669,41,30,0,1,1,13881,nan,-0.0724976613657624,0.904054054054054,0.9106082345207696
stability_tau085_P8,6bba_8b7818bf,723,2,2,1,0,1,5610,nan,-0.03740562800274537,0.9944979367262724,0.9982179187133404
stability_tau085_P8,6bba_907271db,916,1,5,0,0,1,6792,nan,-0.07035313441007392,0.9934924078091106,1.0004819382993089
stability_tau085_P8,6bba_96833384,714,8,7,0,0,0,4699,nan,-0.03491476689258575,0.9794238683127572,0.9828435039178747
stability_tau085_P8,6bba_971fa5e0,750,12,17,0,2,0,4935,nan,-0.1201640221073275,0.962772785622593,0.9743418506521817
stability_tau085_P8,6bba_91951b3a,1125,16,23,0,0,0,11398,nan,-0.042747963382884016,0.9664948453608248,0.9706264139867478
stability_tau085_P8,6bba_9e23430b,866,18,25,0,0,1,7266,nan,-0.05734302023871302,0.9526952695269527,0.9581583119391338
stability_tau085_P8,6bba_a5e926bb,670,22,28,0,0,0,7841,nan,-0.07097156398104265,0.9305555555555556,0.9371598538704581
stability_tau085_P8,6bba_969618f6,650,5,8,0,0,3,15474,nan,0.11419930875576037,0.9803921568627451,0.9691961462004156
stability_tau085_P8,6bba_9a41d029,1317,33,36,0,1,2,18360,nan,0.007075859799243048,0.9502164502164502,0.9495440903783836
stability_tau085_P8,6bba_a90a0b9c,876,182,236,0,0,0,29125,nan,-0.2106190372940156,0.6769706336939721,0.6912289240084666
stability_tau085_P8,6bba_ab78413d,936,118,202,0,1,2,12281,nan,0.32896872632831947,0.7452229299363057,0.7207074261271252
stability_tau085_P8,6bba_ae82a791,1463,13,8,0,1,0,7117,nan,-0.03863298662704309,0.9858490566037735,0.9896576859457792
stability_tau085_P8,6bba_aeee7805,763,4,5,1,0,0,4902,nan,-0.026221692491060787,0.9883419689119171,0.990933568830399
stability_tau085_P8,6bba_af149c94,1268,27,49,0,0,0,7791,nan,-0.12784059106683085,0.9434523809523809,0.955513531954817
stability_tau085_P8,6bba_acd782a8,307,27,23,0,0,0,19762,nan,0.0026382546930492135,0.8599439775910365,0.8597171024675726
stability_tau085_P8,6bba_afb141ff,594,24,32,1,0,3,5483,nan,-0.0943178064089858,0.9138461538461539,0.9224653503087596
stability_tau085_P8,6bba_b204cac7,802,8,9,0,0,2,5416,nan,0.0636292223095051,0.9792429792429792,0.9730121323208519
stability_tau085_P8,6bba_b1ae37b9,548,37,31,0,1,0,22534,nan,-0.07259856778335666,0.8896103896103896,0.8960688336274805
stability_tau085_P8,6bba_b693381b,912,18,23,0,0,0,6039,nan,0.08654192155451601,0.9569779643231899,0.9486960931314041
stability_tau085_P8,6bba_bbb708ca,848,8,13,0,2,0,6531,nan,-0.03743551952837141,0.9758342922899885,0.979487378660536
stability_tau085_P8,6bba_c27cba08,484,5,9,0,0,0,6299,nan,-0.02265321955003879,0.9718875502008032,0.9740891884060681
stability_tau085_P8,6bba_c73a1d11,563,95,147,0,0,0,23677,nan,0.45124118908979466,0.6993788819875777,0.6678200261543411
stability_tau085_P8,6bba_bb9f20c3,1795,78,84,0,2,3,22768,nan,-0.013133370898530623,0.9172202350536536,0.9184248544079132
stability_tau085_P8,6bba_b329af44,1172,89,96,0,0,1,63925,nan,0.023373088929800688,0.8636698599852616,0.8616511967409192
stability_tau085_P8,6bba_c328f2fd,448,25,52,0,0,2,30218,nan,-0.032342769309593955,0.8533333333333334,0.8560932496477521
stability_tau085_P8,6bba_d0fc38b5,813,0,0,0,0,0,5675,nan,-0.07134675175912289,1.0,1.0071346751759123
stability_tau085_P8,6bba_cdcfe533,1330,19,18,1,2,3,28130,nan,-0.05556488165183817,0.9729334308705194,0.9783395239646631
stability_tau085_P8,6bba_cf35214c,815,3,2,0,0,0,34669,nan,-0.006334193178561192,0.9939024390243902,0.9945319960293326
stability_tau085_P8,6bba_cff5865f,1466,42,35,0,1,0,46494,nan,0.002847159311505112,0.950097213220998,0.9498267054082523
stability_tau085_P8,6bba_d1acb6ff,619,25,24,0,1,1,16026,nan,0.08879679326041172,0.9266467065868264,0.9184183809838031
stability_tau085_P8,6bba_d5eae175,519,0,0,0,0,0,4115,nan,-0.08940030980305377,1.0,1.0089400309803054
stability_tau085_P8,6bba_d3da753b,834,34,23,1,1,0,15894,nan,-0.07839499014264177,0.936026936026936,0.943364918269244
stability_tau085_P8,6bba_d2b9fc0c,917,5,4,0,0,2,18760,nan,-0.07027455644761621,0.990280777537797,0.9972399317778039
stability_tau085_P8,6bba_d6ecebbb,840,13,22,0,0,0,6006,nan,0.1207314797536854,0.96,0.9484097779436462
stability_tau085_P8,6bba_e16ffc58,935,7,7,1,0,0,5910,nan,-0.07177634678812628,0.9852476290832455,0.9923193766329713
stability_tau085_P8,6bba_d82a4fc6,508,28,22,0,0,0,28378,nan,0.023885120508009814,0.910394265232975,0.9082197775594859
stability_tau085_P8,6bba_debd7bfa,714,16,15,3,0,1,11757,nan,-0.00423477598035064,0.9583892617449664,0.9587951181275127
stability_tau085_P8,6bba_e5e44988,597,16,37,0,0,0,5099,nan,-0.0918967052537845,0.9184615384615384,0.9269018973902322
stability_tau085_P8,6bba_ed9377fd,497,1,11,0,0,0,4275,nan,-0.03781228899392303,0.9764243614931237,0.9801164455068723
stability_tau085_P8,6bba_df673a83,644,7,10,1,0,3,21790,nan,0.13259524923332813,0.9742813918305597,0.961362883433243
stability_tau085_P8,6bba_ebff6e76,1002,270,262,0,0,0,48009,nan,0.15417347821905952,0.6531942633637549,0.6431237402102022
stability_tau085_P8,6bba_eebc57a5,927,76,62,0,3,0,8417,nan,-0.09949716486573232,0.8704225352112676,0.8790829926601439
stability_tau085_P8,6bba_edf14583,730,46,30,0,0,0,50168,nan,-0.153168360284933,0.9057071960297767,0.9195797646411911
stability_tau085_P8,6bba_ef7b4f7e,1179,7,22,0,0,2,5791,nan,-0.0517439004421156,0.9759933774834437,0.9810435478991105
stability_tau085_P8,6bba_f1fde7e0,415,29,31,0,0,0,7798,nan,-0.13738938053097347,0.8736842105263158,0.8856877037727062
stability_tau085_P8,6bba_ebdf3b34,737,66,66,0,0,2,59027,nan,0.03834854961563495,0.8481012658227848,0.844848920475636
stability_tau085_P8,6bba_f20478e9,931,22,32,0,0,1,5175,nan,-0.13360120542440984,0.9451776649746193,0.957805352512703
stability_tau085_P8,6bba_f4ae811c,955,7,10,0,0,0,9271,nan,0.041334381669100306,0.9825102880658436,0.9784491425417705
stability_tau085_P8,6bba_fbc898dc,634,7,5,0,0,0,4941,nan,0.01063612190632031,0.9814241486068112,0.9803802939181723
stability_tau085_P8,6bba_f17befbc,929,93,86,0,1,0,25507,nan,0.02179225253374995,0.8384476534296029,0.8366204871296161
stability_tau085_P8,6bba_fc516dc6,720,28,42,0,0,0,6696,nan,-0.14874141876430205,0.9113924050632911,0.9249485850013035
stability_tau085_P8,6bba_f8ffd5e7,353,17,17,2,0,0,30744,nan,0.04075829383886256,0.9121447028423773,0.908426956660176
stability_tau085_P8,6bba_fc83837d,828,77,95,0,0,0,11321,nan,-0.13494307327882632,0.828,0.8391732864674868
stability_tau085_P8,6bba_fe670320,662,14,18,0,0,2,9606,nan,-0.11351052048726468,0.9538904899135446,0.9647181505133385
stability_tau085_P8,6bba_fc5f39dc,440,7,18,0,0,2,17604,nan,0.25563480741797434,0.946236559139785,0.9220474590830304
stability_tau095_P8,44b6_0b24845f,49,0,0,0,0,0,18141,nan,-0.44683640798902274,1.0,1.0446836407989022
stability_tau095_P8,44b6_0db75fae,149,0,2,0,0,0,17498,nan,0.14104988588196934,0.9867549668874173,0.9728367993401236
stability_tau095_P8,44b6_0113de3b,46,3,4,0,0,0,25488,nan,-0.01036691904484566,0.8679245283018868,0.8688242986340811
stability_tau095_P8,44b6_0c582fdc,69,1,1,0,0,0,26806,nan,-0.04120466413906574,0.971830985915493,0.9758353828529515
stability_tau095_P8,44b6_1574802b,144,10,9,0,1,0,19270,nan,0.09011710131809696,0.8834355828220859,0.8754743174295669
stability_tau095_P8,44b6_144b256d,119,0,0,0,0,0,27584,nan,-0.5780714635340186,1.0,1.0578071463534018
stability_tau095_P8,44b6_24264f12,213,10,8,0,0,0,26792,nan,0.016658444958828216,0.922077922077922,0.9205418836466535
stability_tau095_P8,44b6_1d530831,253,28,18,0,1,0,35377,nan,-0.012505233775296581,0.8461538461538461,0.8472119813194482
stability_tau095_P8,44b6_12dfb391,741,38,32,0,0,1,44125,nan,-0.24793768748295608,0.9136868064118372,0.936340545798381
stability_tau095_P8,44b6_267148e4,250,40,27,0,0,1,21733,nan,0.13606900156821747,0.7886435331230284,0.7779125393085001
stability_tau095_P8,44b6_18ced818,90,16,9,0,1,0,71293,nan,-0.09347184782055847,0.782608695652174,0.7899238837424786
stability_tau095_P8,44b6_2f31fc2f,67,25,18,0,0,0,18086,nan,-0.25779711096520025,0.6090909090909091,0.6247930967587896
stability_tau095_P8,44b6_33b596bf,49,0,0,0,0,0,23592,nan,0.011230175739391342,1.0,0.9988769824260608
stability_tau095_P8,44b6_341df25f,208,0,1,0,0,1,8361,nan,0.12439483593329748,0.9952153110047847,0.9828353464717101
stability_tau095_P8,44b6_3bb3690f,380,26,16,0,0,0,15743,nan,-0.5070607759025582,0.9004739336492891,0.9461334347969129
stability_tau095_P8,44b6_2a2eff9f,197,23,13,0,1,1,37910,nan,-0.32744336225096243,0.8454935622317596,0.8731786877096308
stability_tau095_P8,44b6_3a861e03,884,38,35,0,0,0,36206,nan,-0.10703891875894046,0.9237199582027168,0.9336073567589241
stability_tau095_P8,44b6_40c45f5a,194,5,4,0,0,0,28593,nan,-0.12508797160429608,0.9556650246305419,0.9676192445769624
stability_tau095_P8,44b6_5740d24b,169,1,1,0,0,0,11083,nan,-0.43826659908768373,0.9883040935672515,1.031618160962467
stability_tau095_P8,44b6_53f95252,67,2,1,0,0,0,30048,nan,-0.22386671832623015,0.9571428571428572,0.9785701001826536
stability_tau095_P8,44b6_551a5dba,199,33,25,0,0,0,30257,nan,-0.4749509778402485,0.77431906614786,0.8110954259105875
stability_tau095_P8,44b6_415c0a3a,310,13,12,0,0,0,32632,nan,-0.4304265866089506,0.9253731343283582,0.9652036542832162
stability_tau095_P8,44b6_587a1e22,365,7,6,1,0,0,18647,nan,0.028119314109279373,0.9656084656084656,0.9628932408333633
stability_tau095_P8,44b6_5f15d135,252,23,21,0,0,1,21046,nan,-0.2870354686811884,0.8513513513513513,0.8757881547661012
stability_tau095_P8,44b6_668e0cc7,613,28,18,0,0,0,33423,nan,-0.15813203697639858,0.9301972685887708,0.9449066674759533
stability_tau095_P8,44b6_71a4179f,107,20,12,0,0,0,30496,nan,-0.5494622385060868,0.7697841726618705,0.8120809061296053
stability_tau095_P8,44b6_66f9292d,197,2,1,0,0,0,20016,nan,-0.6202618099032442,0.985,1.0460957882754696
stability_tau095_P8,44b6_74d0c52e,135,5,4,0,1,1,8383,nan,-0.44446653412856196,0.9375,0.9791687375745527
stability_tau095_P8,44b6_706092f0,108,10,9,0,0,1,28556,nan,-0.5914618444018427,0.8503937007874016,0.9006912434609441
stability_tau095_P8,44b6_808952d6,179,0,0,0,0,0,14887,nan,-0.05431330199466396,1.0,1.0054313301994664
stability_tau095_P8,44b6_81c256f0,197,0,0,0,0,0,11208,nan,0.11500198965380024,1.0,0.98849980103462
stability_tau095_P8,44b6_7a302da0,492,22,15,0,0,1,42450,nan,-0.3650722426635556,0.9300567107750473,0.9640104996957409
stability_tau095_P8,44b6_7e557709,546,10,14,0,0,0,44362,nan,-0.2086692829111666,0.9578947368421052,0.9778830576262275
stability_tau095_P8,44b6_87bba6c4,109,47,40,0,1,0,28036,nan,-0.0023485872891609136,0.5561224489795918,0.5562530591910809
stability_tau095_P8,44b6_8cc6506c,381,22,15,0,0,0,18127,nan,-0.4365597413900286,0.9114832535885168,0.9512749429353112
stability_tau095_P8,44b6_8f5ab931,572,38,32,0,0,0,27087,nan,-0.017554677015704907,0.8909657320872274,0.8925297936531127
stability_tau095_P8,44b6_8f9ecab4,366,4,4,0,0,0,39731,nan,-0.4690711317199631,0.9786096256684492,1.0245133781308842
stability_tau095_P8,44b6_90724892,97,12,6,0,0,0,23034,nan,-0.09783800720664264,0.8434782608695652,0.8517306840861256
stability_tau095_P8,44b6_95029e92,198,0,0,0,0,0,4757,nan,-0.07827940321643093,1.0,1.007827940321643
stability_tau095_P8,44b6_949adeb1,351,44,27,0,0,0,37840,nan,0.01777885365394443,0.8317535545023697,0.830274792030205
stability_tau095_P8,44b6_996155de,370,2,7,1,0,0,8879,nan,0.17245477353756766,0.9762532981530343,0.9594173440082058
stability_tau095_P8,44b6_97725144,219,1,2,0,0,0,32719,nan,-0.08539721585509029,0.9864864864864865,0.994910806428948
stability_tau095_P8,44b6_9be80b04,205,18,15,0,1,1,25200,nan,-0.5645938801250928,0.8613445378151261,0.9099755232880857
stability_tau095_P8,44b6_a21120c2,279,12,7,1,0,1,21921,nan,-0.048567708333333334,0.9362416107382551,0.9407887216862417
stability_tau095_P8,44b6_aaf8b0ea,203,0,3,0,0,1,14019,nan,-0.3656274039549301,0.9854368932038835,1.0214671665062383
stability_tau095_P8,44b6_9bfa6a0a,241,30,18,0,0,0,38612,nan,-0.3995770355165765,0.8339100346020761,0.8672311645534584
stability_tau095_P8,44b6_a2bb48bb,376,44,34,0,1,0,43382,nan,-0.2842789500602181,0.8281938325991189,0.8517376399168815
stability_tau095_P8,44b6_c15fded2,97,8,5,0,0,0,19353,nan,-0.059849404906485305,0.8818181818181818,0.8870958111599355
stability_tau095_P8,44b6_abf82518,94,0,0,0,0,0,25568,nan,-0.07375742645993334,1.0,1.0073757426459933
stability_tau095_P8,44b6_b2c44266,156,14,12,0,0,0,36725,nan,-0.3851395469537411,0.8571428571428571,0.8901548183103206
stability_tau095_P8,44b6_c771cb04,203,34,20,0,0,0,28016,nan,-0.4748148842440716,0.7898832684824902,0.8273881017515745
stability_tau095_P8,44b6_c50204e0,294,31,31,0,0,2,35757,nan,-0.2404732571477123,0.8258426966292135,0.8457020049442213
stability_tau095_P8,44b6_cf2536e8,70,8,5,0,0,0,20633,nan,-0.6415703986797533,0.8433734939759037,0.8974818408525094
stability_tau095_P8,44b6_c8e2a523,158,10,6,0,1,1,28311,nan,-0.14581824764663287,0.9080459770114943,0.9212869443265332
stability_tau095_P8,44b6_c96cfa10,590,17,26,0,0,0,37236,nan,-0.19465351674020243,0.9320695102685624,0.9502125710705718
stability_tau095_P8,44b6_d2f34f90,271,5,10,0,0,2,14675,nan,-0.390421201296004,0.9475524475524476,0.984546904038887
stability_tau095_P8,44b6_cf8fed6b,178,12,10,0,0,0,41001,nan,-0.0623842301447552,0.89,0.8955521964828831
stability_tau095_P8,44b6_d29c9ab2,1285,56,43,0,0,0,36336,nan,-0.0451714623571147,0.9284682080924855,0.9326622347636483
stability_tau095_P8,44b6_d754aa59,64,3,6,0,0,1,5523,nan,0.06807193966350802,0.8767123287671232,0.8707443778925144
stability_tau095_P8,44b6_d78e09d9,418,37,33,0,0,0,23300,nan,0.046767599622624556,0.8565573770491803,0.8525514638028162
stability_tau095_P8,44b6_db3c847b,154,7,8,0,0,0,15223,nan,0.013312920189043467,0.9112426035502958,0.9100294735449037
stability_tau095_P8,44b6_deabac95,121,6,3,1,2,0,15562,nan,0.11244549288726857,0.9307692307692308,0.9203031502774158
stability_tau095_P8,44b6_d5e7d891,830,90,63,0,1,2,41844,nan,-0.06698180520870496,0.844354018311292,0.8500096539494635
stability_tau095_P8,44b6_ddf577ad,607,48,40,0,0,0,37263,nan,-0.3033911612951469,0.8733812949640288,0.8998789114972885
stability_tau095_P8,44b6_e29f0176,48,4,2,0,0,0,13328,nan,0.027681394093607835,0.8888888888888888,0.8864283205250125
stability_tau095_P8,44b6_e35b117d,240,11,26,0,0,0,18245,nan,-0.36297615306728115,0.8664259927797834,0.8978751901574539
stability_tau095_P8,44b6_e28840c6,289,14,20,0,0,2,26309,nan,-0.6477385319872533,0.8947368421052632,0.9526923949672806
stability_tau095_P8,44b6_e57ff5c6,142,19,44,0,0,0,15946,nan,-0.21502412129565818,0.6926829268292682,0.7075772805970649
stability_tau095_P8,44b6_e31261b4,106,10,7,0,0,0,66132,nan,-0.09229164379049083,0.8617886178861789,0.8697422067006441
stability_tau095_P8,6bba_05b6850b,836,8,9,0,0,0,6035,nan,-0.05139893115372524,0.9800703399765534,0.9851077967695797
stability_tau095_P8,44b6_f28707c6,55,6,6,0,0,0,21352,nan,0.14451114922813035,0.8208955223880597,0.8090326668544072
stability_tau095_P8,44b6_eb2880fc,371,13,8,0,3,1,35856,nan,-0.2543049663089593,0.9464285714285714,0.9704967200256694
stability_tau095_P8,6bba_062c8d37,896,5,2,1,2,0,5855,nan,-0.02902155887230514,0.9922480620155039,0.9951277205702751
stability_tau095_P8,6bba_07477033,593,14,9,0,0,0,4518,nan,-0.06575682382133995,0.9626623376623377,0.9689924994360477
stability_tau095_P8,6bba_085bf656,1164,3,4,0,3,1,8223,nan,-0.02835873803615739,0.9940222032450897,0.996841124771485
stability_tau095_P8,6bba_07e24132,309,17,36,0,0,2,27261,nan,0.2688387246916453,0.8535911602209945,0.830643324328807
stability_tau095_P8,6bba_0c7fa718,620,45,39,0,0,0,12354,nan,-0.09494505494505495,0.8806818181818182,0.8890434565434566
stability_tau095_P8,6bba_12665c0e,961,21,37,0,1,3,7998,nan,-0.03800817897522252,0.943081452404318,0.9466659332674375
stability_tau095_P8,6bba_13f19531,693,11,11,0,0,0,5571,nan,-0.03499047289104452,0.9692307692307692,0.9726221535263628
stability_tau095_P8,6bba_05db0fb1,1114,93,69,0,0,3,68777,nan,-0.014656160458452722,0.8730407523510971,0.8743202948864197
stability_tau095_P8,6bba_0e7c0d07,179,19,19,0,0,1,21553,nan,-0.04068188899274491,0.8248847926267281,0.8282405797832724
stability_tau095_P8,6bba_09961292,1791,109,80,1,0,3,29279,nan,-0.059067390815309956,0.9045454545454545,0.9098883685328395
stability_tau095_P8,6bba_15403b9a,716,14,13,0,1,0,6243,nan,-0.09377268108578894,0.9636608344549125,0.972697340465333
stability_tau095_P8,6bba_1ebfb80d,675,37,44,0,0,0,11151,nan,-0.03521370479321682,0.8928571428571429,0.8960012236422517
stability_tau095_P8,6bba_1f58c2f6,264,48,35,0,1,0,31359,nan,0.08497387814413729,0.760806916426513,0.7543420450057486
stability_tau095_P8,6bba_1d0d8384,1255,107,110,0,0,1,16932,nan,-0.054553576414093474,0.8525815217391305,0.8572326588586745
stability_tau095_P8,6bba_20852818,846,27,63,0,0,3,9760,nan,0.00020496003279360525,0.9038461538461539,0.9038276286124206
stability_tau095_P8,6bba_207c6aaf,354,81,96,0,0,1,17234,nan,0.43628635719643305,0.6666666666666666,0.6375809095202378
stability_tau095_P8,6bba_23af9eeb,498,1,1,0,0,0,4060,nan,-0.08764044943820225,0.996,1.004728988764045
stability_tau095_P8,6bba_2540cd90,523,0,0,0,0,0,3476,nan,-0.08115252445149353,1.0,1.0081152524451493
stability_tau095_P8,6bba_2646afc7,704,12,17,0,1,0,5176,nan,-0.05805277525022748,0.9604365620736699,0.9660121628616863
stability_tau095_P8,6bba_268e1230,580,10,29,0,0,1,4611,nan,-0.09712159780693166,0.9369951534733441,0.9460954001176122
stability_tau095_P8,6bba_2819ca14,918,21,31,0,0,1,4908,nan,-0.11311890133718829,0.9463917525773196,0.9570972321059318
stability_tau095_P8,6bba_2312ac41,1128,5,4,1,0,1,12255,nan,0.025523012552301255,0.9920844327176781,0.9895523343747585
stability_tau095_P8,6bba_312f0dc3,498,3,2,0,0,0,9351,nan,-0.06142728093947606,0.9900596421471173,0.9961413093256182
stability_tau095_P8,6bba_283bf9f1,1268,13,20,0,2,0,21538,nan,0.03245290254541968,0.9746348962336664,0.9714719231031828
stability_tau095_P8,6bba_372c8cb8,1006,2,1,0,0,0,6553,nan,-0.06665717134311351,0.9970267591674926,1.0036726575194423
stability_tau095_P8,6bba_3a1849c2,1108,40,34,0,0,0,6461,nan,-0.07739540197058403,0.937394247038917,0.944649247494366
stability_tau095_P8,6bba_337b1b3a,1194,32,19,1,0,1,29346,nan,-0.03720472440944882,0.9590361445783132,0.962604212124087
stability_tau095_P8,6bba_3c5691b6,741,5,5,1,0,1,6173,nan,-0.013582614253755194,0.9866844207723036,0.9880245961600576
stability_tau095_P8,6bba_32db13fc,689,118,122,0,0,1,43207,nan,0.11631572148301253,0.7416576964477933,0.7330310514422179
stability_tau095_P8,6bba_3fda6b25,1165,7,14,1,1,0,8156,nan,-0.17130664499085552,0.9822934232715008,0.9991207623452232
stability_tau095_P8,6bba_3db54e20,433,41,41,0,0,1,22608,nan,-0.02702702702702703,0.8407766990291262,0.8430490684859616
stability_tau095_P8,6bba_3abfe10a,841,116,94,1,0,0,52279,nan,0.0041102468068760206,0.8001902949571836,0.7998613969967096
stability_tau095_P8,6bba_43fea39d,858,12,22,0,0,0,5340,nan,-0.0709812108559499,0.9618834080717489,0.9687109729724669
stability_tau095_P8,6bba_4aa14c89,648,30,33,0,0,0,7082,nan,0.04346544865183439,0.9113924050632911,0.907430997084896
stability_tau095_P8,6bba_474be664,240,26,46,0,0,1,24479,nan,-0.13480366168310182,0.7692307692307693,0.779600281667931
stability_tau095_P8,6bba_55b7eebe,682,6,6,0,0,1,4497,nan,-0.14456914590070383,0.9827089337175793,0.9969158728392334
stability_tau095_P8,6bba_4f99ce20,993,8,17,0,0,2,5308,nan,-0.11014249790444258,0.9754420432220039,0.9861858055421523
stability_tau095_P8,6bba_4ffd3da3,645,22,44,1,0,2,19958,nan,0.1315983443896354,0.9071729957805907,0.8952347493486196
stability_tau095_P8,6bba_48816121,897,21,21,2,1,3,25087,nan,0.04681827665345295,0.9552715654952076,0.9507991486519545
stability_tau095_P8,6bba_55c70843,402,49,65,0,0,0,36629,nan,0.03427926020048002,0.7790697674418605,0.7763991739146138
stability_tau095_P8,6bba_5a4d9360,699,13,23,0,0,0,5457,nan,-0.08684738955823293,0.9510204081632653,0.9592797721498237
stability_tau095_P8,6bba_5b28472a,716,1,8,0,0,0,5746,nan,-0.009651844191658049,0.9875862068965517,0.9885394097160314
stability_tau095_P8,6bba_5c039895,1138,5,7,2,1,1,7934,nan,-0.07421236872812136,0.9895652173913043,0.996909015270661
stability_tau095_P8,6bba_5f89039d,885,0,0,0,0,0,4440,nan,-0.03708523096942095,1.0,1.003708523096942
stability_tau095_P8,6bba_5dfe9ad1,1441,19,46,0,0,0,29396,nan,0.09226024597778025,0.9568393094289509,0.9480114864240385
stability_tau095_P8,6bba_61ecbe65,595,6,19,0,0,1,5375,nan,-0.06910287495670246,0.9596774193548387,0.9663090662256837
stability_tau095_P8,6bba_61dd1e0d,534,8,9,0,0,0,9386,nan,-0.07326224328593997,0.969147005444646,0.9762471938139187
stability_tau095_P8,6bba_5c824876,1081,44,49,1,0,0,25113,nan,0.018906966365074857,0.9207836456558773,0.9190427231140846
stability_tau095_P8,6bba_6321a359,785,13,13,0,0,1,4603,nan,-0.045218834266749636,0.967940813810111,0.9723177293340811
stability_tau095_P8,6bba_67ebd073,391,67,47,0,1,1,15186,nan,-0.05447979577859411,0.7742574257425743,0.7784755643860258
stability_tau095_P8,6bba_6479435d,470,72,110,0,0,0,23931,nan,0.020381187907730355,0.7208588957055214,0.7193896996446881
stability_tau095_P8,6bba_6ca87370,1038,17,14,0,0,1,6261,nan,-0.12981236970118137,0.971000935453695,0.9836057286950258
stability_tau095_P8,6bba_57b7cc1e,1279,338,313,0,2,3,73111,nan,0.11601105157912411,0.6626943005181347,0.6550063142502746
stability_tau095_P8,6bba_6feeb0b1,1330,8,13,0,1,0,6845,nan,-0.08951848895982974,0.9844559585492227,0.9932686595349055
stability_tau095_P8,6bba_6db0e9b4,428,16,12,0,1,0,24776,nan,-0.12867944434675577,0.9385964912280702,0.9506742987237744
stability_tau095_P8,6bba_705ec2c9,536,23,26,0,2,1,5845,nan,0.04375,0.9162393162393162,0.9122307692307692
stability_tau095_P8,6bba_718b21f9,649,0,3,0,0,0,4074,nan,-0.0538783093358105,0.995398773006135,1.000761813306586
stability_tau095_P8,6bba_6feb10f0,1123,104,220,0,0,0,10831,nan,0.22218460844053262,0.7760884588804423,0.7588449678452857
stability_tau095_P8,6bba_76db78c1,604,0,0,0,0,0,4628,nan,-0.04675592173017508,1.0,1.0046755921730175
stability_tau095_P8,6bba_74686d6a,560,22,16,0,1,2,25345,nan,-0.14958225681978324,0.9364548494983278,0.9504625524781067
stability_tau095_P8,6bba_784a78c9,1736,3,3,1,1,0,12664,nan,-0.032987171655467315,0.9965556831228473,0.9998430384611877
stability_tau095_P8,6bba_789f8168,670,16,11,0,0,0,10532,nan,-0.013488197826901461,0.9612625538020086,0.962559123750936
stability_tau095_P8,6bba_767a1e17,553,94,105,0,0,0,47381,nan,-0.0069790837070880666,0.7353723404255319,0.7358855629375026
stability_tau095_P8,6bba_7b5d3b2c,543,8,12,0,0,0,5399,nan,-0.06591695501730103,0.9644760213143873,0.9708335535656117
stability_tau095_P8,6bba_7af54fde,1043,48,49,0,0,2,10101,nan,0.04956359102244389,0.9149122807017543,0.9103776468915431
stability_tau095_P8,6bba_7d3058ae,1167,6,6,0,1,2,7395,nan,-0.02837997635001971,0.989821882951654,0.9926309951145439
stability_tau095_P8,6bba_7f87b3d8,891,52,43,1,1,2,9148,nan,-0.13543143370191854,0.9036511156186613,0.9158893922341186
stability_tau095_P8,6bba_78a7bd97,731,110,101,0,0,2,38758,nan,-0.045675030162755766,0.7760084925690022,0.7795529136994666
stability_tau095_P8,6bba_786893ac,1194,269,201,0,4,3,54341,nan,-0.07863815934485156,0.7175480769230769,0.7231907429241439
stability_tau095_P8,6bba_80d12824,639,10,15,0,0,1,8207,nan,-0.09023389868085578,0.9623493975903614,0.9710330513941365
stability_tau095_P8,6bba_825bd1c6,895,42,35,0,1,0,6796,nan,-0.10413920379646717,0.9207818930041153,0.9303708423248805
stability_tau095_P8,6bba_8b7818bf,723,2,2,1,0,1,5610,nan,-0.03740562800274537,0.9944979367262724,0.9982179187133404
stability_tau095_P8,6bba_907271db,916,1,5,0,0,1,6792,nan,-0.07035313441007392,0.9934924078091106,1.0004819382993089
stability_tau095_P8,6bba_91951b3a,1125,17,23,0,1,0,11398,nan,-0.042747963382884016,0.9656652360515021,0.9697932582665874
stability_tau095_P8,6bba_87289e13,669,41,30,0,1,1,13881,nan,-0.0724976613657624,0.904054054054054,0.9106082345207696
stability_tau095_P8,6bba_96833384,714,8,7,0,0,0,4699,nan,-0.03491476689258575,0.9794238683127572,0.9828435039178747
stability_tau095_P8,6bba_969618f6,650,5,8,0,0,3,15474,nan,0.11419930875576037,0.9803921568627451,0.9691961462004156
stability_tau095_P8,6bba_971fa5e0,750,12,17,0,2,0,4935,nan,-0.1201640221073275,0.962772785622593,0.9743418506521817
stability_tau095_P8,6bba_9a41d029,1317,33,36,0,1,2,18371,nan,0.007679227689100981,0.9502164502164502,0.949486757368936
stability_tau095_P8,6bba_a5e926bb,670,22,28,0,0,0,7841,nan,-0.07097156398104265,0.9305555555555556,0.9371598538704581
stability_tau095_P8,6bba_9e23430b,866,18,25,0,0,1,7266,nan,-0.05734302023871302,0.9526952695269527,0.9581583119391338
stability_tau095_P8,6bba_ae82a791,1463,13,8,0,1,0,7117,nan,-0.03863298662704309,0.9858490566037735,0.9896576859457792
stability_tau095_P8,6bba_a90a0b9c,876,182,236,0,0,0,29125,nan,-0.2106190372940156,0.6769706336939721,0.6912289240084666
stability_tau095_P8,6bba_acd782a8,307,27,23,0,0,0,19762,nan,0.0026382546930492135,0.8599439775910365,0.8597171024675726
stability_tau095_P8,6bba_aeee7805,763,4,5,1,0,0,4902,nan,-0.026221692491060787,0.9883419689119171,0.990933568830399
stability_tau095_P8,6bba_af149c94,1269,27,48,0,1,0,7795,nan,-0.12739281316467033,0.9441964285714286,0.9562248124930035
stability_tau095_P8,6bba_ab78413d,938,118,200,0,2,2,12281,nan,0.32896872632831947,0.7468152866242038,0.7222473992598756
stability_tau095_P8,6bba_afb141ff,594,24,32,1,0,3,5483,nan,-0.0943178064089858,0.9138461538461539,0.9224653503087596
stability_tau095_P8,6bba_b204cac7,802,8,9,0,0,2,5416,nan,0.0636292223095051,0.9792429792429792,0.9730121323208519
stability_tau095_P8,6bba_b1ae37b9,548,37,31,0,1,0,22534,nan,-0.07259856778335666,0.8896103896103896,0.8960688336274805
stability_tau095_P8,6bba_b693381b,912,18,23,0,0,0,6039,nan,0.08654192155451601,0.9569779643231899,0.9486960931314041
stability_tau095_P8,6bba_c27cba08,484,5,9,0,0,0,6299,nan,-0.02265321955003879,0.9718875502008032,0.9740891884060681
stability_tau095_P8,6bba_bbb708ca,848,8,13,0,2,0,6531,nan,-0.03743551952837141,0.9758342922899885,0.979487378660536
stability_tau095_P8,6bba_bb9f20c3,1795,78,84,0,2,3,22768,nan,-0.013133370898530623,0.9172202350536536,0.9184248544079132
stability_tau095_P8,6bba_c73a1d11,563,95,147,0,0,0,23677,nan,0.45124118908979466,0.6993788819875777,0.6678200261543411
stability_tau095_P8,6bba_c328f2fd,448,25,52,0,0,2,30218,nan,-0.032342769309593955,0.8533333333333334,0.8560932496477521
stability_tau095_P8,6bba_b329af44,1172,89,96,0,0,1,63925,nan,0.023373088929800688,0.8636698599852616,0.8616511967409192
stability_tau095_P8,6bba_d0fc38b5,813,0,0,0,0,0,5675,nan,-0.07134675175912289,1.0,1.0071346751759123
stability_tau095_P8,6bba_cf35214c,815,3,2,0,0,0,34669,nan,-0.006334193178561192,0.9939024390243902,0.9945319960293326
stability_tau095_P8,6bba_d1acb6ff,619,25,24,0,1,1,16026,nan,0.08879679326041172,0.9266467065868264,0.9184183809838031
stability_tau095_P8,6bba_cff5865f,1466,42,35,0,1,0,46494,nan,0.002847159311505112,0.950097213220998,0.9498267054082523
stability_tau095_P8,6bba_cdcfe533,1331,19,17,2,2,2,28134,nan,-0.055430585865368476,0.9736649597659107,0.9790620416815512
stability_tau095_P8,6bba_d5eae175,519,0,0,0,0,0,4115,nan,-0.08940030980305377,1.0,1.0089400309803054
stability_tau095_P8,6bba_d3da753b,834,34,23,1,1,0,15894,nan,-0.07839499014264177,0.936026936026936,0.943364918269244
stability_tau095_P8,6bba_d6ecebbb,840,13,22,0,0,0,6006,nan,0.1207314797536854,0.96,0.9484097779436462
stability_tau095_P8,6bba_d2b9fc0c,917,5,4,0,0,2,18760,nan,-0.07027455644761621,0.990280777537797,0.9972399317778039
stability_tau095_P8,6bba_d82a4fc6,508,28,22,0,0,0,28378,nan,0.023885120508009814,0.910394265232975,0.9082197775594859
stability_tau095_P8,6bba_e16ffc58,935,7,7,1,0,0,5910,nan,-0.07177634678812628,0.9852476290832455,0.9923193766329713
stability_tau095_P8,6bba_debd7bfa,715,16,14,4,0,0,11757,nan,-0.00423477598035064,0.959731543624161,0.9601379684330134
stability_tau095_P8,6bba_e5e44988,597,16,37,0,0,0,5099,nan,-0.0918967052537845,0.9184615384615384,0.9269018973902322
stability_tau095_P8,6bba_ed9377fd,497,1,11,0,0,0,4275,nan,-0.03781228899392303,0.9764243614931237,0.9801164455068723
stability_tau095_P8,6bba_df673a83,644,7,10,1,0,3,21790,nan,0.13259524923332813,0.9742813918305597,0.961362883433243
stability_tau095_P8,6bba_ebff6e76,1002,270,262,0,0,0,48009,nan,0.15417347821905952,0.6531942633637549,0.6431237402102022
stability_tau095_P8,6bba_edf14583,730,46,30,0,0,0,50168,nan,-0.153168360284933,0.9057071960297767,0.9195797646411911
stability_tau095_P8,6bba_eebc57a5,927,76,62,0,3,0,8417,nan,-0.09949716486573232,0.8704225352112676,0.8790829926601439
stability_tau095_P8,6bba_ef7b4f7e,1179,7,22,0,0,2,5791,nan,-0.0517439004421156,0.9759933774834437,0.9810435478991105
stability_tau095_P8,6bba_f1fde7e0,415,29,31,0,0,0,7798,nan,-0.13738938053097347,0.8736842105263158,0.8856877037727062
stability_tau095_P8,6bba_f20478e9,931,22,32,0,0,1,5175,nan,-0.13360120542440984,0.9451776649746193,0.957805352512703
stability_tau095_P8,6bba_f17befbc,929,93,86,0,1,0,25507,nan,0.02179225253374995,0.8384476534296029,0.8366204871296161
stability_tau095_P8,6bba_f4ae811c,955,7,10,0,0,0,9271,nan,0.041334381669100306,0.9825102880658436,0.9784491425417705
stability_tau095_P8,6bba_ebdf3b34,737,66,66,0,0,2,59027,nan,0.03834854961563495,0.8481012658227848,0.844848920475636
stability_tau095_P8,6bba_fbc898dc,634,7,5,0,0,0,4941,nan,0.01063612190632031,0.9814241486068112,0.9803802939181723
stability_tau095_P8,6bba_fc516dc6,720,28,42,0,0,0,6696,nan,-0.14874141876430205,0.9113924050632911,0.9249485850013035
stability_tau095_P8,6bba_fc83837d,828,77,95,0,0,0,11321,nan,-0.13494307327882632,0.828,0.8391732864674868
stability_tau095_P8,6bba_f8ffd5e7,353,17,17,2,0,0,30744,nan,0.04075829383886256,0.9121447028423773,0.908426956660176
stability_tau095_P8,6bba_fc5f39dc,440,7,18,0,0,2,17604,nan,0.25563480741797434,0.946236559139785,0.9220474590830304
stability_tau095_P8,6bba_fe670320,662,14,18,0,0,2,9606,nan,-0.11351052048726468,0.9538904899135446,0.9647181505133385
