config,stem,edge_tp,edge_fp,edge_fn,division_tp,division_fp,division_fn,num_pred_nodes,node_recall,total_node_ratio,edge_jaccard,adj_edge_jaccard
C3_public0955,44b6_0b24845f,49,0,0,0,0,0,18149,nan,-0.4465924683640799,1.0,1.044659246836408
C3_public0955,44b6_0db75fae,149,0,2,0,0,0,17507,nan,0.14163677861102053,0.9867549668874173,0.9727788874085814
C3_public0955,44b6_0113de3b,46,3,4,0,0,0,25491,nan,-0.01025043680838672,0.8679245283018868,0.8688141888550677
C3_public0955,44b6_0c582fdc,69,1,1,0,0,0,26811,nan,-0.04102582445096216,0.971830985915493,0.9758180026579104
C3_public0955,44b6_1574802b,144,11,9,0,2,0,19280,nan,0.09068280816880693,0.8780487804878049,0.8700863875754218
C3_public0955,44b6_144b256d,119,0,0,0,0,0,27584,nan,-0.5780714635340186,1.0,1.0578071463534018
C3_public0955,44b6_12dfb391,741,38,32,0,0,1,44134,nan,-0.24778429233706026,0.9136868064118372,0.9363265302862839
C3_public0955,44b6_24264f12,213,10,8,0,0,0,26797,nan,0.01684817667817706,0.922077922077922,0.9205243889037006
C3_public0955,44b6_18ced818,90,16,9,0,1,0,71302,nan,-0.0933574080667311,0.782608695652174,0.7899149275878312
C3_public0955,44b6_1d530831,253,28,18,0,1,0,35393,nan,-0.012058618283321703,0.8461538461538461,0.8471741907778195
C3_public0955,44b6_267148e4,250,40,27,0,0,1,21733,nan,0.13606900156821747,0.7886435331230284,0.7779125393085001
C3_public0955,44b6_33b596bf,49,0,0,0,0,0,23601,nan,0.011615945135019288,1.0,0.998838405486498
C3_public0955,44b6_2f31fc2f,67,25,18,0,0,0,18092,nan,-0.25755088640840446,0.6090909090909091,0.6247780994448756
C3_public0955,44b6_3bb3690f,380,26,16,0,0,0,15743,nan,-0.5070607759025582,0.9004739336492891,0.9461334347969129
C3_public0955,44b6_341df25f,208,0,1,0,0,1,8365,nan,0.12493275954814416,0.9952153110047847,0.9827818114899455
C3_public0955,44b6_2a2eff9f,197,23,13,0,1,1,37925,nan,-0.3271772490996505,0.8454935622317596,0.8731561880140047
C3_public0955,44b6_3a861e03,884,38,35,0,0,0,36221,nan,-0.10666896857889804,0.9237199582027168,0.9335731837224395
C3_public0955,44b6_40c45f5a,194,5,4,0,0,0,28599,nan,-0.12490437869098253,0.9556650246305419,0.9676016992443599
C3_public0955,44b6_53f95252,67,2,1,0,0,0,30053,nan,-0.22373756941753842,0.9571428571428572,0.9785577387871074
C3_public0955,44b6_415c0a3a,310,13,12,0,0,0,32632,nan,-0.4304265866089506,0.9253731343283582,0.9652036542832162
C3_public0955,44b6_551a5dba,199,33,25,0,0,0,30269,nan,-0.47474274211741024,0.77431906614786,0.8110793018215428
C3_public0955,44b6_5740d24b,169,1,1,0,0,0,11093,nan,-0.4377597567156614,0.9883040935672515,1.0315680695233607
C3_public0955,44b6_587a1e22,365,7,6,1,0,0,18679,nan,0.02988366322986161,0.9656084656084656,0.962722873788651
C3_public0955,44b6_5f15d135,252,23,21,0,0,1,21051,nan,-0.2868660862495342,0.8513513513513513,0.8757737343698927
C3_public0955,44b6_668e0cc7,613,28,18,0,0,0,33423,nan,-0.15813203697639858,0.9301972685887708,0.9449066674759533
C3_public0955,44b6_66f9292d,197,2,1,0,0,0,20022,nan,-0.6201479795105294,0.985,1.0460845759817872
C3_public0955,44b6_71a4179f,107,20,12,0,0,0,30501,nan,-0.5493883701690108,0.7697841726618705,0.812075219861931
C3_public0955,44b6_74d0c52e,135,5,4,0,1,1,8389,nan,-0.4440689198144466,0.9375,0.9791314612326043
C3_public0955,44b6_706092f0,108,10,9,0,0,1,28562,nan,-0.5913760050359095,0.8503937007874016,0.9006839437353371
C3_public0955,44b6_81c256f0,197,0,0,0,0,0,11208,nan,0.11500198965380024,1.0,0.98849980103462
C3_public0955,44b6_808952d6,179,0,0,0,0,0,14896,nan,-0.05374158302629907,1.0,1.0053741583026299
C3_public0955,44b6_7e557709,546,10,14,0,0,0,44367,nan,-0.20858009275775954,0.9578947368421052,0.9778745141483749
C3_public0955,44b6_7a302da0,492,22,15,0,0,1,42483,nan,-0.36457865924795835,0.9300567107750473,0.9639645936389405
C3_public0955,44b6_87bba6c4,109,47,40,0,1,0,28051,nan,-0.0018148174507152516,0.5561224489795918,0.5562233750521062
C3_public0955,44b6_8cc6506c,381,22,15,0,0,0,18127,nan,-0.4365597413900286,0.9114832535885168,0.9512749429353112
C3_public0955,44b6_8f5ab931,572,39,32,0,1,0,27103,nan,-0.016974357114359292,0.8895800933125972,0.8910900983311685
C3_public0955,44b6_90724892,97,12,6,0,0,0,23034,nan,-0.09783800720664264,0.8434782608695652,0.8517306840861256
C3_public0955,44b6_95029e92,198,0,0,0,0,0,4757,nan,-0.07827940321643093,1.0,1.007827940321643
C3_public0955,44b6_8f9ecab4,366,4,4,0,0,0,39734,nan,-0.4690310424545321,0.9786096256684492,1.0245094549567806
C3_public0955,44b6_949adeb1,351,44,27,0,0,0,37856,nan,0.01820920412060572,0.8317535545023697,0.8302389974771723
C3_public0955,44b6_97725144,219,1,2,0,0,0,32719,nan,-0.08539721585509029,0.9864864864864865,0.994910806428948
C3_public0955,44b6_996155de,370,2,7,1,0,0,8879,nan,0.17245477353756766,0.9762532981530343,0.9594173440082058
C3_public0955,44b6_9be80b04,205,18,15,0,1,1,25200,nan,-0.5645938801250928,0.8613445378151261,0.9099755232880857
C3_public0955,44b6_9bfa6a0a,241,30,18,0,0,0,38617,nan,-0.39949928469241774,0.8339100346020761,0.867224680834212
C3_public0955,44b6_aaf8b0ea,203,0,3,0,0,1,14024,nan,-0.36540114937327484,0.9854368932038835,1.0214448705450363
C3_public0955,44b6_a2bb48bb,376,44,34,0,1,0,43396,nan,-0.28404797650669,0.8281938325991189,0.8517185108296289
C3_public0955,44b6_a21120c2,279,12,7,1,0,1,21921,nan,-0.048567708333333334,0.9362416107382551,0.9407887216862417
C3_public0955,44b6_c15fded2,97,8,5,0,0,0,19358,nan,-0.05960650959436483,0.8818181818181818,0.887074392209685
C3_public0955,44b6_b2c44266,156,14,12,0,0,0,36725,nan,-0.3851395469537411,0.8571428571428571,0.8901548183103206
C3_public0955,44b6_abf82518,94,0,0,0,0,0,25568,nan,-0.07375742645993334,1.0,1.0073757426459933
C3_public0955,44b6_c771cb04,203,34,20,0,0,0,28016,nan,-0.4748148842440716,0.7898832684824902,0.8273881017515745
C3_public0955,44b6_c50204e0,297,31,28,0,1,2,35776,nan,-0.2400696716088194,0.8342696629213483,0.8542979473224213
C3_public0955,44b6_c96cfa10,590,17,26,0,0,0,37261,nan,-0.19411281252703522,0.9320695102685624,0.950162173679455
C3_public0955,44b6_c8e2a523,158,10,6,0,1,1,28311,nan,-0.14581824764663287,0.9080459770114943,0.9212869443265332
C3_public0955,44b6_cf2536e8,70,8,5,0,0,0,20633,nan,-0.6415703986797533,0.8433734939759037,0.8974818408525094
C3_public0955,44b6_d29c9ab2,1285,56,43,0,0,0,36336,nan,-0.0451714623571147,0.9284682080924855,0.9326622347636483
C3_public0955,44b6_cf8fed6b,178,12,10,0,0,0,41008,nan,-0.062224153307873495,0.89,0.8955379496444007
C3_public0955,44b6_d754aa59,64,3,6,0,0,1,5523,nan,0.06807193966350802,0.8767123287671232,0.8707443778925144
C3_public0955,44b6_d2f34f90,271,5,10,0,0,2,14679,nan,-0.39025504693860597,0.9475524475524476,0.9845311600420847
C3_public0955,44b6_d78e09d9,418,37,33,0,0,0,23310,nan,0.04721685610314929,0.8565573770491803,0.8525129824075581
C3_public0955,44b6_db3c847b,154,7,8,0,0,0,15223,nan,0.013312920189043467,0.9112426035502958,0.9100294735449037
C3_public0955,44b6_d5e7d891,830,90,63,0,1,2,41859,nan,-0.06664734213342847,0.844354018311292,0.8499814134253048
C3_public0955,44b6_ddf577ad,607,48,40,0,0,0,37273,nan,-0.3032042174530771,0.8733812949640288,0.8998625841718012
C3_public0955,44b6_e29f0176,48,4,2,0,0,0,13354,nan,0.029686174724342665,0.8888888888888888,0.8862501178022806
C3_public0955,44b6_deabac95,121,6,3,1,2,0,15574,nan,0.11330330974336979,0.9307692307692308,0.9202233073238864
C3_public0955,44b6_e28840c6,289,14,20,0,0,2,26312,nan,-0.6476983638165118,0.8947368421052632,0.9526888009730563
C3_public0955,44b6_e35b117d,240,11,26,0,0,0,18249,nan,-0.362836493139206,0.8664259927797834,0.8978630896582707
C3_public0955,44b6_e57ff5c6,142,19,44,0,0,0,15952,nan,-0.2147287584916806,0.6926829268292682,0.7075568213199115
C3_public0955,44b6_f28707c6,55,6,6,0,0,0,21361,nan,0.1449935677530017,0.8208955223880597,0.8089930653337088
C3_public0955,6bba_05b6850b,836,8,9,0,0,0,5965,nan,-0.06240176045268783,0.9800703399765534,0.9861861514347535
C3_public0955,44b6_e31261b4,106,10,7,0,0,0,66142,nan,-0.0921543867354782,0.8617886178861789,0.8697303780438705
C3_public0955,44b6_eb2880fc,371,13,8,0,3,1,35880,nan,-0.25380583978038435,0.9464285714285714,0.9704494812649291
C3_public0955,6bba_07477033,593,14,9,0,0,0,4485,nan,-0.07258064516129033,0.9626623376623377,0.9696494030163385
C3_public0955,6bba_062c8d37,896,4,2,1,1,0,5828,nan,-0.033499170812603646,0.9933481152993349,0.9966757491184138
C3_public0955,6bba_085bf656,1164,0,4,0,0,1,8166,nan,-0.03509393831974477,0.9965753424657534,1.0000727178257007
C3_public0955,6bba_07e24132,309,17,36,0,0,2,26917,nan,0.2528275541075169,0.8535911602209945,0.8320100236963474
C3_public0955,6bba_0c7fa718,620,45,39,0,0,0,12328,nan,-0.09684981684981685,0.8806818181818182,0.8892112054612056
C3_public0955,6bba_12665c0e,961,21,37,0,1,3,7995,nan,-0.03836901611739235,0.943081452404318,0.9466999631490495
C3_public0955,6bba_0e7c0d07,179,19,19,0,0,1,21076,nan,-0.06191302799661726,0.8248847926267281,0.8299919041527163
C3_public0955,6bba_09961292,1788,108,83,1,0,3,29116,nan,-0.06430568499534017,0.9034866093986862,0.9092965419288362
C3_public0955,6bba_13f19531,693,11,11,0,0,0,5501,nan,-0.04711588428893123,0.9692307692307692,0.973797385708004
C3_public0955,6bba_15403b9a,716,14,13,0,1,0,6235,nan,-0.09493395267818261,0.9636608344549125,0.9728092476605085
C3_public0955,6bba_05db0fb1,1113,93,70,0,0,3,68490,nan,-0.018767908309455586,0.872257053291536,0.8738940973313812
C3_public0955,6bba_1d0d8384,1255,107,110,0,0,1,16778,nan,-0.06315260483555754,0.8525815217391305,0.8579657961323794
C3_public0955,6bba_1f58c2f6,264,48,35,0,1,0,31173,nan,0.07853856001107151,0.760806916426513,0.7548316484602529
C3_public0955,6bba_207c6aaf,349,79,101,0,1,1,16923,nan,0.41036753062755227,0.6597353497164461,0.6326619530833618
C3_public0955,6bba_1ebfb80d,675,37,44,0,0,0,11035,nan,-0.0452500432600796,0.8928571428571429,0.8968973252910786
C3_public0955,6bba_23af9eeb,498,1,1,0,0,0,4034,nan,-0.09348314606741573,0.996,1.0053109213483147
C3_public0955,6bba_2540cd90,523,0,0,0,0,0,3466,nan,-0.08379592915675389,1.0,1.0083795929156754
C3_public0955,6bba_2312ac41,1128,5,4,1,0,1,12237,nan,0.02401673640167364,0.9920844327176781,0.9897017696867996
C3_public0955,6bba_2646afc7,704,12,17,0,1,0,5150,nan,-0.06278434940855324,0.9604365620736699,0.9664666005434682
C3_public0955,6bba_20852818,846,27,63,0,0,3,9672,nan,-0.008813281410125025,0.9038461538461539,0.9046427388966843
C3_public0955,6bba_268e1230,578,10,31,0,0,1,4463,nan,-0.1261014294106129,0.9337641357027464,0.9455390349271945
C3_public0955,6bba_2819ca14,915,20,34,0,0,1,4897,nan,-0.11510661366100469,0.9442724458204335,0.9551416461816119
C3_public0955,6bba_312f0dc3,495,9,5,0,1,0,9299,nan,-0.06664659239184985,0.9724950884086444,0.9789764367846692
C3_public0955,6bba_283bf9f1,1266,13,22,0,1,0,21521,nan,0.03163798475624371,0.973097617217525,0.9700189324595384
C3_public0955,6bba_372c8cb8,1006,2,1,0,0,0,6492,nan,-0.07534539239424583,0.9970267591674926,1.0045388964071964
C3_public0955,6bba_3a1849c2,1108,40,34,0,0,0,6408,nan,-0.08496358703412824,0.937394247038917,0.9453586848082752
C3_public0955,6bba_32db13fc,690,118,121,0,1,1,42908,nan,0.10859062136674848,0.7427341227125942,0.7346687267230294
C3_public0955,6bba_3c5691b6,741,4,5,0,0,2,6108,nan,-0.023969319271332695,0.988,0.9903681687440077
C3_public0955,6bba_337b1b3a,1194,32,19,1,0,1,29290,nan,-0.039041994750656166,0.9590361445783132,0.962780412990545
C3_public0955,6bba_3db54e20,433,41,41,0,0,1,22301,nan,-0.04023928386985712,0.8407766990291262,0.8441599242554656
C3_public0955,6bba_3fda6b25,1164,6,15,0,0,1,8043,nan,-0.18278805120910385,0.9822784810126582,1.0002333579415525
C3_public0955,6bba_3abfe10a,839,114,96,1,0,0,51725,nan,-0.006530298665130126,0.7998093422306959,0.8003316416186886
C3_public0955,6bba_43fea39d,853,12,27,0,1,0,5244,nan,-0.08768267223382047,0.9562780269058296,0.9646629281855884
C3_public0955,6bba_4aa14c89,648,30,33,0,0,0,7026,nan,0.035214380433181085,0.9113924050632911,0.90818299317571
C3_public0955,6bba_474be664,240,25,46,0,0,1,23988,nan,-0.15215777754214824,0.7717041800643086,0.7834462593601657
C3_public0955,6bba_4f99ce20,993,8,17,0,0,2,5300,nan,-0.11148365465213747,0.9754420432220039,0.9863166276099776
C3_public0955,6bba_55b7eebe,682,6,6,0,0,1,4478,nan,-0.14818337454822142,0.9827089337175793,0.9972710463172748
C3_public0955,6bba_4ffd3da3,645,22,44,1,0,2,19900,nan,0.12830980325452174,0.9071729957805907,0.8955330769199484
C3_public0955,6bba_55c70843,402,49,65,0,0,0,36156,nan,0.020923337568826767,0.7790697674418605,0.7774396934684752
C3_public0955,6bba_48816121,896,20,22,1,0,4,25087,nan,0.04681827665345295,0.9552238805970149,0.9507516870062374
C3_public0955,6bba_5a4d9360,699,13,23,0,0,0,5439,nan,-0.08985943775100401,0.9510204081632653,0.9595662240799934
C3_public0955,6bba_5b28472a,716,1,8,0,0,0,5649,nan,-0.026370217166494313,0.9875862068965517,0.9901904931712013
C3_public0955,6bba_5c039895,1138,5,7,2,1,1,7911,nan,-0.07689614935822638,0.9895652173913043,0.997174592866927
C3_public0955,6bba_5f89039d,885,0,0,0,0,0,4414,nan,-0.042723921058338755,1.0,1.0042723921058339
C3_public0955,6bba_5dfe9ad1,1441,19,46,0,0,0,29264,nan,0.08735555307843793,0.9568393094289509,0.9484807867207152
C3_public0955,6bba_5c824876,1080,44,50,1,0,0,24927,nan,0.01136040897472309,0.919931856899489,0.9188867766871635
C3_public0955,6bba_61dd1e0d,534,8,9,0,0,0,9346,nan,-0.07721169036334913,0.969147005444646,0.976629953294742
C3_public0955,6bba_61ecbe65,595,6,19,0,0,1,5351,nan,-0.07325943886387253,0.9596774193548387,0.9667079622780652
C3_public0955,6bba_6321a359,785,13,13,0,0,1,4552,nan,-0.05579755237502593,0.967940813810111,0.9733416866355604
C3_public0955,6bba_6479435d,470,71,110,0,0,0,23555,nan,0.004349123779473841,0.7219662058371735,0.7216522137977952
C3_public0955,6bba_6ca87370,1038,17,14,0,0,1,6219,nan,-0.13564975677553856,0.971000935453695,0.9841725395260064
C3_public0955,6bba_67ebd073,391,68,47,0,2,1,14948,nan,-0.0692983002303717,0.7727272727272727,0.7780821413814378
C3_public0955,6bba_57b7cc1e,1268,330,324,0,1,3,71892,nan,0.0974034894903146,0.659729448491155,0.6533034534508991
C3_public0955,6bba_6feeb0b1,1330,7,13,0,0,0,6765,nan,-0.10015961691939346,0.9851851851851852,0.9950527622594662
C3_public0955,6bba_705ec2c9,536,23,26,0,2,1,5710,nan,0.019642857142857142,0.9162393162393162,0.9144395604395603
C3_public0955,6bba_6db0e9b4,428,15,12,0,0,0,24547,nan,-0.13673289959556884,0.9406593406593406,0.9535212485773413
C3_public0955,6bba_6feb10f0,1125,99,218,0,0,0,10464,nan,0.18077183480027081,0.7801664355062413,0.7660632237066363
C3_public0955,6bba_718b21f9,649,0,3,0,0,0,4074,nan,-0.0538783093358105,0.995398773006135,1.000761813306586
C3_public0955,6bba_76db78c1,604,0,0,0,0,0,4590,nan,-0.05458290422245108,1.0,1.005458290422245
C3_public0955,6bba_767a1e17,547,94,111,0,0,0,46628,nan,-0.022760615333025945,0.7273936170212766,0.7290492096525486
C3_public0955,6bba_74686d6a,560,23,16,0,2,2,25088,nan,-0.1582055497768681,0.9348914858096828,0.9496819879591063
C3_public0955,6bba_784a78c9,1735,3,4,0,1,1,12598,nan,-0.038026878436163716,0.9959816303099885,0.9997690375480336
C3_public0955,6bba_789f8168,670,16,11,0,0,0,10497,nan,-0.016766579243162234,0.9612625538020086,0.9628742622801891
C3_public0955,6bba_7af54fde,1043,48,49,0,0,2,9972,nan,0.03615960099750624,0.9149122807017543,0.911603994399965
C3_public0955,6bba_7b5d3b2c,543,8,12,0,0,0,5340,nan,-0.07612456747404844,0.9644760213143873,0.971818053310552
C3_public0955,6bba_7d3058ae,1167,5,6,0,0,2,7344,nan,-0.03508080409932992,0.9906621392190152,0.9941374616624717
C3_public0955,6bba_786893ac,1195,268,200,0,4,3,53320,nan,-0.09594940572068024,0.7185808779314492,0.725475618751426
C3_public0955,6bba_7f87b3d8,892,49,42,1,0,2,9116,nan,-0.1384557225215008,0.9074262461851476,0.9199900818402013
C3_public0955,6bba_78a7bd97,725,109,107,0,0,2,38262,nan,-0.05788786841651688,0.7704569606801275,0.7749169717961716
C3_public0955,6bba_80d12824,631,12,23,0,0,1,8080,nan,-0.10431216051435539,0.9474474474474475,0.9573304764691528
C3_public0955,6bba_825bd1c6,893,46,37,0,2,0,6793,nan,-0.10453466912733983,0.9149590163934426,0.9245235101978191
C3_public0955,6bba_8b7818bf,723,2,2,1,0,1,5558,nan,-0.04632807137954702,0.9944979367262724,0.9991052538662191
C3_public0955,6bba_87289e13,669,41,30,0,1,1,13846,nan,-0.07483629560336763,0.904054054054054,0.9108196596971152
C3_public0955,6bba_907271db,916,1,5,0,0,1,6766,nan,-0.07391185327128387,0.9934924078091106,1.000835494316323
C3_public0955,6bba_91951b3a,1125,16,23,0,0,0,11338,nan,-0.047787016040984294,0.9664948453608248,0.9711134358287032
C3_public0955,6bba_96833384,714,9,7,0,1,0,4703,nan,-0.034093242965701376,0.9780821917808219,0.9814167911613028
C3_public0955,6bba_971fa5e0,750,11,17,0,1,0,4932,nan,-0.12069887680513461,0.9640102827763496,0.9756457786123202
C3_public0955,6bba_969618f6,650,5,8,0,0,3,15429,nan,0.11095910138248848,0.9803921568627451,0.969513813589952
C3_public0955,6bba_9e23430b,866,18,25,0,0,1,7205,nan,-0.06525687597301505,0.9526952695269527,0.9589122612313125
C3_public0955,6bba_a5e926bb,665,21,33,0,0,0,7733,nan,-0.08376777251184835,0.9248956884561892,0.932643333618968
C3_public0955,6bba_9a41d029,1317,33,36,0,1,2,18287,nan,0.003071691075640393,0.9502164502164502,0.9499245730774446
C3_public0955,6bba_ab78413d,930,113,208,0,0,2,11919,nan,0.289795476680013,0.7434052757793765,0.7218617271532844
C3_public0955,6bba_a90a0b9c,871,179,241,0,0,0,28649,nan,-0.22352016478751083,0.6746707978311387,0.6897510506219925
C3_public0955,6bba_acd782a8,307,27,23,0,0,0,19655,nan,-0.0027904616945712835,0.8599439775910365,0.860183941663931
C3_public0955,6bba_ae82a791,1463,13,8,0,1,0,7099,nan,-0.041064433337836014,0.9858490566037735,0.989897389890381
C3_public0955,6bba_aeee7805,757,3,11,0,0,1,4885,nan,-0.029598728645212555,0.9818417639429312,0.9847478907372795
C3_public0955,6bba_af149c94,1268,27,49,0,0,0,7784,nan,-0.1286242023956118,0.9434523809523809,0.9555874619522049
C3_public0955,6bba_afb141ff,593,19,33,1,0,3,5417,nan,-0.10521968946151306,0.9193798449612403,0.9290535311396398
C3_public0955,6bba_b204cac7,802,8,9,0,0,2,5342,nan,0.049096622152395915,0.9792429792429792,0.9744352269882514
C3_public0955,6bba_b1ae37b9,549,35,30,0,1,0,22378,nan,-0.07901884928800725,0.8941368078175895,0.9012021739835693
C3_public0955,6bba_b693381b,913,12,22,0,0,0,6030,nan,0.08492263404102195,0.9640971488912354,0.9559097819557072
C3_public0955,6bba_bbb708ca,848,8,13,0,2,0,6478,nan,-0.04524686809137804,0.9758342922899885,0.9802496368402173
C3_public0955,6bba_c27cba08,484,5,9,0,0,0,6257,nan,-0.02916989914662529,0.9718875502008032,0.974722536382925
C3_public0955,6bba_b329af44,1166,88,102,0,0,1,63213,nan,0.01197470583526775,0.859882005899705,0.858852322492336
C3_public0955,6bba_bb9f20c3,1795,78,84,0,2,3,22716,nan,-0.015387282735902215,0.9172202350536536,0.9186315877624396
C3_public0955,6bba_c73a1d11,546,97,164,0,0,0,23215,nan,0.4229236898559608,0.6765799256505576,0.6479657577866971
C3_public0955,6bba_cf35214c,815,3,2,0,0,0,34581,nan,-0.00885640584694755,0.9939024390243902,0.9947826793616172
C3_public0955,6bba_c328f2fd,448,25,52,0,0,2,29936,nan,-0.04137312668118355,0.8533333333333334,0.8568638401434611
C3_public0955,6bba_d0fc38b5,813,0,0,0,0,0,5607,nan,-0.08247422680412371,1.0,1.0082474226804123
C3_public0955,6bba_cff5865f,1459,37,42,0,0,0,46303,nan,-0.001272593934687891,0.9486345903771132,0.948755313039708
C3_public0955,6bba_d1acb6ff,619,26,24,0,2,1,15960,nan,0.08431279298865411,0.9252615844544095,0.9174604456113636
C3_public0955,6bba_cdcfe533,1330,19,18,1,2,3,28098,nan,-0.05663924794359577,0.9729334308705194,0.9784440526528883
C3_public0955,6bba_d5eae175,519,0,0,0,0,0,4115,nan,-0.08940030980305377,1.0,1.0089400309803054
C3_public0955,6bba_d3da753b,833,34,24,0,1,1,15894,nan,-0.07839499014264177,0.9349046015712682,0.9422337852737173
C3_public0955,6bba_d6ecebbb,840,13,22,0,0,0,5946,nan,0.10953536107482739,0.96,0.9494846053368166
C3_public0955,6bba_d2b9fc0c,917,5,4,0,0,2,18742,nan,-0.07116661710774111,0.990280777537797,0.9973282708302158
C3_public0955,6bba_e16ffc58,935,7,7,1,0,0,5913,nan,-0.07130516726872939,0.9852476290832455,0.9922729537825354
C3_public0955,6bba_d82a4fc6,508,28,22,0,0,0,28208,nan,0.01775147928994083,0.910394265232975,0.9087781807384785
C3_public0955,6bba_debd7bfa,714,16,15,3,0,1,11709,nan,-0.008300160921487254,0.9583892617449664,0.9591847402547574
C3_public0955,6bba_e5e44988,597,16,37,0,0,0,5059,nan,-0.09902048085485307,0.9184615384615384,0.9275561887800533
C3_public0955,6bba_ed9377fd,497,0,11,0,0,0,4239,nan,-0.04591492234976367,0.9783464566929134,0.9828385268519355
C3_public0955,6bba_df673a83,644,7,10,1,0,3,21715,nan,0.12869691771921618,0.9742813918305597,0.9617426906185816
C3_public0955,6bba_eebc57a5,927,75,62,0,2,0,8383,nan,-0.10313469562426447,0.8712406015037594,0.8802261149289186
C3_public0955,6bba_ebff6e76,996,266,268,0,0,0,47150,nan,0.1335224540821233,0.6509803921568628,0.64228834220485
C3_public0955,6bba_ef7b4f7e,1174,7,27,0,0,2,5712,nan,-0.06467987555264451,0.9718543046357616,0.9781402461836759
C3_public0955,6bba_f17befbc,921,89,94,0,2,0,25242,nan,0.011176541281096021,0.8342391304347826,0.8333067396268216
C3_public0955,6bba_edf14583,727,46,33,0,0,0,49751,nan,-0.16020728537186454,0.901985111662531,0.9164355702810603
C3_public0955,6bba_f1fde7e0,415,29,31,0,0,0,7688,nan,-0.1495575221238938,0.8736842105263158,0.8867508150908244
C3_public0955,6bba_ebdf3b34,729,65,74,0,0,2,58763,nan,0.033704505075025946,0.8398617511520737,0.8370310386866712
C3_public0955,6bba_f4ae811c,955,7,10,0,0,0,9239,nan,0.03774008761091767,0.9825102880658436,0.9788022856308203
C3_public0955,6bba_f20478e9,931,22,32,0,0,1,5159,nan,-0.13627992633517497,0.9451776649746193,0.9580585392302586
C3_public0955,6bba_fbc898dc,634,7,5,0,0,0,4913,nan,0.004908979341378605,0.9814241486068112,0.9809423695197471
C3_public0955,6bba_fc516dc6,720,28,42,0,0,0,6643,nan,-0.1554792779049072,0.9113924050632911,0.9255626683660167
C3_public0955,6bba_fc83837d,819,78,104,0,0,0,10881,nan,-0.1685642240391228,0.8181818181818182,0.8319734365122919
C3_public0955,6bba_f8ffd5e7,352,17,18,1,0,1,30422,nan,0.02985781990521327,0.9095607235142119,0.9068449734866576
C3_public0955,6bba_fe670320,662,14,18,0,0,2,9474,nan,-0.1256921373200443,0.9538904899135446,0.9658801433581944
C3_public0955,6bba_fc5f39dc,440,7,18,0,0,2,17542,nan,0.25121255349500715,0.946236559139785,0.9224659089166015
temporal_swaps_strict,44b6_0b24845f,49,0,0,0,0,0,18149,nan,-0.4465924683640799,1.0,1.044659246836408
temporal_swaps_strict,44b6_0db75fae,149,0,2,0,0,0,17507,nan,0.14163677861102053,0.9867549668874173,0.9727788874085814
temporal_swaps_strict,44b6_0113de3b,46,3,4,0,0,0,25491,nan,-0.01025043680838672,0.8679245283018868,0.8688141888550677
temporal_swaps_strict,44b6_0c582fdc,69,1,1,0,0,0,26811,nan,-0.04102582445096216,0.971830985915493,0.9758180026579104
temporal_swaps_strict,44b6_1574802b,144,11,9,0,2,0,19280,nan,0.09068280816880693,0.8780487804878049,0.8700863875754218
temporal_swaps_strict,44b6_144b256d,119,0,0,0,0,0,27584,nan,-0.5780714635340186,1.0,1.0578071463534018
temporal_swaps_strict,44b6_18ced818,90,16,9,0,1,0,71302,nan,-0.0933574080667311,0.782608695652174,0.7899149275878312
temporal_swaps_strict,44b6_12dfb391,741,38,32,0,0,1,44134,nan,-0.24778429233706026,0.9136868064118372,0.9363265302862839
temporal_swaps_strict,44b6_24264f12,213,10,8,0,0,0,26797,nan,0.01684817667817706,0.922077922077922,0.9205243889037006
temporal_swaps_strict,44b6_1d530831,253,28,18,0,1,0,35393,nan,-0.012058618283321703,0.8461538461538461,0.8471741907778195
temporal_swaps_strict,44b6_267148e4,250,40,27,0,0,1,21733,nan,0.13606900156821747,0.7886435331230284,0.7779125393085001
temporal_swaps_strict,44b6_2f31fc2f,67,25,18,0,0,0,18092,nan,-0.25755088640840446,0.6090909090909091,0.6247780994448756
temporal_swaps_strict,44b6_33b596bf,49,0,0,0,0,0,23601,nan,0.011615945135019288,1.0,0.998838405486498
temporal_swaps_strict,44b6_2a2eff9f,197,23,13,0,1,1,37925,nan,-0.3271772490996505,0.8454935622317596,0.8731561880140047
temporal_swaps_strict,44b6_341df25f,208,0,1,0,0,1,8365,nan,0.12493275954814416,0.9952153110047847,0.9827818114899455
temporal_swaps_strict,44b6_3bb3690f,380,26,16,0,0,0,15743,nan,-0.5070607759025582,0.9004739336492891,0.9461334347969129
temporal_swaps_strict,44b6_3a861e03,884,38,35,0,0,0,36221,nan,-0.10666896857889804,0.9237199582027168,0.9335731837224395
temporal_swaps_strict,44b6_40c45f5a,194,5,4,0,0,0,28599,nan,-0.12490437869098253,0.9556650246305419,0.9676016992443599
temporal_swaps_strict,44b6_415c0a3a,310,13,12,0,0,0,32632,nan,-0.4304265866089506,0.9253731343283582,0.9652036542832162
temporal_swaps_strict,44b6_53f95252,67,2,1,0,0,0,30053,nan,-0.22373756941753842,0.9571428571428572,0.9785577387871074
temporal_swaps_strict,44b6_5740d24b,169,1,1,0,0,0,11093,nan,-0.4377597567156614,0.9883040935672515,1.0315680695233607
temporal_swaps_strict,44b6_551a5dba,199,33,25,0,0,0,30269,nan,-0.47474274211741024,0.77431906614786,0.8110793018215428
temporal_swaps_strict,44b6_5f15d135,252,23,21,0,0,1,21051,nan,-0.2868660862495342,0.8513513513513513,0.8757737343698927
temporal_swaps_strict,44b6_66f9292d,197,2,1,0,0,0,20022,nan,-0.6201479795105294,0.985,1.0460845759817872
temporal_swaps_strict,44b6_668e0cc7,613,28,18,0,0,0,33423,nan,-0.15813203697639858,0.9301972685887708,0.9449066674759533
temporal_swaps_strict,44b6_587a1e22,365,7,6,1,0,0,18679,nan,0.02988366322986161,0.9656084656084656,0.962722873788651
temporal_swaps_strict,44b6_74d0c52e,135,5,4,0,1,1,8389,nan,-0.4440689198144466,0.9375,0.9791314612326043
temporal_swaps_strict,44b6_706092f0,108,10,9,0,0,1,28562,nan,-0.5913760050359095,0.8503937007874016,0.9006839437353371
temporal_swaps_strict,44b6_71a4179f,107,20,12,0,0,0,30501,nan,-0.5493883701690108,0.7697841726618705,0.812075219861931
temporal_swaps_strict,44b6_7a302da0,492,22,15,0,0,1,42483,nan,-0.36457865924795835,0.9300567107750473,0.9639645936389405
temporal_swaps_strict,44b6_808952d6,179,0,0,0,0,0,14896,nan,-0.05374158302629907,1.0,1.0053741583026299
temporal_swaps_strict,44b6_7e557709,546,10,14,0,0,0,44367,nan,-0.20858009275775954,0.9578947368421052,0.9778745141483749
temporal_swaps_strict,44b6_81c256f0,197,0,0,0,0,0,11208,nan,0.11500198965380024,1.0,0.98849980103462
temporal_swaps_strict,44b6_87bba6c4,109,47,40,0,1,0,28051,nan,-0.0018148174507152516,0.5561224489795918,0.5562233750521062
temporal_swaps_strict,44b6_8cc6506c,381,22,15,0,0,0,18127,nan,-0.4365597413900286,0.9114832535885168,0.9512749429353112
temporal_swaps_strict,44b6_8f5ab931,572,39,32,0,1,0,27103,nan,-0.016974357114359292,0.8895800933125972,0.8910900983311685
temporal_swaps_strict,44b6_8f9ecab4,366,4,4,0,0,0,39734,nan,-0.4690310424545321,0.9786096256684492,1.0245094549567806
temporal_swaps_strict,44b6_90724892,97,12,6,0,0,0,23034,nan,-0.09783800720664264,0.8434782608695652,0.8517306840861256
temporal_swaps_strict,44b6_949adeb1,351,44,27,0,0,0,37856,nan,0.01820920412060572,0.8317535545023697,0.8302389974771723
temporal_swaps_strict,44b6_996155de,370,2,7,1,0,0,8879,nan,0.17245477353756766,0.9762532981530343,0.9594173440082058
temporal_swaps_strict,44b6_95029e92,198,0,0,0,0,0,4757,nan,-0.07827940321643093,1.0,1.007827940321643
temporal_swaps_strict,44b6_97725144,219,1,2,0,0,0,32719,nan,-0.08539721585509029,0.9864864864864865,0.994910806428948
temporal_swaps_strict,44b6_9be80b04,205,18,15,0,1,1,25200,nan,-0.5645938801250928,0.8613445378151261,0.9099755232880857
temporal_swaps_strict,44b6_a21120c2,279,12,7,1,0,1,21921,nan,-0.048567708333333334,0.9362416107382551,0.9407887216862417
temporal_swaps_strict,44b6_a2bb48bb,376,44,34,0,1,0,43396,nan,-0.28404797650669,0.8281938325991189,0.8517185108296289
temporal_swaps_strict,44b6_9bfa6a0a,241,30,18,0,0,0,38617,nan,-0.39949928469241774,0.8339100346020761,0.867224680834212
temporal_swaps_strict,44b6_aaf8b0ea,203,0,3,0,0,1,14024,nan,-0.36540114937327484,0.9854368932038835,1.0214448705450363
temporal_swaps_strict,44b6_abf82518,94,0,0,0,0,0,25568,nan,-0.07375742645993334,1.0,1.0073757426459933
temporal_swaps_strict,44b6_c15fded2,97,8,5,0,0,0,19358,nan,-0.05960650959436483,0.8818181818181818,0.887074392209685
temporal_swaps_strict,44b6_b2c44266,156,14,12,0,0,0,36725,nan,-0.3851395469537411,0.8571428571428571,0.8901548183103206
temporal_swaps_strict,44b6_c8e2a523,158,10,6,0,1,1,28311,nan,-0.14581824764663287,0.9080459770114943,0.9212869443265332
temporal_swaps_strict,44b6_c771cb04,203,34,20,0,0,0,28016,nan,-0.4748148842440716,0.7898832684824902,0.8273881017515745
temporal_swaps_strict,44b6_c50204e0,297,31,28,0,1,2,35776,nan,-0.2400696716088194,0.8342696629213483,0.8542979473224213
temporal_swaps_strict,44b6_c96cfa10,590,17,26,0,0,0,37261,nan,-0.19411281252703522,0.9320695102685624,0.950162173679455
temporal_swaps_strict,44b6_cf2536e8,70,8,5,0,0,0,20633,nan,-0.6415703986797533,0.8433734939759037,0.8974818408525094
temporal_swaps_strict,44b6_cf8fed6b,178,12,10,0,0,0,41008,nan,-0.062224153307873495,0.89,0.8955379496444007
temporal_swaps_strict,44b6_d2f34f90,271,5,10,0,0,2,14679,nan,-0.39025504693860597,0.9475524475524476,0.9845311600420847
temporal_swaps_strict,44b6_d29c9ab2,1285,56,43,0,0,0,36336,nan,-0.0451714623571147,0.9284682080924855,0.9326622347636483
temporal_swaps_strict,44b6_d754aa59,64,3,6,0,0,1,5523,nan,0.06807193966350802,0.8767123287671232,0.8707443778925144
temporal_swaps_strict,44b6_db3c847b,154,7,8,0,0,0,15223,nan,0.013312920189043467,0.9112426035502958,0.9100294735449037
temporal_swaps_strict,44b6_d5e7d891,830,90,63,0,1,2,41859,nan,-0.06664734213342847,0.844354018311292,0.8499814134253048
temporal_swaps_strict,44b6_d78e09d9,418,37,33,0,0,0,23310,nan,0.04721685610314929,0.8565573770491803,0.8525129824075581
temporal_swaps_strict,44b6_deabac95,121,6,3,1,2,0,15574,nan,0.11330330974336979,0.9307692307692308,0.9202233073238864
temporal_swaps_strict,44b6_ddf577ad,607,48,40,0,0,0,37273,nan,-0.3032042174530771,0.8733812949640288,0.8998625841718012
temporal_swaps_strict,44b6_e29f0176,48,4,2,0,0,0,13354,nan,0.029686174724342665,0.8888888888888888,0.8862501178022806
temporal_swaps_strict,44b6_e28840c6,289,14,20,0,0,2,26312,nan,-0.6476983638165118,0.8947368421052632,0.9526888009730563
temporal_swaps_strict,44b6_e35b117d,240,11,26,0,0,0,18249,nan,-0.362836493139206,0.8664259927797834,0.8978630896582707
temporal_swaps_strict,44b6_e57ff5c6,142,19,44,0,0,0,15952,nan,-0.2147287584916806,0.6926829268292682,0.7075568213199115
temporal_swaps_strict,44b6_e31261b4,106,10,7,0,0,0,66142,nan,-0.0921543867354782,0.8617886178861789,0.8697303780438705
temporal_swaps_strict,44b6_f28707c6,55,6,6,0,0,0,21361,nan,0.1449935677530017,0.8208955223880597,0.8089930653337088
temporal_swaps_strict,6bba_05b6850b,836,8,9,0,0,0,5965,nan,-0.06240176045268783,0.9800703399765534,0.9861861514347535
temporal_swaps_strict,6bba_062c8d37,896,4,2,1,1,0,5828,nan,-0.033499170812603646,0.9933481152993349,0.9966757491184138
temporal_swaps_strict,6bba_07477033,593,14,9,0,0,0,4485,nan,-0.07258064516129033,0.9626623376623377,0.9696494030163385
temporal_swaps_strict,44b6_eb2880fc,371,13,8,0,3,1,35880,nan,-0.25380583978038435,0.9464285714285714,0.9704494812649291
temporal_swaps_strict,6bba_085bf656,1164,0,4,0,0,1,8166,nan,-0.03509393831974477,0.9965753424657534,1.0000727178257007
temporal_swaps_strict,6bba_07e24132,309,17,36,0,0,2,26917,nan,0.2528275541075169,0.8535911602209945,0.8320100236963474
temporal_swaps_strict,6bba_0c7fa718,620,45,39,0,0,0,12328,nan,-0.09684981684981685,0.8806818181818182,0.8892112054612056
temporal_swaps_strict,6bba_0e7c0d07,179,19,19,0,0,1,21076,nan,-0.06191302799661726,0.8248847926267281,0.8299919041527163
temporal_swaps_strict,6bba_09961292,1788,108,83,1,0,3,29116,nan,-0.06430568499534017,0.9034866093986862,0.9092965419288362
temporal_swaps_strict,6bba_12665c0e,961,21,37,0,1,3,7995,nan,-0.03836901611739235,0.943081452404318,0.9466999631490495
temporal_swaps_strict,6bba_13f19531,693,11,11,0,0,0,5501,nan,-0.04711588428893123,0.9692307692307692,0.973797385708004
temporal_swaps_strict,6bba_15403b9a,716,14,13,0,1,0,6235,nan,-0.09493395267818261,0.9636608344549125,0.9728092476605085
temporal_swaps_strict,6bba_1ebfb80d,675,37,44,0,0,0,11035,nan,-0.0452500432600796,0.8928571428571429,0.8968973252910786
temporal_swaps_strict,6bba_1d0d8384,1255,107,110,0,0,1,16778,nan,-0.06315260483555754,0.8525815217391305,0.8579657961323794
temporal_swaps_strict,6bba_05db0fb1,1113,93,70,0,0,3,68490,nan,-0.018767908309455586,0.872257053291536,0.8738940973313812
temporal_swaps_strict,6bba_1f58c2f6,264,48,35,0,1,0,31173,nan,0.07853856001107151,0.760806916426513,0.7548316484602529
temporal_swaps_strict,6bba_20852818,846,27,63,0,0,3,9672,nan,-0.008813281410125025,0.9038461538461539,0.9046427388966843
temporal_swaps_strict,6bba_207c6aaf,349,79,101,0,1,1,16923,nan,0.41036753062755227,0.6597353497164461,0.6326619530833618
temporal_swaps_strict,6bba_2312ac41,1128,5,4,1,0,1,12237,nan,0.02401673640167364,0.9920844327176781,0.9897017696867996
temporal_swaps_strict,6bba_23af9eeb,498,1,1,0,0,0,4034,nan,-0.09348314606741573,0.996,1.0053109213483147
temporal_swaps_strict,6bba_2540cd90,523,0,0,0,0,0,3466,nan,-0.08379592915675389,1.0,1.0083795929156754
temporal_swaps_strict,6bba_2646afc7,704,12,17,0,1,0,5150,nan,-0.06278434940855324,0.9604365620736699,0.9664666005434682
temporal_swaps_strict,6bba_268e1230,578,10,31,0,0,1,4463,nan,-0.1261014294106129,0.9337641357027464,0.9455390349271945
temporal_swaps_strict,6bba_2819ca14,915,20,34,0,0,1,4897,nan,-0.11510661366100469,0.9442724458204335,0.9551416461816119
temporal_swaps_strict,6bba_312f0dc3,495,9,5,0,1,0,9299,nan,-0.06664659239184985,0.9724950884086444,0.9789764367846692
temporal_swaps_strict,6bba_283bf9f1,1266,13,22,0,1,0,21521,nan,0.03163798475624371,0.973097617217525,0.9700189324595384
temporal_swaps_strict,6bba_372c8cb8,1006,2,1,0,0,0,6492,nan,-0.07534539239424583,0.9970267591674926,1.0045388964071964
temporal_swaps_strict,6bba_32db13fc,690,118,121,0,1,1,42908,nan,0.10859062136674848,0.7427341227125942,0.7346687267230294
temporal_swaps_strict,6bba_3a1849c2,1108,40,34,0,0,0,6408,nan,-0.08496358703412824,0.937394247038917,0.9453586848082752
temporal_swaps_strict,6bba_337b1b3a,1194,32,19,1,0,1,29290,nan,-0.039041994750656166,0.9590361445783132,0.962780412990545
temporal_swaps_strict,6bba_3fda6b25,1164,6,15,0,0,1,8043,nan,-0.18278805120910385,0.9822784810126582,1.0002333579415525
temporal_swaps_strict,6bba_3db54e20,433,41,41,0,0,1,22301,nan,-0.04023928386985712,0.8407766990291262,0.8441599242554656
temporal_swaps_strict,6bba_3c5691b6,741,4,5,0,0,2,6108,nan,-0.023969319271332695,0.988,0.9903681687440077
temporal_swaps_strict,6bba_3abfe10a,839,114,96,1,0,0,51725,nan,-0.006530298665130126,0.7998093422306959,0.8003316416186886
temporal_swaps_strict,6bba_43fea39d,853,12,27,0,1,0,5244,nan,-0.08768267223382047,0.9562780269058296,0.9646629281855884
temporal_swaps_strict,6bba_4aa14c89,648,30,33,0,0,0,7026,nan,0.035214380433181085,0.9113924050632911,0.90818299317571
temporal_swaps_strict,6bba_474be664,240,25,46,0,0,1,23988,nan,-0.15215777754214824,0.7717041800643086,0.7834462593601657
temporal_swaps_strict,6bba_4f99ce20,993,8,17,0,0,2,5300,nan,-0.11148365465213747,0.9754420432220039,0.9863166276099776
temporal_swaps_strict,6bba_55b7eebe,682,6,6,0,0,1,4478,nan,-0.14818337454822142,0.9827089337175793,0.9972710463172748
temporal_swaps_strict,6bba_4ffd3da3,645,22,44,1,0,2,19900,nan,0.12830980325452174,0.9071729957805907,0.8955330769199484
temporal_swaps_strict,6bba_55c70843,402,49,65,0,0,0,36156,nan,0.020923337568826767,0.7790697674418605,0.7774396934684752
temporal_swaps_strict,6bba_48816121,896,20,22,1,0,4,25087,nan,0.04681827665345295,0.9552238805970149,0.9507516870062374
temporal_swaps_strict,6bba_5b28472a,716,1,8,0,0,0,5649,nan,-0.026370217166494313,0.9875862068965517,0.9901904931712013
temporal_swaps_strict,6bba_5a4d9360,699,13,23,0,0,0,5439,nan,-0.08985943775100401,0.9510204081632653,0.9595662240799934
temporal_swaps_strict,6bba_5c039895,1138,5,7,2,1,1,7911,nan,-0.07689614935822638,0.9895652173913043,0.997174592866927
temporal_swaps_strict,6bba_5dfe9ad1,1441,19,46,0,0,0,29264,nan,0.08735555307843793,0.9568393094289509,0.9484807867207152
temporal_swaps_strict,6bba_5f89039d,885,0,0,0,0,0,4414,nan,-0.042723921058338755,1.0,1.0042723921058339
temporal_swaps_strict,6bba_5c824876,1080,44,50,1,0,0,24927,nan,0.01136040897472309,0.919931856899489,0.9188867766871635
temporal_swaps_strict,6bba_61ecbe65,595,6,19,0,0,1,5351,nan,-0.07325943886387253,0.9596774193548387,0.9667079622780652
temporal_swaps_strict,6bba_61dd1e0d,534,8,9,0,0,0,9346,nan,-0.07721169036334913,0.969147005444646,0.976629953294742
temporal_swaps_strict,6bba_6321a359,785,13,13,0,0,1,4552,nan,-0.05579755237502593,0.967940813810111,0.9733416866355604
temporal_swaps_strict,6bba_6ca87370,1038,17,14,0,0,1,6219,nan,-0.13564975677553856,0.971000935453695,0.9841725395260064
temporal_swaps_strict,6bba_67ebd073,391,68,47,0,2,1,14948,nan,-0.0692983002303717,0.7727272727272727,0.7780821413814378
temporal_swaps_strict,6bba_6479435d,470,71,110,0,0,0,23555,nan,0.004349123779473841,0.7219662058371735,0.7216522137977952
temporal_swaps_strict,6bba_6db0e9b4,428,15,12,0,0,0,24547,nan,-0.13673289959556884,0.9406593406593406,0.9535212485773413
temporal_swaps_strict,6bba_6feeb0b1,1330,7,13,0,0,0,6765,nan,-0.10015961691939346,0.9851851851851852,0.9950527622594662
temporal_swaps_strict,6bba_705ec2c9,536,23,26,0,2,1,5710,nan,0.019642857142857142,0.9162393162393162,0.9144395604395603
temporal_swaps_strict,6bba_718b21f9,649,0,3,0,0,0,4074,nan,-0.0538783093358105,0.995398773006135,1.000761813306586
temporal_swaps_strict,6bba_57b7cc1e,1268,330,324,0,1,3,71892,nan,0.0974034894903146,0.659729448491155,0.6533034534508991
temporal_swaps_strict,6bba_6feb10f0,1125,99,218,0,0,0,10464,nan,0.18077183480027081,0.7801664355062413,0.7660632237066363
temporal_swaps_strict,6bba_76db78c1,604,0,0,0,0,0,4590,nan,-0.05458290422245108,1.0,1.005458290422245
temporal_swaps_strict,6bba_784a78c9,1735,3,4,0,1,1,12598,nan,-0.038026878436163716,0.9959816303099885,0.9997690375480336
temporal_swaps_strict,6bba_767a1e17,547,94,111,0,0,0,46628,nan,-0.022760615333025945,0.7273936170212766,0.7290492096525486
temporal_swaps_strict,6bba_789f8168,670,16,11,0,0,0,10497,nan,-0.016766579243162234,0.9612625538020086,0.9628742622801891
temporal_swaps_strict,6bba_74686d6a,560,23,16,0,2,2,25088,nan,-0.1582055497768681,0.9348914858096828,0.9496819879591063
temporal_swaps_strict,6bba_7b5d3b2c,543,8,12,0,0,0,5340,nan,-0.07612456747404844,0.9644760213143873,0.971818053310552
temporal_swaps_strict,6bba_7af54fde,1043,48,49,0,0,2,9972,nan,0.03615960099750624,0.9149122807017543,0.911603994399965
temporal_swaps_strict,6bba_7d3058ae,1167,5,6,0,0,2,7344,nan,-0.03508080409932992,0.9906621392190152,0.9941374616624717
temporal_swaps_strict,6bba_7f87b3d8,892,49,42,1,0,2,9116,nan,-0.1384557225215008,0.9074262461851476,0.9199900818402013
temporal_swaps_strict,6bba_80d12824,631,12,23,0,0,1,8080,nan,-0.10431216051435539,0.9474474474474475,0.9573304764691528
temporal_swaps_strict,6bba_78a7bd97,725,109,107,0,0,2,38262,nan,-0.05788786841651688,0.7704569606801275,0.7749169717961716
temporal_swaps_strict,6bba_786893ac,1195,268,200,0,4,3,53320,nan,-0.09594940572068024,0.7185808779314492,0.725475618751426
temporal_swaps_strict,6bba_825bd1c6,893,46,37,0,2,0,6793,nan,-0.10453466912733983,0.9149590163934426,0.9245235101978191
temporal_swaps_strict,6bba_8b7818bf,723,2,2,1,0,1,5558,nan,-0.04632807137954702,0.9944979367262724,0.9991052538662191
temporal_swaps_strict,6bba_87289e13,669,41,30,0,1,1,13846,nan,-0.07483629560336763,0.904054054054054,0.9108196596971152
temporal_swaps_strict,6bba_907271db,916,1,5,0,0,1,6766,nan,-0.07391185327128387,0.9934924078091106,1.000835494316323
temporal_swaps_strict,6bba_96833384,714,9,7,0,1,0,4703,nan,-0.034093242965701376,0.9780821917808219,0.9814167911613028
temporal_swaps_strict,6bba_91951b3a,1125,16,23,0,0,0,11338,nan,-0.047787016040984294,0.9664948453608248,0.9711134358287032
temporal_swaps_strict,6bba_971fa5e0,750,11,17,0,1,0,4932,nan,-0.12069887680513461,0.9640102827763496,0.9756457786123202
temporal_swaps_strict,6bba_9e23430b,866,18,25,0,0,1,7205,nan,-0.06525687597301505,0.9526952695269527,0.9589122612313125
temporal_swaps_strict,6bba_a5e926bb,665,21,33,0,0,0,7733,nan,-0.08376777251184835,0.9248956884561892,0.932643333618968
temporal_swaps_strict,6bba_9a41d029,1317,33,36,0,1,2,18287,nan,0.003071691075640393,0.9502164502164502,0.9499245730774446
temporal_swaps_strict,6bba_969618f6,650,5,8,0,0,3,15429,nan,0.11095910138248848,0.9803921568627451,0.969513813589952
temporal_swaps_strict,6bba_ae82a791,1463,13,8,0,1,0,7099,nan,-0.041064433337836014,0.9858490566037735,0.989897389890381
temporal_swaps_strict,6bba_acd782a8,307,27,23,0,0,0,19655,nan,-0.0027904616945712835,0.8599439775910365,0.860183941663931
temporal_swaps_strict,6bba_ab78413d,930,113,208,0,0,2,11919,nan,0.289795476680013,0.7434052757793765,0.7218617271532844
temporal_swaps_strict,6bba_aeee7805,757,3,11,0,0,1,4885,nan,-0.029598728645212555,0.9818417639429312,0.9847478907372795
temporal_swaps_strict,6bba_a90a0b9c,871,179,241,0,0,0,28649,nan,-0.22352016478751083,0.6746707978311387,0.6897510506219925
temporal_swaps_strict,6bba_af149c94,1268,27,49,0,0,0,7784,nan,-0.1286242023956118,0.9434523809523809,0.9555874619522049
temporal_swaps_strict,6bba_b204cac7,802,8,9,0,0,2,5342,nan,0.049096622152395915,0.9792429792429792,0.9744352269882514
temporal_swaps_strict,6bba_afb141ff,593,19,33,1,0,3,5417,nan,-0.10521968946151306,0.9193798449612403,0.9290535311396398
temporal_swaps_strict,6bba_b1ae37b9,549,35,30,0,1,0,22378,nan,-0.07901884928800725,0.8941368078175895,0.9012021739835693
temporal_swaps_strict,6bba_b693381b,913,12,22,0,0,0,6030,nan,0.08492263404102195,0.9640971488912354,0.9559097819557072
temporal_swaps_strict,6bba_bbb708ca,848,8,13,0,2,0,6478,nan,-0.04524686809137804,0.9758342922899885,0.9802496368402173
temporal_swaps_strict,6bba_c27cba08,484,5,9,0,0,0,6257,nan,-0.02916989914662529,0.9718875502008032,0.974722536382925
temporal_swaps_strict,6bba_bb9f20c3,1795,78,84,0,2,3,22716,nan,-0.015387282735902215,0.9172202350536536,0.9186315877624396
temporal_swaps_strict,6bba_c73a1d11,546,97,164,0,0,0,23215,nan,0.4229236898559608,0.6765799256505576,0.6479657577866971
temporal_swaps_strict,6bba_b329af44,1166,88,102,0,0,1,63213,nan,0.01197470583526775,0.859882005899705,0.858852322492336
temporal_swaps_strict,6bba_c328f2fd,448,25,52,0,0,2,29936,nan,-0.04137312668118355,0.8533333333333334,0.8568638401434611
temporal_swaps_strict,6bba_cf35214c,815,3,2,0,0,0,34581,nan,-0.00885640584694755,0.9939024390243902,0.9947826793616172
temporal_swaps_strict,6bba_d0fc38b5,813,0,0,0,0,0,5607,nan,-0.08247422680412371,1.0,1.0082474226804123
temporal_swaps_strict,6bba_cff5865f,1459,37,42,0,0,0,46303,nan,-0.001272593934687891,0.9486345903771132,0.948755313039708
temporal_swaps_strict,6bba_d1acb6ff,619,26,24,0,2,1,15960,nan,0.08431279298865411,0.9252615844544095,0.9174604456113636
temporal_swaps_strict,6bba_cdcfe533,1330,19,18,1,2,3,28098,nan,-0.05663924794359577,0.9729334308705194,0.9784440526528883
temporal_swaps_strict,6bba_d2b9fc0c,918,3,3,0,0,2,18742,nan,-0.07116661710774111,0.9935064935064936,1.0005769431282365
temporal_swaps_strict,6bba_d3da753b,833,34,24,0,1,1,15894,nan,-0.07839499014264177,0.9349046015712682,0.9422337852737173
temporal_swaps_strict,6bba_d5eae175,519,0,0,0,0,0,4115,nan,-0.08940030980305377,1.0,1.0089400309803054
temporal_swaps_strict,6bba_d6ecebbb,840,13,22,0,0,0,5946,nan,0.10953536107482739,0.96,0.9494846053368166
temporal_swaps_strict,6bba_d82a4fc6,508,28,22,0,0,0,28208,nan,0.01775147928994083,0.910394265232975,0.9087781807384785
temporal_swaps_strict,6bba_e16ffc58,935,7,7,1,0,0,5913,nan,-0.07130516726872939,0.9852476290832455,0.9922729537825354
temporal_swaps_strict,6bba_e5e44988,597,16,37,0,0,0,5059,nan,-0.09902048085485307,0.9184615384615384,0.9275561887800533
temporal_swaps_strict,6bba_debd7bfa,714,16,15,3,0,1,11709,nan,-0.008300160921487254,0.9583892617449664,0.9591847402547574
temporal_swaps_strict,6bba_df673a83,644,7,10,1,0,3,21715,nan,0.12869691771921618,0.9742813918305597,0.9617426906185816
temporal_swaps_strict,6bba_ed9377fd,497,0,11,0,0,0,4239,nan,-0.04591492234976367,0.9783464566929134,0.9828385268519355
temporal_swaps_strict,6bba_eebc57a5,927,75,62,0,2,0,8383,nan,-0.10313469562426447,0.8712406015037594,0.8802261149289186
temporal_swaps_strict,6bba_edf14583,727,46,33,0,0,0,49751,nan,-0.16020728537186454,0.901985111662531,0.9164355702810603
temporal_swaps_strict,6bba_ef7b4f7e,1174,7,27,0,0,2,5712,nan,-0.06467987555264451,0.9718543046357616,0.9781402461836759
temporal_swaps_strict,6bba_ebff6e76,996,266,268,0,0,0,47150,nan,0.1335224540821233,0.6509803921568628,0.64228834220485
temporal_swaps_strict,6bba_f1fde7e0,415,29,31,0,0,0,7688,nan,-0.1495575221238938,0.8736842105263158,0.8867508150908244
temporal_swaps_strict,6bba_ebdf3b34,729,65,74,0,0,2,58763,nan,0.033704505075025946,0.8398617511520737,0.8370310386866712
temporal_swaps_strict,6bba_f20478e9,931,22,32,0,0,1,5159,nan,-0.13627992633517497,0.9451776649746193,0.9580585392302586
temporal_swaps_strict,6bba_f17befbc,921,89,94,0,2,0,25242,nan,0.011176541281096021,0.8342391304347826,0.8333067396268216
temporal_swaps_strict,6bba_f4ae811c,955,7,10,0,0,0,9239,nan,0.03774008761091767,0.9825102880658436,0.9788022856308203
temporal_swaps_strict,6bba_fbc898dc,634,7,5,0,0,0,4913,nan,0.004908979341378605,0.9814241486068112,0.9809423695197471
temporal_swaps_strict,6bba_fc516dc6,720,28,42,0,0,0,6643,nan,-0.1554792779049072,0.9113924050632911,0.9255626683660167
temporal_swaps_strict,6bba_fc83837d,819,78,104,0,0,0,10881,nan,-0.1685642240391228,0.8181818181818182,0.8319734365122919
temporal_swaps_strict,6bba_f8ffd5e7,352,17,18,1,0,1,30422,nan,0.02985781990521327,0.9095607235142119,0.9068449734866576
temporal_swaps_strict,6bba_fe670320,662,14,18,0,0,2,9474,nan,-0.1256921373200443,0.9538904899135446,0.9658801433581944
temporal_swaps_strict,6bba_fc5f39dc,440,7,18,0,0,2,17542,nan,0.25121255349500715,0.946236559139785,0.9224659089166015
temporal_swaps_balanced,44b6_0b24845f,49,0,0,0,0,0,18149,nan,-0.4465924683640799,1.0,1.044659246836408
temporal_swaps_balanced,44b6_0db75fae,149,0,2,0,0,0,17507,nan,0.14163677861102053,0.9867549668874173,0.9727788874085814
temporal_swaps_balanced,44b6_0113de3b,46,3,4,0,0,0,25491,nan,-0.01025043680838672,0.8679245283018868,0.8688141888550677
temporal_swaps_balanced,44b6_0c582fdc,69,1,1,0,0,0,26811,nan,-0.04102582445096216,0.971830985915493,0.9758180026579104
temporal_swaps_balanced,44b6_1574802b,144,11,9,0,2,0,19280,nan,0.09068280816880693,0.8780487804878049,0.8700863875754218
temporal_swaps_balanced,44b6_144b256d,119,0,0,0,0,0,27584,nan,-0.5780714635340186,1.0,1.0578071463534018
temporal_swaps_balanced,44b6_18ced818,90,16,9,0,1,0,71302,nan,-0.0933574080667311,0.782608695652174,0.7899149275878312
temporal_swaps_balanced,44b6_12dfb391,741,38,32,0,0,1,44134,nan,-0.24778429233706026,0.9136868064118372,0.9363265302862839
temporal_swaps_balanced,44b6_24264f12,213,10,8,0,0,0,26797,nan,0.01684817667817706,0.922077922077922,0.9205243889037006
temporal_swaps_balanced,44b6_1d530831,253,28,18,0,1,0,35393,nan,-0.012058618283321703,0.8461538461538461,0.8471741907778195
temporal_swaps_balanced,44b6_267148e4,250,40,27,0,0,1,21733,nan,0.13606900156821747,0.7886435331230284,0.7779125393085001
temporal_swaps_balanced,44b6_2f31fc2f,67,25,18,0,0,0,18092,nan,-0.25755088640840446,0.6090909090909091,0.6247780994448756
temporal_swaps_balanced,44b6_33b596bf,49,0,0,0,0,0,23601,nan,0.011615945135019288,1.0,0.998838405486498
temporal_swaps_balanced,44b6_341df25f,208,0,1,0,0,1,8365,nan,0.12493275954814416,0.9952153110047847,0.9827818114899455
temporal_swaps_balanced,44b6_2a2eff9f,197,23,13,0,1,1,37925,nan,-0.3271772490996505,0.8454935622317596,0.8731561880140047
temporal_swaps_balanced,44b6_3bb3690f,380,26,16,0,0,0,15743,nan,-0.5070607759025582,0.9004739336492891,0.9461334347969129
temporal_swaps_balanced,44b6_40c45f5a,194,5,4,0,0,0,28599,nan,-0.12490437869098253,0.9556650246305419,0.9676016992443599
temporal_swaps_balanced,44b6_3a861e03,884,38,35,0,0,0,36221,nan,-0.10666896857889804,0.9237199582027168,0.9335731837224395
temporal_swaps_balanced,44b6_415c0a3a,310,13,12,0,0,0,32632,nan,-0.4304265866089506,0.9253731343283582,0.9652036542832162
temporal_swaps_balanced,44b6_5740d24b,169,1,1,0,0,0,11093,nan,-0.4377597567156614,0.9883040935672515,1.0315680695233607
temporal_swaps_balanced,44b6_53f95252,67,2,1,0,0,0,30053,nan,-0.22373756941753842,0.9571428571428572,0.9785577387871074
temporal_swaps_balanced,44b6_551a5dba,199,33,25,0,0,0,30269,nan,-0.47474274211741024,0.77431906614786,0.8110793018215428
temporal_swaps_balanced,44b6_587a1e22,365,7,6,1,0,0,18679,nan,0.02988366322986161,0.9656084656084656,0.962722873788651
temporal_swaps_balanced,44b6_66f9292d,197,2,1,0,0,0,20022,nan,-0.6201479795105294,0.985,1.0460845759817872
temporal_swaps_balanced,44b6_5f15d135,252,23,21,0,0,1,21051,nan,-0.2868660862495342,0.8513513513513513,0.8757737343698927
temporal_swaps_balanced,44b6_668e0cc7,613,28,18,0,0,0,33423,nan,-0.15813203697639858,0.9301972685887708,0.9449066674759533
temporal_swaps_balanced,44b6_74d0c52e,135,5,4,0,1,1,8389,nan,-0.4440689198144466,0.9375,0.9791314612326043
temporal_swaps_balanced,44b6_706092f0,108,10,9,0,0,1,28562,nan,-0.5913760050359095,0.8503937007874016,0.9006839437353371
temporal_swaps_balanced,44b6_71a4179f,107,20,12,0,0,0,30501,nan,-0.5493883701690108,0.7697841726618705,0.812075219861931
temporal_swaps_balanced,44b6_808952d6,179,0,0,0,0,0,14896,nan,-0.05374158302629907,1.0,1.0053741583026299
temporal_swaps_balanced,44b6_81c256f0,197,0,0,0,0,0,11208,nan,0.11500198965380024,1.0,0.98849980103462
temporal_swaps_balanced,44b6_7e557709,546,10,14,0,0,0,44367,nan,-0.20858009275775954,0.9578947368421052,0.9778745141483749
temporal_swaps_balanced,44b6_7a302da0,492,22,15,0,0,1,42483,nan,-0.36457865924795835,0.9300567107750473,0.9639645936389405
temporal_swaps_balanced,44b6_87bba6c4,109,47,40,0,1,0,28051,nan,-0.0018148174507152516,0.5561224489795918,0.5562233750521062
temporal_swaps_balanced,44b6_8cc6506c,381,22,15,0,0,0,18127,nan,-0.4365597413900286,0.9114832535885168,0.9512749429353112
temporal_swaps_balanced,44b6_8f5ab931,572,39,32,0,1,0,27103,nan,-0.016974357114359292,0.8895800933125972,0.8910900983311685
temporal_swaps_balanced,44b6_90724892,97,12,6,0,0,0,23034,nan,-0.09783800720664264,0.8434782608695652,0.8517306840861256
temporal_swaps_balanced,44b6_95029e92,198,0,0,0,0,0,4757,nan,-0.07827940321643093,1.0,1.007827940321643
temporal_swaps_balanced,44b6_949adeb1,351,44,27,0,0,0,37856,nan,0.01820920412060572,0.8317535545023697,0.8302389974771723
temporal_swaps_balanced,44b6_8f9ecab4,366,4,4,0,0,0,39734,nan,-0.4690310424545321,0.9786096256684492,1.0245094549567806
temporal_swaps_balanced,44b6_996155de,370,2,7,1,0,0,8879,nan,0.17245477353756766,0.9762532981530343,0.9594173440082058
temporal_swaps_balanced,44b6_97725144,219,1,2,0,0,0,32719,nan,-0.08539721585509029,0.9864864864864865,0.994910806428948
temporal_swaps_balanced,44b6_9bfa6a0a,241,30,18,0,0,0,38617,nan,-0.39949928469241774,0.8339100346020761,0.867224680834212
temporal_swaps_balanced,44b6_a21120c2,279,12,7,1,0,1,21921,nan,-0.048567708333333334,0.9362416107382551,0.9407887216862417
temporal_swaps_balanced,44b6_9be80b04,205,18,15,0,1,1,25200,nan,-0.5645938801250928,0.8613445378151261,0.9099755232880857
temporal_swaps_balanced,44b6_a2bb48bb,376,44,34,0,1,0,43396,nan,-0.28404797650669,0.8281938325991189,0.8517185108296289
temporal_swaps_balanced,44b6_aaf8b0ea,203,0,3,0,0,1,14024,nan,-0.36540114937327484,0.9854368932038835,1.0214448705450363
temporal_swaps_balanced,44b6_abf82518,94,0,0,0,0,0,25568,nan,-0.07375742645993334,1.0,1.0073757426459933
temporal_swaps_balanced,44b6_c15fded2,97,8,5,0,0,0,19358,nan,-0.05960650959436483,0.8818181818181818,0.887074392209685
temporal_swaps_balanced,44b6_b2c44266,156,14,12,0,0,0,36725,nan,-0.3851395469537411,0.8571428571428571,0.8901548183103206
temporal_swaps_balanced,44b6_c771cb04,203,34,20,0,0,0,28016,nan,-0.4748148842440716,0.7898832684824902,0.8273881017515745
temporal_swaps_balanced,44b6_c8e2a523,158,10,6,0,1,1,28311,nan,-0.14581824764663287,0.9080459770114943,0.9212869443265332
temporal_swaps_balanced,44b6_c50204e0,297,31,28,0,1,2,35776,nan,-0.2400696716088194,0.8342696629213483,0.8542979473224213
temporal_swaps_balanced,44b6_cf2536e8,70,8,5,0,0,0,20633,nan,-0.6415703986797533,0.8433734939759037,0.8974818408525094
temporal_swaps_balanced,44b6_cf8fed6b,178,12,10,0,0,0,41008,nan,-0.062224153307873495,0.89,0.8955379496444007
temporal_swaps_balanced,44b6_c96cfa10,590,17,26,0,0,0,37261,nan,-0.19411281252703522,0.9320695102685624,0.950162173679455
temporal_swaps_balanced,44b6_d29c9ab2,1285,56,43,0,0,0,36336,nan,-0.0451714623571147,0.9284682080924855,0.9326622347636483
temporal_swaps_balanced,44b6_d754aa59,64,3,6,0,0,1,5523,nan,0.06807193966350802,0.8767123287671232,0.8707443778925144
temporal_swaps_balanced,44b6_d2f34f90,271,5,10,0,0,2,14679,nan,-0.39025504693860597,0.9475524475524476,0.9845311600420847
temporal_swaps_balanced,44b6_d78e09d9,418,37,33,0,0,0,23310,nan,0.04721685610314929,0.8565573770491803,0.8525129824075581
temporal_swaps_balanced,44b6_db3c847b,154,7,8,0,0,0,15223,nan,0.013312920189043467,0.9112426035502958,0.9100294735449037
temporal_swaps_balanced,44b6_ddf577ad,607,48,40,0,0,0,37273,nan,-0.3032042174530771,0.8733812949640288,0.8998625841718012
temporal_swaps_balanced,44b6_deabac95,121,6,3,1,2,0,15574,nan,0.11330330974336979,0.9307692307692308,0.9202233073238864
temporal_swaps_balanced,44b6_e29f0176,48,4,2,0,0,0,13354,nan,0.029686174724342665,0.8888888888888888,0.8862501178022806
temporal_swaps_balanced,44b6_d5e7d891,830,90,63,0,1,2,41859,nan,-0.06664734213342847,0.844354018311292,0.8499814134253048
temporal_swaps_balanced,44b6_e35b117d,240,11,26,0,0,0,18249,nan,-0.362836493139206,0.8664259927797834,0.8978630896582707
temporal_swaps_balanced,44b6_e57ff5c6,142,19,44,0,0,0,15952,nan,-0.2147287584916806,0.6926829268292682,0.7075568213199115
temporal_swaps_balanced,44b6_e28840c6,289,14,20,0,0,2,26312,nan,-0.6476983638165118,0.8947368421052632,0.9526888009730563
temporal_swaps_balanced,44b6_e31261b4,106,10,7,0,0,0,66142,nan,-0.0921543867354782,0.8617886178861789,0.8697303780438705
temporal_swaps_balanced,6bba_05b6850b,836,8,9,0,0,0,5965,nan,-0.06240176045268783,0.9800703399765534,0.9861861514347535
temporal_swaps_balanced,44b6_f28707c6,55,6,6,0,0,0,21361,nan,0.1449935677530017,0.8208955223880597,0.8089930653337088
temporal_swaps_balanced,6bba_062c8d37,896,4,2,1,1,0,5828,nan,-0.033499170812603646,0.9933481152993349,0.9966757491184138
temporal_swaps_balanced,6bba_07477033,593,14,9,0,0,0,4485,nan,-0.07258064516129033,0.9626623376623377,0.9696494030163385
temporal_swaps_balanced,44b6_eb2880fc,371,13,8,0,3,1,35880,nan,-0.25380583978038435,0.9464285714285714,0.9704494812649291
temporal_swaps_balanced,6bba_085bf656,1164,0,4,0,0,1,8166,nan,-0.03509393831974477,0.9965753424657534,1.0000727178257007
temporal_swaps_balanced,6bba_0c7fa718,620,45,39,0,0,0,12328,nan,-0.09684981684981685,0.8806818181818182,0.8892112054612056
temporal_swaps_balanced,6bba_07e24132,309,17,36,0,0,2,26917,nan,0.2528275541075169,0.8535911602209945,0.8320100236963474
temporal_swaps_balanced,6bba_12665c0e,961,21,37,0,1,3,7995,nan,-0.03836901611739235,0.943081452404318,0.9466999631490495
temporal_swaps_balanced,6bba_0e7c0d07,179,19,19,0,0,1,21076,nan,-0.06191302799661726,0.8248847926267281,0.8299919041527163
temporal_swaps_balanced,6bba_09961292,1788,108,83,1,0,3,29116,nan,-0.06430568499534017,0.9034866093986862,0.9092965419288362
temporal_swaps_balanced,6bba_13f19531,693,11,11,0,0,0,5501,nan,-0.04711588428893123,0.9692307692307692,0.973797385708004
temporal_swaps_balanced,6bba_15403b9a,716,14,13,0,1,0,6235,nan,-0.09493395267818261,0.9636608344549125,0.9728092476605085
temporal_swaps_balanced,6bba_05db0fb1,1113,93,70,0,0,3,68490,nan,-0.018767908309455586,0.872257053291536,0.8738940973313812
temporal_swaps_balanced,6bba_1ebfb80d,675,37,44,0,0,0,11035,nan,-0.0452500432600796,0.8928571428571429,0.8968973252910786
temporal_swaps_balanced,6bba_1d0d8384,1255,107,110,0,0,1,16778,nan,-0.06315260483555754,0.8525815217391305,0.8579657961323794
temporal_swaps_balanced,6bba_207c6aaf,349,79,101,0,1,1,16923,nan,0.41036753062755227,0.6597353497164461,0.6326619530833618
temporal_swaps_balanced,6bba_1f58c2f6,264,48,35,0,1,0,31173,nan,0.07853856001107151,0.760806916426513,0.7548316484602529
temporal_swaps_balanced,6bba_2312ac41,1128,5,4,1,0,1,12237,nan,0.02401673640167364,0.9920844327176781,0.9897017696867996
temporal_swaps_balanced,6bba_23af9eeb,498,1,1,0,0,0,4034,nan,-0.09348314606741573,0.996,1.0053109213483147
temporal_swaps_balanced,6bba_2540cd90,523,0,0,0,0,0,3466,nan,-0.08379592915675389,1.0,1.0083795929156754
temporal_swaps_balanced,6bba_20852818,846,27,63,0,0,3,9672,nan,-0.008813281410125025,0.9038461538461539,0.9046427388966843
temporal_swaps_balanced,6bba_2646afc7,704,12,17,0,1,0,5150,nan,-0.06278434940855324,0.9604365620736699,0.9664666005434682
temporal_swaps_balanced,6bba_268e1230,578,10,31,0,0,1,4463,nan,-0.1261014294106129,0.9337641357027464,0.9455390349271945
temporal_swaps_balanced,6bba_2819ca14,915,20,34,0,0,1,4897,nan,-0.11510661366100469,0.9442724458204335,0.9551416461816119
temporal_swaps_balanced,6bba_312f0dc3,495,9,5,0,1,0,9299,nan,-0.06664659239184985,0.9724950884086444,0.9789764367846692
temporal_swaps_balanced,6bba_283bf9f1,1266,13,22,0,1,0,21521,nan,0.03163798475624371,0.973097617217525,0.9700189324595384
temporal_swaps_balanced,6bba_372c8cb8,1006,2,1,0,0,0,6492,nan,-0.07534539239424583,0.9970267591674926,1.0045388964071964
temporal_swaps_balanced,6bba_3a1849c2,1108,40,34,0,0,0,6408,nan,-0.08496358703412824,0.937394247038917,0.9453586848082752
temporal_swaps_balanced,6bba_337b1b3a,1194,32,19,1,0,1,29290,nan,-0.039041994750656166,0.9590361445783132,0.962780412990545
temporal_swaps_balanced,6bba_32db13fc,690,118,121,0,1,1,42908,nan,0.10859062136674848,0.7427341227125942,0.7346687267230294
temporal_swaps_balanced,6bba_3c5691b6,741,4,5,0,0,2,6108,nan,-0.023969319271332695,0.988,0.9903681687440077
temporal_swaps_balanced,6bba_3fda6b25,1164,6,15,0,0,1,8043,nan,-0.18278805120910385,0.9822784810126582,1.0002333579415525
temporal_swaps_balanced,6bba_43fea39d,853,12,27,0,1,0,5244,nan,-0.08768267223382047,0.9562780269058296,0.9646629281855884
temporal_swaps_balanced,6bba_3db54e20,433,41,41,0,0,1,22301,nan,-0.04023928386985712,0.8407766990291262,0.8441599242554656
temporal_swaps_balanced,6bba_3abfe10a,839,114,96,1,0,0,51725,nan,-0.006530298665130126,0.7998093422306959,0.8003316416186886
temporal_swaps_balanced,6bba_4aa14c89,648,30,33,0,0,0,7026,nan,0.035214380433181085,0.9113924050632911,0.90818299317571
temporal_swaps_balanced,6bba_474be664,240,25,46,0,0,1,23988,nan,-0.15215777754214824,0.7717041800643086,0.7834462593601657
temporal_swaps_balanced,6bba_4f99ce20,993,8,17,0,0,2,5300,nan,-0.11148365465213747,0.9754420432220039,0.9863166276099776
temporal_swaps_balanced,6bba_4ffd3da3,645,22,44,1,0,2,19900,nan,0.12830980325452174,0.9071729957805907,0.8955330769199484
temporal_swaps_balanced,6bba_55b7eebe,682,6,6,0,0,1,4478,nan,-0.14818337454822142,0.9827089337175793,0.9972710463172748
temporal_swaps_balanced,6bba_48816121,896,20,22,1,0,4,25087,nan,0.04681827665345295,0.9552238805970149,0.9507516870062374
temporal_swaps_balanced,6bba_55c70843,402,49,65,0,0,0,36156,nan,0.020923337568826767,0.7790697674418605,0.7774396934684752
temporal_swaps_balanced,6bba_5b28472a,716,1,8,0,0,0,5649,nan,-0.026370217166494313,0.9875862068965517,0.9901904931712013
temporal_swaps_balanced,6bba_5a4d9360,699,13,23,0,0,0,5439,nan,-0.08985943775100401,0.9510204081632653,0.9595662240799934
temporal_swaps_balanced,6bba_5c039895,1138,5,7,2,1,1,7911,nan,-0.07689614935822638,0.9895652173913043,0.997174592866927
temporal_swaps_balanced,6bba_5f89039d,885,0,0,0,0,0,4414,nan,-0.042723921058338755,1.0,1.0042723921058339
temporal_swaps_balanced,6bba_5dfe9ad1,1441,19,46,0,0,0,29264,nan,0.08735555307843793,0.9568393094289509,0.9484807867207152
temporal_swaps_balanced,6bba_5c824876,1080,44,50,1,0,0,24927,nan,0.01136040897472309,0.919931856899489,0.9188867766871635
temporal_swaps_balanced,6bba_61dd1e0d,534,8,9,0,0,0,9346,nan,-0.07721169036334913,0.969147005444646,0.976629953294742
temporal_swaps_balanced,6bba_61ecbe65,595,6,19,0,0,1,5351,nan,-0.07325943886387253,0.9596774193548387,0.9667079622780652
temporal_swaps_balanced,6bba_6321a359,785,13,13,0,0,1,4552,nan,-0.05579755237502593,0.967940813810111,0.9733416866355604
temporal_swaps_balanced,6bba_6ca87370,1038,17,14,0,0,1,6219,nan,-0.13564975677553856,0.971000935453695,0.9841725395260064
temporal_swaps_balanced,6bba_67ebd073,391,68,47,0,2,1,14948,nan,-0.0692983002303717,0.7727272727272727,0.7780821413814378
temporal_swaps_balanced,6bba_6479435d,470,71,110,0,0,0,23555,nan,0.004349123779473841,0.7219662058371735,0.7216522137977952
temporal_swaps_balanced,6bba_57b7cc1e,1268,330,324,0,1,3,71892,nan,0.0974034894903146,0.659729448491155,0.6533034534508991
temporal_swaps_balanced,6bba_6feeb0b1,1330,7,13,0,0,0,6765,nan,-0.10015961691939346,0.9851851851851852,0.9950527622594662
temporal_swaps_balanced,6bba_6db0e9b4,428,15,12,0,0,0,24547,nan,-0.13673289959556884,0.9406593406593406,0.9535212485773413
temporal_swaps_balanced,6bba_6feb10f0,1125,99,218,0,0,0,10464,nan,0.18077183480027081,0.7801664355062413,0.7660632237066363
temporal_swaps_balanced,6bba_718b21f9,649,0,3,0,0,0,4074,nan,-0.0538783093358105,0.995398773006135,1.000761813306586
temporal_swaps_balanced,6bba_76db78c1,604,0,0,0,0,0,4590,nan,-0.05458290422245108,1.0,1.005458290422245
temporal_swaps_balanced,6bba_705ec2c9,536,23,26,0,2,1,5710,nan,0.019642857142857142,0.9162393162393162,0.9144395604395603
temporal_swaps_balanced,6bba_74686d6a,560,23,16,0,2,2,25088,nan,-0.1582055497768681,0.9348914858096828,0.9496819879591063
temporal_swaps_balanced,6bba_767a1e17,547,94,111,0,0,0,46628,nan,-0.022760615333025945,0.7273936170212766,0.7290492096525486
temporal_swaps_balanced,6bba_784a78c9,1735,3,4,0,1,1,12598,nan,-0.038026878436163716,0.9959816303099885,0.9997690375480336
temporal_swaps_balanced,6bba_789f8168,670,16,11,0,0,0,10497,nan,-0.016766579243162234,0.9612625538020086,0.9628742622801891
temporal_swaps_balanced,6bba_7b5d3b2c,543,8,12,0,0,0,5340,nan,-0.07612456747404844,0.9644760213143873,0.971818053310552
temporal_swaps_balanced,6bba_7af54fde,1043,48,49,0,0,2,9972,nan,0.03615960099750624,0.9149122807017543,0.911603994399965
temporal_swaps_balanced,6bba_78a7bd97,725,109,107,0,0,2,38262,nan,-0.05788786841651688,0.7704569606801275,0.7749169717961716
temporal_swaps_balanced,6bba_7d3058ae,1167,5,6,0,0,2,7344,nan,-0.03508080409932992,0.9906621392190152,0.9941374616624717
temporal_swaps_balanced,6bba_7f87b3d8,892,49,42,1,0,2,9116,nan,-0.1384557225215008,0.9074262461851476,0.9199900818402013
temporal_swaps_balanced,6bba_825bd1c6,893,46,37,0,2,0,6793,nan,-0.10453466912733983,0.9149590163934426,0.9245235101978191
temporal_swaps_balanced,6bba_80d12824,631,12,23,0,0,1,8080,nan,-0.10431216051435539,0.9474474474474475,0.9573304764691528
temporal_swaps_balanced,6bba_786893ac,1195,268,200,0,4,3,53320,nan,-0.09594940572068024,0.7185808779314492,0.725475618751426
temporal_swaps_balanced,6bba_8b7818bf,723,2,2,1,0,1,5558,nan,-0.04632807137954702,0.9944979367262724,0.9991052538662191
temporal_swaps_balanced,6bba_87289e13,669,41,30,0,1,1,13846,nan,-0.07483629560336763,0.904054054054054,0.9108196596971152
temporal_swaps_balanced,6bba_907271db,916,1,5,0,0,1,6766,nan,-0.07391185327128387,0.9934924078091106,1.000835494316323
temporal_swaps_balanced,6bba_91951b3a,1125,16,23,0,0,0,11338,nan,-0.047787016040984294,0.9664948453608248,0.9711134358287032
temporal_swaps_balanced,6bba_96833384,714,9,7,0,1,0,4703,nan,-0.034093242965701376,0.9780821917808219,0.9814167911613028
temporal_swaps_balanced,6bba_971fa5e0,750,11,17,0,1,0,4932,nan,-0.12069887680513461,0.9640102827763496,0.9756457786123202
temporal_swaps_balanced,6bba_9e23430b,866,18,25,0,0,1,7205,nan,-0.06525687597301505,0.9526952695269527,0.9589122612313125
temporal_swaps_balanced,6bba_a5e926bb,665,21,33,0,0,0,7733,nan,-0.08376777251184835,0.9248956884561892,0.932643333618968
temporal_swaps_balanced,6bba_969618f6,650,5,8,0,0,3,15429,nan,0.11095910138248848,0.9803921568627451,0.969513813589952
temporal_swaps_balanced,6bba_9a41d029,1317,33,36,0,1,2,18287,nan,0.003071691075640393,0.9502164502164502,0.9499245730774446
temporal_swaps_balanced,6bba_acd782a8,307,27,23,0,0,0,19655,nan,-0.0027904616945712835,0.8599439775910365,0.860183941663931
temporal_swaps_balanced,6bba_ae82a791,1463,13,8,0,1,0,7099,nan,-0.041064433337836014,0.9858490566037735,0.989897389890381
temporal_swaps_balanced,6bba_a90a0b9c,871,179,241,0,0,0,28649,nan,-0.22352016478751083,0.6746707978311387,0.6897510506219925
temporal_swaps_balanced,6bba_aeee7805,757,3,11,0,0,1,4885,nan,-0.029598728645212555,0.9818417639429312,0.9847478907372795
temporal_swaps_balanced,6bba_ab78413d,930,113,208,0,0,2,11919,nan,0.289795476680013,0.7434052757793765,0.7218617271532844
temporal_swaps_balanced,6bba_af149c94,1268,27,49,0,0,0,7784,nan,-0.1286242023956118,0.9434523809523809,0.9555874619522049
temporal_swaps_balanced,6bba_afb141ff,593,19,33,1,0,3,5417,nan,-0.10521968946151306,0.9193798449612403,0.9290535311396398
temporal_swaps_balanced,6bba_b1ae37b9,549,35,30,0,1,0,22378,nan,-0.07901884928800725,0.8941368078175895,0.9012021739835693
temporal_swaps_balanced,6bba_b204cac7,802,8,9,0,0,2,5342,nan,0.049096622152395915,0.9792429792429792,0.9744352269882514
temporal_swaps_balanced,6bba_b693381b,913,12,22,0,0,0,6030,nan,0.08492263404102195,0.9640971488912354,0.9559097819557072
temporal_swaps_balanced,6bba_bbb708ca,848,8,13,0,2,0,6478,nan,-0.04524686809137804,0.9758342922899885,0.9802496368402173
temporal_swaps_balanced,6bba_c27cba08,484,5,9,0,0,0,6257,nan,-0.02916989914662529,0.9718875502008032,0.974722536382925
temporal_swaps_balanced,6bba_b329af44,1165,90,103,0,0,1,63213,nan,0.01197470583526775,0.8578792341678939,0.8568519490207593
temporal_swaps_balanced,6bba_bb9f20c3,1795,78,84,0,2,3,22716,nan,-0.015387282735902215,0.9172202350536536,0.9186315877624396
temporal_swaps_balanced,6bba_c328f2fd,448,25,52,0,0,2,29936,nan,-0.04137312668118355,0.8533333333333334,0.8568638401434611
temporal_swaps_balanced,6bba_c73a1d11,546,97,164,0,0,0,23215,nan,0.4229236898559608,0.6765799256505576,0.6479657577866971
temporal_swaps_balanced,6bba_cf35214c,815,3,2,0,0,0,34581,nan,-0.00885640584694755,0.9939024390243902,0.9947826793616172
temporal_swaps_balanced,6bba_d0fc38b5,813,0,0,0,0,0,5607,nan,-0.08247422680412371,1.0,1.0082474226804123
temporal_swaps_balanced,6bba_cdcfe533,1330,19,18,1,2,3,28098,nan,-0.05663924794359577,0.9729334308705194,0.9784440526528883
temporal_swaps_balanced,6bba_cff5865f,1459,37,42,0,0,0,46303,nan,-0.001272593934687891,0.9486345903771132,0.948755313039708
temporal_swaps_balanced,6bba_d5eae175,519,0,0,0,0,0,4115,nan,-0.08940030980305377,1.0,1.0089400309803054
temporal_swaps_balanced,6bba_d1acb6ff,619,26,24,0,2,1,15960,nan,0.08431279298865411,0.9252615844544095,0.9174604456113636
temporal_swaps_balanced,6bba_d2b9fc0c,918,3,3,0,0,2,18742,nan,-0.07116661710774111,0.9935064935064936,1.0005769431282365
temporal_swaps_balanced,6bba_d6ecebbb,840,13,22,0,0,0,5946,nan,0.10953536107482739,0.96,0.9494846053368166
temporal_swaps_balanced,6bba_d3da753b,833,34,24,0,1,1,15894,nan,-0.07839499014264177,0.9349046015712682,0.9422337852737173
temporal_swaps_balanced,6bba_d82a4fc6,508,28,22,0,0,0,28208,nan,0.01775147928994083,0.910394265232975,0.9087781807384785
temporal_swaps_balanced,6bba_e5e44988,597,16,37,0,0,0,5059,nan,-0.09902048085485307,0.9184615384615384,0.9275561887800533
temporal_swaps_balanced,6bba_e16ffc58,935,7,7,1,0,0,5913,nan,-0.07130516726872939,0.9852476290832455,0.9922729537825354
temporal_swaps_balanced,6bba_df673a83,644,7,10,1,0,3,21715,nan,0.12869691771921618,0.9742813918305597,0.9617426906185816
temporal_swaps_balanced,6bba_debd7bfa,714,16,15,3,0,1,11709,nan,-0.008300160921487254,0.9583892617449664,0.9591847402547574
temporal_swaps_balanced,6bba_ed9377fd,497,0,11,0,0,0,4239,nan,-0.04591492234976367,0.9783464566929134,0.9828385268519355
temporal_swaps_balanced,6bba_ebff6e76,996,266,268,0,0,0,47150,nan,0.1335224540821233,0.6509803921568628,0.64228834220485
temporal_swaps_balanced,6bba_eebc57a5,927,75,62,0,2,0,8383,nan,-0.10313469562426447,0.8712406015037594,0.8802261149289186
temporal_swaps_balanced,6bba_edf14583,727,46,33,0,0,0,49751,nan,-0.16020728537186454,0.901985111662531,0.9164355702810603
temporal_swaps_balanced,6bba_ef7b4f7e,1174,7,27,0,0,2,5712,nan,-0.06467987555264451,0.9718543046357616,0.9781402461836759
temporal_swaps_balanced,6bba_f1fde7e0,415,29,31,0,0,0,7688,nan,-0.1495575221238938,0.8736842105263158,0.8867508150908244
temporal_swaps_balanced,6bba_ebdf3b34,729,65,74,0,0,2,58763,nan,0.033704505075025946,0.8398617511520737,0.8370310386866712
temporal_swaps_balanced,6bba_f20478e9,931,22,32,0,0,1,5159,nan,-0.13627992633517497,0.9451776649746193,0.9580585392302586
temporal_swaps_balanced,6bba_f17befbc,921,89,94,0,2,0,25242,nan,0.011176541281096021,0.8342391304347826,0.8333067396268216
temporal_swaps_balanced,6bba_fbc898dc,634,7,5,0,0,0,4913,nan,0.004908979341378605,0.9814241486068112,0.9809423695197471
temporal_swaps_balanced,6bba_fc516dc6,720,28,42,0,0,0,6643,nan,-0.1554792779049072,0.9113924050632911,0.9255626683660167
temporal_swaps_balanced,6bba_f4ae811c,955,7,10,0,0,0,9239,nan,0.03774008761091767,0.9825102880658436,0.9788022856308203
temporal_swaps_balanced,6bba_f8ffd5e7,352,17,18,1,0,1,30422,nan,0.02985781990521327,0.9095607235142119,0.9068449734866576
temporal_swaps_balanced,6bba_fc83837d,819,78,104,0,0,0,10881,nan,-0.1685642240391228,0.8181818181818182,0.8319734365122919
temporal_swaps_balanced,6bba_fc5f39dc,440,7,18,0,0,2,17542,nan,0.25121255349500715,0.946236559139785,0.9224659089166015
temporal_swaps_balanced,6bba_fe670320,662,14,18,0,0,2,9474,nan,-0.1256921373200443,0.9538904899135446,0.9658801433581944
context_end,44b6_0b24845f,49,0,0,0,0,0,18189,nan,-0.4453727702393658,1.0,1.0445372770239365
context_end,44b6_0113de3b,46,3,4,0,0,0,25504,nan,-0.00974568045039798,0.8679245283018868,0.868770379812676
context_end,44b6_0db75fae,149,0,2,0,0,0,17537,nan,0.14359308770785784,0.9867549668874173,0.9725858476367742
context_end,44b6_0c582fdc,69,1,1,0,0,0,26874,nan,-0.038772444380857,0.971830985915493,0.9755990122003931
context_end,44b6_1574802b,144,11,9,0,2,0,19325,nan,0.09322848899700176,0.8780487804878049,0.8698628643807511
context_end,44b6_144b256d,119,0,0,0,0,0,27680,nan,-0.5766030347528145,1.0,1.0576603034752814
context_end,44b6_12dfb391,741,38,32,0,0,1,44159,nan,-0.24735819470957185,0.9136868064118372,0.9362875983082358
context_end,44b6_18ced818,90,16,9,0,1,0,71416,nan,-0.09190783785158435,0.782608695652174,0.7898014829622979
context_end,44b6_24264f12,213,10,8,0,0,0,26825,nan,0.017910674306530566,0.922077922077922,0.9204264183431641
context_end,44b6_1d530831,253,28,18,0,1,0,35431,nan,-0.010997906489881368,0.8461538461538461,0.8470844382414516
context_end,44b6_2a2eff9f,197,23,13,0,1,1,38000,nan,-0.3258466833430908,0.8454935622317596,0.8730436895358751
context_end,44b6_2f31fc2f,67,25,18,0,0,0,18129,nan,-0.25603250164149705,0.6090909090909091,0.624685616009073
context_end,44b6_267148e4,250,40,27,0,0,1,21753,nan,0.13711447987454262,0.7886435331230284,0.7778300883379698
context_end,44b6_33b596bf,49,0,0,0,0,0,23607,nan,0.011873124732104586,1.0,0.9988126875267895
context_end,44b6_341df25f,208,0,1,0,0,1,8377,nan,0.12654653039268424,0.9952153110047847,0.9826212065446516
context_end,44b6_3bb3690f,380,26,16,0,0,0,15750,nan,-0.5068415943889533,0.9004739336492891,0.9461136980729389
context_end,44b6_40c45f5a,194,5,4,0,0,0,28638,nan,-0.12371102475444448,0.9556650246305419,0.9674876545824446
context_end,44b6_3a861e03,884,38,35,0,0,0,36227,nan,-0.10652098850688108,0.9237199582027168,0.9335595145078457
context_end,44b6_53f95252,67,2,1,0,0,0,30097,nan,-0.22260105902105126,0.9571428571428572,0.9784489585063005
context_end,44b6_5740d24b,169,1,1,0,0,0,11104,nan,-0.4372022301064369,0.9883040935672515,1.0315129689403437
context_end,44b6_551a5dba,199,33,25,0,0,0,30299,nan,-0.4742221528103146,0.77431906614786,0.811038991598931
context_end,44b6_415c0a3a,310,13,12,0,0,0,32710,nan,-0.4290651399846401,0.9253731343283582,0.9650776696702206
context_end,44b6_587a1e22,365,7,6,1,0,0,18695,nan,0.030765837790152725,0.9656084656084656,0.9626376902662948
context_end,44b6_5f15d135,252,23,21,0,0,1,21100,nan,-0.28520613841932313,0.8513513513513513,0.8756324144870504
context_end,44b6_668e0cc7,613,28,18,0,0,0,33447,nan,-0.15752751819853406,0.9301972685887708,0.9448504353043553
context_end,44b6_66f9292d,197,2,1,0,0,0,20178,nan,-0.6171883892999431,0.985,1.0457930563460445
context_end,44b6_71a4179f,107,18,12,0,0,0,30550,nan,-0.548664460465666,0.781021897810219,0.8238737936276105
context_end,44b6_706092f0,108,10,9,0,0,1,28610,nan,-0.5906892901084437,0.8503937007874016,0.9006255459304818
context_end,44b6_74d0c52e,135,5,4,0,1,1,8399,nan,-0.44340622929092116,0.9375,0.9790693339960239
context_end,44b6_81c256f0,197,0,0,0,0,0,11216,nan,0.11579785117389574,1.0,0.9884202148826104
context_end,44b6_808952d6,179,0,0,0,0,0,14914,nan,-0.0525981450895693,1.0,1.0052598145089569
context_end,44b6_7a302da0,492,22,15,0,0,1,42572,nan,-0.3632474797331658,0.9300567107750473,0.9638407863948427
context_end,44b6_8cc6506c,381,22,15,0,0,0,18142,nan,-0.4360934974511998,0.9114832535885168,0.9512324455810783
context_end,44b6_7e557709,546,10,14,0,0,0,44403,nan,-0.2079379236532287,0.9578947368421052,0.9778130011078356
context_end,44b6_87bba6c4,109,47,40,0,1,0,28078,nan,-0.0008540317415130596,0.5561224489795918,0.5561699436019515
context_end,44b6_90724892,97,12,6,0,0,0,23056,nan,-0.09697634341218862,0.8434782608695652,0.8516580046182456
context_end,44b6_8f9ecab4,366,4,4,0,0,0,39781,nan,-0.4684029772961127,0.9786096256684492,1.0244479918958227
context_end,44b6_8f5ab931,572,39,32,0,1,0,27138,nan,-0.015704907330165753,0.8895800933125972,0.8909771706054207
context_end,44b6_95029e92,198,0,0,0,0,0,4757,nan,-0.07827940321643093,1.0,1.007827940321643
context_end,44b6_949adeb1,351,44,27,0,0,0,37914,nan,0.019769224562252885,0.8317535545023697,0.8301092422224288
context_end,44b6_97725144,219,1,2,0,0,0,32755,nan,-0.08439089841784536,0.9864864864864865,0.9948115345736523
context_end,44b6_996155de,370,2,7,1,0,0,8914,nan,0.1770764558299221,0.9762532981530343,0.9589661507501132
context_end,44b6_9be80b04,205,18,15,0,1,1,25221,nan,-0.5642310416918638,0.8613445378151261,0.9099442703978285
context_end,44b6_9bfa6a0a,241,30,18,0,0,0,38634,nan,-0.39923493189027803,0.8339100346020761,0.867202636188774
context_end,44b6_a21120c2,279,12,7,1,0,1,21935,nan,-0.04796006944444445,0.9362416107382551,0.9407318320050335
context_end,44b6_aaf8b0ea,203,0,3,0,0,1,14078,nan,-0.3629575998913978,0.9854368932038835,1.0212040741640553
context_end,44b6_a2bb48bb,376,44,34,0,1,0,43495,nan,-0.28241466352102684,0.8281938325991189,0.8515832408554859
context_end,44b6_abf82518,94,0,0,0,0,0,25648,nan,-0.07085929575423852,1.0,1.0070859295754238
context_end,44b6_c15fded2,97,8,5,0,0,0,19360,nan,-0.059509351469516636,0.8818181818181818,0.8870658246295847
context_end,44b6_c771cb04,203,34,20,0,0,0,28042,nan,-0.4743274908613741,0.7898832684824902,0.8273496033637584
context_end,44b6_b2c44266,156,14,12,0,0,0,36766,nan,-0.3844531132280802,0.8571428571428571,0.8900959811338354
context_end,44b6_c8e2a523,158,10,6,0,1,1,28321,nan,-0.1455165339126237,0.9080459770114943,0.9212595473322958
context_end,44b6_cf2536e8,70,8,5,0,0,0,20700,nan,-0.6404064970033875,0.8433734939759037,0.8973836804701653
context_end,44b6_c50204e0,297,31,28,0,1,2,35866,nan,-0.2381579506351162,0.8342696629213483,0.8541384582411881
context_end,44b6_c96cfa10,590,17,26,0,0,0,37288,nan,-0.1935288519768146,0.9320695102685624,0.950107744497049
context_end,44b6_cf8fed6b,178,12,10,0,0,0,41025,nan,-0.0618353952754465,0.89,0.8955033501795148
context_end,44b6_d29c9ab2,1285,56,43,0,0,0,36344,nan,-0.04496124031007752,0.9284682080924855,0.9326427163149169
context_end,44b6_d2f34f90,271,5,10,0,0,2,14684,nan,-0.3900473539918584,0.9475524475524476,0.9845114800460817
context_end,44b6_d754aa59,64,3,6,0,0,1,5526,nan,0.06865209824018564,0.8767123287671232,0.8706935146748329
context_end,44b6_d78e09d9,418,37,33,0,0,0,23343,nan,0.048699402488880904,0.8565573770491803,0.8523859938032066
context_end,44b6_db3c847b,154,7,8,0,0,0,15241,nan,0.014511083006057378,0.9112426035502958,0.9099202918444185
context_end,44b6_deabac95,121,6,3,1,2,0,15595,nan,0.11480448924154693,0.9307692307692308,0.9200835821552099
context_end,44b6_ddf577ad,607,48,40,0,0,0,37316,nan,-0.30240035893217676,0.8733812949640288,0.8997923766722061
context_end,44b6_d5e7d891,830,90,63,0,1,2,41907,nan,-0.0655770602925437,0.844354018311292,0.8498910437479971
context_end,44b6_e29f0176,48,4,2,0,0,0,13367,nan,0.030688565039710076,0.8888888888888888,0.8861610164409146
context_end,44b6_e35b117d,240,11,26,0,0,0,18289,nan,-0.36143989385845465,0.8664259927797834,0.8977420846664366
context_end,44b6_e28840c6,289,14,20,0,0,2,26339,nan,-0.6473368502798382,0.8947368421052632,0.9526564550250382
context_end,44b6_e57ff5c6,143,19,43,0,0,0,15976,nan,-0.2135473072757704,0.697560975609756,0.7124572024099682
context_end,44b6_e31261b4,106,10,7,0,0,0,66191,nan,-0.09148182716591632,0.8617886178861789,0.8696724176256806
context_end,6bba_05b6850b,836,8,9,0,0,0,5971,nan,-0.06145866079849104,0.9800703399765534,0.9860937210348814
context_end,44b6_f28707c6,55,6,6,0,0,0,21382,nan,0.14611921097770153,0.8208955223880597,0.8089006617854125
context_end,44b6_eb2880fc,371,13,8,0,3,1,35929,nan,-0.2527867897845437,0.9464285714285714,0.9703530354617516
context_end,6bba_062c8d37,896,4,2,1,1,0,5815,nan,-0.03565505804311774,0.9933481152993349,0.9968899037701369
context_end,6bba_07477033,593,14,9,0,0,0,4490,nan,-0.07154673283705541,0.9626623376623377,0.9695498721708399
context_end,6bba_085bf656,1164,0,4,0,0,1,8176,nan,-0.03391232423490488,0.9965753424657534,0.9999549610795745
context_end,6bba_0c7fa718,620,45,39,0,0,0,12340,nan,-0.09597069597069598,0.8806818181818182,0.8891337828837829
context_end,6bba_07e24132,309,17,36,0,0,2,26959,nan,0.25478240632999766,0.8535911602209945,0.8318431592386826
context_end,6bba_09961292,1786,111,85,1,0,3,29136,nan,-0.06366294951312787,0.9011099899091827,0.906846721888519
context_end,6bba_12665c0e,961,21,37,0,1,3,8003,nan,-0.037406783738272796,0.943081452404318,0.9466092167980843
context_end,6bba_0e7c0d07,179,19,19,0,0,1,21106,nan,-0.06057773623536743,0.8248847926267281,0.8298817579659589
context_end,6bba_13f19531,693,11,11,0,0,0,5514,nan,-0.04486402217218084,0.9692307692307692,0.9735791283028422
context_end,6bba_15403b9a,716,14,13,0,1,0,6239,nan,-0.09435331688198577,0.9636608344549125,0.9727532940629208
context_end,6bba_05db0fb1,1113,93,70,0,0,3,68533,nan,-0.01815186246418338,0.872257053291536,0.8738403622980123
context_end,6bba_1d0d8384,1255,107,110,0,0,1,16823,nan,-0.06063990172538947,0.8525815217391305,0.8577515677082449
context_end,6bba_1ebfb80d,675,37,44,0,0,0,11044,nan,-0.04447136182730576,0.8928571428571429,0.8968278001631523
context_end,6bba_1f58c2f6,264,48,35,0,1,0,31208,nan,0.07974950697159465,0.760806916426513,0.7547395187779536
context_end,6bba_207c6aaf,344,78,106,0,1,1,16910,nan,0.40928410700891743,0.6515151515151515,0.6248496718160856
context_end,6bba_23af9eeb,498,1,1,0,0,0,4055,nan,-0.08876404494382023,0.996,1.0048408988764046
context_end,6bba_20852818,846,27,63,0,0,3,9703,nan,-0.005636400901824145,0.9038461538461539,0.9043555977738188
context_end,6bba_2312ac41,1128,5,4,1,0,1,12235,nan,0.02384937238493724,0.9920844327176781,0.9897183736103597
context_end,6bba_2540cd90,523,0,0,0,0,0,3466,nan,-0.08379592915675389,1.0,1.0083795929156754
context_end,6bba_2646afc7,704,12,17,0,1,0,5156,nan,-0.06169244767970883,0.9604365620736699,0.9663617303092108
context_end,6bba_268e1230,578,10,31,0,0,1,4473,nan,-0.12414333268063442,0.9337641357027464,0.9453561948771256
context_end,6bba_2819ca14,915,20,34,0,0,1,4898,nan,-0.11492591254065775,0.9442724458204335,0.9551245830727246
context_end,6bba_312f0dc3,495,9,5,0,1,0,9296,nan,-0.06694770651410217,0.9724950884086444,0.9790057199851632
context_end,6bba_283bf9f1,1266,13,22,0,1,0,21546,nan,0.032836393269737786,0.973097617217525,0.9699023156126451
context_end,6bba_372c8cb8,1006,2,1,0,0,0,6501,nan,-0.07406352371457058,0.9970267591674926,1.004411090669659
context_end,6bba_3a1849c2,1108,40,34,0,0,0,6423,nan,-0.08282164786520063,0.937394247038917,0.9451579006628293
context_end,6bba_32db13fc,690,118,121,0,1,1,42938,nan,0.10936571502389872,0.7427341227125942,0.734611157872283
context_end,6bba_3c5691b6,741,4,5,0,0,2,6116,nan,-0.022690955576861616,0.988,0.9902418664109938
context_end,6bba_337b1b3a,1194,32,19,1,0,1,29308,nan,-0.03845144356955381,0.9590361445783132,0.9627237769977548
context_end,6bba_3fda6b25,1164,6,15,0,0,1,8077,nan,-0.179333468807153,0.9822784810126582,0.9998940217461203
context_end,6bba_43fea39d,853,13,27,0,1,0,5251,nan,-0.08646485734168406,0.9552071668533034,0.9634663519946759
context_end,6bba_3db54e20,433,41,41,0,0,1,22314,nan,-0.03967980719573076,0.8407766990291262,0.8441128847603402
context_end,6bba_4aa14c89,648,30,33,0,0,0,7030,nan,0.03580374244879918,0.9113924050632911,0.9081292791692234
context_end,6bba_3abfe10a,839,114,96,1,0,0,51773,nan,-0.00560837414769999,0.7998093422306959,0.8002579052345015
context_end,6bba_4f99ce20,993,8,17,0,0,2,5301,nan,-0.11131601005867561,0.9754420432220039,0.9863002748514994
context_end,6bba_474be664,240,25,46,0,0,1,24027,nan,-0.15077934471424026,0.7717041800643086,0.7833398851226423
context_end,6bba_55b7eebe,682,6,6,0,0,1,4483,nan,-0.1472322617462431,0.9827089337175793,0.9971775796125272
context_end,6bba_48816121,896,20,22,1,0,4,25102,nan,0.047444189442937615,0.9552238805970149,0.9506918983218686
context_end,6bba_55c70843,402,49,65,0,0,0,36174,nan,0.02143159678102499,0.7790697674418605,0.7774000965298504
context_end,6bba_4ffd3da3,645,22,44,1,0,2,19926,nan,0.1297839768668141,0.9071729957805907,0.8953993438707321
context_end,6bba_5a4d9360,699,13,23,0,0,0,5444,nan,-0.08902275769745649,0.9510204081632653,0.9594866540993907
context_end,6bba_5b28472a,716,1,8,0,0,0,5659,nan,-0.02464667356084109,0.9875862068965517,0.9900202783820087
context_end,6bba_5c039895,1138,5,7,2,1,1,7913,nan,-0.07666277712952159,0.9895652173913043,0.9971514991629039
context_end,6bba_5f89039d,885,0,0,0,0,0,4418,nan,-0.041856430275428326,1.0,1.0041856430275429
context_end,6bba_5c824876,1080,44,50,1,0,0,24979,nan,0.013470199212885949,0.919931856899489,0.9186926903620174
context_end,6bba_5dfe9ad1,1441,19,46,0,0,0,29289,nan,0.08828447218816185,0.9568393094289509,0.9483919040887689
context_end,6bba_61dd1e0d,534,9,9,0,0,0,9346,nan,-0.07721169036334913,0.967391304347826,0.9748606961329762
context_end,6bba_61ecbe65,595,6,19,0,0,1,5355,nan,-0.07256667821267752,0.9596774193548387,0.9666414796026683
context_end,6bba_6321a359,785,13,13,0,0,1,4560,nan,-0.054138145612943375,0.967940813810111,0.9731810658823872
context_end,6bba_6ca87370,1038,17,14,0,0,1,6236,nan,-0.13328700486448922,0.971000935453695,0.983943116094419
context_end,6bba_6479435d,470,71,110,0,0,0,23579,nan,0.00537244702170298,0.7219662058371735,0.7215783333179415
context_end,6bba_67ebd073,391,68,47,0,2,1,14956,nan,-0.06880019924039599,0.7727272727272727,0.7780436517594851
context_end,6bba_6db0e9b4,428,15,12,0,0,0,24553,nan,-0.13652189203446458,0.9406593406593406,0.9535013999540112
context_end,6bba_57b7cc1e,1270,326,322,0,1,3,71956,nan,0.09838042466150723,0.662148070907195,0.6556338300667301
context_end,6bba_6feb10f0,1125,99,218,0,0,0,10475,nan,0.182013089596028,0.7801664355062413,0.7659663851736802
context_end,6bba_6feeb0b1,1330,7,13,0,0,0,6766,nan,-0.1000266028198989,0.9851851851851852,0.9950396579074418
context_end,6bba_705ec2c9,536,23,26,0,2,1,5725,nan,0.022321428571428572,0.9162393162393162,0.9141941391941392
context_end,6bba_718b21f9,649,0,3,0,0,0,4077,nan,-0.0531816070599164,0.995398773006135,1.0006924636475285
context_end,6bba_76db78c1,604,0,0,0,0,0,4596,nan,-0.0533470648815654,1.0,1.0053347064881566
context_end,6bba_784a78c9,1735,3,4,0,1,1,12615,nan,-0.03672877214416616,0.9959816303099885,0.9996397485459315
context_end,6bba_767a1e17,547,94,111,0,0,0,46642,nan,-0.02246720040239762,0.7273936170212766,0.7290278668377809
context_end,6bba_74686d6a,560,23,16,0,2,2,25107,nan,-0.1575680300640875,0.9348914858096828,0.9496223867839548
context_end,6bba_789f8168,670,16,11,0,0,0,10504,nan,-0.01611090295991008,0.9612625538020086,0.9628112345743385
context_end,6bba_7b5d3b2c,543,8,12,0,0,0,5345,nan,-0.07525951557093426,0.9644760213143873,0.9717346211287775
context_end,6bba_7af54fde,1043,48,49,0,0,2,9978,nan,0.03678304239401496,0.9149122807017543,0.9115469549809686
context_end,6bba_7d3058ae,1167,5,6,0,0,2,7361,nan,-0.03284719484955985,0.9906621392190152,0.993916186450716
context_end,6bba_7f87b3d8,892,49,42,1,0,2,9122,nan,-0.13788866836782912,0.9074262461851476,0.9199386258579964
context_end,6bba_80d12824,631,12,23,0,0,1,8119,nan,-0.09998891475446181,0.9474474474474475,0.9569208716531629
context_end,6bba_78a7bd97,725,110,107,0,0,2,38270,nan,-0.05769088715435944,0.7696390658174098,0.7740791818669758
context_end,6bba_825bd1c6,893,46,37,0,2,0,6798,nan,-0.10387556024255207,0.9149590163934426,0.924463204436127
context_end,6bba_786893ac,1195,268,200,0,4,3,53374,nan,-0.095033825598942,0.7185808779314492,0.7254098269146564
context_end,6bba_87289e13,669,41,30,0,1,1,13862,nan,-0.07376720566617667,0.904054054054054,0.9107230081879287
context_end,6bba_8b7818bf,723,2,2,1,0,1,5570,nan,-0.04426904598490048,0.9944979367262724,0.9989004842155549
context_end,6bba_907271db,917,1,4,0,0,1,6771,nan,-0.07322748425951273,0.9945770065075922,1.001860043716483
context_end,6bba_91951b3a,1125,16,23,0,0,0,11342,nan,-0.047451079197110946,0.9664948453608248,0.9710809677059065
context_end,6bba_96833384,714,9,7,0,1,0,4715,nan,-0.031628671185048265,0.9780821917808219,0.9811757357844006
context_end,6bba_971fa5e0,750,11,17,0,1,0,4937,nan,-0.11980745230878945,0.9640102827763496,0.9755598443742406
context_end,6bba_9e23430b,866,18,25,0,0,1,7206,nan,-0.06512714063310845,0.9526952695269527,0.9588999014068506
context_end,6bba_969618f6,650,5,8,0,0,3,15443,nan,0.11196716589861751,0.9803921568627451,0.9694149837354296
context_end,6bba_a5e926bb,665,21,33,0,0,0,7736,nan,-0.08341232227488152,0.9248956884561892,0.9326104581798047
context_end,6bba_9a41d029,1317,33,36,0,1,2,18288,nan,0.003126542701991114,0.9502164502164502,0.9499193609856765
context_end,6bba_acd782a8,307,27,23,0,0,0,19693,nan,-0.0008625063419583968,0.8599439775910365,0.8600181483044766
context_end,6bba_ae82a791,1463,13,8,0,1,0,7103,nan,-0.040524111846548694,0.9858490566037735,0.9898441223471361
context_end,6bba_ab78413d,930,113,208,0,0,2,11942,nan,0.2922843848068391,0.7434052757793765,0.7216767004100432
context_end,6bba_aeee7805,757,3,11,0,0,1,4891,nan,-0.02840683353198252,0.9818417639429312,0.9846308654972387
context_end,6bba_af149c94,1268,27,49,0,0,0,7791,nan,-0.12784059106683085,0.9434523809523809,0.955513531954817
context_end,6bba_a90a0b9c,873,177,239,0,0,0,28745,nan,-0.22091825672159585,0.6772692009309542,0.6922313140510437
context_end,6bba_afb141ff,593,19,33,1,0,3,5421,nan,-0.1045589692765114,0.9193798449612403,0.9289927858575149
context_end,6bba_b693381b,913,12,22,0,0,0,6028,nan,0.08456279237135661,0.9640971488912354,0.9559444741884848
context_end,6bba_b204cac7,802,8,9,0,0,2,5355,nan,0.0516496465043205,0.9792429792429792,0.9741852238710055
context_end,6bba_b1ae37b9,549,35,30,0,1,0,22439,nan,-0.07650835459708619,0.8941368078175895,0.9009777014126711
context_end,6bba_bbb708ca,848,8,13,0,2,0,6464,nan,-0.047310243183493,0.9758342922899885,0.9804509880574918
context_end,6bba_c27cba08,484,5,9,0,0,0,6262,nan,-0.02839410395655547,0.9718875502008032,0.9746471378142515
context_end,6bba_c73a1d11,546,97,164,0,0,0,23228,nan,0.42372050260496474,0.6765799256505576,0.6479118470356492
context_end,6bba_bb9f20c3,1795,78,84,0,2,3,22751,nan,-0.01387022669151749,0.9172202350536536,0.9184924403122776
context_end,6bba_b329af44,1166,88,102,0,0,1,63225,nan,0.012166813415512687,0.859882005899705,0.8588358035071911
context_end,6bba_c328f2fd,448,25,52,0,0,2,30017,nan,-0.03877930062764186,0.8533333333333334,0.8566425003202256
context_end,6bba_cf35214c,815,3,2,0,0,0,34614,nan,-0.007910576096302666,0.9939024390243902,0.9946886731120105
context_end,6bba_d0fc38b5,813,0,0,0,0,0,5604,nan,-0.08296514482081492,1.0,1.0082965144820815
context_end,6bba_cff5865f,1459,37,42,0,0,0,46331,nan,-0.0006686510504292308,0.9486345903771132,0.948698020928646
context_end,6bba_cdcfe533,1330,19,18,1,2,3,28150,nan,-0.05489340271948968,0.9729334308705194,0.9782741935345224
context_end,6bba_d1acb6ff,619,26,24,0,2,1,15958,nan,0.08417691419254025,0.9252615844544095,0.9174730179543823
context_end,6bba_d5eae175,519,0,0,0,0,0,4117,nan,-0.08895773401194955,1.0,1.008895773401195
context_end,6bba_d2b9fc0c,917,5,4,0,0,2,18797,nan,-0.06844087620180395,0.990280777537797,0.9970583459478459
context_end,6bba_d6ecebbb,840,13,22,0,0,0,5964,nan,0.1128941966784848,0.96,0.9491621571188654
context_end,6bba_d3da753b,833,34,24,0,1,1,15917,nan,-0.07706134755885423,0.9349046015712682,0.9421091024148737
context_end,6bba_d82a4fc6,508,28,22,0,0,0,28227,nan,0.018437003896666186,0.910394265232975,0.9087157709714146
context_end,6bba_debd7bfa,714,16,15,3,0,1,11720,nan,-0.007368510205810113,0.9583892617449664,0.9590954518505971
context_end,6bba_e5e44988,597,16,37,0,0,0,5062,nan,-0.09848619768477293,0.9184615384615384,0.9275071169258168
context_end,6bba_e16ffc58,935,7,7,1,0,0,5917,nan,-0.07067692790953353,0.9852476290832455,0.9922110566486211
context_end,6bba_ed9377fd,497,0,11,0,0,0,4249,nan,-0.04366419086203016,0.9783464566929134,0.9826183273343364
context_end,6bba_df673a83,644,7,10,1,0,3,21726,nan,0.12926867300795258,0.9742813918305597,0.961686985564732
context_end,6bba_ebff6e76,996,266,268,0,0,0,47202,nan,0.13477257428598904,0.6509803921568628,0.6422069618307944
context_end,6bba_eebc57a5,927,76,62,0,2,0,8396,nan,-0.10174387504011982,0.8704225352112676,0.8792785513767314
context_end,6bba_ef7b4f7e,1174,7,27,0,0,2,5710,nan,-0.0650073685934174,0.9718543046357616,0.9781720737358173
context_end,6bba_edf14583,727,46,33,0,0,0,49770,nan,-0.15988656696262787,0.901985111662531,0.9164066419580436
context_end,6bba_f1fde7e0,415,29,31,0,0,0,7692,nan,-0.1491150442477876,0.8736842105263158,0.8867121564974383
context_end,6bba_ebdf3b34,729,65,74,0,0,2,58840,nan,0.03505901806603691,0.8398617511520737,0.8369172783214123
context_end,6bba_f20478e9,931,22,32,0,0,1,5160,nan,-0.13611250627825214,0.9451776649746193,0.9580427150604115
context_end,6bba_f17befbc,922,89,93,0,2,0,25254,nan,0.011657252734046388,0.8351449275362319,0.8341713779872473
context_end,6bba_f4ae811c,955,7,10,0,0,0,9250,nan,0.03897562619341795,0.9825102880658436,0.9786808926939594
context_end,6bba_fbc898dc,634,7,5,0,0,0,4920,nan,0.006340764982614031,0.9814241486068112,0.9808018506193533
context_end,6bba_fc516dc6,720,28,42,0,0,0,6649,nan,-0.1547165013984236,0.9113924050632911,0.9254931494945399
context_end,6bba_fc83837d,819,80,104,0,0,0,10885,nan,-0.16825857721402918,0.8165503489531406,0.830289508946988
context_end,6bba_f8ffd5e7,352,17,18,1,0,1,30443,nan,0.03056872037914692,0.9095607235142119,0.9067803127717159
context_end,6bba_fc5f39dc,440,7,18,0,0,2,17548,nan,0.25164051355206846,0.946236559139785,0.9224254137714173
context_end,6bba_fe670320,662,14,18,0,0,2,9481,nan,-0.12504614248800294,0.9538904899135446,0.9658185225255127
context_long,44b6_0b24845f,49,0,0,0,0,0,18149,nan,-0.4465924683640799,1.0,1.044659246836408
context_long,44b6_0113de3b,46,3,4,0,0,0,25491,nan,-0.01025043680838672,0.8679245283018868,0.8688141888550677
context_long,44b6_0db75fae,149,0,2,0,0,0,17507,nan,0.14163677861102053,0.9867549668874173,0.9727788874085814
context_long,44b6_0c582fdc,69,1,1,0,0,0,26811,nan,-0.04102582445096216,0.971830985915493,0.9758180026579104
context_long,44b6_1574802b,144,11,9,0,2,0,19280,nan,0.09068280816880693,0.8780487804878049,0.8700863875754218
context_long,44b6_144b256d,119,0,0,0,0,0,27584,nan,-0.5780714635340186,1.0,1.0578071463534018
context_long,44b6_1d530831,253,28,18,0,1,0,35393,nan,-0.012058618283321703,0.8461538461538461,0.8471741907778195
context_long,44b6_18ced818,90,16,9,0,1,0,71302,nan,-0.0933574080667311,0.782608695652174,0.7899149275878312
context_long,44b6_12dfb391,741,38,32,0,0,1,44134,nan,-0.24778429233706026,0.9136868064118372,0.9363265302862839
context_long,44b6_24264f12,213,10,8,0,0,0,26797,nan,0.01684817667817706,0.922077922077922,0.9205243889037006
context_long,44b6_2f31fc2f,67,25,18,0,0,0,18092,nan,-0.25755088640840446,0.6090909090909091,0.6247780994448756
context_long,44b6_2a2eff9f,197,23,13,0,1,1,37925,nan,-0.3271772490996505,0.8454935622317596,0.8731561880140047
context_long,44b6_33b596bf,49,0,0,0,0,0,23601,nan,0.011615945135019288,1.0,0.998838405486498
context_long,44b6_341df25f,208,0,1,0,0,1,8365,nan,0.12493275954814416,0.9952153110047847,0.9827818114899455
context_long,44b6_267148e4,250,40,27,0,0,1,21733,nan,0.13606900156821747,0.7886435331230284,0.7779125393085001
context_long,44b6_3bb3690f,380,26,16,0,0,0,15743,nan,-0.5070607759025582,0.9004739336492891,0.9461334347969129
context_long,44b6_3a861e03,884,38,35,0,0,0,36221,nan,-0.10666896857889804,0.9237199582027168,0.9335731837224395
context_long,44b6_40c45f5a,194,5,4,0,0,0,28599,nan,-0.12490437869098253,0.9556650246305419,0.9676016992443599
context_long,44b6_415c0a3a,310,13,12,0,0,0,32632,nan,-0.4304265866089506,0.9253731343283582,0.9652036542832162
context_long,44b6_5740d24b,169,1,1,0,0,0,11093,nan,-0.4377597567156614,0.9883040935672515,1.0315680695233607
context_long,44b6_551a5dba,199,33,25,0,0,0,30269,nan,-0.47474274211741024,0.77431906614786,0.8110793018215428
context_long,44b6_53f95252,67,2,1,0,0,0,30053,nan,-0.22373756941753842,0.9571428571428572,0.9785577387871074
context_long,44b6_587a1e22,365,7,6,1,0,0,18679,nan,0.02988366322986161,0.9656084656084656,0.962722873788651
context_long,44b6_5f15d135,252,23,21,0,0,1,21051,nan,-0.2868660862495342,0.8513513513513513,0.8757737343698927
context_long,44b6_66f9292d,197,2,1,0,0,0,20022,nan,-0.6201479795105294,0.985,1.0460845759817872
context_long,44b6_668e0cc7,613,28,18,0,0,0,33423,nan,-0.15813203697639858,0.9301972685887708,0.9449066674759533
context_long,44b6_74d0c52e,135,5,4,0,1,1,8389,nan,-0.4440689198144466,0.9375,0.9791314612326043
context_long,44b6_706092f0,108,10,9,0,0,1,28562,nan,-0.5913760050359095,0.8503937007874016,0.9006839437353371
context_long,44b6_71a4179f,107,20,12,0,0,0,30501,nan,-0.5493883701690108,0.7697841726618705,0.812075219861931
context_long,44b6_808952d6,179,0,0,0,0,0,14896,nan,-0.05374158302629907,1.0,1.0053741583026299
context_long,44b6_81c256f0,197,0,0,0,0,0,11208,nan,0.11500198965380024,1.0,0.98849980103462
context_long,44b6_8cc6506c,381,22,15,0,0,0,18127,nan,-0.4365597413900286,0.9114832535885168,0.9512749429353112
context_long,44b6_87bba6c4,109,47,40,0,1,0,28051,nan,-0.0018148174507152516,0.5561224489795918,0.5562233750521062
context_long,44b6_7e557709,546,10,14,0,0,0,44367,nan,-0.20858009275775954,0.9578947368421052,0.9778745141483749
context_long,44b6_7a302da0,492,22,15,0,0,1,42483,nan,-0.36457865924795835,0.9300567107750473,0.9639645936389405
context_long,44b6_8f5ab931,572,39,32,0,1,0,27103,nan,-0.016974357114359292,0.8895800933125972,0.8910900983311685
context_long,44b6_90724892,97,12,6,0,0,0,23034,nan,-0.09783800720664264,0.8434782608695652,0.8517306840861256
context_long,44b6_8f9ecab4,366,4,4,0,0,0,39734,nan,-0.4690310424545321,0.9786096256684492,1.0245094549567806
context_long,44b6_95029e92,198,0,0,0,0,0,4757,nan,-0.07827940321643093,1.0,1.007827940321643
context_long,44b6_949adeb1,351,44,27,0,0,0,37856,nan,0.01820920412060572,0.8317535545023697,0.8302389974771723
context_long,44b6_97725144,219,1,2,0,0,0,32719,nan,-0.08539721585509029,0.9864864864864865,0.994910806428948
context_long,44b6_996155de,370,2,7,1,0,0,8879,nan,0.17245477353756766,0.9762532981530343,0.9594173440082058
context_long,44b6_9bfa6a0a,241,30,18,0,0,0,38617,nan,-0.39949928469241774,0.8339100346020761,0.867224680834212
context_long,44b6_9be80b04,205,18,15,0,1,1,25200,nan,-0.5645938801250928,0.8613445378151261,0.9099755232880857
context_long,44b6_a21120c2,279,12,7,1,0,1,21921,nan,-0.048567708333333334,0.9362416107382551,0.9407887216862417
context_long,44b6_aaf8b0ea,203,0,3,0,0,1,14024,nan,-0.36540114937327484,0.9854368932038835,1.0214448705450363
context_long,44b6_abf82518,94,0,0,0,0,0,25568,nan,-0.07375742645993334,1.0,1.0073757426459933
context_long,44b6_b2c44266,156,14,12,0,0,0,36725,nan,-0.3851395469537411,0.8571428571428571,0.8901548183103206
context_long,44b6_a2bb48bb,376,44,34,0,1,0,43396,nan,-0.28404797650669,0.8281938325991189,0.8517185108296289
context_long,44b6_c15fded2,97,8,5,0,0,0,19358,nan,-0.05960650959436483,0.8818181818181818,0.887074392209685
context_long,44b6_c771cb04,203,34,20,0,0,0,28016,nan,-0.4748148842440716,0.7898832684824902,0.8273881017515745
context_long,44b6_c8e2a523,158,10,6,0,1,1,28311,nan,-0.14581824764663287,0.9080459770114943,0.9212869443265332
context_long,44b6_cf2536e8,70,8,5,0,0,0,20633,nan,-0.6415703986797533,0.8433734939759037,0.8974818408525094
context_long,44b6_c50204e0,297,31,28,0,1,2,35776,nan,-0.2400696716088194,0.8342696629213483,0.8542979473224213
context_long,44b6_c96cfa10,590,17,26,0,0,0,37261,nan,-0.19411281252703522,0.9320695102685624,0.950162173679455
context_long,44b6_d29c9ab2,1285,56,43,0,0,0,36336,nan,-0.0451714623571147,0.9284682080924855,0.9326622347636483
context_long,44b6_d2f34f90,271,5,10,0,0,2,14679,nan,-0.39025504693860597,0.9475524475524476,0.9845311600420847
context_long,44b6_cf8fed6b,178,12,10,0,0,0,41008,nan,-0.062224153307873495,0.89,0.8955379496444007
context_long,44b6_d754aa59,64,3,6,0,0,1,5523,nan,0.06807193966350802,0.8767123287671232,0.8707443778925144
context_long,44b6_db3c847b,154,7,8,0,0,0,15223,nan,0.013312920189043467,0.9112426035502958,0.9100294735449037
context_long,44b6_d78e09d9,418,37,33,0,0,0,23310,nan,0.04721685610314929,0.8565573770491803,0.8525129824075581
context_long,44b6_ddf577ad,607,48,40,0,0,0,37273,nan,-0.3032042174530771,0.8733812949640288,0.8998625841718012
context_long,44b6_d5e7d891,830,90,63,0,1,2,41859,nan,-0.06664734213342847,0.844354018311292,0.8499814134253048
context_long,44b6_deabac95,121,6,3,1,2,0,15574,nan,0.11330330974336979,0.9307692307692308,0.9202233073238864
context_long,44b6_e29f0176,48,4,2,0,0,0,13354,nan,0.029686174724342665,0.8888888888888888,0.8862501178022806
context_long,44b6_e28840c6,289,14,20,0,0,2,26312,nan,-0.6476983638165118,0.8947368421052632,0.9526888009730563
context_long,44b6_e57ff5c6,142,19,44,0,0,0,15952,nan,-0.2147287584916806,0.6926829268292682,0.7075568213199115
context_long,44b6_e35b117d,240,11,26,0,0,0,18249,nan,-0.362836493139206,0.8664259927797834,0.8978630896582707
context_long,44b6_e31261b4,106,10,7,0,0,0,66142,nan,-0.0921543867354782,0.8617886178861789,0.8697303780438705
context_long,6bba_05b6850b,836,8,9,0,0,0,5965,nan,-0.06240176045268783,0.9800703399765534,0.9861861514347535
context_long,44b6_f28707c6,55,6,6,0,0,0,21361,nan,0.1449935677530017,0.8208955223880597,0.8089930653337088
context_long,44b6_eb2880fc,371,13,8,0,3,1,35880,nan,-0.25380583978038435,0.9464285714285714,0.9704494812649291
context_long,6bba_062c8d37,896,4,2,1,1,0,5828,nan,-0.033499170812603646,0.9933481152993349,0.9966757491184138
context_long,6bba_07477033,593,14,9,0,0,0,4485,nan,-0.07258064516129033,0.9626623376623377,0.9696494030163385
context_long,6bba_085bf656,1164,0,4,0,0,1,8166,nan,-0.03509393831974477,0.9965753424657534,1.0000727178257007
context_long,6bba_0c7fa718,620,45,39,0,0,0,12328,nan,-0.09684981684981685,0.8806818181818182,0.8892112054612056
context_long,6bba_07e24132,309,17,36,0,0,2,26917,nan,0.2528275541075169,0.8535911602209945,0.8320100236963474
context_long,6bba_0e7c0d07,179,19,19,0,0,1,21076,nan,-0.06191302799661726,0.8248847926267281,0.8299919041527163
context_long,6bba_12665c0e,961,21,37,0,1,3,7995,nan,-0.03836901611739235,0.943081452404318,0.9466999631490495
context_long,6bba_13f19531,693,11,11,0,0,0,5501,nan,-0.04711588428893123,0.9692307692307692,0.973797385708004
context_long,6bba_09961292,1788,108,83,1,0,3,29116,nan,-0.06430568499534017,0.9034866093986862,0.9092965419288362
context_long,6bba_15403b9a,716,14,13,0,1,0,6235,nan,-0.09493395267818261,0.9636608344549125,0.9728092476605085
context_long,6bba_1ebfb80d,675,37,44,0,0,0,11035,nan,-0.0452500432600796,0.8928571428571429,0.8968973252910786
context_long,6bba_1d0d8384,1255,107,110,0,0,1,16778,nan,-0.06315260483555754,0.8525815217391305,0.8579657961323794
context_long,6bba_05db0fb1,1113,93,70,0,0,3,68490,nan,-0.018767908309455586,0.872257053291536,0.8738940973313812
context_long,6bba_1f58c2f6,264,48,35,0,1,0,31173,nan,0.07853856001107151,0.760806916426513,0.7548316484602529
context_long,6bba_207c6aaf,349,79,101,0,1,1,16923,nan,0.41036753062755227,0.6597353497164461,0.6326619530833618
context_long,6bba_20852818,846,27,63,0,0,3,9672,nan,-0.008813281410125025,0.9038461538461539,0.9046427388966843
context_long,6bba_2540cd90,523,0,0,0,0,0,3466,nan,-0.08379592915675389,1.0,1.0083795929156754
context_long,6bba_2312ac41,1128,5,4,1,0,1,12237,nan,0.02401673640167364,0.9920844327176781,0.9897017696867996
context_long,6bba_23af9eeb,498,1,1,0,0,0,4034,nan,-0.09348314606741573,0.996,1.0053109213483147
context_long,6bba_2646afc7,704,12,17,0,1,0,5150,nan,-0.06278434940855324,0.9604365620736699,0.9664666005434682
context_long,6bba_268e1230,578,10,31,0,0,1,4463,nan,-0.1261014294106129,0.9337641357027464,0.9455390349271945
context_long,6bba_2819ca14,915,20,34,0,0,1,4897,nan,-0.11510661366100469,0.9442724458204335,0.9551416461816119
context_long,6bba_283bf9f1,1266,13,22,0,1,0,21521,nan,0.03163798475624371,0.973097617217525,0.9700189324595384
context_long,6bba_312f0dc3,495,9,5,0,1,0,9299,nan,-0.06664659239184985,0.9724950884086444,0.9789764367846692
context_long,6bba_372c8cb8,1006,2,1,0,0,0,6492,nan,-0.07534539239424583,0.9970267591674926,1.0045388964071964
context_long,6bba_3a1849c2,1108,40,34,0,0,0,6408,nan,-0.08496358703412824,0.937394247038917,0.9453586848082752
context_long,6bba_337b1b3a,1194,32,19,1,0,1,29290,nan,-0.039041994750656166,0.9590361445783132,0.962780412990545
context_long,6bba_32db13fc,690,118,121,0,1,1,42908,nan,0.10859062136674848,0.7427341227125942,0.7346687267230294
context_long,6bba_3c5691b6,741,4,5,0,0,2,6108,nan,-0.023969319271332695,0.988,0.9903681687440077
context_long,6bba_3fda6b25,1164,6,15,0,0,1,8043,nan,-0.18278805120910385,0.9822784810126582,1.0002333579415525
context_long,6bba_43fea39d,853,12,27,0,1,0,5244,nan,-0.08768267223382047,0.9562780269058296,0.9646629281855884
context_long,6bba_3db54e20,433,41,41,0,0,1,22301,nan,-0.04023928386985712,0.8407766990291262,0.8441599242554656
context_long,6bba_3abfe10a,839,114,96,1,0,0,51725,nan,-0.006530298665130126,0.7998093422306959,0.8003316416186886
context_long,6bba_474be664,240,25,46,0,0,1,23988,nan,-0.15215777754214824,0.7717041800643086,0.7834462593601657
context_long,6bba_4aa14c89,648,30,33,0,0,0,7026,nan,0.035214380433181085,0.9113924050632911,0.90818299317571
context_long,6bba_4f99ce20,993,8,17,0,0,2,5300,nan,-0.11148365465213747,0.9754420432220039,0.9863166276099776
context_long,6bba_55b7eebe,682,6,6,0,0,1,4478,nan,-0.14818337454822142,0.9827089337175793,0.9972710463172748
context_long,6bba_48816121,896,20,22,1,0,4,25087,nan,0.04681827665345295,0.9552238805970149,0.9507516870062374
context_long,6bba_55c70843,402,49,65,0,0,0,36156,nan,0.020923337568826767,0.7790697674418605,0.7774396934684752
context_long,6bba_4ffd3da3,645,22,44,1,0,2,19900,nan,0.12830980325452174,0.9071729957805907,0.8955330769199484
context_long,6bba_5a4d9360,699,13,23,0,0,0,5439,nan,-0.08985943775100401,0.9510204081632653,0.9595662240799934
context_long,6bba_5b28472a,716,1,8,0,0,0,5649,nan,-0.026370217166494313,0.9875862068965517,0.9901904931712013
context_long,6bba_5c039895,1138,5,7,2,1,1,7911,nan,-0.07689614935822638,0.9895652173913043,0.997174592866927
context_long,6bba_5c824876,1080,44,50,1,0,0,24927,nan,0.01136040897472309,0.919931856899489,0.9188867766871635
context_long,6bba_5f89039d,885,0,0,0,0,0,4414,nan,-0.042723921058338755,1.0,1.0042723921058339
context_long,6bba_5dfe9ad1,1441,19,46,0,0,0,29264,nan,0.08735555307843793,0.9568393094289509,0.9484807867207152
context_long,6bba_61dd1e0d,534,8,9,0,0,0,9346,nan,-0.07721169036334913,0.969147005444646,0.976629953294742
context_long,6bba_61ecbe65,595,6,19,0,0,1,5351,nan,-0.07325943886387253,0.9596774193548387,0.9667079622780652
context_long,6bba_6321a359,785,13,13,0,0,1,4552,nan,-0.05579755237502593,0.967940813810111,0.9733416866355604
context_long,6bba_67ebd073,391,68,47,0,2,1,14948,nan,-0.0692983002303717,0.7727272727272727,0.7780821413814378
context_long,6bba_57b7cc1e,1268,330,324,0,1,3,71892,nan,0.0974034894903146,0.659729448491155,0.6533034534508991
context_long,6bba_6479435d,470,71,110,0,0,0,23555,nan,0.004349123779473841,0.7219662058371735,0.7216522137977952
context_long,6bba_6ca87370,1038,17,14,0,0,1,6219,nan,-0.13564975677553856,0.971000935453695,0.9841725395260064
context_long,6bba_6db0e9b4,428,15,12,0,0,0,24547,nan,-0.13673289959556884,0.9406593406593406,0.9535212485773413
context_long,6bba_6feb10f0,1125,99,218,0,0,0,10464,nan,0.18077183480027081,0.7801664355062413,0.7660632237066363
context_long,6bba_705ec2c9,536,23,26,0,2,1,5710,nan,0.019642857142857142,0.9162393162393162,0.9144395604395603
context_long,6bba_6feeb0b1,1330,7,13,0,0,0,6765,nan,-0.10015961691939346,0.9851851851851852,0.9950527622594662
context_long,6bba_718b21f9,649,0,3,0,0,0,4074,nan,-0.0538783093358105,0.995398773006135,1.000761813306586
context_long,6bba_76db78c1,604,0,0,0,0,0,4590,nan,-0.05458290422245108,1.0,1.005458290422245
context_long,6bba_784a78c9,1735,3,4,0,1,1,12598,nan,-0.038026878436163716,0.9959816303099885,0.9997690375480336
context_long,6bba_74686d6a,560,23,16,0,2,2,25088,nan,-0.1582055497768681,0.9348914858096828,0.9496819879591063
context_long,6bba_767a1e17,547,94,111,0,0,0,46628,nan,-0.022760615333025945,0.7273936170212766,0.7290492096525486
context_long,6bba_789f8168,670,16,11,0,0,0,10497,nan,-0.016766579243162234,0.9612625538020086,0.9628742622801891
context_long,6bba_7b5d3b2c,543,8,12,0,0,0,5340,nan,-0.07612456747404844,0.9644760213143873,0.971818053310552
context_long,6bba_7af54fde,1043,48,49,0,0,2,9972,nan,0.03615960099750624,0.9149122807017543,0.911603994399965
context_long,6bba_7d3058ae,1167,5,6,0,0,2,7344,nan,-0.03508080409932992,0.9906621392190152,0.9941374616624717
context_long,6bba_78a7bd97,725,109,107,0,0,2,38262,nan,-0.05788786841651688,0.7704569606801275,0.7749169717961716
context_long,6bba_7f87b3d8,892,49,42,1,0,2,9116,nan,-0.1384557225215008,0.9074262461851476,0.9199900818402013
context_long,6bba_80d12824,631,12,23,0,0,1,8080,nan,-0.10431216051435539,0.9474474474474475,0.9573304764691528
context_long,6bba_87289e13,669,41,30,0,1,1,13846,nan,-0.07483629560336763,0.904054054054054,0.9108196596971152
context_long,6bba_786893ac,1195,268,200,0,4,3,53320,nan,-0.09594940572068024,0.7185808779314492,0.725475618751426
context_long,6bba_825bd1c6,893,46,37,0,2,0,6793,nan,-0.10453466912733983,0.9149590163934426,0.9245235101978191
context_long,6bba_8b7818bf,723,2,2,1,0,1,5558,nan,-0.04632807137954702,0.9944979367262724,0.9991052538662191
context_long,6bba_907271db,916,1,5,0,0,1,6766,nan,-0.07391185327128387,0.9934924078091106,1.000835494316323
context_long,6bba_96833384,714,9,7,0,1,0,4703,nan,-0.034093242965701376,0.9780821917808219,0.9814167911613028
context_long,6bba_91951b3a,1125,16,23,0,0,0,11338,nan,-0.047787016040984294,0.9664948453608248,0.9711134358287032
context_long,6bba_971fa5e0,750,11,17,0,1,0,4932,nan,-0.12069887680513461,0.9640102827763496,0.9756457786123202
context_long,6bba_9e23430b,866,18,25,0,0,1,7205,nan,-0.06525687597301505,0.9526952695269527,0.9589122612313125
context_long,6bba_a5e926bb,665,21,33,0,0,0,7733,nan,-0.08376777251184835,0.9248956884561892,0.932643333618968
context_long,6bba_969618f6,650,5,8,0,0,3,15429,nan,0.11095910138248848,0.9803921568627451,0.969513813589952
context_long,6bba_9a41d029,1317,33,36,0,1,2,18287,nan,0.003071691075640393,0.9502164502164502,0.9499245730774446
context_long,6bba_ae82a791,1463,13,8,0,1,0,7099,nan,-0.041064433337836014,0.9858490566037735,0.989897389890381
context_long,6bba_a90a0b9c,871,179,241,0,0,0,28649,nan,-0.22352016478751083,0.6746707978311387,0.6897510506219925
context_long,6bba_ab78413d,930,113,208,0,0,2,11919,nan,0.289795476680013,0.7434052757793765,0.7218617271532844
context_long,6bba_aeee7805,757,3,11,0,0,1,4885,nan,-0.029598728645212555,0.9818417639429312,0.9847478907372795
context_long,6bba_acd782a8,307,27,23,0,0,0,19655,nan,-0.0027904616945712835,0.8599439775910365,0.860183941663931
context_long,6bba_af149c94,1268,27,49,0,0,0,7784,nan,-0.1286242023956118,0.9434523809523809,0.9555874619522049
context_long,6bba_afb141ff,593,19,33,1,0,3,5417,nan,-0.10521968946151306,0.9193798449612403,0.9290535311396398
context_long,6bba_b204cac7,802,8,9,0,0,2,5342,nan,0.049096622152395915,0.9792429792429792,0.9744352269882514
context_long,6bba_b1ae37b9,549,35,30,0,1,0,22378,nan,-0.07901884928800725,0.8941368078175895,0.9012021739835693
context_long,6bba_b693381b,913,12,22,0,0,0,6030,nan,0.08492263404102195,0.9640971488912354,0.9559097819557072
context_long,6bba_bbb708ca,848,8,13,0,2,0,6478,nan,-0.04524686809137804,0.9758342922899885,0.9802496368402173
context_long,6bba_c27cba08,484,5,9,0,0,0,6257,nan,-0.02916989914662529,0.9718875502008032,0.974722536382925
context_long,6bba_bb9f20c3,1795,78,84,0,2,3,22716,nan,-0.015387282735902215,0.9172202350536536,0.9186315877624396
context_long,6bba_b329af44,1166,88,102,0,0,1,63213,nan,0.01197470583526775,0.859882005899705,0.858852322492336
context_long,6bba_c73a1d11,546,97,164,0,0,0,23215,nan,0.4229236898559608,0.6765799256505576,0.6479657577866971
context_long,6bba_c328f2fd,448,25,52,0,0,2,29936,nan,-0.04137312668118355,0.8533333333333334,0.8568638401434611
context_long,6bba_cf35214c,815,3,2,0,0,0,34581,nan,-0.00885640584694755,0.9939024390243902,0.9947826793616172
context_long,6bba_d0fc38b5,813,0,0,0,0,0,5607,nan,-0.08247422680412371,1.0,1.0082474226804123
context_long,6bba_cff5865f,1459,37,42,0,0,0,46303,nan,-0.001272593934687891,0.9486345903771132,0.948755313039708
context_long,6bba_d1acb6ff,619,26,24,0,2,1,15960,nan,0.08431279298865411,0.9252615844544095,0.9174604456113636
context_long,6bba_cdcfe533,1330,19,18,1,2,3,28098,nan,-0.05663924794359577,0.9729334308705194,0.9784440526528883
context_long,6bba_d5eae175,519,0,0,0,0,0,4115,nan,-0.08940030980305377,1.0,1.0089400309803054
context_long,6bba_d2b9fc0c,917,5,4,0,0,2,18742,nan,-0.07116661710774111,0.990280777537797,0.9973282708302158
context_long,6bba_d6ecebbb,840,13,22,0,0,0,5946,nan,0.10953536107482739,0.96,0.9494846053368166
context_long,6bba_d3da753b,833,34,24,0,1,1,15894,nan,-0.07839499014264177,0.9349046015712682,0.9422337852737173
context_long,6bba_d82a4fc6,508,28,22,0,0,0,28208,nan,0.01775147928994083,0.910394265232975,0.9087781807384785
context_long,6bba_e16ffc58,935,7,7,1,0,0,5913,nan,-0.07130516726872939,0.9852476290832455,0.9922729537825354
context_long,6bba_e5e44988,597,16,37,0,0,0,5059,nan,-0.09902048085485307,0.9184615384615384,0.9275561887800533
context_long,6bba_debd7bfa,714,16,15,3,0,1,11709,nan,-0.008300160921487254,0.9583892617449664,0.9591847402547574
context_long,6bba_df673a83,644,7,10,1,0,3,21715,nan,0.12869691771921618,0.9742813918305597,0.9617426906185816
context_long,6bba_ed9377fd,497,0,11,0,0,0,4239,nan,-0.04591492234976367,0.9783464566929134,0.9828385268519355
context_long,6bba_eebc57a5,927,75,62,0,2,0,8383,nan,-0.10313469562426447,0.8712406015037594,0.8802261149289186
context_long,6bba_ebff6e76,996,266,268,0,0,0,47150,nan,0.1335224540821233,0.6509803921568628,0.64228834220485
context_long,6bba_edf14583,727,46,33,0,0,0,49751,nan,-0.16020728537186454,0.901985111662531,0.9164355702810603
context_long,6bba_ef7b4f7e,1174,7,27,0,0,2,5712,nan,-0.06467987555264451,0.9718543046357616,0.9781402461836759
context_long,6bba_f1fde7e0,415,29,31,0,0,0,7688,nan,-0.1495575221238938,0.8736842105263158,0.8867508150908244
context_long,6bba_f20478e9,931,22,32,0,0,1,5159,nan,-0.13627992633517497,0.9451776649746193,0.9580585392302586
context_long,6bba_ebdf3b34,729,65,74,0,0,2,58763,nan,0.033704505075025946,0.8398617511520737,0.8370310386866712
context_long,6bba_f17befbc,921,89,94,0,2,0,25242,nan,0.011176541281096021,0.8342391304347826,0.8333067396268216
context_long,6bba_f4ae811c,955,7,10,0,0,0,9239,nan,0.03774008761091767,0.9825102880658436,0.9788022856308203
context_long,6bba_fbc898dc,634,7,5,0,0,0,4913,nan,0.004908979341378605,0.9814241486068112,0.9809423695197471
context_long,6bba_fc516dc6,720,28,42,0,0,0,6643,nan,-0.1554792779049072,0.9113924050632911,0.9255626683660167
context_long,6bba_fc83837d,819,78,104,0,0,0,10881,nan,-0.1685642240391228,0.8181818181818182,0.8319734365122919
context_long,6bba_f8ffd5e7,352,17,18,1,0,1,30422,nan,0.02985781990521327,0.9095607235142119,0.9068449734866576
context_long,6bba_fe670320,662,14,18,0,0,2,9474,nan,-0.1256921373200443,0.9538904899135446,0.9658801433581944
context_long,6bba_fc5f39dc,440,7,18,0,0,2,17542,nan,0.25121255349500715,0.946236559139785,0.9224659089166015
context_both,44b6_0b24845f,49,0,0,0,0,0,18189,nan,-0.4453727702393658,1.0,1.0445372770239365
context_both,44b6_0db75fae,149,0,2,0,0,0,17537,nan,0.14359308770785784,0.9867549668874173,0.9725858476367742
context_both,44b6_0113de3b,46,3,4,0,0,0,25504,nan,-0.00974568045039798,0.8679245283018868,0.868770379812676
context_both,44b6_0c582fdc,69,1,1,0,0,0,26874,nan,-0.038772444380857,0.971830985915493,0.9755990122003931
context_both,44b6_144b256d,119,0,0,0,0,0,27680,nan,-0.5766030347528145,1.0,1.0576603034752814
context_both,44b6_12dfb391,741,38,32,0,0,1,44159,nan,-0.24735819470957185,0.9136868064118372,0.9362875983082358
context_both,44b6_1574802b,144,11,9,0,2,0,19325,nan,0.09322848899700176,0.8780487804878049,0.8698628643807511
context_both,44b6_18ced818,90,16,9,0,1,0,71416,nan,-0.09190783785158435,0.782608695652174,0.7898014829622979
context_both,44b6_1d530831,253,28,18,0,1,0,35431,nan,-0.010997906489881368,0.8461538461538461,0.8470844382414516
context_both,44b6_2f31fc2f,67,25,18,0,0,0,18129,nan,-0.25603250164149705,0.6090909090909091,0.624685616009073
context_both,44b6_267148e4,250,40,27,0,0,1,21753,nan,0.13711447987454262,0.7886435331230284,0.7778300883379698
context_both,44b6_341df25f,208,0,1,0,0,1,8377,nan,0.12654653039268424,0.9952153110047847,0.9826212065446516
context_both,44b6_33b596bf,49,0,0,0,0,0,23607,nan,0.011873124732104586,1.0,0.9988126875267895
context_both,44b6_2a2eff9f,197,23,13,0,1,1,38000,nan,-0.3258466833430908,0.8454935622317596,0.8730436895358751
context_both,44b6_24264f12,213,10,8,0,0,0,26825,nan,0.017910674306530566,0.922077922077922,0.9204264183431641
context_both,44b6_3bb3690f,380,26,16,0,0,0,15750,nan,-0.5068415943889533,0.9004739336492891,0.9461136980729389
context_both,44b6_40c45f5a,194,5,4,0,0,0,28638,nan,-0.12371102475444448,0.9556650246305419,0.9674876545824446
context_both,44b6_3a861e03,884,38,35,0,0,0,36227,nan,-0.10652098850688108,0.9237199582027168,0.9335595145078457
context_both,44b6_53f95252,67,2,1,0,0,0,30097,nan,-0.22260105902105126,0.9571428571428572,0.9784489585063005
context_both,44b6_5740d24b,169,1,1,0,0,0,11104,nan,-0.4372022301064369,0.9883040935672515,1.0315129689403437
context_both,44b6_415c0a3a,310,13,12,0,0,0,32710,nan,-0.4290651399846401,0.9253731343283582,0.9650776696702206
context_both,44b6_551a5dba,199,33,25,0,0,0,30299,nan,-0.4742221528103146,0.77431906614786,0.811038991598931
context_both,44b6_587a1e22,365,7,6,1,0,0,18695,nan,0.030765837790152725,0.9656084656084656,0.9626376902662948
context_both,44b6_66f9292d,197,2,1,0,0,0,20178,nan,-0.6171883892999431,0.985,1.0457930563460445
context_both,44b6_5f15d135,252,23,21,0,0,1,21100,nan,-0.28520613841932313,0.8513513513513513,0.8756324144870504
context_both,44b6_668e0cc7,613,28,18,0,0,0,33447,nan,-0.15752751819853406,0.9301972685887708,0.9448504353043553
context_both,44b6_74d0c52e,135,5,4,0,1,1,8399,nan,-0.44340622929092116,0.9375,0.9790693339960239
context_both,44b6_71a4179f,107,18,12,0,0,0,30550,nan,-0.548664460465666,0.781021897810219,0.8238737936276105
context_both,44b6_7a302da0,492,22,15,0,0,1,42572,nan,-0.3632474797331658,0.9300567107750473,0.9638407863948427
context_both,44b6_808952d6,179,0,0,0,0,0,14914,nan,-0.0525981450895693,1.0,1.0052598145089569
context_both,44b6_706092f0,108,10,9,0,0,1,28610,nan,-0.5906892901084437,0.8503937007874016,0.9006255459304818
context_both,44b6_81c256f0,197,0,0,0,0,0,11216,nan,0.11579785117389574,1.0,0.9884202148826104
context_both,44b6_7e557709,546,10,14,0,0,0,44403,nan,-0.2079379236532287,0.9578947368421052,0.9778130011078356
context_both,44b6_8cc6506c,381,22,15,0,0,0,18142,nan,-0.4360934974511998,0.9114832535885168,0.9512324455810783
context_both,44b6_87bba6c4,109,47,40,0,1,0,28078,nan,-0.0008540317415130596,0.5561224489795918,0.5561699436019515
context_both,44b6_90724892,97,12,6,0,0,0,23056,nan,-0.09697634341218862,0.8434782608695652,0.8516580046182456
context_both,44b6_8f9ecab4,366,4,4,0,0,0,39781,nan,-0.4684029772961127,0.9786096256684492,1.0244479918958227
context_both,44b6_95029e92,198,0,0,0,0,0,4757,nan,-0.07827940321643093,1.0,1.007827940321643
context_both,44b6_8f5ab931,572,39,32,0,1,0,27138,nan,-0.015704907330165753,0.8895800933125972,0.8909771706054207
context_both,44b6_949adeb1,351,44,27,0,0,0,37914,nan,0.019769224562252885,0.8317535545023697,0.8301092422224288
context_both,44b6_996155de,370,2,7,1,0,0,8914,nan,0.1770764558299221,0.9762532981530343,0.9589661507501132
context_both,44b6_97725144,219,1,2,0,0,0,32755,nan,-0.08439089841784536,0.9864864864864865,0.9948115345736523
context_both,44b6_9be80b04,205,18,15,0,1,1,25221,nan,-0.5642310416918638,0.8613445378151261,0.9099442703978285
context_both,44b6_9bfa6a0a,241,30,18,0,0,0,38634,nan,-0.39923493189027803,0.8339100346020761,0.867202636188774
context_both,44b6_aaf8b0ea,203,0,3,0,0,1,14078,nan,-0.3629575998913978,0.9854368932038835,1.0212040741640553
context_both,44b6_a2bb48bb,376,44,34,0,1,0,43495,nan,-0.28241466352102684,0.8281938325991189,0.8515832408554859
context_both,44b6_abf82518,94,0,0,0,0,0,25648,nan,-0.07085929575423852,1.0,1.0070859295754238
context_both,44b6_a21120c2,279,12,7,1,0,1,21935,nan,-0.04796006944444445,0.9362416107382551,0.9407318320050335
context_both,44b6_c15fded2,97,8,5,0,0,0,19360,nan,-0.059509351469516636,0.8818181818181818,0.8870658246295847
context_both,44b6_b2c44266,156,14,12,0,0,0,36766,nan,-0.3844531132280802,0.8571428571428571,0.8900959811338354
context_both,44b6_c771cb04,203,34,20,0,0,0,28042,nan,-0.4743274908613741,0.7898832684824902,0.8273496033637584
context_both,44b6_c8e2a523,158,10,6,0,1,1,28321,nan,-0.1455165339126237,0.9080459770114943,0.9212595473322958
context_both,44b6_c50204e0,297,31,28,0,1,2,35866,nan,-0.2381579506351162,0.8342696629213483,0.8541384582411881
context_both,44b6_cf2536e8,70,8,5,0,0,0,20700,nan,-0.6404064970033875,0.8433734939759037,0.8973836804701653
context_both,44b6_cf8fed6b,178,12,10,0,0,0,41025,nan,-0.0618353952754465,0.89,0.8955033501795148
context_both,44b6_c96cfa10,590,17,26,0,0,0,37288,nan,-0.1935288519768146,0.9320695102685624,0.950107744497049
context_both,44b6_d2f34f90,271,5,10,0,0,2,14684,nan,-0.3900473539918584,0.9475524475524476,0.9845114800460817
context_both,44b6_d29c9ab2,1285,56,43,0,0,0,36344,nan,-0.04496124031007752,0.9284682080924855,0.9326427163149169
context_both,44b6_d754aa59,64,3,6,0,0,1,5526,nan,0.06865209824018564,0.8767123287671232,0.8706935146748329
context_both,44b6_db3c847b,154,7,8,0,0,0,15241,nan,0.014511083006057378,0.9112426035502958,0.9099202918444185
context_both,44b6_d78e09d9,418,37,33,0,0,0,23343,nan,0.048699402488880904,0.8565573770491803,0.8523859938032066
context_both,44b6_ddf577ad,607,48,40,0,0,0,37316,nan,-0.30240035893217676,0.8733812949640288,0.8997923766722061
context_both,44b6_deabac95,121,6,3,1,2,0,15595,nan,0.11480448924154693,0.9307692307692308,0.9200835821552099
context_both,44b6_e29f0176,48,4,2,0,0,0,13367,nan,0.030688565039710076,0.8888888888888888,0.8861610164409146
context_both,44b6_d5e7d891,830,90,63,0,1,2,41907,nan,-0.0655770602925437,0.844354018311292,0.8498910437479971
context_both,44b6_e57ff5c6,143,19,43,0,0,0,15976,nan,-0.2135473072757704,0.697560975609756,0.7124572024099682
context_both,44b6_e28840c6,289,14,20,0,0,2,26339,nan,-0.6473368502798382,0.8947368421052632,0.9526564550250382
context_both,44b6_e35b117d,240,11,26,0,0,0,18289,nan,-0.36143989385845465,0.8664259927797834,0.8977420846664366
context_both,44b6_f28707c6,55,6,6,0,0,0,21382,nan,0.14611921097770153,0.8208955223880597,0.8089006617854125
context_both,6bba_05b6850b,836,8,9,0,0,0,5971,nan,-0.06145866079849104,0.9800703399765534,0.9860937210348814
context_both,44b6_e31261b4,106,10,7,0,0,0,66191,nan,-0.09148182716591632,0.8617886178861789,0.8696724176256806
context_both,6bba_07477033,593,14,9,0,0,0,4490,nan,-0.07154673283705541,0.9626623376623377,0.9695498721708399
context_both,6bba_062c8d37,896,4,2,1,1,0,5815,nan,-0.03565505804311774,0.9933481152993349,0.9968899037701369
context_both,44b6_eb2880fc,371,13,8,0,3,1,35929,nan,-0.2527867897845437,0.9464285714285714,0.9703530354617516
context_both,6bba_085bf656,1164,0,4,0,0,1,8176,nan,-0.03391232423490488,0.9965753424657534,0.9999549610795745
context_both,6bba_07e24132,309,17,36,0,0,2,26959,nan,0.25478240632999766,0.8535911602209945,0.8318431592386826
context_both,6bba_0c7fa718,620,45,39,0,0,0,12340,nan,-0.09597069597069598,0.8806818181818182,0.8891337828837829
context_both,6bba_12665c0e,961,21,37,0,1,3,8003,nan,-0.037406783738272796,0.943081452404318,0.9466092167980843
context_both,6bba_09961292,1786,111,85,1,0,3,29136,nan,-0.06366294951312787,0.9011099899091827,0.906846721888519
context_both,6bba_13f19531,693,11,11,0,0,0,5514,nan,-0.04486402217218084,0.9692307692307692,0.9735791283028422
context_both,6bba_05db0fb1,1113,93,70,0,0,3,68533,nan,-0.01815186246418338,0.872257053291536,0.8738403622980123
context_both,6bba_0e7c0d07,179,19,19,0,0,1,21106,nan,-0.06057773623536743,0.8248847926267281,0.8298817579659589
context_both,6bba_15403b9a,716,14,13,0,1,0,6239,nan,-0.09435331688198577,0.9636608344549125,0.9727532940629208
context_both,6bba_1ebfb80d,675,37,44,0,0,0,11044,nan,-0.04447136182730576,0.8928571428571429,0.8968278001631523
context_both,6bba_1d0d8384,1255,107,110,0,0,1,16823,nan,-0.06063990172538947,0.8525815217391305,0.8577515677082449
context_both,6bba_1f58c2f6,264,48,35,0,1,0,31208,nan,0.07974950697159465,0.760806916426513,0.7547395187779536
context_both,6bba_207c6aaf,344,78,106,0,1,1,16910,nan,0.40928410700891743,0.6515151515151515,0.6248496718160856
context_both,6bba_23af9eeb,498,1,1,0,0,0,4055,nan,-0.08876404494382023,0.996,1.0048408988764046
context_both,6bba_20852818,846,27,63,0,0,3,9703,nan,-0.005636400901824145,0.9038461538461539,0.9043555977738188
context_both,6bba_2540cd90,523,0,0,0,0,0,3466,nan,-0.08379592915675389,1.0,1.0083795929156754
context_both,6bba_2312ac41,1128,5,4,1,0,1,12235,nan,0.02384937238493724,0.9920844327176781,0.9897183736103597
context_both,6bba_2646afc7,704,12,17,0,1,0,5156,nan,-0.06169244767970883,0.9604365620736699,0.9663617303092108
context_both,6bba_268e1230,578,10,31,0,0,1,4473,nan,-0.12414333268063442,0.9337641357027464,0.9453561948771256
context_both,6bba_2819ca14,915,20,34,0,0,1,4898,nan,-0.11492591254065775,0.9442724458204335,0.9551245830727246
context_both,6bba_312f0dc3,495,9,5,0,1,0,9296,nan,-0.06694770651410217,0.9724950884086444,0.9790057199851632
context_both,6bba_283bf9f1,1266,13,22,0,1,0,21546,nan,0.032836393269737786,0.973097617217525,0.9699023156126451
context_both,6bba_372c8cb8,1006,2,1,0,0,0,6501,nan,-0.07406352371457058,0.9970267591674926,1.004411090669659
context_both,6bba_3a1849c2,1108,40,34,0,0,0,6423,nan,-0.08282164786520063,0.937394247038917,0.9451579006628293
context_both,6bba_337b1b3a,1194,32,19,1,0,1,29308,nan,-0.03845144356955381,0.9590361445783132,0.9627237769977548
context_both,6bba_3c5691b6,741,4,5,0,0,2,6116,nan,-0.022690955576861616,0.988,0.9902418664109938
context_both,6bba_32db13fc,690,118,121,0,1,1,42938,nan,0.10936571502389872,0.7427341227125942,0.734611157872283
context_both,6bba_43fea39d,853,13,27,0,1,0,5251,nan,-0.08646485734168406,0.9552071668533034,0.9634663519946759
context_both,6bba_3fda6b25,1164,6,15,0,0,1,8077,nan,-0.179333468807153,0.9822784810126582,0.9998940217461203
context_both,6bba_3abfe10a,839,114,96,1,0,0,51773,nan,-0.00560837414769999,0.7998093422306959,0.8002579052345015
context_both,6bba_3db54e20,433,41,41,0,0,1,22314,nan,-0.03967980719573076,0.8407766990291262,0.8441128847603402
context_both,6bba_4aa14c89,648,30,33,0,0,0,7030,nan,0.03580374244879918,0.9113924050632911,0.9081292791692234
context_both,6bba_4f99ce20,993,8,17,0,0,2,5301,nan,-0.11131601005867561,0.9754420432220039,0.9863002748514994
context_both,6bba_474be664,240,25,46,0,0,1,24027,nan,-0.15077934471424026,0.7717041800643086,0.7833398851226423
context_both,6bba_55b7eebe,682,6,6,0,0,1,4483,nan,-0.1472322617462431,0.9827089337175793,0.9971775796125272
context_both,6bba_48816121,896,20,22,1,0,4,25102,nan,0.047444189442937615,0.9552238805970149,0.9506918983218686
context_both,6bba_4ffd3da3,645,22,44,1,0,2,19926,nan,0.1297839768668141,0.9071729957805907,0.8953993438707321
context_both,6bba_55c70843,402,49,65,0,0,0,36174,nan,0.02143159678102499,0.7790697674418605,0.7774000965298504
context_both,6bba_5b28472a,716,1,8,0,0,0,5659,nan,-0.02464667356084109,0.9875862068965517,0.9900202783820087
context_both,6bba_5a4d9360,699,13,23,0,0,0,5444,nan,-0.08902275769745649,0.9510204081632653,0.9594866540993907
context_both,6bba_5c824876,1080,44,50,1,0,0,24979,nan,0.013470199212885949,0.919931856899489,0.9186926903620174
context_both,6bba_5c039895,1138,5,7,2,1,1,7913,nan,-0.07666277712952159,0.9895652173913043,0.9971514991629039
context_both,6bba_5dfe9ad1,1441,19,46,0,0,0,29289,nan,0.08828447218816185,0.9568393094289509,0.9483919040887689
context_both,6bba_5f89039d,885,0,0,0,0,0,4418,nan,-0.041856430275428326,1.0,1.0041856430275429
context_both,6bba_61dd1e0d,534,9,9,0,0,0,9346,nan,-0.07721169036334913,0.967391304347826,0.9748606961329762
context_both,6bba_61ecbe65,595,6,19,0,0,1,5355,nan,-0.07256667821267752,0.9596774193548387,0.9666414796026683
context_both,6bba_67ebd073,391,68,47,0,2,1,14956,nan,-0.06880019924039599,0.7727272727272727,0.7780436517594851
context_both,6bba_6479435d,470,71,110,0,0,0,23579,nan,0.00537244702170298,0.7219662058371735,0.7215783333179415
context_both,6bba_6321a359,785,13,13,0,0,1,4560,nan,-0.054138145612943375,0.967940813810111,0.9731810658823872
context_both,6bba_57b7cc1e,1270,326,322,0,1,3,71956,nan,0.09838042466150723,0.662148070907195,0.6556338300667301
context_both,6bba_6ca87370,1038,17,14,0,0,1,6236,nan,-0.13328700486448922,0.971000935453695,0.983943116094419
context_both,6bba_6db0e9b4,428,15,12,0,0,0,24553,nan,-0.13652189203446458,0.9406593406593406,0.9535013999540112
context_both,6bba_6feb10f0,1125,99,218,0,0,0,10475,nan,0.182013089596028,0.7801664355062413,0.7659663851736802
context_both,6bba_6feeb0b1,1330,7,13,0,0,0,6766,nan,-0.1000266028198989,0.9851851851851852,0.9950396579074418
context_both,6bba_705ec2c9,536,23,26,0,2,1,5725,nan,0.022321428571428572,0.9162393162393162,0.9141941391941392
context_both,6bba_76db78c1,604,0,0,0,0,0,4596,nan,-0.0533470648815654,1.0,1.0053347064881566
context_both,6bba_718b21f9,649,0,3,0,0,0,4077,nan,-0.0531816070599164,0.995398773006135,1.0006924636475285
context_both,6bba_74686d6a,560,23,16,0,2,2,25107,nan,-0.1575680300640875,0.9348914858096828,0.9496223867839548
context_both,6bba_767a1e17,547,94,111,0,0,0,46642,nan,-0.02246720040239762,0.7273936170212766,0.7290278668377809
context_both,6bba_784a78c9,1735,3,4,0,1,1,12615,nan,-0.03672877214416616,0.9959816303099885,0.9996397485459315
context_both,6bba_789f8168,670,16,11,0,0,0,10504,nan,-0.01611090295991008,0.9612625538020086,0.9628112345743385
context_both,6bba_7b5d3b2c,543,8,12,0,0,0,5345,nan,-0.07525951557093426,0.9644760213143873,0.9717346211287775
context_both,6bba_7af54fde,1043,48,49,0,0,2,9978,nan,0.03678304239401496,0.9149122807017543,0.9115469549809686
context_both,6bba_7d3058ae,1167,5,6,0,0,2,7361,nan,-0.03284719484955985,0.9906621392190152,0.993916186450716
context_both,6bba_78a7bd97,725,110,107,0,0,2,38270,nan,-0.05769088715435944,0.7696390658174098,0.7740791818669758
context_both,6bba_80d12824,631,12,23,0,0,1,8119,nan,-0.09998891475446181,0.9474474474474475,0.9569208716531629
context_both,6bba_7f87b3d8,892,49,42,1,0,2,9122,nan,-0.13788866836782912,0.9074262461851476,0.9199386258579964
context_both,6bba_825bd1c6,893,46,37,0,2,0,6798,nan,-0.10387556024255207,0.9149590163934426,0.924463204436127
context_both,6bba_786893ac,1195,268,200,0,4,3,53374,nan,-0.095033825598942,0.7185808779314492,0.7254098269146564
context_both,6bba_8b7818bf,723,2,2,1,0,1,5570,nan,-0.04426904598490048,0.9944979367262724,0.9989004842155549
context_both,6bba_96833384,714,9,7,0,1,0,4715,nan,-0.031628671185048265,0.9780821917808219,0.9811757357844006
context_both,6bba_907271db,917,1,4,0,0,1,6771,nan,-0.07322748425951273,0.9945770065075922,1.001860043716483
context_both,6bba_91951b3a,1125,16,23,0,0,0,11342,nan,-0.047451079197110946,0.9664948453608248,0.9710809677059065
context_both,6bba_87289e13,669,41,30,0,1,1,13862,nan,-0.07376720566617667,0.904054054054054,0.9107230081879287
context_both,6bba_971fa5e0,750,11,17,0,1,0,4937,nan,-0.11980745230878945,0.9640102827763496,0.9755598443742406
context_both,6bba_9e23430b,866,18,25,0,0,1,7206,nan,-0.06512714063310845,0.9526952695269527,0.9588999014068506
context_both,6bba_969618f6,650,5,8,0,0,3,15443,nan,0.11196716589861751,0.9803921568627451,0.9694149837354296
context_both,6bba_a5e926bb,665,21,33,0,0,0,7736,nan,-0.08341232227488152,0.9248956884561892,0.9326104581798047
context_both,6bba_9a41d029,1317,33,36,0,1,2,18288,nan,0.003126542701991114,0.9502164502164502,0.9499193609856765
context_both,6bba_ae82a791,1463,13,8,0,1,0,7103,nan,-0.040524111846548694,0.9858490566037735,0.9898441223471361
context_both,6bba_acd782a8,307,27,23,0,0,0,19693,nan,-0.0008625063419583968,0.8599439775910365,0.8600181483044766
context_both,6bba_a90a0b9c,873,177,239,0,0,0,28745,nan,-0.22091825672159585,0.6772692009309542,0.6922313140510437
context_both,6bba_ab78413d,930,113,208,0,0,2,11942,nan,0.2922843848068391,0.7434052757793765,0.7216767004100432
context_both,6bba_aeee7805,757,3,11,0,0,1,4891,nan,-0.02840683353198252,0.9818417639429312,0.9846308654972387
context_both,6bba_af149c94,1268,27,49,0,0,0,7791,nan,-0.12784059106683085,0.9434523809523809,0.955513531954817
context_both,6bba_afb141ff,593,19,33,1,0,3,5421,nan,-0.1045589692765114,0.9193798449612403,0.9289927858575149
context_both,6bba_b1ae37b9,549,35,30,0,1,0,22439,nan,-0.07650835459708619,0.8941368078175895,0.9009777014126711
context_both,6bba_b204cac7,802,8,9,0,0,2,5355,nan,0.0516496465043205,0.9792429792429792,0.9741852238710055
context_both,6bba_b693381b,913,12,22,0,0,0,6028,nan,0.08456279237135661,0.9640971488912354,0.9559444741884848
context_both,6bba_bbb708ca,848,8,13,0,2,0,6464,nan,-0.047310243183493,0.9758342922899885,0.9804509880574918
context_both,6bba_c27cba08,484,5,9,0,0,0,6262,nan,-0.02839410395655547,0.9718875502008032,0.9746471378142515
context_both,6bba_b329af44,1166,88,102,0,0,1,63225,nan,0.012166813415512687,0.859882005899705,0.8588358035071911
context_both,6bba_bb9f20c3,1795,78,84,0,2,3,22751,nan,-0.01387022669151749,0.9172202350536536,0.9184924403122776
context_both,6bba_c73a1d11,546,97,164,0,0,0,23228,nan,0.42372050260496474,0.6765799256505576,0.6479118470356492
context_both,6bba_c328f2fd,448,25,52,0,0,2,30017,nan,-0.03877930062764186,0.8533333333333334,0.8566425003202256
context_both,6bba_cf35214c,815,3,2,0,0,0,34614,nan,-0.007910576096302666,0.9939024390243902,0.9946886731120105
context_both,6bba_cff5865f,1459,37,42,0,0,0,46331,nan,-0.0006686510504292308,0.9486345903771132,0.948698020928646
context_both,6bba_d0fc38b5,813,0,0,0,0,0,5604,nan,-0.08296514482081492,1.0,1.0082965144820815
context_both,6bba_d1acb6ff,619,26,24,0,2,1,15958,nan,0.08417691419254025,0.9252615844544095,0.9174730179543823
context_both,6bba_d5eae175,519,0,0,0,0,0,4117,nan,-0.08895773401194955,1.0,1.008895773401195
context_both,6bba_cdcfe533,1330,19,18,1,2,3,28150,nan,-0.05489340271948968,0.9729334308705194,0.9782741935345224
context_both,6bba_d3da753b,833,34,24,0,1,1,15917,nan,-0.07706134755885423,0.9349046015712682,0.9421091024148737
context_both,6bba_d6ecebbb,840,13,22,0,0,0,5964,nan,0.1128941966784848,0.96,0.9491621571188654
context_both,6bba_d2b9fc0c,917,5,4,0,0,2,18797,nan,-0.06844087620180395,0.990280777537797,0.9970583459478459
context_both,6bba_d82a4fc6,508,28,22,0,0,0,28227,nan,0.018437003896666186,0.910394265232975,0.9087157709714146
context_both,6bba_e16ffc58,935,7,7,1,0,0,5917,nan,-0.07067692790953353,0.9852476290832455,0.9922110566486211
context_both,6bba_e5e44988,597,16,37,0,0,0,5062,nan,-0.09848619768477293,0.9184615384615384,0.9275071169258168
context_both,6bba_debd7bfa,714,16,15,3,0,1,11720,nan,-0.007368510205810113,0.9583892617449664,0.9590954518505971
context_both,6bba_ed9377fd,497,0,11,0,0,0,4249,nan,-0.04366419086203016,0.9783464566929134,0.9826183273343364
context_both,6bba_df673a83,644,7,10,1,0,3,21726,nan,0.12926867300795258,0.9742813918305597,0.961686985564732
context_both,6bba_ebff6e76,996,266,268,0,0,0,47202,nan,0.13477257428598904,0.6509803921568628,0.6422069618307944
context_both,6bba_eebc57a5,927,76,62,0,2,0,8396,nan,-0.10174387504011982,0.8704225352112676,0.8792785513767314
context_both,6bba_ef7b4f7e,1174,7,27,0,0,2,5710,nan,-0.0650073685934174,0.9718543046357616,0.9781720737358173
context_both,6bba_edf14583,727,46,33,0,0,0,49770,nan,-0.15988656696262787,0.901985111662531,0.9164066419580436
context_both,6bba_f1fde7e0,415,29,31,0,0,0,7692,nan,-0.1491150442477876,0.8736842105263158,0.8867121564974383
context_both,6bba_f17befbc,922,89,93,0,2,0,25254,nan,0.011657252734046388,0.8351449275362319,0.8341713779872473
context_both,6bba_f20478e9,931,22,32,0,0,1,5160,nan,-0.13611250627825214,0.9451776649746193,0.9580427150604115
context_both,6bba_ebdf3b34,729,65,74,0,0,2,58840,nan,0.03505901806603691,0.8398617511520737,0.8369172783214123
context_both,6bba_fbc898dc,634,7,5,0,0,0,4920,nan,0.006340764982614031,0.9814241486068112,0.9808018506193533
context_both,6bba_f4ae811c,955,7,10,0,0,0,9250,nan,0.03897562619341795,0.9825102880658436,0.9786808926939594
context_both,6bba_fc516dc6,720,28,42,0,0,0,6649,nan,-0.1547165013984236,0.9113924050632911,0.9254931494945399
context_both,6bba_fc83837d,819,80,104,0,0,0,10885,nan,-0.16825857721402918,0.8165503489531406,0.830289508946988
context_both,6bba_fe670320,662,14,18,0,0,2,9481,nan,-0.12504614248800294,0.9538904899135446,0.9658185225255127
context_both,6bba_fc5f39dc,440,7,18,0,0,2,17548,nan,0.25164051355206846,0.946236559139785,0.9224254137714173
context_both,6bba_f8ffd5e7,352,17,18,1,0,1,30443,nan,0.03056872037914692,0.9095607235142119,0.9067803127717159
fork_smooth03,44b6_0b24845f,49,0,0,0,0,0,18149,nan,-0.4465924683640799,1.0,1.044659246836408
fork_smooth03,44b6_0db75fae,149,0,2,0,0,0,17507,nan,0.14163677861102053,0.9867549668874173,0.9727788874085814
fork_smooth03,44b6_0113de3b,46,3,4,0,0,0,25491,nan,-0.01025043680838672,0.8679245283018868,0.8688141888550677
fork_smooth03,44b6_0c582fdc,69,1,1,0,0,0,26811,nan,-0.04102582445096216,0.971830985915493,0.9758180026579104
fork_smooth03,44b6_1574802b,144,11,9,0,2,0,19280,nan,0.09068280816880693,0.8780487804878049,0.8700863875754218
fork_smooth03,44b6_144b256d,119,0,0,0,0,0,27584,nan,-0.5780714635340186,1.0,1.0578071463534018
fork_smooth03,44b6_12dfb391,741,38,32,0,0,1,44134,nan,-0.24778429233706026,0.9136868064118372,0.9363265302862839
fork_smooth03,44b6_24264f12,213,10,8,0,0,0,26797,nan,0.01684817667817706,0.922077922077922,0.9205243889037006
fork_smooth03,44b6_1d530831,253,28,18,0,1,0,35393,nan,-0.012058618283321703,0.8461538461538461,0.8471741907778195
fork_smooth03,44b6_18ced818,90,16,9,0,1,0,71302,nan,-0.0933574080667311,0.782608695652174,0.7899149275878312
fork_smooth03,44b6_2f31fc2f,67,25,18,0,0,0,18092,nan,-0.25755088640840446,0.6090909090909091,0.6247780994448756
fork_smooth03,44b6_33b596bf,49,0,0,0,0,0,23601,nan,0.011615945135019288,1.0,0.998838405486498
fork_smooth03,44b6_341df25f,208,0,1,0,0,1,8365,nan,0.12493275954814416,0.9952153110047847,0.9827818114899455
fork_smooth03,44b6_267148e4,250,40,27,0,0,1,21733,nan,0.13606900156821747,0.7886435331230284,0.7779125393085001
fork_smooth03,44b6_3a861e03,884,38,35,0,0,0,36221,nan,-0.10666896857889804,0.9237199582027168,0.9335731837224395
fork_smooth03,44b6_2a2eff9f,197,23,13,0,1,1,37925,nan,-0.3271772490996505,0.8454935622317596,0.8731561880140047
fork_smooth03,44b6_40c45f5a,194,5,4,0,0,0,28599,nan,-0.12490437869098253,0.9556650246305419,0.9676016992443599
fork_smooth03,44b6_3bb3690f,380,26,16,0,0,0,15743,nan,-0.5070607759025582,0.9004739336492891,0.9461334347969129
fork_smooth03,44b6_53f95252,67,2,1,0,0,0,30053,nan,-0.22373756941753842,0.9571428571428572,0.9785577387871074
fork_smooth03,44b6_551a5dba,199,33,25,0,0,0,30269,nan,-0.47474274211741024,0.77431906614786,0.8110793018215428
fork_smooth03,44b6_5740d24b,169,1,1,0,0,0,11093,nan,-0.4377597567156614,0.9883040935672515,1.0315680695233607
fork_smooth03,44b6_415c0a3a,310,13,12,0,0,0,32632,nan,-0.4304265866089506,0.9253731343283582,0.9652036542832162
fork_smooth03,44b6_587a1e22,365,7,6,1,0,0,18679,nan,0.02988366322986161,0.9656084656084656,0.962722873788651
fork_smooth03,44b6_66f9292d,197,2,1,0,0,0,20022,nan,-0.6201479795105294,0.985,1.0460845759817872
fork_smooth03,44b6_5f15d135,252,23,21,0,0,1,21051,nan,-0.2868660862495342,0.8513513513513513,0.8757737343698927
fork_smooth03,44b6_668e0cc7,613,28,18,0,0,0,33423,nan,-0.15813203697639858,0.9301972685887708,0.9449066674759533
fork_smooth03,44b6_706092f0,108,10,9,0,0,1,28562,nan,-0.5913760050359095,0.8503937007874016,0.9006839437353371
fork_smooth03,44b6_71a4179f,107,20,12,0,0,0,30501,nan,-0.5493883701690108,0.7697841726618705,0.812075219861931
fork_smooth03,44b6_74d0c52e,135,5,4,0,1,1,8389,nan,-0.4440689198144466,0.9375,0.9791314612326043
fork_smooth03,44b6_7a302da0,492,22,15,0,0,1,42483,nan,-0.36457865924795835,0.9300567107750473,0.9639645936389405
fork_smooth03,44b6_808952d6,179,0,0,0,0,0,14896,nan,-0.05374158302629907,1.0,1.0053741583026299
fork_smooth03,44b6_81c256f0,197,0,0,0,0,0,11208,nan,0.11500198965380024,1.0,0.98849980103462
fork_smooth03,44b6_7e557709,546,10,14,0,0,0,44367,nan,-0.20858009275775954,0.9578947368421052,0.9778745141483749
fork_smooth03,44b6_8cc6506c,381,22,15,0,0,0,18127,nan,-0.4365597413900286,0.9114832535885168,0.9512749429353112
fork_smooth03,44b6_87bba6c4,109,47,40,0,1,0,28051,nan,-0.0018148174507152516,0.5561224489795918,0.5562233750521062
fork_smooth03,44b6_8f5ab931,572,39,32,0,1,0,27103,nan,-0.016974357114359292,0.8895800933125972,0.8910900983311685
fork_smooth03,44b6_90724892,97,12,6,0,0,0,23034,nan,-0.09783800720664264,0.8434782608695652,0.8517306840861256
fork_smooth03,44b6_95029e92,198,0,0,0,0,0,4757,nan,-0.07827940321643093,1.0,1.007827940321643
fork_smooth03,44b6_8f9ecab4,366,4,4,0,0,0,39734,nan,-0.4690310424545321,0.9786096256684492,1.0245094549567806
fork_smooth03,44b6_996155de,370,2,7,1,0,0,8879,nan,0.17245477353756766,0.9762532981530343,0.9594173440082058
fork_smooth03,44b6_949adeb1,351,44,27,0,0,0,37856,nan,0.01820920412060572,0.8317535545023697,0.8302389974771723
fork_smooth03,44b6_97725144,219,1,2,0,0,0,32719,nan,-0.08539721585509029,0.9864864864864865,0.994910806428948
fork_smooth03,44b6_9be80b04,205,18,15,0,1,1,25200,nan,-0.5645938801250928,0.8613445378151261,0.9099755232880857
fork_smooth03,44b6_9bfa6a0a,241,30,18,0,0,0,38617,nan,-0.39949928469241774,0.8339100346020761,0.867224680834212
fork_smooth03,44b6_a21120c2,279,12,7,1,0,1,21921,nan,-0.048567708333333334,0.9362416107382551,0.9407887216862417
fork_smooth03,44b6_a2bb48bb,376,44,34,0,1,0,43396,nan,-0.28404797650669,0.8281938325991189,0.8517185108296289
fork_smooth03,44b6_aaf8b0ea,203,0,3,0,0,1,14024,nan,-0.36540114937327484,0.9854368932038835,1.0214448705450363
fork_smooth03,44b6_abf82518,94,0,0,0,0,0,25568,nan,-0.07375742645993334,1.0,1.0073757426459933
fork_smooth03,44b6_c15fded2,97,8,5,0,0,0,19358,nan,-0.05960650959436483,0.8818181818181818,0.887074392209685
fork_smooth03,44b6_b2c44266,156,14,12,0,0,0,36725,nan,-0.3851395469537411,0.8571428571428571,0.8901548183103206
fork_smooth03,44b6_c771cb04,203,34,20,0,0,0,28016,nan,-0.4748148842440716,0.7898832684824902,0.8273881017515745
fork_smooth03,44b6_c8e2a523,158,10,6,0,1,1,28311,nan,-0.14581824764663287,0.9080459770114943,0.9212869443265332
fork_smooth03,44b6_cf2536e8,70,8,5,0,0,0,20633,nan,-0.6415703986797533,0.8433734939759037,0.8974818408525094
fork_smooth03,44b6_c50204e0,297,31,28,0,1,2,35776,nan,-0.2400696716088194,0.8342696629213483,0.8542979473224213
fork_smooth03,44b6_c96cfa10,590,17,26,0,0,0,37261,nan,-0.19411281252703522,0.9320695102685624,0.950162173679455
fork_smooth03,44b6_d29c9ab2,1285,56,43,0,0,0,36336,nan,-0.0451714623571147,0.9284682080924855,0.9326622347636483
fork_smooth03,44b6_cf8fed6b,178,12,10,0,0,0,41008,nan,-0.062224153307873495,0.89,0.8955379496444007
fork_smooth03,44b6_d754aa59,64,3,6,0,0,1,5523,nan,0.06807193966350802,0.8767123287671232,0.8707443778925144
fork_smooth03,44b6_d2f34f90,271,5,10,0,0,2,14679,nan,-0.39025504693860597,0.9475524475524476,0.9845311600420847
fork_smooth03,44b6_db3c847b,154,7,8,0,0,0,15223,nan,0.013312920189043467,0.9112426035502958,0.9100294735449037
fork_smooth03,44b6_d5e7d891,830,90,63,0,1,2,41859,nan,-0.06664734213342847,0.844354018311292,0.8499814134253048
fork_smooth03,44b6_ddf577ad,607,48,40,0,0,0,37273,nan,-0.3032042174530771,0.8733812949640288,0.8998625841718012
fork_smooth03,44b6_d78e09d9,418,37,33,0,0,0,23310,nan,0.04721685610314929,0.8565573770491803,0.8525129824075581
fork_smooth03,44b6_deabac95,121,6,3,1,2,0,15574,nan,0.11330330974336979,0.9307692307692308,0.9202233073238864
fork_smooth03,44b6_e29f0176,48,4,2,0,0,0,13354,nan,0.029686174724342665,0.8888888888888888,0.8862501178022806
fork_smooth03,44b6_e28840c6,289,14,20,0,0,2,26312,nan,-0.6476983638165118,0.8947368421052632,0.9526888009730563
fork_smooth03,44b6_e35b117d,240,11,26,0,0,0,18249,nan,-0.362836493139206,0.8664259927797834,0.8978630896582707
fork_smooth03,44b6_e31261b4,106,10,7,0,0,0,66142,nan,-0.0921543867354782,0.8617886178861789,0.8697303780438705
fork_smooth03,44b6_e57ff5c6,142,19,44,0,0,0,15952,nan,-0.2147287584916806,0.6926829268292682,0.7075568213199115
fork_smooth03,6bba_05b6850b,836,8,9,0,0,0,5965,nan,-0.06240176045268783,0.9800703399765534,0.9861861514347535
fork_smooth03,44b6_f28707c6,55,6,6,0,0,0,21361,nan,0.1449935677530017,0.8208955223880597,0.8089930653337088
fork_smooth03,6bba_07477033,593,14,9,0,0,0,4485,nan,-0.07258064516129033,0.9626623376623377,0.9696494030163385
fork_smooth03,6bba_062c8d37,896,4,2,1,1,0,5828,nan,-0.033499170812603646,0.9933481152993349,0.9966757491184138
fork_smooth03,44b6_eb2880fc,371,13,8,0,3,1,35880,nan,-0.25380583978038435,0.9464285714285714,0.9704494812649291
fork_smooth03,6bba_085bf656,1164,0,4,0,0,1,8166,nan,-0.03509393831974477,0.9965753424657534,1.0000727178257007
fork_smooth03,6bba_07e24132,309,17,36,0,0,2,26917,nan,0.2528275541075169,0.8535911602209945,0.8320100236963474
fork_smooth03,6bba_0c7fa718,620,45,39,0,0,0,12328,nan,-0.09684981684981685,0.8806818181818182,0.8892112054612056
fork_smooth03,6bba_12665c0e,961,21,37,0,1,3,7995,nan,-0.03836901611739235,0.943081452404318,0.9466999631490495
fork_smooth03,6bba_13f19531,693,11,11,0,0,0,5501,nan,-0.04711588428893123,0.9692307692307692,0.973797385708004
fork_smooth03,6bba_0e7c0d07,179,19,19,0,0,1,21076,nan,-0.06191302799661726,0.8248847926267281,0.8299919041527163
fork_smooth03,6bba_09961292,1788,108,83,1,0,3,29116,nan,-0.06430568499534017,0.9034866093986862,0.9092965419288362
fork_smooth03,6bba_05db0fb1,1113,93,70,0,0,3,68490,nan,-0.018767908309455586,0.872257053291536,0.8738940973313812
fork_smooth03,6bba_15403b9a,716,14,13,0,1,0,6235,nan,-0.09493395267818261,0.9636608344549125,0.9728092476605085
fork_smooth03,6bba_1ebfb80d,675,37,44,0,0,0,11035,nan,-0.0452500432600796,0.8928571428571429,0.8968973252910786
fork_smooth03,6bba_1d0d8384,1255,107,110,0,0,1,16778,nan,-0.06315260483555754,0.8525815217391305,0.8579657961323794
fork_smooth03,6bba_1f58c2f6,264,48,35,0,1,0,31173,nan,0.07853856001107151,0.760806916426513,0.7548316484602529
fork_smooth03,6bba_207c6aaf,349,79,101,0,1,1,16923,nan,0.41036753062755227,0.6597353497164461,0.6326619530833618
fork_smooth03,6bba_23af9eeb,498,1,1,0,0,0,4034,nan,-0.09348314606741573,0.996,1.0053109213483147
fork_smooth03,6bba_20852818,846,27,63,0,0,3,9672,nan,-0.008813281410125025,0.9038461538461539,0.9046427388966843
fork_smooth03,6bba_2540cd90,523,0,0,0,0,0,3466,nan,-0.08379592915675389,1.0,1.0083795929156754
fork_smooth03,6bba_2312ac41,1128,5,4,1,0,1,12237,nan,0.02401673640167364,0.9920844327176781,0.9897017696867996
fork_smooth03,6bba_2646afc7,704,12,17,0,1,0,5150,nan,-0.06278434940855324,0.9604365620736699,0.9664666005434682
fork_smooth03,6bba_268e1230,578,10,31,0,0,1,4463,nan,-0.1261014294106129,0.9337641357027464,0.9455390349271945
fork_smooth03,6bba_312f0dc3,494,11,6,0,1,0,9299,nan,-0.06664659239184985,0.9667318982387475,0.9731748369161592
fork_smooth03,6bba_2819ca14,915,20,34,0,0,1,4897,nan,-0.11510661366100469,0.9442724458204335,0.9551416461816119
fork_smooth03,6bba_283bf9f1,1266,13,22,0,1,0,21521,nan,0.03163798475624371,0.973097617217525,0.9700189324595384
fork_smooth03,6bba_372c8cb8,1006,2,1,0,0,0,6492,nan,-0.07534539239424583,0.9970267591674926,1.0045388964071964
fork_smooth03,6bba_3a1849c2,1108,40,34,0,0,0,6408,nan,-0.08496358703412824,0.937394247038917,0.9453586848082752
fork_smooth03,6bba_32db13fc,690,118,121,0,1,1,42908,nan,0.10859062136674848,0.7427341227125942,0.7346687267230294
fork_smooth03,6bba_3c5691b6,741,4,5,0,0,2,6108,nan,-0.023969319271332695,0.988,0.9903681687440077
fork_smooth03,6bba_337b1b3a,1194,32,19,1,0,1,29290,nan,-0.039041994750656166,0.9590361445783132,0.962780412990545
fork_smooth03,6bba_3fda6b25,1164,6,15,0,0,1,8043,nan,-0.18278805120910385,0.9822784810126582,1.0002333579415525
fork_smooth03,6bba_43fea39d,853,12,27,0,1,0,5244,nan,-0.08768267223382047,0.9562780269058296,0.9646629281855884
fork_smooth03,6bba_3db54e20,433,41,41,0,0,1,22301,nan,-0.04023928386985712,0.8407766990291262,0.8441599242554656
fork_smooth03,6bba_3abfe10a,839,114,96,1,0,0,51725,nan,-0.006530298665130126,0.7998093422306959,0.8003316416186886
fork_smooth03,6bba_4aa14c89,648,30,33,0,0,0,7026,nan,0.035214380433181085,0.9113924050632911,0.90818299317571
fork_smooth03,6bba_474be664,240,25,46,0,0,1,23988,nan,-0.15215777754214824,0.7717041800643086,0.7834462593601657
fork_smooth03,6bba_4f99ce20,993,8,17,0,0,2,5300,nan,-0.11148365465213747,0.9754420432220039,0.9863166276099776
fork_smooth03,6bba_55b7eebe,682,6,6,0,0,1,4478,nan,-0.14818337454822142,0.9827089337175793,0.9972710463172748
fork_smooth03,6bba_48816121,896,20,22,1,0,4,25087,nan,0.04681827665345295,0.9552238805970149,0.9507516870062374
fork_smooth03,6bba_4ffd3da3,645,22,44,1,0,2,19900,nan,0.12830980325452174,0.9071729957805907,0.8955330769199484
fork_smooth03,6bba_55c70843,402,49,65,0,0,0,36156,nan,0.020923337568826767,0.7790697674418605,0.7774396934684752
fork_smooth03,6bba_5a4d9360,699,13,23,0,0,0,5439,nan,-0.08985943775100401,0.9510204081632653,0.9595662240799934
fork_smooth03,6bba_5b28472a,716,1,8,0,0,0,5649,nan,-0.026370217166494313,0.9875862068965517,0.9901904931712013
fork_smooth03,6bba_5c039895,1138,5,7,2,1,1,7911,nan,-0.07689614935822638,0.9895652173913043,0.997174592866927
fork_smooth03,6bba_5f89039d,885,0,0,0,0,0,4414,nan,-0.042723921058338755,1.0,1.0042723921058339
fork_smooth03,6bba_5dfe9ad1,1441,19,46,0,0,0,29264,nan,0.08735555307843793,0.9568393094289509,0.9484807867207152
fork_smooth03,6bba_61dd1e0d,534,8,9,0,0,0,9346,nan,-0.07721169036334913,0.969147005444646,0.976629953294742
fork_smooth03,6bba_5c824876,1080,44,50,1,0,0,24927,nan,0.01136040897472309,0.919931856899489,0.9188867766871635
fork_smooth03,6bba_61ecbe65,595,6,19,0,0,1,5351,nan,-0.07325943886387253,0.9596774193548387,0.9667079622780652
fork_smooth03,6bba_6321a359,785,13,13,0,0,1,4552,nan,-0.05579755237502593,0.967940813810111,0.9733416866355604
fork_smooth03,6bba_6479435d,470,71,110,0,0,0,23555,nan,0.004349123779473841,0.7219662058371735,0.7216522137977952
fork_smooth03,6bba_67ebd073,391,68,47,0,2,1,14948,nan,-0.0692983002303717,0.7727272727272727,0.7780821413814378
fork_smooth03,6bba_6ca87370,1038,17,14,0,0,1,6219,nan,-0.13564975677553856,0.971000935453695,0.9841725395260064
fork_smooth03,6bba_6db0e9b4,428,15,12,0,0,0,24547,nan,-0.13673289959556884,0.9406593406593406,0.9535212485773413
fork_smooth03,6bba_57b7cc1e,1268,330,324,0,1,3,71892,nan,0.0974034894903146,0.659729448491155,0.6533034534508991
fork_smooth03,6bba_6feeb0b1,1330,7,13,0,0,0,6765,nan,-0.10015961691939346,0.9851851851851852,0.9950527622594662
fork_smooth03,6bba_6feb10f0,1125,99,218,0,0,0,10464,nan,0.18077183480027081,0.7801664355062413,0.7660632237066363
fork_smooth03,6bba_718b21f9,649,0,3,0,0,0,4074,nan,-0.0538783093358105,0.995398773006135,1.000761813306586
fork_smooth03,6bba_705ec2c9,536,23,26,0,2,1,5710,nan,0.019642857142857142,0.9162393162393162,0.9144395604395603
fork_smooth03,6bba_76db78c1,604,0,0,0,0,0,4590,nan,-0.05458290422245108,1.0,1.005458290422245
fork_smooth03,6bba_74686d6a,560,23,16,0,2,2,25088,nan,-0.1582055497768681,0.9348914858096828,0.9496819879591063
fork_smooth03,6bba_784a78c9,1735,3,4,0,1,1,12598,nan,-0.038026878436163716,0.9959816303099885,0.9997690375480336
fork_smooth03,6bba_767a1e17,547,94,111,0,0,0,46628,nan,-0.022760615333025945,0.7273936170212766,0.7290492096525486
fork_smooth03,6bba_789f8168,670,16,11,0,0,0,10497,nan,-0.016766579243162234,0.9612625538020086,0.9628742622801891
fork_smooth03,6bba_7af54fde,1043,48,49,0,0,2,9972,nan,0.03615960099750624,0.9149122807017543,0.911603994399965
fork_smooth03,6bba_7b5d3b2c,543,8,12,0,0,0,5340,nan,-0.07612456747404844,0.9644760213143873,0.971818053310552
fork_smooth03,6bba_78a7bd97,725,109,107,0,0,2,38262,nan,-0.05788786841651688,0.7704569606801275,0.7749169717961716
fork_smooth03,6bba_7d3058ae,1167,5,6,0,0,2,7344,nan,-0.03508080409932992,0.9906621392190152,0.9941374616624717
fork_smooth03,6bba_7f87b3d8,892,49,42,1,0,2,9116,nan,-0.1384557225215008,0.9074262461851476,0.9199900818402013
fork_smooth03,6bba_825bd1c6,893,46,37,0,2,0,6793,nan,-0.10453466912733983,0.9149590163934426,0.9245235101978191
fork_smooth03,6bba_80d12824,631,12,23,0,0,1,8080,nan,-0.10431216051435539,0.9474474474474475,0.9573304764691528
fork_smooth03,6bba_786893ac,1195,268,200,0,4,3,53320,nan,-0.09594940572068024,0.7185808779314492,0.725475618751426
fork_smooth03,6bba_8b7818bf,723,2,2,1,0,1,5558,nan,-0.04632807137954702,0.9944979367262724,0.9991052538662191
fork_smooth03,6bba_87289e13,669,41,30,0,1,1,13846,nan,-0.07483629560336763,0.904054054054054,0.9108196596971152
fork_smooth03,6bba_907271db,916,1,5,0,0,1,6766,nan,-0.07391185327128387,0.9934924078091106,1.000835494316323
fork_smooth03,6bba_91951b3a,1125,16,23,0,0,0,11338,nan,-0.047787016040984294,0.9664948453608248,0.9711134358287032
fork_smooth03,6bba_96833384,714,9,7,0,1,0,4703,nan,-0.034093242965701376,0.9780821917808219,0.9814167911613028
fork_smooth03,6bba_971fa5e0,750,11,17,0,1,0,4932,nan,-0.12069887680513461,0.9640102827763496,0.9756457786123202
fork_smooth03,6bba_9e23430b,866,18,25,0,0,1,7205,nan,-0.06525687597301505,0.9526952695269527,0.9589122612313125
fork_smooth03,6bba_969618f6,650,5,8,0,0,3,15429,nan,0.11095910138248848,0.9803921568627451,0.969513813589952
fork_smooth03,6bba_a5e926bb,665,21,33,0,0,0,7733,nan,-0.08376777251184835,0.9248956884561892,0.932643333618968
fork_smooth03,6bba_9a41d029,1317,33,36,0,1,2,18287,nan,0.003071691075640393,0.9502164502164502,0.9499245730774446
fork_smooth03,6bba_ae82a791,1463,13,8,0,1,0,7099,nan,-0.041064433337836014,0.9858490566037735,0.989897389890381
fork_smooth03,6bba_acd782a8,307,27,23,0,0,0,19655,nan,-0.0027904616945712835,0.8599439775910365,0.860183941663931
fork_smooth03,6bba_a90a0b9c,871,179,241,0,0,0,28649,nan,-0.22352016478751083,0.6746707978311387,0.6897510506219925
fork_smooth03,6bba_aeee7805,757,3,11,0,0,1,4885,nan,-0.029598728645212555,0.9818417639429312,0.9847478907372795
fork_smooth03,6bba_ab78413d,930,113,208,0,0,2,11919,nan,0.289795476680013,0.7434052757793765,0.7218617271532844
fork_smooth03,6bba_af149c94,1268,27,49,0,0,0,7784,nan,-0.1286242023956118,0.9434523809523809,0.9555874619522049
fork_smooth03,6bba_afb141ff,593,19,33,1,0,3,5417,nan,-0.10521968946151306,0.9193798449612403,0.9290535311396398
fork_smooth03,6bba_b204cac7,802,8,9,0,0,2,5342,nan,0.049096622152395915,0.9792429792429792,0.9744352269882514
fork_smooth03,6bba_b1ae37b9,549,35,30,0,1,0,22378,nan,-0.07901884928800725,0.8941368078175895,0.9012021739835693
fork_smooth03,6bba_b693381b,913,12,22,0,0,0,6030,nan,0.08492263404102195,0.9640971488912354,0.9559097819557072
fork_smooth03,6bba_bbb708ca,848,8,13,0,2,0,6478,nan,-0.04524686809137804,0.9758342922899885,0.9802496368402173
fork_smooth03,6bba_c27cba08,484,5,9,0,0,0,6257,nan,-0.02916989914662529,0.9718875502008032,0.974722536382925
fork_smooth03,6bba_b329af44,1166,88,102,0,0,1,63213,nan,0.01197470583526775,0.859882005899705,0.858852322492336
fork_smooth03,6bba_bb9f20c3,1795,78,84,0,2,3,22716,nan,-0.015387282735902215,0.9172202350536536,0.9186315877624396
fork_smooth03,6bba_c73a1d11,546,97,164,0,0,0,23215,nan,0.4229236898559608,0.6765799256505576,0.6479657577866971
fork_smooth03,6bba_c328f2fd,448,25,52,0,0,2,29936,nan,-0.04137312668118355,0.8533333333333334,0.8568638401434611
fork_smooth03,6bba_cf35214c,815,3,2,0,0,0,34581,nan,-0.00885640584694755,0.9939024390243902,0.9947826793616172
fork_smooth03,6bba_d0fc38b5,813,0,0,0,0,0,5607,nan,-0.08247422680412371,1.0,1.0082474226804123
fork_smooth03,6bba_cff5865f,1459,37,42,0,0,0,46303,nan,-0.001272593934687891,0.9486345903771132,0.948755313039708
fork_smooth03,6bba_cdcfe533,1330,19,18,1,2,3,28098,nan,-0.05663924794359577,0.9729334308705194,0.9784440526528883
fork_smooth03,6bba_d1acb6ff,619,26,24,0,2,1,15960,nan,0.08431279298865411,0.9252615844544095,0.9174604456113636
fork_smooth03,6bba_d2b9fc0c,917,5,4,0,0,2,18742,nan,-0.07116661710774111,0.990280777537797,0.9973282708302158
fork_smooth03,6bba_d5eae175,519,0,0,0,0,0,4115,nan,-0.08940030980305377,1.0,1.0089400309803054
fork_smooth03,6bba_d6ecebbb,840,13,22,0,0,0,5946,nan,0.10953536107482739,0.96,0.9494846053368166
fork_smooth03,6bba_d3da753b,833,34,24,0,1,1,15894,nan,-0.07839499014264177,0.9349046015712682,0.9422337852737173
fork_smooth03,6bba_e16ffc58,935,7,7,1,0,0,5913,nan,-0.07130516726872939,0.9852476290832455,0.9922729537825354
fork_smooth03,6bba_debd7bfa,714,16,15,3,0,1,11709,nan,-0.008300160921487254,0.9583892617449664,0.9591847402547574
fork_smooth03,6bba_d82a4fc6,508,28,22,0,0,0,28208,nan,0.01775147928994083,0.910394265232975,0.9087781807384785
fork_smooth03,6bba_e5e44988,597,16,37,0,0,0,5059,nan,-0.09902048085485307,0.9184615384615384,0.9275561887800533
fork_smooth03,6bba_df673a83,644,7,10,1,0,3,21715,nan,0.12869691771921618,0.9742813918305597,0.9617426906185816
fork_smooth03,6bba_ed9377fd,497,0,11,0,0,0,4239,nan,-0.04591492234976367,0.9783464566929134,0.9828385268519355
fork_smooth03,6bba_eebc57a5,927,75,62,0,2,0,8383,nan,-0.10313469562426447,0.8712406015037594,0.8802261149289186
fork_smooth03,6bba_ebff6e76,996,266,268,0,0,0,47150,nan,0.1335224540821233,0.6509803921568628,0.64228834220485
fork_smooth03,6bba_edf14583,727,46,33,0,0,0,49751,nan,-0.16020728537186454,0.901985111662531,0.9164355702810603
fork_smooth03,6bba_ef7b4f7e,1174,7,27,0,0,2,5712,nan,-0.06467987555264451,0.9718543046357616,0.9781402461836759
fork_smooth03,6bba_f17befbc,921,89,94,0,2,0,25242,nan,0.011176541281096021,0.8342391304347826,0.8333067396268216
fork_smooth03,6bba_f20478e9,931,22,32,0,0,1,5159,nan,-0.13627992633517497,0.9451776649746193,0.9580585392302586
fork_smooth03,6bba_f1fde7e0,415,29,31,0,0,0,7688,nan,-0.1495575221238938,0.8736842105263158,0.8867508150908244
fork_smooth03,6bba_ebdf3b34,729,65,74,0,0,2,58763,nan,0.033704505075025946,0.8398617511520737,0.8370310386866712
fork_smooth03,6bba_f4ae811c,955,7,10,0,0,0,9239,nan,0.03774008761091767,0.9825102880658436,0.9788022856308203
fork_smooth03,6bba_fbc898dc,634,7,5,0,0,0,4913,nan,0.004908979341378605,0.9814241486068112,0.9809423695197471
fork_smooth03,6bba_fc516dc6,720,28,42,0,0,0,6643,nan,-0.1554792779049072,0.9113924050632911,0.9255626683660167
fork_smooth03,6bba_fc83837d,819,78,104,0,0,0,10881,nan,-0.1685642240391228,0.8181818181818182,0.8319734365122919
fork_smooth03,6bba_f8ffd5e7,352,17,18,1,0,1,30422,nan,0.02985781990521327,0.9095607235142119,0.9068449734866576
fork_smooth03,6bba_fe670320,662,14,18,0,0,2,9474,nan,-0.1256921373200443,0.9538904899135446,0.9658801433581944
fork_smooth03,6bba_fc5f39dc,440,7,18,0,0,2,17542,nan,0.25121255349500715,0.946236559139785,0.9224659089166015
fork_smooth0,44b6_0b24845f,49,0,0,0,0,0,18149,nan,-0.4465924683640799,1.0,1.044659246836408
fork_smooth0,44b6_0113de3b,46,3,4,0,0,0,25491,nan,-0.01025043680838672,0.8679245283018868,0.8688141888550677
fork_smooth0,44b6_0db75fae,149,0,2,0,0,0,17507,nan,0.14163677861102053,0.9867549668874173,0.9727788874085814
fork_smooth0,44b6_0c582fdc,69,1,1,0,0,0,26811,nan,-0.04102582445096216,0.971830985915493,0.9758180026579104
fork_smooth0,44b6_1574802b,144,11,9,0,2,0,19280,nan,0.09068280816880693,0.8780487804878049,0.8700863875754218
fork_smooth0,44b6_12dfb391,741,38,32,0,0,1,44134,nan,-0.24778429233706026,0.9136868064118372,0.9363265302862839
fork_smooth0,44b6_144b256d,119,0,0,0,0,0,27584,nan,-0.5780714635340186,1.0,1.0578071463534018
fork_smooth0,44b6_18ced818,90,16,9,0,1,0,71302,nan,-0.0933574080667311,0.782608695652174,0.7899149275878312
fork_smooth0,44b6_1d530831,253,28,18,0,1,0,35393,nan,-0.012058618283321703,0.8461538461538461,0.8471741907778195
fork_smooth0,44b6_2f31fc2f,67,25,18,0,0,0,18092,nan,-0.25755088640840446,0.6090909090909091,0.6247780994448756
fork_smooth0,44b6_267148e4,250,40,27,0,0,1,21733,nan,0.13606900156821747,0.7886435331230284,0.7779125393085001
fork_smooth0,44b6_2a2eff9f,197,23,13,0,1,1,37925,nan,-0.3271772490996505,0.8454935622317596,0.8731561880140047
fork_smooth0,44b6_24264f12,213,10,8,0,0,0,26797,nan,0.01684817667817706,0.922077922077922,0.9205243889037006
fork_smooth0,44b6_341df25f,208,0,1,0,0,1,8365,nan,0.12493275954814416,0.9952153110047847,0.9827818114899455
fork_smooth0,44b6_3bb3690f,380,26,16,0,0,0,15743,nan,-0.5070607759025582,0.9004739336492891,0.9461334347969129
fork_smooth0,44b6_33b596bf,49,0,0,0,0,0,23601,nan,0.011615945135019288,1.0,0.998838405486498
fork_smooth0,44b6_40c45f5a,194,5,4,0,0,0,28599,nan,-0.12490437869098253,0.9556650246305419,0.9676016992443599
fork_smooth0,44b6_3a861e03,884,38,35,0,0,0,36221,nan,-0.10666896857889804,0.9237199582027168,0.9335731837224395
fork_smooth0,44b6_53f95252,67,2,1,0,0,0,30053,nan,-0.22373756941753842,0.9571428571428572,0.9785577387871074
fork_smooth0,44b6_551a5dba,199,33,25,0,0,0,30269,nan,-0.47474274211741024,0.77431906614786,0.8110793018215428
fork_smooth0,44b6_415c0a3a,310,13,12,0,0,0,32632,nan,-0.4304265866089506,0.9253731343283582,0.9652036542832162
fork_smooth0,44b6_5740d24b,169,1,1,0,0,0,11093,nan,-0.4377597567156614,0.9883040935672515,1.0315680695233607
fork_smooth0,44b6_587a1e22,365,7,6,1,0,0,18679,nan,0.02988366322986161,0.9656084656084656,0.962722873788651
fork_smooth0,44b6_66f9292d,197,2,1,0,0,0,20022,nan,-0.6201479795105294,0.985,1.0460845759817872
fork_smooth0,44b6_668e0cc7,613,28,18,0,0,0,33423,nan,-0.15813203697639858,0.9301972685887708,0.9449066674759533
fork_smooth0,44b6_5f15d135,252,23,21,0,0,1,21051,nan,-0.2868660862495342,0.8513513513513513,0.8757737343698927
fork_smooth0,44b6_74d0c52e,135,5,4,0,1,1,8389,nan,-0.4440689198144466,0.9375,0.9791314612326043
fork_smooth0,44b6_706092f0,108,10,9,0,0,1,28562,nan,-0.5913760050359095,0.8503937007874016,0.9006839437353371
fork_smooth0,44b6_71a4179f,107,20,12,0,0,0,30501,nan,-0.5493883701690108,0.7697841726618705,0.812075219861931
fork_smooth0,44b6_7a302da0,492,22,15,0,0,1,42483,nan,-0.36457865924795835,0.9300567107750473,0.9639645936389405
fork_smooth0,44b6_7e557709,546,10,14,0,0,0,44367,nan,-0.20858009275775954,0.9578947368421052,0.9778745141483749
fork_smooth0,44b6_808952d6,179,0,0,0,0,0,14896,nan,-0.05374158302629907,1.0,1.0053741583026299
fork_smooth0,44b6_81c256f0,197,0,0,0,0,0,11208,nan,0.11500198965380024,1.0,0.98849980103462
fork_smooth0,44b6_8cc6506c,381,22,15,0,0,0,18127,nan,-0.4365597413900286,0.9114832535885168,0.9512749429353112
fork_smooth0,44b6_87bba6c4,109,47,40,0,1,0,28051,nan,-0.0018148174507152516,0.5561224489795918,0.5562233750521062
fork_smooth0,44b6_8f5ab931,572,39,32,0,1,0,27103,nan,-0.016974357114359292,0.8895800933125972,0.8910900983311685
fork_smooth0,44b6_8f9ecab4,366,4,4,0,0,0,39734,nan,-0.4690310424545321,0.9786096256684492,1.0245094549567806
fork_smooth0,44b6_95029e92,198,0,0,0,0,0,4757,nan,-0.07827940321643093,1.0,1.007827940321643
fork_smooth0,44b6_949adeb1,351,44,27,0,0,0,37856,nan,0.01820920412060572,0.8317535545023697,0.8302389974771723
fork_smooth0,44b6_90724892,97,12,6,0,0,0,23034,nan,-0.09783800720664264,0.8434782608695652,0.8517306840861256
fork_smooth0,44b6_996155de,370,2,7,1,0,0,8879,nan,0.17245477353756766,0.9762532981530343,0.9594173440082058
fork_smooth0,44b6_97725144,219,1,2,0,0,0,32719,nan,-0.08539721585509029,0.9864864864864865,0.994910806428948
fork_smooth0,44b6_9bfa6a0a,241,30,18,0,0,0,38617,nan,-0.39949928469241774,0.8339100346020761,0.867224680834212
fork_smooth0,44b6_a21120c2,279,12,7,1,0,1,21921,nan,-0.048567708333333334,0.9362416107382551,0.9407887216862417
fork_smooth0,44b6_a2bb48bb,376,44,34,0,1,0,43396,nan,-0.28404797650669,0.8281938325991189,0.8517185108296289
fork_smooth0,44b6_9be80b04,205,18,15,0,1,1,25200,nan,-0.5645938801250928,0.8613445378151261,0.9099755232880857
fork_smooth0,44b6_aaf8b0ea,203,0,3,0,0,1,14024,nan,-0.36540114937327484,0.9854368932038835,1.0214448705450363
fork_smooth0,44b6_c15fded2,97,8,5,0,0,0,19358,nan,-0.05960650959436483,0.8818181818181818,0.887074392209685
fork_smooth0,44b6_abf82518,94,0,0,0,0,0,25568,nan,-0.07375742645993334,1.0,1.0073757426459933
fork_smooth0,44b6_b2c44266,156,14,12,0,0,0,36725,nan,-0.3851395469537411,0.8571428571428571,0.8901548183103206
fork_smooth0,44b6_c771cb04,203,34,20,0,0,0,28016,nan,-0.4748148842440716,0.7898832684824902,0.8273881017515745
fork_smooth0,44b6_c8e2a523,158,10,6,0,1,1,28311,nan,-0.14581824764663287,0.9080459770114943,0.9212869443265332
fork_smooth0,44b6_c96cfa10,590,17,26,0,0,0,37261,nan,-0.19411281252703522,0.9320695102685624,0.950162173679455
fork_smooth0,44b6_cf2536e8,70,8,5,0,0,0,20633,nan,-0.6415703986797533,0.8433734939759037,0.8974818408525094
fork_smooth0,44b6_c50204e0,297,31,28,0,1,2,35776,nan,-0.2400696716088194,0.8342696629213483,0.8542979473224213
fork_smooth0,44b6_cf8fed6b,178,12,10,0,0,0,41008,nan,-0.062224153307873495,0.89,0.8955379496444007
fork_smooth0,44b6_d2f34f90,271,5,10,0,0,2,14679,nan,-0.39025504693860597,0.9475524475524476,0.9845311600420847
fork_smooth0,44b6_d29c9ab2,1285,56,43,0,0,0,36336,nan,-0.0451714623571147,0.9284682080924855,0.9326622347636483
fork_smooth0,44b6_d754aa59,64,3,6,0,0,1,5523,nan,0.06807193966350802,0.8767123287671232,0.8707443778925144
fork_smooth0,44b6_d78e09d9,418,37,33,0,0,0,23310,nan,0.04721685610314929,0.8565573770491803,0.8525129824075581
fork_smooth0,44b6_db3c847b,154,7,8,0,0,0,15223,nan,0.013312920189043467,0.9112426035502958,0.9100294735449037
fork_smooth0,44b6_ddf577ad,607,48,40,0,0,0,37273,nan,-0.3032042174530771,0.8733812949640288,0.8998625841718012
fork_smooth0,44b6_deabac95,119,7,5,1,1,0,15574,nan,0.11330330974336979,0.9083969465648855,0.8981045085042282
fork_smooth0,44b6_e29f0176,48,4,2,0,0,0,13354,nan,0.029686174724342665,0.8888888888888888,0.8862501178022806
fork_smooth0,44b6_e28840c6,289,14,20,0,0,2,26312,nan,-0.6476983638165118,0.8947368421052632,0.9526888009730563
fork_smooth0,44b6_d5e7d891,830,90,63,0,1,2,41859,nan,-0.06664734213342847,0.844354018311292,0.8499814134253048
fork_smooth0,44b6_e31261b4,106,10,7,0,0,0,66142,nan,-0.0921543867354782,0.8617886178861789,0.8697303780438705
fork_smooth0,44b6_e35b117d,240,11,26,0,0,0,18249,nan,-0.362836493139206,0.8664259927797834,0.8978630896582707
fork_smooth0,44b6_e57ff5c6,142,19,44,0,0,0,15952,nan,-0.2147287584916806,0.6926829268292682,0.7075568213199115
fork_smooth0,6bba_05b6850b,836,8,9,0,0,0,5965,nan,-0.06240176045268783,0.9800703399765534,0.9861861514347535
fork_smooth0,44b6_f28707c6,55,6,6,0,0,0,21361,nan,0.1449935677530017,0.8208955223880597,0.8089930653337088
fork_smooth0,6bba_07477033,593,14,9,0,0,0,4485,nan,-0.07258064516129033,0.9626623376623377,0.9696494030163385
fork_smooth0,6bba_062c8d37,896,4,2,1,1,0,5828,nan,-0.033499170812603646,0.9933481152993349,0.9966757491184138
fork_smooth0,44b6_eb2880fc,371,13,8,0,3,1,35880,nan,-0.25380583978038435,0.9464285714285714,0.9704494812649291
fork_smooth0,6bba_085bf656,1164,0,4,0,0,1,8166,nan,-0.03509393831974477,0.9965753424657534,1.0000727178257007
fork_smooth0,6bba_0c7fa718,620,45,39,0,0,0,12328,nan,-0.09684981684981685,0.8806818181818182,0.8892112054612056
fork_smooth0,6bba_07e24132,309,17,36,0,0,2,26917,nan,0.2528275541075169,0.8535911602209945,0.8320100236963474
fork_smooth0,6bba_09961292,1788,108,83,1,0,3,29116,nan,-0.06430568499534017,0.9034866093986862,0.9092965419288362
fork_smooth0,6bba_0e7c0d07,179,19,19,0,0,1,21076,nan,-0.06191302799661726,0.8248847926267281,0.8299919041527163
fork_smooth0,6bba_13f19531,693,11,11,0,0,0,5501,nan,-0.04711588428893123,0.9692307692307692,0.973797385708004
fork_smooth0,6bba_12665c0e,961,21,37,0,1,3,7995,nan,-0.03836901611739235,0.943081452404318,0.9466999631490495
fork_smooth0,6bba_15403b9a,716,14,13,0,1,0,6235,nan,-0.09493395267818261,0.9636608344549125,0.9728092476605085
fork_smooth0,6bba_05db0fb1,1113,93,70,0,0,3,68490,nan,-0.018767908309455586,0.872257053291536,0.8738940973313812
fork_smooth0,6bba_1ebfb80d,675,37,44,0,0,0,11035,nan,-0.0452500432600796,0.8928571428571429,0.8968973252910786
fork_smooth0,6bba_1d0d8384,1255,107,110,0,0,1,16778,nan,-0.06315260483555754,0.8525815217391305,0.8579657961323794
fork_smooth0,6bba_1f58c2f6,264,48,35,0,1,0,31173,nan,0.07853856001107151,0.760806916426513,0.7548316484602529
fork_smooth0,6bba_207c6aaf,349,79,101,0,1,1,16923,nan,0.41036753062755227,0.6597353497164461,0.6326619530833618
fork_smooth0,6bba_23af9eeb,498,1,1,0,0,0,4034,nan,-0.09348314606741573,0.996,1.0053109213483147
fork_smooth0,6bba_20852818,846,27,63,0,0,3,9672,nan,-0.008813281410125025,0.9038461538461539,0.9046427388966843
fork_smooth0,6bba_2540cd90,523,0,0,0,0,0,3466,nan,-0.08379592915675389,1.0,1.0083795929156754
fork_smooth0,6bba_2312ac41,1128,5,4,1,0,1,12237,nan,0.02401673640167364,0.9920844327176781,0.9897017696867996
fork_smooth0,6bba_2646afc7,704,12,17,0,1,0,5150,nan,-0.06278434940855324,0.9604365620736699,0.9664666005434682
fork_smooth0,6bba_268e1230,578,10,31,0,0,1,4463,nan,-0.1261014294106129,0.9337641357027464,0.9455390349271945
fork_smooth0,6bba_2819ca14,915,20,34,0,0,1,4897,nan,-0.11510661366100469,0.9442724458204335,0.9551416461816119
fork_smooth0,6bba_312f0dc3,495,9,5,0,1,0,9299,nan,-0.06664659239184985,0.9724950884086444,0.9789764367846692
fork_smooth0,6bba_283bf9f1,1265,15,23,0,1,0,21521,nan,0.03163798475624371,0.9708365310821182,0.9677649999450001
fork_smooth0,6bba_372c8cb8,1006,2,1,0,0,0,6492,nan,-0.07534539239424583,0.9970267591674926,1.0045388964071964
fork_smooth0,6bba_3a1849c2,1108,40,34,0,0,0,6408,nan,-0.08496358703412824,0.937394247038917,0.9453586848082752
fork_smooth0,6bba_337b1b3a,1194,32,19,1,0,1,29290,nan,-0.039041994750656166,0.9590361445783132,0.962780412990545
fork_smooth0,6bba_32db13fc,690,118,121,0,1,1,42908,nan,0.10859062136674848,0.7427341227125942,0.7346687267230294
fork_smooth0,6bba_3c5691b6,741,4,5,0,0,2,6108,nan,-0.023969319271332695,0.988,0.9903681687440077
fork_smooth0,6bba_43fea39d,853,12,27,0,1,0,5244,nan,-0.08768267223382047,0.9562780269058296,0.9646629281855884
fork_smooth0,6bba_3db54e20,433,41,41,0,0,1,22301,nan,-0.04023928386985712,0.8407766990291262,0.8441599242554656
fork_smooth0,6bba_3fda6b25,1164,6,15,0,0,1,8043,nan,-0.18278805120910385,0.9822784810126582,1.0002333579415525
fork_smooth0,6bba_3abfe10a,839,114,96,1,0,0,51725,nan,-0.006530298665130126,0.7998093422306959,0.8003316416186886
fork_smooth0,6bba_4aa14c89,648,30,33,0,0,0,7026,nan,0.035214380433181085,0.9113924050632911,0.90818299317571
fork_smooth0,6bba_474be664,240,25,46,0,0,1,23988,nan,-0.15215777754214824,0.7717041800643086,0.7834462593601657
fork_smooth0,6bba_55b7eebe,682,6,6,0,0,1,4478,nan,-0.14818337454822142,0.9827089337175793,0.9972710463172748
fork_smooth0,6bba_4f99ce20,993,8,17,0,0,2,5300,nan,-0.11148365465213747,0.9754420432220039,0.9863166276099776
fork_smooth0,6bba_4ffd3da3,645,22,44,1,0,2,19900,nan,0.12830980325452174,0.9071729957805907,0.8955330769199484
fork_smooth0,6bba_48816121,896,20,22,1,0,4,25087,nan,0.04681827665345295,0.9552238805970149,0.9507516870062374
fork_smooth0,6bba_5a4d9360,699,13,23,0,0,0,5439,nan,-0.08985943775100401,0.9510204081632653,0.9595662240799934
fork_smooth0,6bba_55c70843,402,49,65,0,0,0,36156,nan,0.020923337568826767,0.7790697674418605,0.7774396934684752
fork_smooth0,6bba_5b28472a,716,1,8,0,0,0,5649,nan,-0.026370217166494313,0.9875862068965517,0.9901904931712013
fork_smooth0,6bba_5c039895,1138,5,7,2,1,1,7911,nan,-0.07689614935822638,0.9895652173913043,0.997174592866927
fork_smooth0,6bba_5c824876,1080,44,50,1,0,0,24927,nan,0.01136040897472309,0.919931856899489,0.9188867766871635
fork_smooth0,6bba_5f89039d,885,0,0,0,0,0,4414,nan,-0.042723921058338755,1.0,1.0042723921058339
fork_smooth0,6bba_5dfe9ad1,1441,19,46,0,0,0,29264,nan,0.08735555307843793,0.9568393094289509,0.9484807867207152
fork_smooth0,6bba_61ecbe65,595,6,19,0,0,1,5351,nan,-0.07325943886387253,0.9596774193548387,0.9667079622780652
fork_smooth0,6bba_6321a359,785,13,13,0,0,1,4552,nan,-0.05579755237502593,0.967940813810111,0.9733416866355604
fork_smooth0,6bba_61dd1e0d,534,8,9,0,0,0,9346,nan,-0.07721169036334913,0.969147005444646,0.976629953294742
fork_smooth0,6bba_6479435d,470,71,110,0,0,0,23555,nan,0.004349123779473841,0.7219662058371735,0.7216522137977952
fork_smooth0,6bba_6ca87370,1038,17,14,0,0,1,6219,nan,-0.13564975677553856,0.971000935453695,0.9841725395260064
fork_smooth0,6bba_57b7cc1e,1268,330,324,0,1,3,71892,nan,0.0974034894903146,0.659729448491155,0.6533034534508991
fork_smooth0,6bba_67ebd073,391,68,47,0,2,1,14948,nan,-0.0692983002303717,0.7727272727272727,0.7780821413814378
fork_smooth0,6bba_6feeb0b1,1330,7,13,0,0,0,6765,nan,-0.10015961691939346,0.9851851851851852,0.9950527622594662
fork_smooth0,6bba_705ec2c9,536,23,26,0,2,1,5710,nan,0.019642857142857142,0.9162393162393162,0.9144395604395603
fork_smooth0,6bba_6feb10f0,1125,99,218,0,0,0,10464,nan,0.18077183480027081,0.7801664355062413,0.7660632237066363
fork_smooth0,6bba_718b21f9,649,0,3,0,0,0,4074,nan,-0.0538783093358105,0.995398773006135,1.000761813306586
fork_smooth0,6bba_6db0e9b4,428,15,12,0,0,0,24547,nan,-0.13673289959556884,0.9406593406593406,0.9535212485773413
fork_smooth0,6bba_76db78c1,604,0,0,0,0,0,4590,nan,-0.05458290422245108,1.0,1.005458290422245
fork_smooth0,6bba_767a1e17,547,94,111,0,0,0,46628,nan,-0.022760615333025945,0.7273936170212766,0.7290492096525486
fork_smooth0,6bba_784a78c9,1735,3,4,0,1,1,12598,nan,-0.038026878436163716,0.9959816303099885,0.9997690375480336
fork_smooth0,6bba_74686d6a,560,23,16,0,2,2,25088,nan,-0.1582055497768681,0.9348914858096828,0.9496819879591063
fork_smooth0,6bba_789f8168,670,16,11,0,0,0,10497,nan,-0.016766579243162234,0.9612625538020086,0.9628742622801891
fork_smooth0,6bba_7b5d3b2c,543,8,12,0,0,0,5340,nan,-0.07612456747404844,0.9644760213143873,0.971818053310552
fork_smooth0,6bba_7af54fde,1043,48,49,0,0,2,9972,nan,0.03615960099750624,0.9149122807017543,0.911603994399965
fork_smooth0,6bba_78a7bd97,725,109,107,0,0,2,38262,nan,-0.05788786841651688,0.7704569606801275,0.7749169717961716
fork_smooth0,6bba_7d3058ae,1167,5,6,0,0,2,7344,nan,-0.03508080409932992,0.9906621392190152,0.9941374616624717
fork_smooth0,6bba_825bd1c6,893,46,37,0,2,0,6793,nan,-0.10453466912733983,0.9149590163934426,0.9245235101978191
fork_smooth0,6bba_80d12824,631,12,23,0,0,1,8080,nan,-0.10431216051435539,0.9474474474474475,0.9573304764691528
fork_smooth0,6bba_7f87b3d8,892,49,42,1,0,2,9116,nan,-0.1384557225215008,0.9074262461851476,0.9199900818402013
fork_smooth0,6bba_786893ac,1195,268,200,0,4,3,53320,nan,-0.09594940572068024,0.7185808779314492,0.725475618751426
fork_smooth0,6bba_87289e13,669,41,30,0,1,1,13846,nan,-0.07483629560336763,0.904054054054054,0.9108196596971152
fork_smooth0,6bba_907271db,916,1,5,0,0,1,6766,nan,-0.07391185327128387,0.9934924078091106,1.000835494316323
fork_smooth0,6bba_91951b3a,1125,16,23,0,0,0,11338,nan,-0.047787016040984294,0.9664948453608248,0.9711134358287032
fork_smooth0,6bba_96833384,714,9,7,0,1,0,4703,nan,-0.034093242965701376,0.9780821917808219,0.9814167911613028
fork_smooth0,6bba_8b7818bf,723,2,2,1,0,1,5558,nan,-0.04632807137954702,0.9944979367262724,0.9991052538662191
fork_smooth0,6bba_971fa5e0,750,11,17,0,1,0,4932,nan,-0.12069887680513461,0.9640102827763496,0.9756457786123202
fork_smooth0,6bba_9e23430b,866,18,25,0,0,1,7205,nan,-0.06525687597301505,0.9526952695269527,0.9589122612313125
fork_smooth0,6bba_a5e926bb,665,21,33,0,0,0,7733,nan,-0.08376777251184835,0.9248956884561892,0.932643333618968
fork_smooth0,6bba_969618f6,650,5,8,0,0,3,15429,nan,0.11095910138248848,0.9803921568627451,0.969513813589952
fork_smooth0,6bba_acd782a8,307,27,23,0,0,0,19655,nan,-0.0027904616945712835,0.8599439775910365,0.860183941663931
fork_smooth0,6bba_9a41d029,1317,33,36,0,1,2,18287,nan,0.003071691075640393,0.9502164502164502,0.9499245730774446
fork_smooth0,6bba_ab78413d,930,113,208,0,0,2,11919,nan,0.289795476680013,0.7434052757793765,0.7218617271532844
fork_smooth0,6bba_a90a0b9c,871,179,241,0,0,0,28649,nan,-0.22352016478751083,0.6746707978311387,0.6897510506219925
fork_smooth0,6bba_ae82a791,1463,13,8,0,1,0,7099,nan,-0.041064433337836014,0.9858490566037735,0.989897389890381
fork_smooth0,6bba_aeee7805,757,3,11,0,0,1,4885,nan,-0.029598728645212555,0.9818417639429312,0.9847478907372795
fork_smooth0,6bba_af149c94,1268,27,49,0,0,0,7784,nan,-0.1286242023956118,0.9434523809523809,0.9555874619522049
fork_smooth0,6bba_b204cac7,802,8,9,0,0,2,5342,nan,0.049096622152395915,0.9792429792429792,0.9744352269882514
fork_smooth0,6bba_b1ae37b9,549,35,30,0,1,0,22378,nan,-0.07901884928800725,0.8941368078175895,0.9012021739835693
fork_smooth0,6bba_afb141ff,593,19,33,1,0,3,5417,nan,-0.10521968946151306,0.9193798449612403,0.9290535311396398
fork_smooth0,6bba_b693381b,913,12,22,0,0,0,6030,nan,0.08492263404102195,0.9640971488912354,0.9559097819557072
fork_smooth0,6bba_bbb708ca,848,8,13,0,2,0,6478,nan,-0.04524686809137804,0.9758342922899885,0.9802496368402173
fork_smooth0,6bba_c27cba08,484,5,9,0,0,0,6257,nan,-0.02916989914662529,0.9718875502008032,0.974722536382925
fork_smooth0,6bba_b329af44,1166,88,102,0,0,1,63213,nan,0.01197470583526775,0.859882005899705,0.858852322492336
fork_smooth0,6bba_c73a1d11,546,97,164,0,0,0,23215,nan,0.4229236898559608,0.6765799256505576,0.6479657577866971
fork_smooth0,6bba_bb9f20c3,1794,77,85,0,1,3,22716,nan,-0.015387282735902215,0.9171779141104295,0.9185892016987837
fork_smooth0,6bba_c328f2fd,448,25,52,0,0,2,29936,nan,-0.04137312668118355,0.8533333333333334,0.8568638401434611
fork_smooth0,6bba_d0fc38b5,813,0,0,0,0,0,5607,nan,-0.08247422680412371,1.0,1.0082474226804123
fork_smooth0,6bba_cff5865f,1459,37,42,0,0,0,46303,nan,-0.001272593934687891,0.9486345903771132,0.948755313039708
fork_smooth0,6bba_cf35214c,815,3,2,0,0,0,34581,nan,-0.00885640584694755,0.9939024390243902,0.9947826793616172
fork_smooth0,6bba_cdcfe533,1330,19,18,1,2,3,28098,nan,-0.05663924794359577,0.9729334308705194,0.9784440526528883
fork_smooth0,6bba_d1acb6ff,619,26,24,0,2,1,15960,nan,0.08431279298865411,0.9252615844544095,0.9174604456113636
fork_smooth0,6bba_d5eae175,519,0,0,0,0,0,4115,nan,-0.08940030980305377,1.0,1.0089400309803054
fork_smooth0,6bba_d3da753b,833,34,24,0,1,1,15894,nan,-0.07839499014264177,0.9349046015712682,0.9422337852737173
fork_smooth0,6bba_d2b9fc0c,917,5,4,0,0,2,18742,nan,-0.07116661710774111,0.990280777537797,0.9973282708302158
fork_smooth0,6bba_d6ecebbb,840,13,22,0,0,0,5946,nan,0.10953536107482739,0.96,0.9494846053368166
fork_smooth0,6bba_d82a4fc6,508,28,22,0,0,0,28208,nan,0.01775147928994083,0.910394265232975,0.9087781807384785
fork_smooth0,6bba_e16ffc58,935,7,7,1,0,0,5913,nan,-0.07130516726872939,0.9852476290832455,0.9922729537825354
fork_smooth0,6bba_debd7bfa,714,16,15,3,0,1,11709,nan,-0.008300160921487254,0.9583892617449664,0.9591847402547574
fork_smooth0,6bba_e5e44988,597,16,37,0,0,0,5059,nan,-0.09902048085485307,0.9184615384615384,0.9275561887800533
fork_smooth0,6bba_ed9377fd,497,0,11,0,0,0,4239,nan,-0.04591492234976367,0.9783464566929134,0.9828385268519355
fork_smooth0,6bba_df673a83,644,7,10,1,0,3,21715,nan,0.12869691771921618,0.9742813918305597,0.9617426906185816
fork_smooth0,6bba_ebff6e76,996,266,268,0,0,0,47150,nan,0.1335224540821233,0.6509803921568628,0.64228834220485
fork_smooth0,6bba_eebc57a5,927,75,62,0,2,0,8383,nan,-0.10313469562426447,0.8712406015037594,0.8802261149289186
fork_smooth0,6bba_ef7b4f7e,1174,7,27,0,0,2,5712,nan,-0.06467987555264451,0.9718543046357616,0.9781402461836759
fork_smooth0,6bba_f17befbc,921,89,94,0,2,0,25242,nan,0.011176541281096021,0.8342391304347826,0.8333067396268216
fork_smooth0,6bba_edf14583,727,46,33,0,0,0,49751,nan,-0.16020728537186454,0.901985111662531,0.9164355702810603
fork_smooth0,6bba_f1fde7e0,415,29,31,0,0,0,7688,nan,-0.1495575221238938,0.8736842105263158,0.8867508150908244
fork_smooth0,6bba_ebdf3b34,729,65,74,0,0,2,58763,nan,0.033704505075025946,0.8398617511520737,0.8370310386866712
fork_smooth0,6bba_f20478e9,931,22,32,0,0,1,5159,nan,-0.13627992633517497,0.9451776649746193,0.9580585392302586
fork_smooth0,6bba_f4ae811c,955,7,10,0,0,0,9239,nan,0.03774008761091767,0.9825102880658436,0.9788022856308203
fork_smooth0,6bba_fbc898dc,634,7,5,0,0,0,4913,nan,0.004908979341378605,0.9814241486068112,0.9809423695197471
fork_smooth0,6bba_fc516dc6,720,28,42,0,0,0,6643,nan,-0.1554792779049072,0.9113924050632911,0.9255626683660167
fork_smooth0,6bba_fc83837d,819,78,104,0,0,0,10881,nan,-0.1685642240391228,0.8181818181818182,0.8319734365122919
fork_smooth0,6bba_fc5f39dc,440,7,18,0,0,2,17542,nan,0.25121255349500715,0.946236559139785,0.9224659089166015
fork_smooth0,6bba_f8ffd5e7,352,17,18,1,0,1,30422,nan,0.02985781990521327,0.9095607235142119,0.9068449734866576
fork_smooth0,6bba_fe670320,662,14,18,0,0,2,9474,nan,-0.1256921373200443,0.9538904899135446,0.9658801433581944
swaps_context,44b6_0b24845f,49,0,0,0,0,0,18189,nan,-0.4453727702393658,1.0,1.0445372770239365
swaps_context,44b6_0113de3b,46,3,4,0,0,0,25504,nan,-0.00974568045039798,0.8679245283018868,0.868770379812676
swaps_context,44b6_0db75fae,149,0,2,0,0,0,17537,nan,0.14359308770785784,0.9867549668874173,0.9725858476367742
swaps_context,44b6_0c582fdc,69,1,1,0,0,0,26874,nan,-0.038772444380857,0.971830985915493,0.9755990122003931
swaps_context,44b6_1574802b,144,11,9,0,2,0,19325,nan,0.09322848899700176,0.8780487804878049,0.8698628643807511
swaps_context,44b6_144b256d,119,0,0,0,0,0,27680,nan,-0.5766030347528145,1.0,1.0576603034752814
swaps_context,44b6_12dfb391,741,38,32,0,0,1,44159,nan,-0.24735819470957185,0.9136868064118372,0.9362875983082358
swaps_context,44b6_18ced818,90,16,9,0,1,0,71416,nan,-0.09190783785158435,0.782608695652174,0.7898014829622979
swaps_context,44b6_24264f12,213,10,8,0,0,0,26825,nan,0.017910674306530566,0.922077922077922,0.9204264183431641
swaps_context,44b6_1d530831,253,28,18,0,1,0,35431,nan,-0.010997906489881368,0.8461538461538461,0.8470844382414516
swaps_context,44b6_2f31fc2f,67,25,18,0,0,0,18129,nan,-0.25603250164149705,0.6090909090909091,0.624685616009073
swaps_context,44b6_2a2eff9f,197,23,13,0,1,1,38000,nan,-0.3258466833430908,0.8454935622317596,0.8730436895358751
swaps_context,44b6_33b596bf,49,0,0,0,0,0,23607,nan,0.011873124732104586,1.0,0.9988126875267895
swaps_context,44b6_267148e4,250,40,27,0,0,1,21753,nan,0.13711447987454262,0.7886435331230284,0.7778300883379698
swaps_context,44b6_341df25f,208,0,1,0,0,1,8377,nan,0.12654653039268424,0.9952153110047847,0.9826212065446516
swaps_context,44b6_3bb3690f,380,26,16,0,0,0,15750,nan,-0.5068415943889533,0.9004739336492891,0.9461136980729389
swaps_context,44b6_40c45f5a,194,5,4,0,0,0,28638,nan,-0.12371102475444448,0.9556650246305419,0.9674876545824446
swaps_context,44b6_415c0a3a,310,13,12,0,0,0,32710,nan,-0.4290651399846401,0.9253731343283582,0.9650776696702206
swaps_context,44b6_53f95252,67,2,1,0,0,0,30097,nan,-0.22260105902105126,0.9571428571428572,0.9784489585063005
swaps_context,44b6_3a861e03,884,38,35,0,0,0,36227,nan,-0.10652098850688108,0.9237199582027168,0.9335595145078457
swaps_context,44b6_551a5dba,199,33,25,0,0,0,30299,nan,-0.4742221528103146,0.77431906614786,0.811038991598931
swaps_context,44b6_5740d24b,169,1,1,0,0,0,11104,nan,-0.4372022301064369,0.9883040935672515,1.0315129689403437
swaps_context,44b6_587a1e22,365,7,6,1,0,0,18695,nan,0.030765837790152725,0.9656084656084656,0.9626376902662948
swaps_context,44b6_5f15d135,252,23,21,0,0,1,21100,nan,-0.28520613841932313,0.8513513513513513,0.8756324144870504
swaps_context,44b6_668e0cc7,613,28,18,0,0,0,33447,nan,-0.15752751819853406,0.9301972685887708,0.9448504353043553
swaps_context,44b6_66f9292d,197,2,1,0,0,0,20178,nan,-0.6171883892999431,0.985,1.0457930563460445
swaps_context,44b6_74d0c52e,135,5,4,0,1,1,8399,nan,-0.44340622929092116,0.9375,0.9790693339960239
swaps_context,44b6_706092f0,108,10,9,0,0,1,28610,nan,-0.5906892901084437,0.8503937007874016,0.9006255459304818
swaps_context,44b6_71a4179f,107,18,12,0,0,0,30550,nan,-0.548664460465666,0.781021897810219,0.8238737936276105
swaps_context,44b6_808952d6,179,0,0,0,0,0,14914,nan,-0.0525981450895693,1.0,1.0052598145089569
swaps_context,44b6_81c256f0,197,0,0,0,0,0,11216,nan,0.11579785117389574,1.0,0.9884202148826104
swaps_context,44b6_7e557709,546,10,14,0,0,0,44403,nan,-0.2079379236532287,0.9578947368421052,0.9778130011078356
swaps_context,44b6_8cc6506c,381,22,15,0,0,0,18142,nan,-0.4360934974511998,0.9114832535885168,0.9512324455810783
swaps_context,44b6_7a302da0,492,22,15,0,0,1,42572,nan,-0.3632474797331658,0.9300567107750473,0.9638407863948427
swaps_context,44b6_87bba6c4,109,47,40,0,1,0,28078,nan,-0.0008540317415130596,0.5561224489795918,0.5561699436019515
swaps_context,44b6_8f5ab931,572,39,32,0,1,0,27138,nan,-0.015704907330165753,0.8895800933125972,0.8909771706054207
swaps_context,44b6_95029e92,198,0,0,0,0,0,4757,nan,-0.07827940321643093,1.0,1.007827940321643
swaps_context,44b6_8f9ecab4,366,4,4,0,0,0,39781,nan,-0.4684029772961127,0.9786096256684492,1.0244479918958227
swaps_context,44b6_90724892,97,12,6,0,0,0,23056,nan,-0.09697634341218862,0.8434782608695652,0.8516580046182456
swaps_context,44b6_949adeb1,351,44,27,0,0,0,37914,nan,0.019769224562252885,0.8317535545023697,0.8301092422224288
swaps_context,44b6_996155de,370,2,7,1,0,0,8914,nan,0.1770764558299221,0.9762532981530343,0.9589661507501132
swaps_context,44b6_97725144,219,1,2,0,0,0,32755,nan,-0.08439089841784536,0.9864864864864865,0.9948115345736523
swaps_context,44b6_9be80b04,205,18,15,0,1,1,25221,nan,-0.5642310416918638,0.8613445378151261,0.9099442703978285
swaps_context,44b6_9bfa6a0a,241,30,18,0,0,0,38634,nan,-0.39923493189027803,0.8339100346020761,0.867202636188774
swaps_context,44b6_a21120c2,279,12,7,1,0,1,21935,nan,-0.04796006944444445,0.9362416107382551,0.9407318320050335
swaps_context,44b6_aaf8b0ea,203,0,3,0,0,1,14078,nan,-0.3629575998913978,0.9854368932038835,1.0212040741640553
swaps_context,44b6_abf82518,94,0,0,0,0,0,25648,nan,-0.07085929575423852,1.0,1.0070859295754238
swaps_context,44b6_a2bb48bb,376,44,34,0,1,0,43495,nan,-0.28241466352102684,0.8281938325991189,0.8515832408554859
swaps_context,44b6_c15fded2,97,8,5,0,0,0,19360,nan,-0.059509351469516636,0.8818181818181818,0.8870658246295847
swaps_context,44b6_b2c44266,156,14,12,0,0,0,36766,nan,-0.3844531132280802,0.8571428571428571,0.8900959811338354
swaps_context,44b6_c771cb04,203,34,20,0,0,0,28042,nan,-0.4743274908613741,0.7898832684824902,0.8273496033637584
swaps_context,44b6_cf2536e8,70,8,5,0,0,0,20700,nan,-0.6404064970033875,0.8433734939759037,0.8973836804701653
swaps_context,44b6_c96cfa10,590,17,26,0,0,0,37288,nan,-0.1935288519768146,0.9320695102685624,0.950107744497049
swaps_context,44b6_c50204e0,297,31,28,0,1,2,35866,nan,-0.2381579506351162,0.8342696629213483,0.8541384582411881
swaps_context,44b6_c8e2a523,158,10,6,0,1,1,28321,nan,-0.1455165339126237,0.9080459770114943,0.9212595473322958
swaps_context,44b6_cf8fed6b,178,12,10,0,0,0,41025,nan,-0.0618353952754465,0.89,0.8955033501795148
swaps_context,44b6_d2f34f90,271,5,10,0,0,2,14684,nan,-0.3900473539918584,0.9475524475524476,0.9845114800460817
swaps_context,44b6_d29c9ab2,1285,56,43,0,0,0,36344,nan,-0.04496124031007752,0.9284682080924855,0.9326427163149169
swaps_context,44b6_d754aa59,64,3,6,0,0,1,5526,nan,0.06865209824018564,0.8767123287671232,0.8706935146748329
swaps_context,44b6_ddf577ad,607,48,40,0,0,0,37316,nan,-0.30240035893217676,0.8733812949640288,0.8997923766722061
swaps_context,44b6_d5e7d891,830,90,63,0,1,2,41907,nan,-0.0655770602925437,0.844354018311292,0.8498910437479971
swaps_context,44b6_db3c847b,154,7,8,0,0,0,15241,nan,0.014511083006057378,0.9112426035502958,0.9099202918444185
swaps_context,44b6_d78e09d9,418,37,33,0,0,0,23343,nan,0.048699402488880904,0.8565573770491803,0.8523859938032066
swaps_context,44b6_e29f0176,48,4,2,0,0,0,13367,nan,0.030688565039710076,0.8888888888888888,0.8861610164409146
swaps_context,44b6_deabac95,121,6,3,1,2,0,15595,nan,0.11480448924154693,0.9307692307692308,0.9200835821552099
swaps_context,44b6_e31261b4,106,10,7,0,0,0,66191,nan,-0.09148182716591632,0.8617886178861789,0.8696724176256806
swaps_context,44b6_e28840c6,289,14,20,0,0,2,26339,nan,-0.6473368502798382,0.8947368421052632,0.9526564550250382
swaps_context,44b6_e35b117d,240,11,26,0,0,0,18289,nan,-0.36143989385845465,0.8664259927797834,0.8977420846664366
swaps_context,44b6_e57ff5c6,143,19,43,0,0,0,15976,nan,-0.2135473072757704,0.697560975609756,0.7124572024099682
swaps_context,6bba_05b6850b,836,8,9,0,0,0,5971,nan,-0.06145866079849104,0.9800703399765534,0.9860937210348814
swaps_context,44b6_f28707c6,55,6,6,0,0,0,21382,nan,0.14611921097770153,0.8208955223880597,0.8089006617854125
swaps_context,44b6_eb2880fc,371,13,8,0,3,1,35929,nan,-0.2527867897845437,0.9464285714285714,0.9703530354617516
swaps_context,6bba_062c8d37,896,4,2,1,1,0,5815,nan,-0.03565505804311774,0.9933481152993349,0.9968899037701369
swaps_context,6bba_07477033,593,14,9,0,0,0,4490,nan,-0.07154673283705541,0.9626623376623377,0.9695498721708399
swaps_context,6bba_085bf656,1164,0,4,0,0,1,8176,nan,-0.03391232423490488,0.9965753424657534,0.9999549610795745
swaps_context,6bba_0c7fa718,620,45,39,0,0,0,12340,nan,-0.09597069597069598,0.8806818181818182,0.8891337828837829
swaps_context,6bba_07e24132,309,17,36,0,0,2,26959,nan,0.25478240632999766,0.8535911602209945,0.8318431592386826
swaps_context,6bba_0e7c0d07,179,19,19,0,0,1,21106,nan,-0.06057773623536743,0.8248847926267281,0.8298817579659589
swaps_context,6bba_09961292,1786,111,85,1,0,3,29136,nan,-0.06366294951312787,0.9011099899091827,0.906846721888519
swaps_context,6bba_12665c0e,961,21,37,0,1,3,8003,nan,-0.037406783738272796,0.943081452404318,0.9466092167980843
swaps_context,6bba_13f19531,693,11,11,0,0,0,5514,nan,-0.04486402217218084,0.9692307692307692,0.9735791283028422
swaps_context,6bba_05db0fb1,1113,93,70,0,0,3,68533,nan,-0.01815186246418338,0.872257053291536,0.8738403622980123
swaps_context,6bba_15403b9a,716,14,13,0,1,0,6239,nan,-0.09435331688198577,0.9636608344549125,0.9727532940629208
swaps_context,6bba_1ebfb80d,675,37,44,0,0,0,11044,nan,-0.04447136182730576,0.8928571428571429,0.8968278001631523
swaps_context,6bba_1d0d8384,1255,107,110,0,0,1,16823,nan,-0.06063990172538947,0.8525815217391305,0.8577515677082449
swaps_context,6bba_1f58c2f6,264,48,35,0,1,0,31208,nan,0.07974950697159465,0.760806916426513,0.7547395187779536
swaps_context,6bba_207c6aaf,344,78,106,0,1,1,16910,nan,0.40928410700891743,0.6515151515151515,0.6248496718160856
swaps_context,6bba_23af9eeb,498,1,1,0,0,0,4055,nan,-0.08876404494382023,0.996,1.0048408988764046
swaps_context,6bba_20852818,846,27,63,0,0,3,9703,nan,-0.005636400901824145,0.9038461538461539,0.9043555977738188
swaps_context,6bba_2312ac41,1128,5,4,1,0,1,12235,nan,0.02384937238493724,0.9920844327176781,0.9897183736103597
swaps_context,6bba_2540cd90,523,0,0,0,0,0,3466,nan,-0.08379592915675389,1.0,1.0083795929156754
swaps_context,6bba_2646afc7,704,12,17,0,1,0,5156,nan,-0.06169244767970883,0.9604365620736699,0.9663617303092108
swaps_context,6bba_268e1230,578,10,31,0,0,1,4473,nan,-0.12414333268063442,0.9337641357027464,0.9453561948771256
swaps_context,6bba_2819ca14,915,20,34,0,0,1,4898,nan,-0.11492591254065775,0.9442724458204335,0.9551245830727246
swaps_context,6bba_312f0dc3,495,9,5,0,1,0,9296,nan,-0.06694770651410217,0.9724950884086444,0.9790057199851632
swaps_context,6bba_283bf9f1,1266,13,22,0,1,0,21546,nan,0.032836393269737786,0.973097617217525,0.9699023156126451
swaps_context,6bba_372c8cb8,1006,2,1,0,0,0,6501,nan,-0.07406352371457058,0.9970267591674926,1.004411090669659
swaps_context,6bba_3a1849c2,1108,40,34,0,0,0,6423,nan,-0.08282164786520063,0.937394247038917,0.9451579006628293
swaps_context,6bba_32db13fc,690,118,121,0,1,1,42938,nan,0.10936571502389872,0.7427341227125942,0.734611157872283
swaps_context,6bba_337b1b3a,1194,32,19,1,0,1,29308,nan,-0.03845144356955381,0.9590361445783132,0.9627237769977548
swaps_context,6bba_3c5691b6,741,4,5,0,0,2,6116,nan,-0.022690955576861616,0.988,0.9902418664109938
swaps_context,6bba_3fda6b25,1164,6,15,0,0,1,8077,nan,-0.179333468807153,0.9822784810126582,0.9998940217461203
swaps_context,6bba_43fea39d,853,13,27,0,1,0,5251,nan,-0.08646485734168406,0.9552071668533034,0.9634663519946759
swaps_context,6bba_3abfe10a,839,114,96,1,0,0,51773,nan,-0.00560837414769999,0.7998093422306959,0.8002579052345015
swaps_context,6bba_3db54e20,433,41,41,0,0,1,22314,nan,-0.03967980719573076,0.8407766990291262,0.8441128847603402
swaps_context,6bba_474be664,240,25,46,0,0,1,24027,nan,-0.15077934471424026,0.7717041800643086,0.7833398851226423
swaps_context,6bba_4aa14c89,648,30,33,0,0,0,7030,nan,0.03580374244879918,0.9113924050632911,0.9081292791692234
swaps_context,6bba_4f99ce20,993,8,17,0,0,2,5301,nan,-0.11131601005867561,0.9754420432220039,0.9863002748514994
swaps_context,6bba_55b7eebe,682,6,6,0,0,1,4483,nan,-0.1472322617462431,0.9827089337175793,0.9971775796125272
swaps_context,6bba_48816121,896,20,22,1,0,4,25102,nan,0.047444189442937615,0.9552238805970149,0.9506918983218686
swaps_context,6bba_55c70843,402,49,65,0,0,0,36174,nan,0.02143159678102499,0.7790697674418605,0.7774000965298504
swaps_context,6bba_5a4d9360,699,13,23,0,0,0,5444,nan,-0.08902275769745649,0.9510204081632653,0.9594866540993907
swaps_context,6bba_4ffd3da3,645,22,44,1,0,2,19926,nan,0.1297839768668141,0.9071729957805907,0.8953993438707321
swaps_context,6bba_5b28472a,716,1,8,0,0,0,5659,nan,-0.02464667356084109,0.9875862068965517,0.9900202783820087
swaps_context,6bba_5c039895,1138,5,7,2,1,1,7913,nan,-0.07666277712952159,0.9895652173913043,0.9971514991629039
swaps_context,6bba_5c824876,1080,44,50,1,0,0,24979,nan,0.013470199212885949,0.919931856899489,0.9186926903620174
swaps_context,6bba_5dfe9ad1,1441,19,46,0,0,0,29289,nan,0.08828447218816185,0.9568393094289509,0.9483919040887689
swaps_context,6bba_5f89039d,885,0,0,0,0,0,4418,nan,-0.041856430275428326,1.0,1.0041856430275429
swaps_context,6bba_61dd1e0d,534,9,9,0,0,0,9346,nan,-0.07721169036334913,0.967391304347826,0.9748606961329762
swaps_context,6bba_61ecbe65,595,6,19,0,0,1,5355,nan,-0.07256667821267752,0.9596774193548387,0.9666414796026683
swaps_context,6bba_6321a359,785,13,13,0,0,1,4560,nan,-0.054138145612943375,0.967940813810111,0.9731810658823872
swaps_context,6bba_6ca87370,1038,17,14,0,0,1,6236,nan,-0.13328700486448922,0.971000935453695,0.983943116094419
swaps_context,6bba_67ebd073,391,68,47,0,2,1,14956,nan,-0.06880019924039599,0.7727272727272727,0.7780436517594851
swaps_context,6bba_6479435d,470,71,110,0,0,0,23579,nan,0.00537244702170298,0.7219662058371735,0.7215783333179415
swaps_context,6bba_57b7cc1e,1270,326,322,0,1,3,71956,nan,0.09838042466150723,0.662148070907195,0.6556338300667301
swaps_context,6bba_6db0e9b4,428,15,12,0,0,0,24553,nan,-0.13652189203446458,0.9406593406593406,0.9535013999540112
swaps_context,6bba_705ec2c9,536,23,26,0,2,1,5725,nan,0.022321428571428572,0.9162393162393162,0.9141941391941392
swaps_context,6bba_6feb10f0,1125,99,218,0,0,0,10475,nan,0.182013089596028,0.7801664355062413,0.7659663851736802
swaps_context,6bba_718b21f9,649,0,3,0,0,0,4077,nan,-0.0531816070599164,0.995398773006135,1.0006924636475285
swaps_context,6bba_6feeb0b1,1330,7,13,0,0,0,6766,nan,-0.1000266028198989,0.9851851851851852,0.9950396579074418
swaps_context,6bba_76db78c1,604,0,0,0,0,0,4596,nan,-0.0533470648815654,1.0,1.0053347064881566
swaps_context,6bba_784a78c9,1735,3,4,0,1,1,12615,nan,-0.03672877214416616,0.9959816303099885,0.9996397485459315
swaps_context,6bba_74686d6a,560,23,16,0,2,2,25107,nan,-0.1575680300640875,0.9348914858096828,0.9496223867839548
swaps_context,6bba_767a1e17,547,94,111,0,0,0,46642,nan,-0.02246720040239762,0.7273936170212766,0.7290278668377809
swaps_context,6bba_789f8168,670,16,11,0,0,0,10504,nan,-0.01611090295991008,0.9612625538020086,0.9628112345743385
swaps_context,6bba_7af54fde,1043,48,49,0,0,2,9978,nan,0.03678304239401496,0.9149122807017543,0.9115469549809686
swaps_context,6bba_7b5d3b2c,543,8,12,0,0,0,5345,nan,-0.07525951557093426,0.9644760213143873,0.9717346211287775
swaps_context,6bba_7d3058ae,1167,5,6,0,0,2,7361,nan,-0.03284719484955985,0.9906621392190152,0.993916186450716
swaps_context,6bba_7f87b3d8,892,49,42,1,0,2,9122,nan,-0.13788866836782912,0.9074262461851476,0.9199386258579964
swaps_context,6bba_80d12824,631,12,23,0,0,1,8119,nan,-0.09998891475446181,0.9474474474474475,0.9569208716531629
swaps_context,6bba_78a7bd97,725,110,107,0,0,2,38270,nan,-0.05769088715435944,0.7696390658174098,0.7740791818669758
swaps_context,6bba_825bd1c6,893,46,37,0,2,0,6798,nan,-0.10387556024255207,0.9149590163934426,0.924463204436127
swaps_context,6bba_8b7818bf,723,2,2,1,0,1,5570,nan,-0.04426904598490048,0.9944979367262724,0.9989004842155549
swaps_context,6bba_786893ac,1195,268,200,0,4,3,53374,nan,-0.095033825598942,0.7185808779314492,0.7254098269146564
swaps_context,6bba_907271db,917,1,4,0,0,1,6771,nan,-0.07322748425951273,0.9945770065075922,1.001860043716483
swaps_context,6bba_96833384,714,9,7,0,1,0,4715,nan,-0.031628671185048265,0.9780821917808219,0.9811757357844006
swaps_context,6bba_87289e13,669,41,30,0,1,1,13862,nan,-0.07376720566617667,0.904054054054054,0.9107230081879287
swaps_context,6bba_91951b3a,1125,16,23,0,0,0,11342,nan,-0.047451079197110946,0.9664948453608248,0.9710809677059065
swaps_context,6bba_971fa5e0,750,11,17,0,1,0,4937,nan,-0.11980745230878945,0.9640102827763496,0.9755598443742406
swaps_context,6bba_969618f6,650,5,8,0,0,3,15443,nan,0.11196716589861751,0.9803921568627451,0.9694149837354296
swaps_context,6bba_9e23430b,866,18,25,0,0,1,7206,nan,-0.06512714063310845,0.9526952695269527,0.9588999014068506
swaps_context,6bba_a5e926bb,665,21,33,0,0,0,7736,nan,-0.08341232227488152,0.9248956884561892,0.9326104581798047
swaps_context,6bba_9a41d029,1317,33,36,0,1,2,18288,nan,0.003126542701991114,0.9502164502164502,0.9499193609856765
swaps_context,6bba_ae82a791,1463,13,8,0,1,0,7103,nan,-0.040524111846548694,0.9858490566037735,0.9898441223471361
swaps_context,6bba_aeee7805,757,3,11,0,0,1,4891,nan,-0.02840683353198252,0.9818417639429312,0.9846308654972387
swaps_context,6bba_ab78413d,930,113,208,0,0,2,11942,nan,0.2922843848068391,0.7434052757793765,0.7216767004100432
swaps_context,6bba_acd782a8,307,27,23,0,0,0,19693,nan,-0.0008625063419583968,0.8599439775910365,0.8600181483044766
swaps_context,6bba_a90a0b9c,873,177,239,0,0,0,28745,nan,-0.22091825672159585,0.6772692009309542,0.6922313140510437
swaps_context,6bba_af149c94,1268,27,49,0,0,0,7791,nan,-0.12784059106683085,0.9434523809523809,0.955513531954817
swaps_context,6bba_b204cac7,802,8,9,0,0,2,5355,nan,0.0516496465043205,0.9792429792429792,0.9741852238710055
swaps_context,6bba_afb141ff,593,19,33,1,0,3,5421,nan,-0.1045589692765114,0.9193798449612403,0.9289927858575149
swaps_context,6bba_b693381b,913,12,22,0,0,0,6028,nan,0.08456279237135661,0.9640971488912354,0.9559444741884848
swaps_context,6bba_b1ae37b9,549,35,30,0,1,0,22439,nan,-0.07650835459708619,0.8941368078175895,0.9009777014126711
swaps_context,6bba_bbb708ca,848,8,13,0,2,0,6464,nan,-0.047310243183493,0.9758342922899885,0.9804509880574918
swaps_context,6bba_c27cba08,484,5,9,0,0,0,6262,nan,-0.02839410395655547,0.9718875502008032,0.9746471378142515
swaps_context,6bba_bb9f20c3,1795,78,84,0,2,3,22751,nan,-0.01387022669151749,0.9172202350536536,0.9184924403122776
swaps_context,6bba_c73a1d11,546,97,164,0,0,0,23228,nan,0.42372050260496474,0.6765799256505576,0.6479118470356492
swaps_context,6bba_b329af44,1166,88,102,0,0,1,63225,nan,0.012166813415512687,0.859882005899705,0.8588358035071911
swaps_context,6bba_c328f2fd,448,25,52,0,0,2,30017,nan,-0.03877930062764186,0.8533333333333334,0.8566425003202256
swaps_context,6bba_cf35214c,815,3,2,0,0,0,34614,nan,-0.007910576096302666,0.9939024390243902,0.9946886731120105
swaps_context,6bba_d0fc38b5,813,0,0,0,0,0,5604,nan,-0.08296514482081492,1.0,1.0082965144820815
swaps_context,6bba_cdcfe533,1330,19,18,1,2,3,28150,nan,-0.05489340271948968,0.9729334308705194,0.9782741935345224
swaps_context,6bba_cff5865f,1459,37,42,0,0,0,46331,nan,-0.0006686510504292308,0.9486345903771132,0.948698020928646
swaps_context,6bba_d1acb6ff,619,26,24,0,2,1,15958,nan,0.08417691419254025,0.9252615844544095,0.9174730179543823
swaps_context,6bba_d2b9fc0c,918,3,3,0,0,2,18797,nan,-0.06844087620180395,0.9935064935064936,1.00030613899927
swaps_context,6bba_d3da753b,833,34,24,0,1,1,15917,nan,-0.07706134755885423,0.9349046015712682,0.9421091024148737
swaps_context,6bba_d5eae175,519,0,0,0,0,0,4117,nan,-0.08895773401194955,1.0,1.008895773401195
swaps_context,6bba_d6ecebbb,840,13,22,0,0,0,5964,nan,0.1128941966784848,0.96,0.9491621571188654
swaps_context,6bba_e16ffc58,935,7,7,1,0,0,5917,nan,-0.07067692790953353,0.9852476290832455,0.9922110566486211
swaps_context,6bba_d82a4fc6,508,28,22,0,0,0,28227,nan,0.018437003896666186,0.910394265232975,0.9087157709714146
swaps_context,6bba_e5e44988,597,16,37,0,0,0,5062,nan,-0.09848619768477293,0.9184615384615384,0.9275071169258168
swaps_context,6bba_debd7bfa,714,16,15,3,0,1,11720,nan,-0.007368510205810113,0.9583892617449664,0.9590954518505971
swaps_context,6bba_df673a83,644,7,10,1,0,3,21726,nan,0.12926867300795258,0.9742813918305597,0.961686985564732
swaps_context,6bba_ed9377fd,497,0,11,0,0,0,4249,nan,-0.04366419086203016,0.9783464566929134,0.9826183273343364
swaps_context,6bba_eebc57a5,927,76,62,0,2,0,8396,nan,-0.10174387504011982,0.8704225352112676,0.8792785513767314
swaps_context,6bba_edf14583,727,46,33,0,0,0,49770,nan,-0.15988656696262787,0.901985111662531,0.9164066419580436
swaps_context,6bba_ef7b4f7e,1174,7,27,0,0,2,5710,nan,-0.0650073685934174,0.9718543046357616,0.9781720737358173
swaps_context,6bba_ebff6e76,996,266,268,0,0,0,47202,nan,0.13477257428598904,0.6509803921568628,0.6422069618307944
swaps_context,6bba_f1fde7e0,415,29,31,0,0,0,7692,nan,-0.1491150442477876,0.8736842105263158,0.8867121564974383
swaps_context,6bba_f17befbc,922,89,93,0,2,0,25254,nan,0.011657252734046388,0.8351449275362319,0.8341713779872473
swaps_context,6bba_f20478e9,931,22,32,0,0,1,5160,nan,-0.13611250627825214,0.9451776649746193,0.9580427150604115
swaps_context,6bba_ebdf3b34,729,65,74,0,0,2,58840,nan,0.03505901806603691,0.8398617511520737,0.8369172783214123
swaps_context,6bba_fbc898dc,634,7,5,0,0,0,4920,nan,0.006340764982614031,0.9814241486068112,0.9808018506193533
swaps_context,6bba_f4ae811c,955,7,10,0,0,0,9250,nan,0.03897562619341795,0.9825102880658436,0.9786808926939594
swaps_context,6bba_fc516dc6,720,28,42,0,0,0,6649,nan,-0.1547165013984236,0.9113924050632911,0.9254931494945399
swaps_context,6bba_fc83837d,819,80,104,0,0,0,10885,nan,-0.16825857721402918,0.8165503489531406,0.830289508946988
swaps_context,6bba_fe670320,662,14,18,0,0,2,9481,nan,-0.12504614248800294,0.9538904899135446,0.9658185225255127
swaps_context,6bba_fc5f39dc,440,7,18,0,0,2,17548,nan,0.25164051355206846,0.946236559139785,0.9224254137714173
swaps_context,6bba_f8ffd5e7,352,17,18,1,0,1,30443,nan,0.03056872037914692,0.9095607235142119,0.9067803127717159
context_smooth,44b6_0b24845f,49,0,0,0,0,0,18189,nan,-0.4453727702393658,1.0,1.0445372770239365
context_smooth,44b6_0db75fae,149,0,2,0,0,0,17537,nan,0.14359308770785784,0.9867549668874173,0.9725858476367742
context_smooth,44b6_0113de3b,46,3,4,0,0,0,25504,nan,-0.00974568045039798,0.8679245283018868,0.868770379812676
context_smooth,44b6_0c582fdc,69,1,1,0,0,0,26874,nan,-0.038772444380857,0.971830985915493,0.9755990122003931
context_smooth,44b6_1574802b,144,11,9,0,2,0,19325,nan,0.09322848899700176,0.8780487804878049,0.8698628643807511
context_smooth,44b6_144b256d,119,0,0,0,0,0,27680,nan,-0.5766030347528145,1.0,1.0576603034752814
context_smooth,44b6_24264f12,213,10,8,0,0,0,26825,nan,0.017910674306530566,0.922077922077922,0.9204264183431641
context_smooth,44b6_1d530831,253,28,18,0,1,0,35431,nan,-0.010997906489881368,0.8461538461538461,0.8470844382414516
context_smooth,44b6_18ced818,90,16,9,0,1,0,71416,nan,-0.09190783785158435,0.782608695652174,0.7898014829622979
context_smooth,44b6_12dfb391,741,38,32,0,0,1,44159,nan,-0.24735819470957185,0.9136868064118372,0.9362875983082358
context_smooth,44b6_2f31fc2f,67,25,18,0,0,0,18129,nan,-0.25603250164149705,0.6090909090909091,0.624685616009073
context_smooth,44b6_267148e4,250,40,27,0,0,1,21753,nan,0.13711447987454262,0.7886435331230284,0.7778300883379698
context_smooth,44b6_341df25f,208,0,1,0,0,1,8377,nan,0.12654653039268424,0.9952153110047847,0.9826212065446516
context_smooth,44b6_33b596bf,49,0,0,0,0,0,23607,nan,0.011873124732104586,1.0,0.9988126875267895
context_smooth,44b6_3bb3690f,380,26,16,0,0,0,15750,nan,-0.5068415943889533,0.9004739336492891,0.9461136980729389
context_smooth,44b6_3a861e03,884,38,35,0,0,0,36227,nan,-0.10652098850688108,0.9237199582027168,0.9335595145078457
context_smooth,44b6_2a2eff9f,197,23,13,0,1,1,38000,nan,-0.3258466833430908,0.8454935622317596,0.8730436895358751
context_smooth,44b6_40c45f5a,194,5,4,0,0,0,28638,nan,-0.12371102475444448,0.9556650246305419,0.9674876545824446
context_smooth,44b6_415c0a3a,310,13,12,0,0,0,32710,nan,-0.4290651399846401,0.9253731343283582,0.9650776696702206
context_smooth,44b6_5740d24b,169,1,1,0,0,0,11104,nan,-0.4372022301064369,0.9883040935672515,1.0315129689403437
context_smooth,44b6_551a5dba,199,33,25,0,0,0,30299,nan,-0.4742221528103146,0.77431906614786,0.811038991598931
context_smooth,44b6_53f95252,67,2,1,0,0,0,30097,nan,-0.22260105902105126,0.9571428571428572,0.9784489585063005
context_smooth,44b6_587a1e22,365,7,6,1,0,0,18695,nan,0.030765837790152725,0.9656084656084656,0.9626376902662948
context_smooth,44b6_5f15d135,252,23,21,0,0,1,21100,nan,-0.28520613841932313,0.8513513513513513,0.8756324144870504
context_smooth,44b6_66f9292d,197,2,1,0,0,0,20178,nan,-0.6171883892999431,0.985,1.0457930563460445
context_smooth,44b6_668e0cc7,613,28,18,0,0,0,33447,nan,-0.15752751819853406,0.9301972685887708,0.9448504353043553
context_smooth,44b6_71a4179f,107,18,12,0,0,0,30550,nan,-0.548664460465666,0.781021897810219,0.8238737936276105
context_smooth,44b6_74d0c52e,135,5,4,0,1,1,8399,nan,-0.44340622929092116,0.9375,0.9790693339960239
context_smooth,44b6_808952d6,179,0,0,0,0,0,14914,nan,-0.0525981450895693,1.0,1.0052598145089569
context_smooth,44b6_706092f0,108,10,9,0,0,1,28610,nan,-0.5906892901084437,0.8503937007874016,0.9006255459304818
context_smooth,44b6_81c256f0,197,0,0,0,0,0,11216,nan,0.11579785117389574,1.0,0.9884202148826104
context_smooth,44b6_7a302da0,492,22,15,0,0,1,42572,nan,-0.3632474797331658,0.9300567107750473,0.9638407863948427
context_smooth,44b6_7e557709,546,10,14,0,0,0,44403,nan,-0.2079379236532287,0.9578947368421052,0.9778130011078356
context_smooth,44b6_87bba6c4,109,47,40,0,1,0,28078,nan,-0.0008540317415130596,0.5561224489795918,0.5561699436019515
context_smooth,44b6_8cc6506c,381,22,15,0,0,0,18142,nan,-0.4360934974511998,0.9114832535885168,0.9512324455810783
context_smooth,44b6_8f5ab931,572,39,32,0,1,0,27138,nan,-0.015704907330165753,0.8895800933125972,0.8909771706054207
context_smooth,44b6_90724892,97,12,6,0,0,0,23056,nan,-0.09697634341218862,0.8434782608695652,0.8516580046182456
context_smooth,44b6_95029e92,198,0,0,0,0,0,4757,nan,-0.07827940321643093,1.0,1.007827940321643
context_smooth,44b6_8f9ecab4,366,4,4,0,0,0,39781,nan,-0.4684029772961127,0.9786096256684492,1.0244479918958227
context_smooth,44b6_949adeb1,351,44,27,0,0,0,37914,nan,0.019769224562252885,0.8317535545023697,0.8301092422224288
context_smooth,44b6_996155de,370,2,7,1,0,0,8914,nan,0.1770764558299221,0.9762532981530343,0.9589661507501132
context_smooth,44b6_97725144,219,1,2,0,0,0,32755,nan,-0.08439089841784536,0.9864864864864865,0.9948115345736523
context_smooth,44b6_9be80b04,205,18,15,0,1,1,25221,nan,-0.5642310416918638,0.8613445378151261,0.9099442703978285
context_smooth,44b6_aaf8b0ea,203,0,3,0,0,1,14078,nan,-0.3629575998913978,0.9854368932038835,1.0212040741640553
context_smooth,44b6_9bfa6a0a,241,30,18,0,0,0,38634,nan,-0.39923493189027803,0.8339100346020761,0.867202636188774
context_smooth,44b6_a21120c2,279,12,7,1,0,1,21935,nan,-0.04796006944444445,0.9362416107382551,0.9407318320050335
context_smooth,44b6_a2bb48bb,376,44,34,0,1,0,43495,nan,-0.28241466352102684,0.8281938325991189,0.8515832408554859
context_smooth,44b6_abf82518,94,0,0,0,0,0,25648,nan,-0.07085929575423852,1.0,1.0070859295754238
context_smooth,44b6_b2c44266,156,14,12,0,0,0,36766,nan,-0.3844531132280802,0.8571428571428571,0.8900959811338354
context_smooth,44b6_c15fded2,97,8,5,0,0,0,19360,nan,-0.059509351469516636,0.8818181818181818,0.8870658246295847
context_smooth,44b6_c771cb04,203,34,20,0,0,0,28042,nan,-0.4743274908613741,0.7898832684824902,0.8273496033637584
context_smooth,44b6_c8e2a523,158,10,6,0,1,1,28321,nan,-0.1455165339126237,0.9080459770114943,0.9212595473322958
context_smooth,44b6_c50204e0,297,31,28,0,1,2,35866,nan,-0.2381579506351162,0.8342696629213483,0.8541384582411881
context_smooth,44b6_c96cfa10,590,17,26,0,0,0,37288,nan,-0.1935288519768146,0.9320695102685624,0.950107744497049
context_smooth,44b6_cf2536e8,70,8,5,0,0,0,20700,nan,-0.6404064970033875,0.8433734939759037,0.8973836804701653
context_smooth,44b6_cf8fed6b,178,12,10,0,0,0,41025,nan,-0.0618353952754465,0.89,0.8955033501795148
context_smooth,44b6_d2f34f90,271,5,10,0,0,2,14684,nan,-0.3900473539918584,0.9475524475524476,0.9845114800460817
context_smooth,44b6_d754aa59,64,3,6,0,0,1,5526,nan,0.06865209824018564,0.8767123287671232,0.8706935146748329
context_smooth,44b6_d29c9ab2,1285,56,43,0,0,0,36344,nan,-0.04496124031007752,0.9284682080924855,0.9326427163149169
context_smooth,44b6_db3c847b,154,7,8,0,0,0,15241,nan,0.014511083006057378,0.9112426035502958,0.9099202918444185
context_smooth,44b6_d78e09d9,418,37,33,0,0,0,23343,nan,0.048699402488880904,0.8565573770491803,0.8523859938032066
context_smooth,44b6_ddf577ad,607,48,40,0,0,0,37316,nan,-0.30240035893217676,0.8733812949640288,0.8997923766722061
context_smooth,44b6_deabac95,121,6,3,1,2,0,15595,nan,0.11480448924154693,0.9307692307692308,0.9200835821552099
context_smooth,44b6_d5e7d891,830,90,63,0,1,2,41907,nan,-0.0655770602925437,0.844354018311292,0.8498910437479971
context_smooth,44b6_e29f0176,48,4,2,0,0,0,13367,nan,0.030688565039710076,0.8888888888888888,0.8861610164409146
context_smooth,44b6_e35b117d,240,11,26,0,0,0,18289,nan,-0.36143989385845465,0.8664259927797834,0.8977420846664366
context_smooth,44b6_e28840c6,289,14,20,0,0,2,26339,nan,-0.6473368502798382,0.8947368421052632,0.9526564550250382
context_smooth,44b6_e57ff5c6,143,19,43,0,0,0,15976,nan,-0.2135473072757704,0.697560975609756,0.7124572024099682
context_smooth,44b6_e31261b4,106,10,7,0,0,0,66191,nan,-0.09148182716591632,0.8617886178861789,0.8696724176256806
context_smooth,44b6_f28707c6,55,6,6,0,0,0,21382,nan,0.14611921097770153,0.8208955223880597,0.8089006617854125
context_smooth,6bba_05b6850b,836,8,9,0,0,0,5971,nan,-0.06145866079849104,0.9800703399765534,0.9860937210348814
context_smooth,6bba_07477033,593,14,9,0,0,0,4490,nan,-0.07154673283705541,0.9626623376623377,0.9695498721708399
context_smooth,6bba_062c8d37,896,4,2,1,1,0,5815,nan,-0.03565505804311774,0.9933481152993349,0.9968899037701369
context_smooth,44b6_eb2880fc,371,13,8,0,3,1,35929,nan,-0.2527867897845437,0.9464285714285714,0.9703530354617516
context_smooth,6bba_085bf656,1164,0,4,0,0,1,8176,nan,-0.03391232423490488,0.9965753424657534,0.9999549610795745
context_smooth,6bba_0c7fa718,620,45,39,0,0,0,12340,nan,-0.09597069597069598,0.8806818181818182,0.8891337828837829
context_smooth,6bba_07e24132,309,17,36,0,0,2,26959,nan,0.25478240632999766,0.8535911602209945,0.8318431592386826
context_smooth,6bba_09961292,1786,111,85,1,0,3,29136,nan,-0.06366294951312787,0.9011099899091827,0.906846721888519
context_smooth,6bba_12665c0e,961,21,37,0,1,3,8003,nan,-0.037406783738272796,0.943081452404318,0.9466092167980843
context_smooth,6bba_05db0fb1,1113,93,70,0,0,3,68533,nan,-0.01815186246418338,0.872257053291536,0.8738403622980123
context_smooth,6bba_0e7c0d07,179,19,19,0,0,1,21106,nan,-0.06057773623536743,0.8248847926267281,0.8298817579659589
context_smooth,6bba_15403b9a,716,14,13,0,1,0,6239,nan,-0.09435331688198577,0.9636608344549125,0.9727532940629208
context_smooth,6bba_13f19531,693,11,11,0,0,0,5514,nan,-0.04486402217218084,0.9692307692307692,0.9735791283028422
context_smooth,6bba_1ebfb80d,675,37,44,0,0,0,11044,nan,-0.04447136182730576,0.8928571428571429,0.8968278001631523
context_smooth,6bba_1d0d8384,1255,107,110,0,0,1,16823,nan,-0.06063990172538947,0.8525815217391305,0.8577515677082449
context_smooth,6bba_1f58c2f6,264,48,35,0,1,0,31208,nan,0.07974950697159465,0.760806916426513,0.7547395187779536
context_smooth,6bba_207c6aaf,344,78,106,0,1,1,16910,nan,0.40928410700891743,0.6515151515151515,0.6248496718160856
context_smooth,6bba_20852818,846,27,63,0,0,3,9703,nan,-0.005636400901824145,0.9038461538461539,0.9043555977738188
context_smooth,6bba_23af9eeb,498,1,1,0,0,0,4055,nan,-0.08876404494382023,0.996,1.0048408988764046
context_smooth,6bba_2540cd90,523,0,0,0,0,0,3466,nan,-0.08379592915675389,1.0,1.0083795929156754
context_smooth,6bba_2646afc7,704,12,17,0,1,0,5156,nan,-0.06169244767970883,0.9604365620736699,0.9663617303092108
context_smooth,6bba_2312ac41,1128,5,4,1,0,1,12235,nan,0.02384937238493724,0.9920844327176781,0.9897183736103597
context_smooth,6bba_268e1230,578,10,31,0,0,1,4473,nan,-0.12414333268063442,0.9337641357027464,0.9453561948771256
context_smooth,6bba_2819ca14,915,20,34,0,0,1,4898,nan,-0.11492591254065775,0.9442724458204335,0.9551245830727246
context_smooth,6bba_312f0dc3,494,11,6,0,1,0,9296,nan,-0.06694770651410217,0.9667318982387475,0.9732039465788583
context_smooth,6bba_283bf9f1,1266,13,22,0,1,0,21546,nan,0.032836393269737786,0.973097617217525,0.9699023156126451
context_smooth,6bba_372c8cb8,1006,2,1,0,0,0,6501,nan,-0.07406352371457058,0.9970267591674926,1.004411090669659
context_smooth,6bba_3a1849c2,1108,40,34,0,0,0,6423,nan,-0.08282164786520063,0.937394247038917,0.9451579006628293
context_smooth,6bba_32db13fc,690,118,121,0,1,1,42938,nan,0.10936571502389872,0.7427341227125942,0.734611157872283
context_smooth,6bba_3c5691b6,741,4,5,0,0,2,6116,nan,-0.022690955576861616,0.988,0.9902418664109938
context_smooth,6bba_337b1b3a,1194,32,19,1,0,1,29308,nan,-0.03845144356955381,0.9590361445783132,0.9627237769977548
context_smooth,6bba_3fda6b25,1164,6,15,0,0,1,8077,nan,-0.179333468807153,0.9822784810126582,0.9998940217461203
context_smooth,6bba_43fea39d,853,13,27,0,1,0,5251,nan,-0.08646485734168406,0.9552071668533034,0.9634663519946759
context_smooth,6bba_3abfe10a,839,114,96,1,0,0,51773,nan,-0.00560837414769999,0.7998093422306959,0.8002579052345015
context_smooth,6bba_3db54e20,433,41,41,0,0,1,22314,nan,-0.03967980719573076,0.8407766990291262,0.8441128847603402
context_smooth,6bba_4aa14c89,648,30,33,0,0,0,7030,nan,0.03580374244879918,0.9113924050632911,0.9081292791692234
context_smooth,6bba_4f99ce20,993,8,17,0,0,2,5301,nan,-0.11131601005867561,0.9754420432220039,0.9863002748514994
context_smooth,6bba_474be664,240,25,46,0,0,1,24027,nan,-0.15077934471424026,0.7717041800643086,0.7833398851226423
context_smooth,6bba_55b7eebe,682,6,6,0,0,1,4483,nan,-0.1472322617462431,0.9827089337175793,0.9971775796125272
context_smooth,6bba_48816121,896,20,22,1,0,4,25102,nan,0.047444189442937615,0.9552238805970149,0.9506918983218686
context_smooth,6bba_4ffd3da3,645,22,44,1,0,2,19926,nan,0.1297839768668141,0.9071729957805907,0.8953993438707321
context_smooth,6bba_55c70843,402,49,65,0,0,0,36174,nan,0.02143159678102499,0.7790697674418605,0.7774000965298504
context_smooth,6bba_5a4d9360,699,13,23,0,0,0,5444,nan,-0.08902275769745649,0.9510204081632653,0.9594866540993907
context_smooth,6bba_5b28472a,716,1,8,0,0,0,5659,nan,-0.02464667356084109,0.9875862068965517,0.9900202783820087
context_smooth,6bba_5c039895,1138,5,7,2,1,1,7913,nan,-0.07666277712952159,0.9895652173913043,0.9971514991629039
context_smooth,6bba_5f89039d,885,0,0,0,0,0,4418,nan,-0.041856430275428326,1.0,1.0041856430275429
context_smooth,6bba_5dfe9ad1,1441,19,46,0,0,0,29289,nan,0.08828447218816185,0.9568393094289509,0.9483919040887689
context_smooth,6bba_5c824876,1080,44,50,1,0,0,24979,nan,0.013470199212885949,0.919931856899489,0.9186926903620174
context_smooth,6bba_61dd1e0d,534,9,9,0,0,0,9346,nan,-0.07721169036334913,0.967391304347826,0.9748606961329762
context_smooth,6bba_6321a359,785,13,13,0,0,1,4560,nan,-0.054138145612943375,0.967940813810111,0.9731810658823872
context_smooth,6bba_61ecbe65,595,6,19,0,0,1,5355,nan,-0.07256667821267752,0.9596774193548387,0.9666414796026683
context_smooth,6bba_6479435d,470,71,110,0,0,0,23579,nan,0.00537244702170298,0.7219662058371735,0.7215783333179415
context_smooth,6bba_6ca87370,1038,17,14,0,0,1,6236,nan,-0.13328700486448922,0.971000935453695,0.983943116094419
context_smooth,6bba_67ebd073,391,68,47,0,2,1,14956,nan,-0.06880019924039599,0.7727272727272727,0.7780436517594851
context_smooth,6bba_6db0e9b4,428,15,12,0,0,0,24553,nan,-0.13652189203446458,0.9406593406593406,0.9535013999540112
context_smooth,6bba_57b7cc1e,1270,326,322,0,1,3,71956,nan,0.09838042466150723,0.662148070907195,0.6556338300667301
context_smooth,6bba_6feeb0b1,1330,7,13,0,0,0,6766,nan,-0.1000266028198989,0.9851851851851852,0.9950396579074418
context_smooth,6bba_6feb10f0,1125,99,218,0,0,0,10475,nan,0.182013089596028,0.7801664355062413,0.7659663851736802
context_smooth,6bba_705ec2c9,536,23,26,0,2,1,5725,nan,0.022321428571428572,0.9162393162393162,0.9141941391941392
context_smooth,6bba_76db78c1,604,0,0,0,0,0,4596,nan,-0.0533470648815654,1.0,1.0053347064881566
context_smooth,6bba_718b21f9,649,0,3,0,0,0,4077,nan,-0.0531816070599164,0.995398773006135,1.0006924636475285
context_smooth,6bba_767a1e17,547,94,111,0,0,0,46642,nan,-0.02246720040239762,0.7273936170212766,0.7290278668377809
context_smooth,6bba_74686d6a,560,23,16,0,2,2,25107,nan,-0.1575680300640875,0.9348914858096828,0.9496223867839548
context_smooth,6bba_784a78c9,1735,3,4,0,1,1,12615,nan,-0.03672877214416616,0.9959816303099885,0.9996397485459315
context_smooth,6bba_789f8168,670,16,11,0,0,0,10504,nan,-0.01611090295991008,0.9612625538020086,0.9628112345743385
context_smooth,6bba_7af54fde,1043,48,49,0,0,2,9978,nan,0.03678304239401496,0.9149122807017543,0.9115469549809686
context_smooth,6bba_7b5d3b2c,543,8,12,0,0,0,5345,nan,-0.07525951557093426,0.9644760213143873,0.9717346211287775
context_smooth,6bba_78a7bd97,725,110,107,0,0,2,38270,nan,-0.05769088715435944,0.7696390658174098,0.7740791818669758
context_smooth,6bba_7d3058ae,1167,5,6,0,0,2,7361,nan,-0.03284719484955985,0.9906621392190152,0.993916186450716
context_smooth,6bba_7f87b3d8,892,49,42,1,0,2,9122,nan,-0.13788866836782912,0.9074262461851476,0.9199386258579964
context_smooth,6bba_80d12824,631,12,23,0,0,1,8119,nan,-0.09998891475446181,0.9474474474474475,0.9569208716531629
context_smooth,6bba_825bd1c6,893,46,37,0,2,0,6798,nan,-0.10387556024255207,0.9149590163934426,0.924463204436127
context_smooth,6bba_786893ac,1195,268,200,0,4,3,53374,nan,-0.095033825598942,0.7185808779314492,0.7254098269146564
context_smooth,6bba_87289e13,669,41,30,0,1,1,13862,nan,-0.07376720566617667,0.904054054054054,0.9107230081879287
context_smooth,6bba_8b7818bf,723,2,2,1,0,1,5570,nan,-0.04426904598490048,0.9944979367262724,0.9989004842155549
context_smooth,6bba_907271db,917,1,4,0,0,1,6771,nan,-0.07322748425951273,0.9945770065075922,1.001860043716483
context_smooth,6bba_91951b3a,1125,16,23,0,0,0,11342,nan,-0.047451079197110946,0.9664948453608248,0.9710809677059065
context_smooth,6bba_96833384,714,9,7,0,1,0,4715,nan,-0.031628671185048265,0.9780821917808219,0.9811757357844006
context_smooth,6bba_971fa5e0,750,11,17,0,1,0,4937,nan,-0.11980745230878945,0.9640102827763496,0.9755598443742406
context_smooth,6bba_a5e926bb,665,21,33,0,0,0,7736,nan,-0.08341232227488152,0.9248956884561892,0.9326104581798047
context_smooth,6bba_9a41d029,1317,33,36,0,1,2,18288,nan,0.003126542701991114,0.9502164502164502,0.9499193609856765
context_smooth,6bba_9e23430b,866,18,25,0,0,1,7206,nan,-0.06512714063310845,0.9526952695269527,0.9588999014068506
context_smooth,6bba_969618f6,650,5,8,0,0,3,15443,nan,0.11196716589861751,0.9803921568627451,0.9694149837354296
context_smooth,6bba_ab78413d,930,113,208,0,0,2,11942,nan,0.2922843848068391,0.7434052757793765,0.7216767004100432
context_smooth,6bba_a90a0b9c,873,177,239,0,0,0,28745,nan,-0.22091825672159585,0.6772692009309542,0.6922313140510437
context_smooth,6bba_acd782a8,307,27,23,0,0,0,19693,nan,-0.0008625063419583968,0.8599439775910365,0.8600181483044766
context_smooth,6bba_ae82a791,1463,13,8,0,1,0,7103,nan,-0.040524111846548694,0.9858490566037735,0.9898441223471361
context_smooth,6bba_aeee7805,757,3,11,0,0,1,4891,nan,-0.02840683353198252,0.9818417639429312,0.9846308654972387
context_smooth,6bba_afb141ff,593,19,33,1,0,3,5421,nan,-0.1045589692765114,0.9193798449612403,0.9289927858575149
context_smooth,6bba_af149c94,1268,27,49,0,0,0,7791,nan,-0.12784059106683085,0.9434523809523809,0.955513531954817
context_smooth,6bba_b1ae37b9,549,35,30,0,1,0,22439,nan,-0.07650835459708619,0.8941368078175895,0.9009777014126711
context_smooth,6bba_b204cac7,802,8,9,0,0,2,5355,nan,0.0516496465043205,0.9792429792429792,0.9741852238710055
context_smooth,6bba_b693381b,913,12,22,0,0,0,6028,nan,0.08456279237135661,0.9640971488912354,0.9559444741884848
context_smooth,6bba_bbb708ca,848,8,13,0,2,0,6464,nan,-0.047310243183493,0.9758342922899885,0.9804509880574918
context_smooth,6bba_c27cba08,484,5,9,0,0,0,6262,nan,-0.02839410395655547,0.9718875502008032,0.9746471378142515
context_smooth,6bba_bb9f20c3,1795,78,84,0,2,3,22751,nan,-0.01387022669151749,0.9172202350536536,0.9184924403122776
context_smooth,6bba_c73a1d11,546,97,164,0,0,0,23228,nan,0.42372050260496474,0.6765799256505576,0.6479118470356492
context_smooth,6bba_c328f2fd,448,25,52,0,0,2,30017,nan,-0.03877930062764186,0.8533333333333334,0.8566425003202256
context_smooth,6bba_b329af44,1166,88,102,0,0,1,63225,nan,0.012166813415512687,0.859882005899705,0.8588358035071911
context_smooth,6bba_cf35214c,815,3,2,0,0,0,34614,nan,-0.007910576096302666,0.9939024390243902,0.9946886731120105
context_smooth,6bba_d0fc38b5,813,0,0,0,0,0,5604,nan,-0.08296514482081492,1.0,1.0082965144820815
context_smooth,6bba_cdcfe533,1330,19,18,1,2,3,28150,nan,-0.05489340271948968,0.9729334308705194,0.9782741935345224
context_smooth,6bba_cff5865f,1459,37,42,0,0,0,46331,nan,-0.0006686510504292308,0.9486345903771132,0.948698020928646
context_smooth,6bba_d3da753b,833,34,24,0,1,1,15917,nan,-0.07706134755885423,0.9349046015712682,0.9421091024148737
context_smooth,6bba_d5eae175,519,0,0,0,0,0,4117,nan,-0.08895773401194955,1.0,1.008895773401195
context_smooth,6bba_d1acb6ff,619,26,24,0,2,1,15958,nan,0.08417691419254025,0.9252615844544095,0.9174730179543823
context_smooth,6bba_d2b9fc0c,917,5,4,0,0,2,18797,nan,-0.06844087620180395,0.990280777537797,0.9970583459478459
context_smooth,6bba_d6ecebbb,840,13,22,0,0,0,5964,nan,0.1128941966784848,0.96,0.9491621571188654
context_smooth,6bba_e16ffc58,935,7,7,1,0,0,5917,nan,-0.07067692790953353,0.9852476290832455,0.9922110566486211
context_smooth,6bba_debd7bfa,714,16,15,3,0,1,11720,nan,-0.007368510205810113,0.9583892617449664,0.9590954518505971
context_smooth,6bba_d82a4fc6,508,28,22,0,0,0,28227,nan,0.018437003896666186,0.910394265232975,0.9087157709714146
context_smooth,6bba_e5e44988,597,16,37,0,0,0,5062,nan,-0.09848619768477293,0.9184615384615384,0.9275071169258168
context_smooth,6bba_df673a83,644,7,10,1,0,3,21726,nan,0.12926867300795258,0.9742813918305597,0.961686985564732
context_smooth,6bba_ed9377fd,497,0,11,0,0,0,4249,nan,-0.04366419086203016,0.9783464566929134,0.9826183273343364
context_smooth,6bba_ebff6e76,996,266,268,0,0,0,47202,nan,0.13477257428598904,0.6509803921568628,0.6422069618307944
context_smooth,6bba_eebc57a5,927,76,62,0,2,0,8396,nan,-0.10174387504011982,0.8704225352112676,0.8792785513767314
context_smooth,6bba_edf14583,727,46,33,0,0,0,49770,nan,-0.15988656696262787,0.901985111662531,0.9164066419580436
context_smooth,6bba_f1fde7e0,415,29,31,0,0,0,7692,nan,-0.1491150442477876,0.8736842105263158,0.8867121564974383
context_smooth,6bba_ef7b4f7e,1174,7,27,0,0,2,5710,nan,-0.0650073685934174,0.9718543046357616,0.9781720737358173
context_smooth,6bba_f17befbc,922,89,93,0,2,0,25254,nan,0.011657252734046388,0.8351449275362319,0.8341713779872473
context_smooth,6bba_ebdf3b34,729,65,74,0,0,2,58840,nan,0.03505901806603691,0.8398617511520737,0.8369172783214123
context_smooth,6bba_f20478e9,931,22,32,0,0,1,5160,nan,-0.13611250627825214,0.9451776649746193,0.9580427150604115
context_smooth,6bba_f4ae811c,955,7,10,0,0,0,9250,nan,0.03897562619341795,0.9825102880658436,0.9786808926939594
context_smooth,6bba_fbc898dc,634,7,5,0,0,0,4920,nan,0.006340764982614031,0.9814241486068112,0.9808018506193533
context_smooth,6bba_fc516dc6,720,28,42,0,0,0,6649,nan,-0.1547165013984236,0.9113924050632911,0.9254931494945399
context_smooth,6bba_fc83837d,819,80,104,0,0,0,10885,nan,-0.16825857721402918,0.8165503489531406,0.830289508946988
context_smooth,6bba_f8ffd5e7,352,17,18,1,0,1,30443,nan,0.03056872037914692,0.9095607235142119,0.9067803127717159
context_smooth,6bba_fc5f39dc,440,7,18,0,0,2,17548,nan,0.25164051355206846,0.946236559139785,0.9224254137714173
context_smooth,6bba_fe670320,662,14,18,0,0,2,9481,nan,-0.12504614248800294,0.9538904899135446,0.9658185225255127
