config,stem,edge_tp,edge_fp,edge_fn,division_tp,division_fp,division_fn,num_pred_nodes,node_recall,total_node_ratio,edge_jaccard,adj_edge_jaccard
C3_public0955,44b6_0b24845f,49,0,0,0,0,0,18149,nan,-0.4465924683640799,1.0,1.044659246836408
C3_public0955,44b6_0113de3b,46,3,4,0,0,0,25491,nan,-0.01025043680838672,0.8679245283018868,0.8688141888550677
C3_public0955,44b6_0db75fae,149,0,2,0,0,0,17507,nan,0.14163677861102053,0.9867549668874173,0.9727788874085814
C3_public0955,44b6_0c582fdc,69,1,1,0,0,0,26811,nan,-0.04102582445096216,0.971830985915493,0.9758180026579104
C3_public0955,44b6_1574802b,144,11,9,0,2,0,19280,nan,0.09068280816880693,0.8780487804878049,0.8700863875754218
C3_public0955,44b6_144b256d,119,0,0,0,0,0,27584,nan,-0.5780714635340186,1.0,1.0578071463534018
C3_public0955,44b6_1d530831,253,28,18,0,1,0,35393,nan,-0.012058618283321703,0.8461538461538461,0.8471741907778195
C3_public0955,44b6_18ced818,90,16,9,0,1,0,71302,nan,-0.0933574080667311,0.782608695652174,0.7899149275878312
C3_public0955,44b6_12dfb391,741,38,32,0,0,1,44134,nan,-0.24778429233706026,0.9136868064118372,0.9363265302862839
C3_public0955,44b6_24264f12,213,10,8,0,0,0,26797,nan,0.01684817667817706,0.922077922077922,0.9205243889037006
C3_public0955,44b6_2f31fc2f,67,25,18,0,0,0,18092,nan,-0.25755088640840446,0.6090909090909091,0.6247780994448756
C3_public0955,44b6_267148e4,250,40,27,0,0,1,21733,nan,0.13606900156821747,0.7886435331230284,0.7779125393085001
C3_public0955,44b6_33b596bf,49,0,0,0,0,0,23601,nan,0.011615945135019288,1.0,0.998838405486498
C3_public0955,44b6_2a2eff9f,197,23,13,0,1,1,37925,nan,-0.3271772490996505,0.8454935622317596,0.8731561880140047
C3_public0955,44b6_341df25f,208,0,1,0,0,1,8365,nan,0.12493275954814416,0.9952153110047847,0.9827818114899455
C3_public0955,44b6_3bb3690f,380,26,16,0,0,0,15743,nan,-0.5070607759025582,0.9004739336492891,0.9461334347969129
C3_public0955,44b6_40c45f5a,194,5,4,0,0,0,28599,nan,-0.12490437869098253,0.9556650246305419,0.9676016992443599
C3_public0955,44b6_415c0a3a,310,13,12,0,0,0,32632,nan,-0.4304265866089506,0.9253731343283582,0.9652036542832162
C3_public0955,44b6_3a861e03,884,38,35,0,0,0,36221,nan,-0.10666896857889804,0.9237199582027168,0.9335731837224395
C3_public0955,44b6_5740d24b,169,1,1,0,0,0,11093,nan,-0.4377597567156614,0.9883040935672515,1.0315680695233607
C3_public0955,44b6_53f95252,67,2,1,0,0,0,30053,nan,-0.22373756941753842,0.9571428571428572,0.9785577387871074
C3_public0955,44b6_551a5dba,199,33,25,0,0,0,30269,nan,-0.47474274211741024,0.77431906614786,0.8110793018215428
C3_public0955,44b6_587a1e22,365,7,6,1,0,0,18679,nan,0.02988366322986161,0.9656084656084656,0.962722873788651
C3_public0955,44b6_5f15d135,252,23,21,0,0,1,21051,nan,-0.2868660862495342,0.8513513513513513,0.8757737343698927
C3_public0955,44b6_668e0cc7,613,28,18,0,0,0,33423,nan,-0.15813203697639858,0.9301972685887708,0.9449066674759533
C3_public0955,44b6_66f9292d,197,2,1,0,0,0,20022,nan,-0.6201479795105294,0.985,1.0460845759817872
C3_public0955,44b6_74d0c52e,135,5,4,0,1,1,8389,nan,-0.4440689198144466,0.9375,0.9791314612326043
C3_public0955,44b6_71a4179f,107,20,12,0,0,0,30501,nan,-0.5493883701690108,0.7697841726618705,0.812075219861931
C3_public0955,44b6_706092f0,108,10,9,0,0,1,28562,nan,-0.5913760050359095,0.8503937007874016,0.9006839437353371
C3_public0955,44b6_81c256f0,197,0,0,0,0,0,11208,nan,0.11500198965380024,1.0,0.98849980103462
C3_public0955,44b6_808952d6,179,0,0,0,0,0,14896,nan,-0.05374158302629907,1.0,1.0053741583026299
C3_public0955,44b6_7a302da0,492,22,15,0,0,1,42483,nan,-0.36457865924795835,0.9300567107750473,0.9639645936389405
C3_public0955,44b6_8cc6506c,381,22,15,0,0,0,18127,nan,-0.4365597413900286,0.9114832535885168,0.9512749429353112
C3_public0955,44b6_87bba6c4,109,47,40,0,1,0,28051,nan,-0.0018148174507152516,0.5561224489795918,0.5562233750521062
C3_public0955,44b6_7e557709,546,10,14,0,0,0,44367,nan,-0.20858009275775954,0.9578947368421052,0.9778745141483749
C3_public0955,44b6_8f5ab931,572,39,32,0,1,0,27103,nan,-0.016974357114359292,0.8895800933125972,0.8910900983311685
C3_public0955,44b6_90724892,97,12,6,0,0,0,23034,nan,-0.09783800720664264,0.8434782608695652,0.8517306840861256
C3_public0955,44b6_949adeb1,351,44,27,0,0,0,37856,nan,0.01820920412060572,0.8317535545023697,0.8302389974771723
C3_public0955,44b6_95029e92,198,0,0,0,0,0,4757,nan,-0.07827940321643093,1.0,1.007827940321643
C3_public0955,44b6_8f9ecab4,366,4,4,0,0,0,39734,nan,-0.4690310424545321,0.9786096256684492,1.0245094549567806
C3_public0955,44b6_97725144,219,1,2,0,0,0,32719,nan,-0.08539721585509029,0.9864864864864865,0.994910806428948
C3_public0955,44b6_996155de,370,2,7,1,0,0,8879,nan,0.17245477353756766,0.9762532981530343,0.9594173440082058
C3_public0955,44b6_9be80b04,205,18,15,0,1,1,25200,nan,-0.5645938801250928,0.8613445378151261,0.9099755232880857
C3_public0955,44b6_9bfa6a0a,241,30,18,0,0,0,38617,nan,-0.39949928469241774,0.8339100346020761,0.867224680834212
C3_public0955,44b6_a2bb48bb,376,44,34,0,1,0,43396,nan,-0.28404797650669,0.8281938325991189,0.8517185108296289
C3_public0955,44b6_a21120c2,279,12,7,1,0,1,21921,nan,-0.048567708333333334,0.9362416107382551,0.9407887216862417
C3_public0955,44b6_aaf8b0ea,203,0,3,0,0,1,14024,nan,-0.36540114937327484,0.9854368932038835,1.0214448705450363
C3_public0955,44b6_abf82518,94,0,0,0,0,0,25568,nan,-0.07375742645993334,1.0,1.0073757426459933
C3_public0955,44b6_c15fded2,97,8,5,0,0,0,19358,nan,-0.05960650959436483,0.8818181818181818,0.887074392209685
C3_public0955,44b6_b2c44266,156,14,12,0,0,0,36725,nan,-0.3851395469537411,0.8571428571428571,0.8901548183103206
C3_public0955,44b6_c771cb04,203,34,20,0,0,0,28016,nan,-0.4748148842440716,0.7898832684824902,0.8273881017515745
C3_public0955,44b6_c8e2a523,158,10,6,0,1,1,28311,nan,-0.14581824764663287,0.9080459770114943,0.9212869443265332
C3_public0955,44b6_c96cfa10,590,17,26,0,0,0,37261,nan,-0.19411281252703522,0.9320695102685624,0.950162173679455
C3_public0955,44b6_cf2536e8,70,8,5,0,0,0,20633,nan,-0.6415703986797533,0.8433734939759037,0.8974818408525094
C3_public0955,44b6_c50204e0,297,31,28,0,1,2,35776,nan,-0.2400696716088194,0.8342696629213483,0.8542979473224213
C3_public0955,44b6_cf8fed6b,178,12,10,0,0,0,41008,nan,-0.062224153307873495,0.89,0.8955379496444007
C3_public0955,44b6_d29c9ab2,1285,56,43,0,0,0,36336,nan,-0.0451714623571147,0.9284682080924855,0.9326622347636483
C3_public0955,44b6_d2f34f90,271,5,10,0,0,2,14679,nan,-0.39025504693860597,0.9475524475524476,0.9845311600420847
C3_public0955,44b6_d754aa59,64,3,6,0,0,1,5523,nan,0.06807193966350802,0.8767123287671232,0.8707443778925144
C3_public0955,44b6_d78e09d9,418,37,33,0,0,0,23310,nan,0.04721685610314929,0.8565573770491803,0.8525129824075581
C3_public0955,44b6_db3c847b,154,7,8,0,0,0,15223,nan,0.013312920189043467,0.9112426035502958,0.9100294735449037
C3_public0955,44b6_d5e7d891,830,90,63,0,1,2,41859,nan,-0.06664734213342847,0.844354018311292,0.8499814134253048
C3_public0955,44b6_deabac95,121,6,3,1,2,0,15574,nan,0.11330330974336979,0.9307692307692308,0.9202233073238864
C3_public0955,44b6_ddf577ad,607,48,40,0,0,0,37273,nan,-0.3032042174530771,0.8733812949640288,0.8998625841718012
C3_public0955,44b6_e29f0176,48,4,2,0,0,0,13354,nan,0.029686174724342665,0.8888888888888888,0.8862501178022806
C3_public0955,44b6_e35b117d,240,11,26,0,0,0,18249,nan,-0.362836493139206,0.8664259927797834,0.8978630896582707
C3_public0955,44b6_e28840c6,289,14,20,0,0,2,26312,nan,-0.6476983638165118,0.8947368421052632,0.9526888009730563
C3_public0955,44b6_e57ff5c6,142,19,44,0,0,0,15952,nan,-0.2147287584916806,0.6926829268292682,0.7075568213199115
C3_public0955,44b6_f28707c6,55,6,6,0,0,0,21361,nan,0.1449935677530017,0.8208955223880597,0.8089930653337088
C3_public0955,6bba_05b6850b,836,8,9,0,0,0,5965,nan,-0.06240176045268783,0.9800703399765534,0.9861861514347535
C3_public0955,44b6_e31261b4,106,10,7,0,0,0,66142,nan,-0.0921543867354782,0.8617886178861789,0.8697303780438705
C3_public0955,44b6_eb2880fc,371,13,8,0,3,1,35880,nan,-0.25380583978038435,0.9464285714285714,0.9704494812649291
C3_public0955,6bba_062c8d37,896,4,2,1,1,0,5828,nan,-0.033499170812603646,0.9933481152993349,0.9966757491184138
C3_public0955,6bba_07477033,593,14,9,0,0,0,4485,nan,-0.07258064516129033,0.9626623376623377,0.9696494030163385
C3_public0955,6bba_085bf656,1164,0,4,0,0,1,8166,nan,-0.03509393831974477,0.9965753424657534,1.0000727178257007
C3_public0955,6bba_07e24132,309,17,36,0,0,2,26917,nan,0.2528275541075169,0.8535911602209945,0.8320100236963474
C3_public0955,6bba_0c7fa718,620,45,39,0,0,0,12328,nan,-0.09684981684981685,0.8806818181818182,0.8892112054612056
C3_public0955,6bba_0e7c0d07,179,19,19,0,0,1,21076,nan,-0.06191302799661726,0.8248847926267281,0.8299919041527163
C3_public0955,6bba_12665c0e,961,21,37,0,1,3,7995,nan,-0.03836901611739235,0.943081452404318,0.9466999631490495
C3_public0955,6bba_09961292,1788,108,83,1,0,3,29116,nan,-0.06430568499534017,0.9034866093986862,0.9092965419288362
C3_public0955,6bba_13f19531,693,11,11,0,0,0,5501,nan,-0.04711588428893123,0.9692307692307692,0.973797385708004
C3_public0955,6bba_15403b9a,716,14,13,0,1,0,6235,nan,-0.09493395267818261,0.9636608344549125,0.9728092476605085
C3_public0955,6bba_1d0d8384,1255,107,110,0,0,1,16778,nan,-0.06315260483555754,0.8525815217391305,0.8579657961323794
C3_public0955,6bba_1ebfb80d,675,37,44,0,0,0,11035,nan,-0.0452500432600796,0.8928571428571429,0.8968973252910786
C3_public0955,6bba_05db0fb1,1113,93,70,0,0,3,68490,nan,-0.018767908309455586,0.872257053291536,0.8738940973313812
C3_public0955,6bba_1f58c2f6,264,48,35,0,1,0,31173,nan,0.07853856001107151,0.760806916426513,0.7548316484602529
C3_public0955,6bba_2312ac41,1128,5,4,1,0,1,12237,nan,0.02401673640167364,0.9920844327176781,0.9897017696867996
C3_public0955,6bba_23af9eeb,498,1,1,0,0,0,4034,nan,-0.09348314606741573,0.996,1.0053109213483147
C3_public0955,6bba_207c6aaf,349,79,101,0,1,1,16923,nan,0.41036753062755227,0.6597353497164461,0.6326619530833618
C3_public0955,6bba_2540cd90,523,0,0,0,0,0,3466,nan,-0.08379592915675389,1.0,1.0083795929156754
C3_public0955,6bba_20852818,846,27,63,0,0,3,9672,nan,-0.008813281410125025,0.9038461538461539,0.9046427388966843
C3_public0955,6bba_2646afc7,704,12,17,0,1,0,5150,nan,-0.06278434940855324,0.9604365620736699,0.9664666005434682
C3_public0955,6bba_268e1230,578,10,31,0,0,1,4463,nan,-0.1261014294106129,0.9337641357027464,0.9455390349271945
C3_public0955,6bba_2819ca14,915,20,34,0,0,1,4897,nan,-0.11510661366100469,0.9442724458204335,0.9551416461816119
C3_public0955,6bba_283bf9f1,1266,13,22,0,1,0,21521,nan,0.03163798475624371,0.973097617217525,0.9700189324595384
C3_public0955,6bba_312f0dc3,495,9,5,0,1,0,9299,nan,-0.06664659239184985,0.9724950884086444,0.9789764367846692
C3_public0955,6bba_372c8cb8,1006,2,1,0,0,0,6492,nan,-0.07534539239424583,0.9970267591674926,1.0045388964071964
C3_public0955,6bba_3a1849c2,1108,40,34,0,0,0,6408,nan,-0.08496358703412824,0.937394247038917,0.9453586848082752
C3_public0955,6bba_337b1b3a,1194,32,19,1,0,1,29290,nan,-0.039041994750656166,0.9590361445783132,0.962780412990545
C3_public0955,6bba_32db13fc,690,118,121,0,1,1,42908,nan,0.10859062136674848,0.7427341227125942,0.7346687267230294
C3_public0955,6bba_3c5691b6,741,4,5,0,0,2,6108,nan,-0.023969319271332695,0.988,0.9903681687440077
C3_public0955,6bba_43fea39d,853,12,27,0,1,0,5244,nan,-0.08768267223382047,0.9562780269058296,0.9646629281855884
C3_public0955,6bba_3fda6b25,1164,6,15,0,0,1,8043,nan,-0.18278805120910385,0.9822784810126582,1.0002333579415525
C3_public0955,6bba_3db54e20,433,41,41,0,0,1,22301,nan,-0.04023928386985712,0.8407766990291262,0.8441599242554656
C3_public0955,6bba_3abfe10a,839,114,96,1,0,0,51725,nan,-0.006530298665130126,0.7998093422306959,0.8003316416186886
C3_public0955,6bba_4aa14c89,648,30,33,0,0,0,7026,nan,0.035214380433181085,0.9113924050632911,0.90818299317571
C3_public0955,6bba_474be664,240,25,46,0,0,1,23988,nan,-0.15215777754214824,0.7717041800643086,0.7834462593601657
C3_public0955,6bba_4f99ce20,993,8,17,0,0,2,5300,nan,-0.11148365465213747,0.9754420432220039,0.9863166276099776
C3_public0955,6bba_55b7eebe,682,6,6,0,0,1,4478,nan,-0.14818337454822142,0.9827089337175793,0.9972710463172748
C3_public0955,6bba_4ffd3da3,645,22,44,1,0,2,19900,nan,0.12830980325452174,0.9071729957805907,0.8955330769199484
C3_public0955,6bba_55c70843,402,49,65,0,0,0,36156,nan,0.020923337568826767,0.7790697674418605,0.7774396934684752
C3_public0955,6bba_48816121,896,20,22,1,0,4,25087,nan,0.04681827665345295,0.9552238805970149,0.9507516870062374
C3_public0955,6bba_5a4d9360,699,13,23,0,0,0,5439,nan,-0.08985943775100401,0.9510204081632653,0.9595662240799934
C3_public0955,6bba_5b28472a,716,1,8,0,0,0,5649,nan,-0.026370217166494313,0.9875862068965517,0.9901904931712013
C3_public0955,6bba_5c039895,1138,5,7,2,1,1,7911,nan,-0.07689614935822638,0.9895652173913043,0.997174592866927
C3_public0955,6bba_5f89039d,885,0,0,0,0,0,4414,nan,-0.042723921058338755,1.0,1.0042723921058339
C3_public0955,6bba_5c824876,1080,44,50,1,0,0,24927,nan,0.01136040897472309,0.919931856899489,0.9188867766871635
C3_public0955,6bba_61dd1e0d,534,8,9,0,0,0,9346,nan,-0.07721169036334913,0.969147005444646,0.976629953294742
C3_public0955,6bba_5dfe9ad1,1441,19,46,0,0,0,29264,nan,0.08735555307843793,0.9568393094289509,0.9484807867207152
C3_public0955,6bba_61ecbe65,595,6,19,0,0,1,5351,nan,-0.07325943886387253,0.9596774193548387,0.9667079622780652
C3_public0955,6bba_6321a359,785,13,13,0,0,1,4552,nan,-0.05579755237502593,0.967940813810111,0.9733416866355604
C3_public0955,6bba_6479435d,470,71,110,0,0,0,23555,nan,0.004349123779473841,0.7219662058371735,0.7216522137977952
C3_public0955,6bba_67ebd073,391,68,47,0,2,1,14948,nan,-0.0692983002303717,0.7727272727272727,0.7780821413814378
C3_public0955,6bba_6ca87370,1038,17,14,0,0,1,6219,nan,-0.13564975677553856,0.971000935453695,0.9841725395260064
C3_public0955,6bba_57b7cc1e,1268,330,324,0,1,3,71892,nan,0.0974034894903146,0.659729448491155,0.6533034534508991
C3_public0955,6bba_6db0e9b4,428,15,12,0,0,0,24547,nan,-0.13673289959556884,0.9406593406593406,0.9535212485773413
C3_public0955,6bba_6feeb0b1,1330,7,13,0,0,0,6765,nan,-0.10015961691939346,0.9851851851851852,0.9950527622594662
C3_public0955,6bba_6feb10f0,1125,99,218,0,0,0,10464,nan,0.18077183480027081,0.7801664355062413,0.7660632237066363
C3_public0955,6bba_705ec2c9,536,23,26,0,2,1,5710,nan,0.019642857142857142,0.9162393162393162,0.9144395604395603
C3_public0955,6bba_718b21f9,649,0,3,0,0,0,4074,nan,-0.0538783093358105,0.995398773006135,1.000761813306586
C3_public0955,6bba_76db78c1,604,0,0,0,0,0,4590,nan,-0.05458290422245108,1.0,1.005458290422245
C3_public0955,6bba_784a78c9,1735,3,4,0,1,1,12598,nan,-0.038026878436163716,0.9959816303099885,0.9997690375480336
C3_public0955,6bba_767a1e17,547,94,111,0,0,0,46628,nan,-0.022760615333025945,0.7273936170212766,0.7290492096525486
C3_public0955,6bba_74686d6a,560,23,16,0,2,2,25088,nan,-0.1582055497768681,0.9348914858096828,0.9496819879591063
C3_public0955,6bba_789f8168,670,16,11,0,0,0,10497,nan,-0.016766579243162234,0.9612625538020086,0.9628742622801891
C3_public0955,6bba_7b5d3b2c,543,8,12,0,0,0,5340,nan,-0.07612456747404844,0.9644760213143873,0.971818053310552
C3_public0955,6bba_7af54fde,1043,48,49,0,0,2,9972,nan,0.03615960099750624,0.9149122807017543,0.911603994399965
C3_public0955,6bba_7d3058ae,1167,5,6,0,0,2,7344,nan,-0.03508080409932992,0.9906621392190152,0.9941374616624717
C3_public0955,6bba_7f87b3d8,892,49,42,1,0,2,9116,nan,-0.1384557225215008,0.9074262461851476,0.9199900818402013
C3_public0955,6bba_78a7bd97,725,109,107,0,0,2,38262,nan,-0.05788786841651688,0.7704569606801275,0.7749169717961716
C3_public0955,6bba_80d12824,631,12,23,0,0,1,8080,nan,-0.10431216051435539,0.9474474474474475,0.9573304764691528
C3_public0955,6bba_786893ac,1195,268,200,0,4,3,53320,nan,-0.09594940572068024,0.7185808779314492,0.725475618751426
C3_public0955,6bba_825bd1c6,893,46,37,0,2,0,6793,nan,-0.10453466912733983,0.9149590163934426,0.9245235101978191
C3_public0955,6bba_8b7818bf,723,2,2,1,0,1,5558,nan,-0.04632807137954702,0.9944979367262724,0.9991052538662191
C3_public0955,6bba_87289e13,669,41,30,0,1,1,13846,nan,-0.07483629560336763,0.904054054054054,0.9108196596971152
C3_public0955,6bba_907271db,916,1,5,0,0,1,6766,nan,-0.07391185327128387,0.9934924078091106,1.000835494316323
C3_public0955,6bba_91951b3a,1125,16,23,0,0,0,11338,nan,-0.047787016040984294,0.9664948453608248,0.9711134358287032
C3_public0955,6bba_96833384,714,9,7,0,1,0,4703,nan,-0.034093242965701376,0.9780821917808219,0.9814167911613028
C3_public0955,6bba_971fa5e0,750,11,17,0,1,0,4932,nan,-0.12069887680513461,0.9640102827763496,0.9756457786123202
C3_public0955,6bba_9e23430b,866,18,25,0,0,1,7205,nan,-0.06525687597301505,0.9526952695269527,0.9589122612313125
C3_public0955,6bba_969618f6,650,5,8,0,0,3,15429,nan,0.11095910138248848,0.9803921568627451,0.969513813589952
C3_public0955,6bba_a5e926bb,665,21,33,0,0,0,7733,nan,-0.08376777251184835,0.9248956884561892,0.932643333618968
C3_public0955,6bba_9a41d029,1317,33,36,0,1,2,18287,nan,0.003071691075640393,0.9502164502164502,0.9499245730774446
C3_public0955,6bba_acd782a8,307,27,23,0,0,0,19655,nan,-0.0027904616945712835,0.8599439775910365,0.860183941663931
C3_public0955,6bba_a90a0b9c,871,179,241,0,0,0,28649,nan,-0.22352016478751083,0.6746707978311387,0.6897510506219925
C3_public0955,6bba_ab78413d,930,113,208,0,0,2,11919,nan,0.289795476680013,0.7434052757793765,0.7218617271532844
C3_public0955,6bba_ae82a791,1463,13,8,0,1,0,7099,nan,-0.041064433337836014,0.9858490566037735,0.989897389890381
C3_public0955,6bba_af149c94,1268,27,49,0,0,0,7784,nan,-0.1286242023956118,0.9434523809523809,0.9555874619522049
C3_public0955,6bba_afb141ff,593,19,33,1,0,3,5417,nan,-0.10521968946151306,0.9193798449612403,0.9290535311396398
C3_public0955,6bba_aeee7805,757,3,11,0,0,1,4885,nan,-0.029598728645212555,0.9818417639429312,0.9847478907372795
C3_public0955,6bba_b1ae37b9,549,35,30,0,1,0,22378,nan,-0.07901884928800725,0.8941368078175895,0.9012021739835693
C3_public0955,6bba_b204cac7,802,8,9,0,0,2,5342,nan,0.049096622152395915,0.9792429792429792,0.9744352269882514
C3_public0955,6bba_b693381b,913,12,22,0,0,0,6030,nan,0.08492263404102195,0.9640971488912354,0.9559097819557072
C3_public0955,6bba_bbb708ca,848,8,13,0,2,0,6478,nan,-0.04524686809137804,0.9758342922899885,0.9802496368402173
C3_public0955,6bba_c27cba08,484,5,9,0,0,0,6257,nan,-0.02916989914662529,0.9718875502008032,0.974722536382925
C3_public0955,6bba_bb9f20c3,1795,78,84,0,2,3,22716,nan,-0.015387282735902215,0.9172202350536536,0.9186315877624396
C3_public0955,6bba_c73a1d11,546,97,164,0,0,0,23215,nan,0.4229236898559608,0.6765799256505576,0.6479657577866971
C3_public0955,6bba_b329af44,1166,88,102,0,0,1,63213,nan,0.01197470583526775,0.859882005899705,0.858852322492336
C3_public0955,6bba_c328f2fd,448,25,52,0,0,2,29936,nan,-0.04137312668118355,0.8533333333333334,0.8568638401434611
C3_public0955,6bba_cf35214c,815,3,2,0,0,0,34581,nan,-0.00885640584694755,0.9939024390243902,0.9947826793616172
C3_public0955,6bba_cdcfe533,1330,19,18,1,2,3,28098,nan,-0.05663924794359577,0.9729334308705194,0.9784440526528883
C3_public0955,6bba_d0fc38b5,813,0,0,0,0,0,5607,nan,-0.08247422680412371,1.0,1.0082474226804123
C3_public0955,6bba_cff5865f,1459,37,42,0,0,0,46303,nan,-0.001272593934687891,0.9486345903771132,0.948755313039708
C3_public0955,6bba_d1acb6ff,619,26,24,0,2,1,15960,nan,0.08431279298865411,0.9252615844544095,0.9174604456113636
C3_public0955,6bba_d5eae175,519,0,0,0,0,0,4115,nan,-0.08940030980305377,1.0,1.0089400309803054
C3_public0955,6bba_d3da753b,833,34,24,0,1,1,15894,nan,-0.07839499014264177,0.9349046015712682,0.9422337852737173
C3_public0955,6bba_d6ecebbb,840,13,22,0,0,0,5946,nan,0.10953536107482739,0.96,0.9494846053368166
C3_public0955,6bba_d2b9fc0c,917,5,4,0,0,2,18742,nan,-0.07116661710774111,0.990280777537797,0.9973282708302158
C3_public0955,6bba_d82a4fc6,508,28,22,0,0,0,28208,nan,0.01775147928994083,0.910394265232975,0.9087781807384785
C3_public0955,6bba_e16ffc58,935,7,7,1,0,0,5913,nan,-0.07130516726872939,0.9852476290832455,0.9922729537825354
C3_public0955,6bba_e5e44988,597,16,37,0,0,0,5059,nan,-0.09902048085485307,0.9184615384615384,0.9275561887800533
C3_public0955,6bba_debd7bfa,714,16,15,3,0,1,11709,nan,-0.008300160921487254,0.9583892617449664,0.9591847402547574
C3_public0955,6bba_df673a83,644,7,10,1,0,3,21715,nan,0.12869691771921618,0.9742813918305597,0.9617426906185816
C3_public0955,6bba_ed9377fd,497,0,11,0,0,0,4239,nan,-0.04591492234976367,0.9783464566929134,0.9828385268519355
C3_public0955,6bba_eebc57a5,927,75,62,0,2,0,8383,nan,-0.10313469562426447,0.8712406015037594,0.8802261149289186
C3_public0955,6bba_edf14583,727,46,33,0,0,0,49751,nan,-0.16020728537186454,0.901985111662531,0.9164355702810603
C3_public0955,6bba_ebff6e76,996,266,268,0,0,0,47150,nan,0.1335224540821233,0.6509803921568628,0.64228834220485
C3_public0955,6bba_ef7b4f7e,1174,7,27,0,0,2,5712,nan,-0.06467987555264451,0.9718543046357616,0.9781402461836759
C3_public0955,6bba_f1fde7e0,415,29,31,0,0,0,7688,nan,-0.1495575221238938,0.8736842105263158,0.8867508150908244
C3_public0955,6bba_f17befbc,921,89,94,0,2,0,25242,nan,0.011176541281096021,0.8342391304347826,0.8333067396268216
C3_public0955,6bba_f20478e9,931,22,32,0,0,1,5159,nan,-0.13627992633517497,0.9451776649746193,0.9580585392302586
C3_public0955,6bba_f4ae811c,955,7,10,0,0,0,9239,nan,0.03774008761091767,0.9825102880658436,0.9788022856308203
C3_public0955,6bba_ebdf3b34,729,65,74,0,0,2,58763,nan,0.033704505075025946,0.8398617511520737,0.8370310386866712
C3_public0955,6bba_fbc898dc,634,7,5,0,0,0,4913,nan,0.004908979341378605,0.9814241486068112,0.9809423695197471
C3_public0955,6bba_fc516dc6,720,28,42,0,0,0,6643,nan,-0.1554792779049072,0.9113924050632911,0.9255626683660167
C3_public0955,6bba_fc83837d,819,78,104,0,0,0,10881,nan,-0.1685642240391228,0.8181818181818182,0.8319734365122919
C3_public0955,6bba_fc5f39dc,440,7,18,0,0,2,17542,nan,0.25121255349500715,0.946236559139785,0.9224659089166015
C3_public0955,6bba_f8ffd5e7,352,17,18,1,0,1,30422,nan,0.02985781990521327,0.9095607235142119,0.9068449734866576
C3_public0955,6bba_fe670320,662,14,18,0,0,2,9474,nan,-0.1256921373200443,0.9538904899135446,0.9658801433581944
C3_fork8,44b6_0b24845f,49,0,0,0,0,0,18141,nan,-0.44683640798902274,1.0,1.0446836407989022
C3_fork8,44b6_0113de3b,46,3,4,0,0,0,25488,nan,-0.01036691904484566,0.8679245283018868,0.8688242986340811
C3_fork8,44b6_0db75fae,149,0,2,0,0,0,17498,nan,0.14104988588196934,0.9867549668874173,0.9728367993401236
C3_fork8,44b6_0c582fdc,69,1,1,0,0,0,26806,nan,-0.04120466413906574,0.971830985915493,0.9758353828529515
C3_fork8,44b6_1574802b,144,10,9,0,1,0,19270,nan,0.09011710131809696,0.8834355828220859,0.8754743174295669
C3_fork8,44b6_144b256d,119,0,0,0,0,0,27584,nan,-0.5780714635340186,1.0,1.0578071463534018
C3_fork8,44b6_12dfb391,741,38,32,0,0,1,44125,nan,-0.24793768748295608,0.9136868064118372,0.936340545798381
C3_fork8,44b6_24264f12,213,10,8,0,0,0,26792,nan,0.016658444958828216,0.922077922077922,0.9205418836466535
C3_fork8,44b6_18ced818,90,16,9,0,1,0,71293,nan,-0.09347184782055847,0.782608695652174,0.7899238837424786
C3_fork8,44b6_1d530831,253,28,18,0,1,0,35377,nan,-0.012505233775296581,0.8461538461538461,0.8472119813194482
C3_fork8,44b6_267148e4,250,40,27,0,0,1,21733,nan,0.13606900156821747,0.7886435331230284,0.7779125393085001
C3_fork8,44b6_2f31fc2f,67,25,18,0,0,0,18086,nan,-0.25779711096520025,0.6090909090909091,0.6247930967587896
C3_fork8,44b6_33b596bf,49,0,0,0,0,0,23592,nan,0.011230175739391342,1.0,0.9988769824260608
C3_fork8,44b6_2a2eff9f,197,23,13,0,1,1,37910,nan,-0.32744336225096243,0.8454935622317596,0.8731786877096308
C3_fork8,44b6_341df25f,208,0,1,0,0,1,8361,nan,0.12439483593329748,0.9952153110047847,0.9828353464717101
C3_fork8,44b6_3bb3690f,380,26,16,0,0,0,15743,nan,-0.5070607759025582,0.9004739336492891,0.9461334347969129
C3_fork8,44b6_40c45f5a,194,5,4,0,0,0,28593,nan,-0.12508797160429608,0.9556650246305419,0.9676192445769624
C3_fork8,44b6_3a861e03,884,38,35,0,0,0,36206,nan,-0.10703891875894046,0.9237199582027168,0.9336073567589241
C3_fork8,44b6_53f95252,67,2,1,0,0,0,30048,nan,-0.22386671832623015,0.9571428571428572,0.9785701001826536
C3_fork8,44b6_415c0a3a,310,13,12,0,0,0,32632,nan,-0.4304265866089506,0.9253731343283582,0.9652036542832162
C3_fork8,44b6_5740d24b,169,1,1,0,0,0,11083,nan,-0.43826659908768373,0.9883040935672515,1.031618160962467
C3_fork8,44b6_551a5dba,199,33,25,0,0,0,30257,nan,-0.4749509778402485,0.77431906614786,0.8110954259105875
C3_fork8,44b6_668e0cc7,613,28,18,0,0,0,33423,nan,-0.15813203697639858,0.9301972685887708,0.9449066674759533
C3_fork8,44b6_587a1e22,365,7,6,1,0,0,18647,nan,0.028119314109279373,0.9656084656084656,0.9628932408333633
C3_fork8,44b6_5f15d135,252,23,21,0,0,1,21046,nan,-0.2870354686811884,0.8513513513513513,0.8757881547661012
C3_fork8,44b6_66f9292d,197,2,1,0,0,0,20016,nan,-0.6202618099032442,0.985,1.0460957882754696
C3_fork8,44b6_74d0c52e,135,5,4,0,1,1,8383,nan,-0.44446653412856196,0.9375,0.9791687375745527
C3_fork8,44b6_71a4179f,107,20,12,0,0,0,30496,nan,-0.5494622385060868,0.7697841726618705,0.8120809061296053
C3_fork8,44b6_706092f0,108,10,9,0,0,1,28556,nan,-0.5914618444018427,0.8503937007874016,0.9006912434609441
C3_fork8,44b6_808952d6,179,0,0,0,0,0,14887,nan,-0.05431330199466396,1.0,1.0054313301994664
C3_fork8,44b6_81c256f0,197,0,0,0,0,0,11208,nan,0.11500198965380024,1.0,0.98849980103462
C3_fork8,44b6_7a302da0,492,22,15,0,0,1,42450,nan,-0.3650722426635556,0.9300567107750473,0.9640104996957409
C3_fork8,44b6_7e557709,546,10,14,0,0,0,44362,nan,-0.2086692829111666,0.9578947368421052,0.9778830576262275
C3_fork8,44b6_87bba6c4,109,47,40,0,1,0,28036,nan,-0.0023485872891609136,0.5561224489795918,0.5562530591910809
C3_fork8,44b6_8f5ab931,572,38,32,0,0,0,27087,nan,-0.017554677015704907,0.8909657320872274,0.8925297936531127
C3_fork8,44b6_8cc6506c,381,22,15,0,0,0,18127,nan,-0.4365597413900286,0.9114832535885168,0.9512749429353112
C3_fork8,44b6_8f9ecab4,366,4,4,0,0,0,39731,nan,-0.4690711317199631,0.9786096256684492,1.0245133781308842
C3_fork8,44b6_90724892,97,12,6,0,0,0,23034,nan,-0.09783800720664264,0.8434782608695652,0.8517306840861256
C3_fork8,44b6_95029e92,198,0,0,0,0,0,4757,nan,-0.07827940321643093,1.0,1.007827940321643
C3_fork8,44b6_996155de,370,2,7,1,0,0,8879,nan,0.17245477353756766,0.9762532981530343,0.9594173440082058
C3_fork8,44b6_97725144,219,1,2,0,0,0,32719,nan,-0.08539721585509029,0.9864864864864865,0.994910806428948
C3_fork8,44b6_949adeb1,351,44,27,0,0,0,37840,nan,0.01777885365394443,0.8317535545023697,0.830274792030205
C3_fork8,44b6_9be80b04,205,18,15,0,1,1,25200,nan,-0.5645938801250928,0.8613445378151261,0.9099755232880857
C3_fork8,44b6_aaf8b0ea,203,0,3,0,0,1,14019,nan,-0.3656274039549301,0.9854368932038835,1.0214671665062383
C3_fork8,44b6_a21120c2,279,12,7,1,0,1,21921,nan,-0.048567708333333334,0.9362416107382551,0.9407887216862417
C3_fork8,44b6_a2bb48bb,376,44,34,0,1,0,43382,nan,-0.2842789500602181,0.8281938325991189,0.8517376399168815
C3_fork8,44b6_9bfa6a0a,241,30,18,0,0,0,38612,nan,-0.3995770355165765,0.8339100346020761,0.8672311645534584
C3_fork8,44b6_abf82518,94,0,0,0,0,0,25568,nan,-0.07375742645993334,1.0,1.0073757426459933
C3_fork8,44b6_c15fded2,97,8,5,0,0,0,19353,nan,-0.059849404906485305,0.8818181818181818,0.8870958111599355
C3_fork8,44b6_b2c44266,156,14,12,0,0,0,36725,nan,-0.3851395469537411,0.8571428571428571,0.8901548183103206
C3_fork8,44b6_c771cb04,203,34,20,0,0,0,28016,nan,-0.4748148842440716,0.7898832684824902,0.8273881017515745
C3_fork8,44b6_c50204e0,294,31,31,0,0,2,35757,nan,-0.2404732571477123,0.8258426966292135,0.8457020049442213
C3_fork8,44b6_c96cfa10,590,17,26,0,0,0,37236,nan,-0.19465351674020243,0.9320695102685624,0.9502125710705718
C3_fork8,44b6_cf2536e8,70,8,5,0,0,0,20633,nan,-0.6415703986797533,0.8433734939759037,0.8974818408525094
C3_fork8,44b6_c8e2a523,158,10,6,0,1,1,28311,nan,-0.14581824764663287,0.9080459770114943,0.9212869443265332
C3_fork8,44b6_cf8fed6b,178,12,10,0,0,0,41001,nan,-0.0623842301447552,0.89,0.8955521964828831
C3_fork8,44b6_d2f34f90,271,5,10,0,0,2,14675,nan,-0.390421201296004,0.9475524475524476,0.984546904038887
C3_fork8,44b6_d29c9ab2,1285,56,43,0,0,0,36336,nan,-0.0451714623571147,0.9284682080924855,0.9326622347636483
C3_fork8,44b6_d754aa59,64,3,6,0,0,1,5523,nan,0.06807193966350802,0.8767123287671232,0.8707443778925144
C3_fork8,44b6_db3c847b,154,7,8,0,0,0,15223,nan,0.013312920189043467,0.9112426035502958,0.9100294735449037
C3_fork8,44b6_d78e09d9,418,37,33,0,0,0,23300,nan,0.046767599622624556,0.8565573770491803,0.8525514638028162
C3_fork8,44b6_d5e7d891,830,90,63,0,1,2,41844,nan,-0.06698180520870496,0.844354018311292,0.8500096539494635
C3_fork8,44b6_ddf577ad,607,48,40,0,0,0,37263,nan,-0.3033911612951469,0.8733812949640288,0.8998789114972885
C3_fork8,44b6_deabac95,121,6,3,1,2,0,15562,nan,0.11244549288726857,0.9307692307692308,0.9203031502774158
C3_fork8,44b6_e29f0176,48,4,2,0,0,0,13328,nan,0.027681394093607835,0.8888888888888888,0.8864283205250125
C3_fork8,44b6_e28840c6,289,14,20,0,0,2,26309,nan,-0.6477385319872533,0.8947368421052632,0.9526923949672806
C3_fork8,44b6_e35b117d,240,11,26,0,0,0,18245,nan,-0.36297615306728115,0.8664259927797834,0.8978751901574539
C3_fork8,44b6_e57ff5c6,142,19,44,0,0,0,15946,nan,-0.21502412129565818,0.6926829268292682,0.7075772805970649
C3_fork8,44b6_f28707c6,55,6,6,0,0,0,21352,nan,0.14451114922813035,0.8208955223880597,0.8090326668544072
C3_fork8,44b6_e31261b4,106,10,7,0,0,0,66132,nan,-0.09229164379049083,0.8617886178861789,0.8697422067006441
C3_fork8,6bba_05b6850b,836,8,9,0,0,0,5965,nan,-0.06240176045268783,0.9800703399765534,0.9861861514347535
C3_fork8,44b6_eb2880fc,371,13,8,0,3,1,35856,nan,-0.2543049663089593,0.9464285714285714,0.9704967200256694
C3_fork8,6bba_07477033,593,14,9,0,0,0,4485,nan,-0.07258064516129033,0.9626623376623377,0.9696494030163385
C3_fork8,6bba_062c8d37,896,4,2,1,1,0,5828,nan,-0.033499170812603646,0.9933481152993349,0.9966757491184138
C3_fork8,6bba_085bf656,1164,0,4,0,0,1,8166,nan,-0.03509393831974477,0.9965753424657534,1.0000727178257007
C3_fork8,6bba_0c7fa718,620,45,39,0,0,0,12328,nan,-0.09684981684981685,0.8806818181818182,0.8892112054612056
C3_fork8,6bba_07e24132,309,17,36,0,0,2,26917,nan,0.2528275541075169,0.8535911602209945,0.8320100236963474
C3_fork8,6bba_12665c0e,961,21,37,0,1,3,7989,nan,-0.03909069040173202,0.943081452404318,0.9467680229122734
C3_fork8,6bba_0e7c0d07,179,19,19,0,0,1,21076,nan,-0.06191302799661726,0.8248847926267281,0.8299919041527163
C3_fork8,6bba_09961292,1788,108,83,1,0,3,29106,nan,-0.06462705273644631,0.9034866093986862,0.9093255770739144
C3_fork8,6bba_13f19531,693,11,11,0,0,0,5501,nan,-0.04711588428893123,0.9692307692307692,0.973797385708004
C3_fork8,6bba_15403b9a,716,14,13,0,1,0,6235,nan,-0.09493395267818261,0.9636608344549125,0.9728092476605085
C3_fork8,6bba_1ebfb80d,675,37,44,0,0,0,11032,nan,-0.04550960373767088,0.8928571428571429,0.8969205003337206
C3_fork8,6bba_05db0fb1,1113,93,70,0,0,3,68474,nan,-0.018997134670487106,0.872257053291536,0.8739140917624021
C3_fork8,6bba_1d0d8384,1255,107,110,0,0,1,16778,nan,-0.06315260483555754,0.8525815217391305,0.8579657961323794
C3_fork8,6bba_1f58c2f6,264,48,35,0,1,0,31173,nan,0.07853856001107151,0.760806916426513,0.7548316484602529
C3_fork8,6bba_2312ac41,1128,5,4,1,0,1,12231,nan,0.023514644351464435,0.9920844327176781,0.98975158145748
C3_fork8,6bba_20852818,846,27,63,0,0,3,9672,nan,-0.008813281410125025,0.9038461538461539,0.9046427388966843
C3_fork8,6bba_23af9eeb,498,1,1,0,0,0,4034,nan,-0.09348314606741573,0.996,1.0053109213483147
C3_fork8,6bba_2540cd90,523,0,0,0,0,0,3466,nan,-0.08379592915675389,1.0,1.0083795929156754
C3_fork8,6bba_207c6aaf,348,78,102,0,0,1,16908,nan,0.40911742645220434,0.6590909090909091,0.6321263514383774
C3_fork8,6bba_2646afc7,704,12,17,0,1,0,5150,nan,-0.06278434940855324,0.9604365620736699,0.9664666005434682
C3_fork8,6bba_268e1230,578,10,31,0,0,1,4463,nan,-0.1261014294106129,0.9337641357027464,0.9455390349271945
C3_fork8,6bba_312f0dc3,498,3,2,0,0,0,9292,nan,-0.06734919201043862,0.9900596421471173,0.9967276138411926
C3_fork8,6bba_2819ca14,915,20,34,0,0,1,4892,nan,-0.11601011926273942,0.9442724458204335,0.9552269617260482
C3_fork8,6bba_283bf9f1,1266,13,22,0,1,0,21511,nan,0.031158621350846075,0.973097617217525,0.9700655791982958
C3_fork8,6bba_372c8cb8,1006,2,1,0,0,0,6492,nan,-0.07534539239424583,0.9970267591674926,1.0045388964071964
C3_fork8,6bba_3a1849c2,1108,40,34,0,0,0,6408,nan,-0.08496358703412824,0.937394247038917,0.9453586848082752
C3_fork8,6bba_32db13fc,688,117,123,0,0,1,42904,nan,0.10848727554579511,0.7413793103448276,0.7333362881922945
C3_fork8,6bba_337b1b3a,1194,32,19,1,0,1,29290,nan,-0.039041994750656166,0.9590361445783132,0.962780412990545
C3_fork8,6bba_3c5691b6,741,4,5,0,0,2,6108,nan,-0.023969319271332695,0.988,0.9903681687440077
C3_fork8,6bba_43fea39d,853,11,27,0,0,0,5241,nan,-0.08820459290187892,0.957351290684624,0.9657955687705166
C3_fork8,6bba_3fda6b25,1164,6,15,0,0,1,8043,nan,-0.18278805120910385,0.9822784810126582,1.0002333579415525
C3_fork8,6bba_3db54e20,433,41,41,0,0,1,22296,nan,-0.040454467206059566,0.8407766990291262,0.8441780163689755
C3_fork8,6bba_3abfe10a,839,114,96,1,0,0,51710,nan,-0.0068184000768270435,0.7998093422306959,0.8003546842387471
C3_fork8,6bba_474be664,240,25,46,0,0,1,23988,nan,-0.15215777754214824,0.7717041800643086,0.7834462593601657
C3_fork8,6bba_4aa14c89,648,30,33,0,0,0,7026,nan,0.035214380433181085,0.9113924050632911,0.90818299317571
C3_fork8,6bba_4f99ce20,993,8,17,0,0,2,5300,nan,-0.11148365465213747,0.9754420432220039,0.9863166276099776
C3_fork8,6bba_55b7eebe,682,6,6,0,0,1,4478,nan,-0.14818337454822142,0.9827089337175793,0.9972710463172748
C3_fork8,6bba_48816121,896,20,22,1,0,4,25087,nan,0.04681827665345295,0.9552238805970149,0.9507516870062374
C3_fork8,6bba_4ffd3da3,645,22,44,1,0,2,19900,nan,0.12830980325452174,0.9071729957805907,0.8955330769199484
C3_fork8,6bba_55c70843,402,49,65,0,0,0,36156,nan,0.020923337568826767,0.7790697674418605,0.7774396934684752
C3_fork8,6bba_5b28472a,716,1,8,0,0,0,5649,nan,-0.026370217166494313,0.9875862068965517,0.9901904931712013
C3_fork8,6bba_5a4d9360,699,13,23,0,0,0,5439,nan,-0.08985943775100401,0.9510204081632653,0.9595662240799934
C3_fork8,6bba_5c039895,1138,5,7,2,1,1,7907,nan,-0.07736289381563594,0.9895652173913043,0.9972207802749733
C3_fork8,6bba_5c824876,1080,44,50,1,0,0,24927,nan,0.01136040897472309,0.919931856899489,0.9188867766871635
C3_fork8,6bba_5dfe9ad1,1441,19,46,0,0,0,29264,nan,0.08735555307843793,0.9568393094289509,0.9484807867207152
C3_fork8,6bba_5f89039d,885,0,0,0,0,0,4414,nan,-0.042723921058338755,1.0,1.0042723921058339
C3_fork8,6bba_61dd1e0d,534,8,9,0,0,0,9346,nan,-0.07721169036334913,0.969147005444646,0.976629953294742
C3_fork8,6bba_61ecbe65,595,6,19,0,0,1,5351,nan,-0.07325943886387253,0.9596774193548387,0.9667079622780652
C3_fork8,6bba_6321a359,785,13,13,0,0,1,4552,nan,-0.05579755237502593,0.967940813810111,0.9733416866355604
C3_fork8,6bba_6ca87370,1038,17,14,0,0,1,6219,nan,-0.13564975677553856,0.971000935453695,0.9841725395260064
C3_fork8,6bba_67ebd073,391,67,47,0,1,1,14932,nan,-0.07029450221032314,0.7742574257425743,0.7797000297750964
C3_fork8,6bba_57b7cc1e,1268,330,324,0,1,3,71879,nan,0.0972050495336661,0.659729448491155,0.6533165451192149
C3_fork8,6bba_6479435d,470,71,110,0,0,0,23527,nan,0.0031552466635398455,0.7219662058371735,0.7217384076909579
C3_fork8,6bba_6db0e9b4,428,15,12,0,0,0,24547,nan,-0.13673289959556884,0.9406593406593406,0.9535212485773413
C3_fork8,6bba_6feeb0b1,1330,7,13,0,0,0,6765,nan,-0.10015961691939346,0.9851851851851852,0.9950527622594662
C3_fork8,6bba_6feb10f0,1125,99,218,0,0,0,10464,nan,0.18077183480027081,0.7801664355062413,0.7660632237066363
C3_fork8,6bba_705ec2c9,536,23,26,0,2,1,5696,nan,0.017142857142857144,0.9162393162393162,0.9146686202686203
C3_fork8,6bba_718b21f9,649,0,3,0,0,0,4074,nan,-0.0538783093358105,0.995398773006135,1.000761813306586
C3_fork8,6bba_76db78c1,604,0,0,0,0,0,4590,nan,-0.05458290422245108,1.0,1.005458290422245
C3_fork8,6bba_784a78c9,1735,3,4,0,1,1,12593,nan,-0.03840867440439829,0.9959816303099885,0.9998070637251223
C3_fork8,6bba_767a1e17,547,94,111,0,0,0,46623,nan,-0.02286540637967892,0.7273936170212766,0.7290568320863943
C3_fork8,6bba_789f8168,670,16,11,0,0,0,10487,nan,-0.017703259647808167,0.9612625538020086,0.9629643018599758
C3_fork8,6bba_74686d6a,560,22,16,0,1,2,25088,nan,-0.1582055497768681,0.9364548494983278,0.9512700849289376
C3_fork8,6bba_7b5d3b2c,543,8,12,0,0,0,5340,nan,-0.07612456747404844,0.9644760213143873,0.971818053310552
C3_fork8,6bba_7af54fde,1043,48,49,0,0,2,9972,nan,0.03615960099750624,0.9149122807017543,0.911603994399965
C3_fork8,6bba_7d3058ae,1167,5,6,0,0,2,7344,nan,-0.03508080409932992,0.9906621392190152,0.9941374616624717
C3_fork8,6bba_7f87b3d8,892,49,42,1,0,2,9112,nan,-0.1388337586239486,0.9074262461851476,0.920024385828338
C3_fork8,6bba_78a7bd97,725,109,107,0,0,2,38257,nan,-0.058010981705365276,0.7704569606801275,0.7749264571452061
C3_fork8,6bba_80d12824,631,12,23,0,0,1,8074,nan,-0.10497727524664671,0.9474474474474475,0.9573934925946899
C3_fork8,6bba_825bd1c6,895,42,35,0,1,0,6788,nan,-0.1051937780121276,0.9207818930041153,0.9304679456091414
C3_fork8,6bba_786893ac,1195,268,200,0,4,3,53308,nan,-0.09615286796995541,0.7185808779314492,0.725490239159597
C3_fork8,6bba_8b7818bf,723,2,2,1,0,1,5558,nan,-0.04632807137954702,0.9944979367262724,0.9991052538662191
C3_fork8,6bba_87289e13,669,41,30,0,1,1,13846,nan,-0.07483629560336763,0.904054054054054,0.9108196596971152
C3_fork8,6bba_907271db,916,1,5,0,0,1,6766,nan,-0.07391185327128387,0.9934924078091106,1.000835494316323
C3_fork8,6bba_91951b3a,1125,16,23,0,0,0,11338,nan,-0.047787016040984294,0.9664948453608248,0.9711134358287032
C3_fork8,6bba_96833384,714,8,7,0,0,0,4699,nan,-0.03491476689258575,0.9794238683127572,0.9828435039178747
C3_fork8,6bba_971fa5e0,750,11,17,0,1,0,4927,nan,-0.12159030130147977,0.9640102827763496,0.9757317128503997
C3_fork8,6bba_9e23430b,866,18,25,0,0,1,7197,nan,-0.06629475869226778,0.9526952695269527,0.959011139827008
C3_fork8,6bba_969618f6,650,5,8,0,0,3,15418,nan,0.11016705069124424,0.9803921568627451,0.9695914656185054
C3_fork8,6bba_a5e926bb,665,21,33,0,0,0,7727,nan,-0.08447867298578199,0.9248956884561892,0.9327090844972942
C3_fork8,6bba_9a41d029,1317,33,36,0,1,2,18282,nan,0.0027974329438867863,0.9502164502164502,0.9499506335362844
C3_fork8,6bba_acd782a8,307,27,23,0,0,0,19655,nan,-0.0027904616945712835,0.8599439775910365,0.860183941663931
C3_fork8,6bba_ae82a791,1463,13,8,0,1,0,7099,nan,-0.041064433337836014,0.9858490566037735,0.989897389890381
C3_fork8,6bba_a90a0b9c,871,179,241,0,0,0,28649,nan,-0.22352016478751083,0.6746707978311387,0.6897510506219925
C3_fork8,6bba_ab78413d,930,113,208,0,0,2,11919,nan,0.289795476680013,0.7434052757793765,0.7218617271532844
C3_fork8,6bba_af149c94,1268,27,49,0,0,0,7774,nan,-0.1297436471510131,0.9434523809523809,0.9556930762341878
C3_fork8,6bba_afb141ff,593,19,33,1,0,3,5411,nan,-0.10621076973901553,0.9193798449612403,0.9291446490628272
C3_fork8,6bba_b1ae37b9,549,35,30,0,1,0,22378,nan,-0.07901884928800725,0.8941368078175895,0.9012021739835693
C3_fork8,6bba_aeee7805,757,3,11,0,0,1,4885,nan,-0.029598728645212555,0.9818417639429312,0.9847478907372795
C3_fork8,6bba_b204cac7,802,8,9,0,0,2,5342,nan,0.049096622152395915,0.9792429792429792,0.9744352269882514
C3_fork8,6bba_b693381b,913,12,22,0,0,0,6030,nan,0.08492263404102195,0.9640971488912354,0.9559097819557072
C3_fork8,6bba_bbb708ca,848,8,13,0,2,0,6478,nan,-0.04524686809137804,0.9758342922899885,0.9802496368402173
C3_fork8,6bba_c27cba08,484,5,9,0,0,0,6257,nan,-0.02916989914662529,0.9718875502008032,0.974722536382925
C3_fork8,6bba_bb9f20c3,1795,78,84,0,2,3,22716,nan,-0.015387282735902215,0.9172202350536536,0.9186315877624396
C3_fork8,6bba_c73a1d11,546,97,164,0,0,0,23202,nan,0.4221268771069568,0.6765799256505576,0.648019668537745
C3_fork8,6bba_b329af44,1166,88,102,0,0,1,63213,nan,0.01197470583526775,0.859882005899705,0.858852322492336
C3_fork8,6bba_c328f2fd,448,25,52,0,0,2,29926,nan,-0.041693352119892405,0.8533333333333334,0.8568911660475641
C3_fork8,6bba_d0fc38b5,813,0,0,0,0,0,5607,nan,-0.08247422680412371,1.0,1.0082474226804123
C3_fork8,6bba_cf35214c,815,3,2,0,0,0,34581,nan,-0.00885640584694755,0.9939024390243902,0.9947826793616172
C3_fork8,6bba_cff5865f,1459,37,42,0,0,0,46303,nan,-0.001272593934687891,0.9486345903771132,0.948755313039708
C3_fork8,6bba_cdcfe533,1330,19,18,1,2,3,28094,nan,-0.05677354373006547,0.9729334308705194,0.9784571187389165
C3_fork8,6bba_d1acb6ff,619,25,24,0,1,1,15949,nan,0.08356545961002786,0.9266467065868264,0.9189031407936217
C3_fork8,6bba_d5eae175,519,0,0,0,0,0,4115,nan,-0.08940030980305377,1.0,1.0089400309803054
C3_fork8,6bba_d3da753b,833,34,24,0,1,1,15894,nan,-0.07839499014264177,0.9349046015712682,0.9422337852737173
C3_fork8,6bba_d2b9fc0c,917,5,4,0,0,2,18742,nan,-0.07116661710774111,0.990280777537797,0.9973282708302158
C3_fork8,6bba_d6ecebbb,840,13,22,0,0,0,5944,nan,0.10916215711886545,0.96,0.9495204329165889
C3_fork8,6bba_d82a4fc6,508,28,22,0,0,0,28208,nan,0.01775147928994083,0.910394265232975,0.9087781807384785
C3_fork8,6bba_e16ffc58,935,7,7,1,0,0,5910,nan,-0.07177634678812628,0.9852476290832455,0.9923193766329713
C3_fork8,6bba_debd7bfa,714,16,15,3,0,1,11703,nan,-0.00880833403912933,0.9583892617449664,0.9592334430206629
C3_fork8,6bba_e5e44988,597,16,37,0,0,0,5059,nan,-0.09902048085485307,0.9184615384615384,0.9275561887800533
C3_fork8,6bba_ed9377fd,497,0,11,0,0,0,4239,nan,-0.04591492234976367,0.9783464566929134,0.9828385268519355
C3_fork8,6bba_df673a83,644,7,10,1,0,3,21709,nan,0.1283850511980872,0.9742813918305597,0.9617730751934087
C3_fork8,6bba_eebc57a5,927,75,62,0,2,0,8383,nan,-0.10313469562426447,0.8712406015037594,0.8802261149289186
C3_fork8,6bba_ebff6e76,996,266,268,0,0,0,47150,nan,0.1335224540821233,0.6509803921568628,0.64228834220485
C3_fork8,6bba_ef7b4f7e,1174,7,27,0,0,2,5706,nan,-0.06566235467496316,0.9718543046357616,0.9782357288400998
C3_fork8,6bba_f17befbc,921,88,94,0,1,0,25236,nan,0.010936185554620838,0.8349954669084315,0.8340823003720937
C3_fork8,6bba_ebdf3b34,729,65,74,0,0,2,58763,nan,0.033704505075025946,0.8398617511520737,0.8370310386866712
C3_fork8,6bba_f1fde7e0,415,29,31,0,0,0,7681,nan,-0.15033185840707963,0.8736842105263158,0.8868184676292502
C3_fork8,6bba_edf14583,727,46,33,0,0,0,49741,nan,-0.1603760845346207,0.901985111662531,0.916450795714227
C3_fork8,6bba_fbc898dc,634,7,5,0,0,0,4908,nan,0.003886275311924729,0.9814241486068112,0.9810427401628854
C3_fork8,6bba_f4ae811c,955,7,10,0,0,0,9235,nan,0.03729080085364484,0.9825102880658436,0.9788464285169516
C3_fork8,6bba_f20478e9,931,22,32,0,0,1,5159,nan,-0.13627992633517497,0.9451776649746193,0.9580585392302586
C3_fork8,6bba_fc516dc6,720,28,42,0,0,0,6640,nan,-0.155860666158149,0.9113924050632911,0.9255974278017554
C3_fork8,6bba_fc83837d,819,78,104,0,0,0,10872,nan,-0.1692519293955834,0.8181818181818182,0.8320297033141842
C3_fork8,6bba_fe670320,662,14,18,0,0,2,9467,nan,-0.12633813215208564,0.9538904899135446,0.9659417641908762
C3_fork8,6bba_f8ffd5e7,352,17,18,1,0,1,30418,nan,0.02972241029113067,0.9095607235142119,0.9068572898133131
C3_fork8,6bba_fc5f39dc,440,7,18,0,0,2,17542,nan,0.25121255349500715,0.946236559139785,0.9224659089166015
C3_fork8_boundary,44b6_0b24845f,49,0,0,0,0,0,18141,nan,-0.44683640798902274,1.0,1.0446836407989022
C3_fork8_boundary,44b6_0113de3b,46,3,4,0,0,0,25488,nan,-0.01036691904484566,0.8679245283018868,0.8688242986340811
C3_fork8_boundary,44b6_0db75fae,149,0,2,0,0,0,17498,nan,0.14104988588196934,0.9867549668874173,0.9728367993401236
C3_fork8_boundary,44b6_0c582fdc,69,1,1,0,0,0,26806,nan,-0.04120466413906574,0.971830985915493,0.9758353828529515
C3_fork8_boundary,44b6_1574802b,144,10,9,0,1,0,19270,nan,0.09011710131809696,0.8834355828220859,0.8754743174295669
C3_fork8_boundary,44b6_144b256d,119,0,0,0,0,0,27584,nan,-0.5780714635340186,1.0,1.0578071463534018
C3_fork8_boundary,44b6_12dfb391,741,38,32,0,0,1,44125,nan,-0.24793768748295608,0.9136868064118372,0.936340545798381
C3_fork8_boundary,44b6_24264f12,213,10,8,0,0,0,26792,nan,0.016658444958828216,0.922077922077922,0.9205418836466535
C3_fork8_boundary,44b6_18ced818,90,16,9,0,1,0,71293,nan,-0.09347184782055847,0.782608695652174,0.7899238837424786
C3_fork8_boundary,44b6_1d530831,253,28,18,0,1,0,35377,nan,-0.012505233775296581,0.8461538461538461,0.8472119813194482
C3_fork8_boundary,44b6_267148e4,250,40,27,0,0,1,21733,nan,0.13606900156821747,0.7886435331230284,0.7779125393085001
C3_fork8_boundary,44b6_2f31fc2f,67,25,18,0,0,0,18086,nan,-0.25779711096520025,0.6090909090909091,0.6247930967587896
C3_fork8_boundary,44b6_33b596bf,49,0,0,0,0,0,23592,nan,0.011230175739391342,1.0,0.9988769824260608
C3_fork8_boundary,44b6_2a2eff9f,197,23,13,0,1,1,37910,nan,-0.32744336225096243,0.8454935622317596,0.8731786877096308
C3_fork8_boundary,44b6_341df25f,208,0,1,0,0,1,8361,nan,0.12439483593329748,0.9952153110047847,0.9828353464717101
C3_fork8_boundary,44b6_3bb3690f,380,26,16,0,0,0,15743,nan,-0.5070607759025582,0.9004739336492891,0.9461334347969129
C3_fork8_boundary,44b6_40c45f5a,194,5,4,0,0,0,28593,nan,-0.12508797160429608,0.9556650246305419,0.9676192445769624
C3_fork8_boundary,44b6_3a861e03,884,38,35,0,0,0,36206,nan,-0.10703891875894046,0.9237199582027168,0.9336073567589241
C3_fork8_boundary,44b6_53f95252,67,2,1,0,0,0,30048,nan,-0.22386671832623015,0.9571428571428572,0.9785701001826536
C3_fork8_boundary,44b6_415c0a3a,310,13,12,0,0,0,32632,nan,-0.4304265866089506,0.9253731343283582,0.9652036542832162
C3_fork8_boundary,44b6_5740d24b,169,1,1,0,0,0,11083,nan,-0.43826659908768373,0.9883040935672515,1.031618160962467
C3_fork8_boundary,44b6_551a5dba,199,33,25,0,0,0,30257,nan,-0.4749509778402485,0.77431906614786,0.8110954259105875
C3_fork8_boundary,44b6_668e0cc7,613,28,18,0,0,0,33423,nan,-0.15813203697639858,0.9301972685887708,0.9449066674759533
C3_fork8_boundary,44b6_587a1e22,365,7,6,1,0,0,18647,nan,0.028119314109279373,0.9656084656084656,0.9628932408333633
C3_fork8_boundary,44b6_5f15d135,252,23,21,0,0,1,21046,nan,-0.2870354686811884,0.8513513513513513,0.8757881547661012
C3_fork8_boundary,44b6_66f9292d,197,2,1,0,0,0,20016,nan,-0.6202618099032442,0.985,1.0460957882754696
C3_fork8_boundary,44b6_74d0c52e,135,5,4,0,1,1,8383,nan,-0.44446653412856196,0.9375,0.9791687375745527
C3_fork8_boundary,44b6_71a4179f,107,20,12,0,0,0,30496,nan,-0.5494622385060868,0.7697841726618705,0.8120809061296053
C3_fork8_boundary,44b6_706092f0,108,10,9,0,0,1,28556,nan,-0.5914618444018427,0.8503937007874016,0.9006912434609441
C3_fork8_boundary,44b6_808952d6,179,0,0,0,0,0,14887,nan,-0.05431330199466396,1.0,1.0054313301994664
C3_fork8_boundary,44b6_81c256f0,197,0,0,0,0,0,11208,nan,0.11500198965380024,1.0,0.98849980103462
C3_fork8_boundary,44b6_7e557709,546,10,14,0,0,0,44362,nan,-0.2086692829111666,0.9578947368421052,0.9778830576262275
C3_fork8_boundary,44b6_7a302da0,492,22,15,0,0,1,42450,nan,-0.3650722426635556,0.9300567107750473,0.9640104996957409
C3_fork8_boundary,44b6_87bba6c4,109,47,40,0,1,0,28036,nan,-0.0023485872891609136,0.5561224489795918,0.5562530591910809
C3_fork8_boundary,44b6_8cc6506c,381,22,15,0,0,0,18127,nan,-0.4365597413900286,0.9114832535885168,0.9512749429353112
C3_fork8_boundary,44b6_90724892,97,12,6,0,0,0,23034,nan,-0.09783800720664264,0.8434782608695652,0.8517306840861256
C3_fork8_boundary,44b6_8f5ab931,572,38,32,0,0,0,27087,nan,-0.017554677015704907,0.8909657320872274,0.8925297936531127
C3_fork8_boundary,44b6_8f9ecab4,366,4,4,0,0,0,39731,nan,-0.4690711317199631,0.9786096256684492,1.0245133781308842
C3_fork8_boundary,44b6_95029e92,198,0,0,0,0,0,4757,nan,-0.07827940321643093,1.0,1.007827940321643
C3_fork8_boundary,44b6_949adeb1,351,44,27,0,0,0,37840,nan,0.01777885365394443,0.8317535545023697,0.830274792030205
C3_fork8_boundary,44b6_996155de,370,2,7,1,0,0,8879,nan,0.17245477353756766,0.9762532981530343,0.9594173440082058
C3_fork8_boundary,44b6_97725144,219,1,2,0,0,0,32719,nan,-0.08539721585509029,0.9864864864864865,0.994910806428948
C3_fork8_boundary,44b6_9be80b04,205,18,15,0,1,1,25200,nan,-0.5645938801250928,0.8613445378151261,0.9099755232880857
C3_fork8_boundary,44b6_a21120c2,279,12,7,1,0,1,21921,nan,-0.048567708333333334,0.9362416107382551,0.9407887216862417
C3_fork8_boundary,44b6_a2bb48bb,376,44,34,0,1,0,43382,nan,-0.2842789500602181,0.8281938325991189,0.8517376399168815
C3_fork8_boundary,44b6_9bfa6a0a,241,30,18,0,0,0,38612,nan,-0.3995770355165765,0.8339100346020761,0.8672311645534584
C3_fork8_boundary,44b6_aaf8b0ea,203,0,3,0,0,1,14019,nan,-0.3656274039549301,0.9854368932038835,1.0214671665062383
C3_fork8_boundary,44b6_abf82518,94,0,0,0,0,0,25568,nan,-0.07375742645993334,1.0,1.0073757426459933
C3_fork8_boundary,44b6_c15fded2,97,8,5,0,0,0,19353,nan,-0.059849404906485305,0.8818181818181818,0.8870958111599355
C3_fork8_boundary,44b6_b2c44266,156,14,12,0,0,0,36725,nan,-0.3851395469537411,0.8571428571428571,0.8901548183103206
C3_fork8_boundary,44b6_c771cb04,203,34,20,0,0,0,28016,nan,-0.4748148842440716,0.7898832684824902,0.8273881017515745
C3_fork8_boundary,44b6_c96cfa10,590,17,26,0,0,0,37236,nan,-0.19465351674020243,0.9320695102685624,0.9502125710705718
C3_fork8_boundary,44b6_cf2536e8,70,8,5,0,0,0,20633,nan,-0.6415703986797533,0.8433734939759037,0.8974818408525094
C3_fork8_boundary,44b6_c8e2a523,158,10,6,0,1,1,28311,nan,-0.14581824764663287,0.9080459770114943,0.9212869443265332
C3_fork8_boundary,44b6_c50204e0,294,31,31,0,0,2,35757,nan,-0.2404732571477123,0.8258426966292135,0.8457020049442213
C3_fork8_boundary,44b6_d2f34f90,271,5,10,0,0,2,14675,nan,-0.390421201296004,0.9475524475524476,0.984546904038887
C3_fork8_boundary,44b6_cf8fed6b,178,12,10,0,0,0,41001,nan,-0.0623842301447552,0.89,0.8955521964828831
C3_fork8_boundary,44b6_d29c9ab2,1285,56,43,0,0,0,36336,nan,-0.0451714623571147,0.9284682080924855,0.9326622347636483
C3_fork8_boundary,44b6_d754aa59,64,3,6,0,0,1,5523,nan,0.06807193966350802,0.8767123287671232,0.8707443778925144
C3_fork8_boundary,44b6_db3c847b,154,7,8,0,0,0,15223,nan,0.013312920189043467,0.9112426035502958,0.9100294735449037
C3_fork8_boundary,44b6_d78e09d9,418,37,33,0,0,0,23300,nan,0.046767599622624556,0.8565573770491803,0.8525514638028162
C3_fork8_boundary,44b6_ddf577ad,607,48,40,0,0,0,37263,nan,-0.3033911612951469,0.8733812949640288,0.8998789114972885
C3_fork8_boundary,44b6_d5e7d891,830,90,63,0,1,2,41844,nan,-0.06698180520870496,0.844354018311292,0.8500096539494635
C3_fork8_boundary,44b6_deabac95,121,6,3,1,2,0,15562,nan,0.11244549288726857,0.9307692307692308,0.9203031502774158
C3_fork8_boundary,44b6_e29f0176,48,4,2,0,0,0,13328,nan,0.027681394093607835,0.8888888888888888,0.8864283205250125
C3_fork8_boundary,44b6_e35b117d,240,11,26,0,0,0,18245,nan,-0.36297615306728115,0.8664259927797834,0.8978751901574539
C3_fork8_boundary,44b6_e57ff5c6,142,19,44,0,0,0,15946,nan,-0.21502412129565818,0.6926829268292682,0.7075772805970649
C3_fork8_boundary,44b6_e28840c6,289,14,20,0,0,2,26309,nan,-0.6477385319872533,0.8947368421052632,0.9526923949672806
C3_fork8_boundary,44b6_e31261b4,106,10,7,0,0,0,66132,nan,-0.09229164379049083,0.8617886178861789,0.8697422067006441
C3_fork8_boundary,6bba_05b6850b,836,8,9,0,0,0,5965,nan,-0.06240176045268783,0.9800703399765534,0.9861861514347535
C3_fork8_boundary,44b6_f28707c6,55,6,6,0,0,0,21352,nan,0.14451114922813035,0.8208955223880597,0.8090326668544072
C3_fork8_boundary,44b6_eb2880fc,371,13,8,0,3,1,35856,nan,-0.2543049663089593,0.9464285714285714,0.9704967200256694
C3_fork8_boundary,6bba_07477033,593,14,9,0,0,0,4485,nan,-0.07258064516129033,0.9626623376623377,0.9696494030163385
C3_fork8_boundary,6bba_062c8d37,896,4,2,1,1,0,5828,nan,-0.033499170812603646,0.9933481152993349,0.9966757491184138
C3_fork8_boundary,6bba_085bf656,1164,0,4,0,0,1,8166,nan,-0.03509393831974477,0.9965753424657534,1.0000727178257007
C3_fork8_boundary,6bba_0c7fa718,620,45,39,0,0,0,12328,nan,-0.09684981684981685,0.8806818181818182,0.8892112054612056
C3_fork8_boundary,6bba_07e24132,309,17,36,0,0,2,26917,nan,0.2528275541075169,0.8535911602209945,0.8320100236963474
C3_fork8_boundary,6bba_09961292,1788,108,83,1,0,3,29106,nan,-0.06462705273644631,0.9034866093986862,0.9093255770739144
C3_fork8_boundary,6bba_12665c0e,961,21,37,0,1,3,7989,nan,-0.03909069040173202,0.943081452404318,0.9467680229122734
C3_fork8_boundary,6bba_13f19531,693,11,11,0,0,0,5501,nan,-0.04711588428893123,0.9692307692307692,0.973797385708004
C3_fork8_boundary,6bba_15403b9a,716,14,13,0,1,0,6235,nan,-0.09493395267818261,0.9636608344549125,0.9728092476605085
C3_fork8_boundary,6bba_0e7c0d07,179,19,19,0,0,1,21076,nan,-0.06191302799661726,0.8248847926267281,0.8299919041527163
C3_fork8_boundary,6bba_05db0fb1,1113,93,70,0,0,3,68474,nan,-0.018997134670487106,0.872257053291536,0.8739140917624021
C3_fork8_boundary,6bba_1ebfb80d,675,37,44,0,0,0,11032,nan,-0.04550960373767088,0.8928571428571429,0.8969205003337206
C3_fork8_boundary,6bba_1d0d8384,1255,107,110,0,0,1,16778,nan,-0.06315260483555754,0.8525815217391305,0.8579657961323794
C3_fork8_boundary,6bba_1f58c2f6,264,48,35,0,1,0,31173,nan,0.07853856001107151,0.760806916426513,0.7548316484602529
C3_fork8_boundary,6bba_207c6aaf,348,78,102,0,0,1,16908,nan,0.40911742645220434,0.6590909090909091,0.6321263514383774
C3_fork8_boundary,6bba_23af9eeb,498,1,1,0,0,0,4034,nan,-0.09348314606741573,0.996,1.0053109213483147
C3_fork8_boundary,6bba_20852818,846,27,63,0,0,3,9672,nan,-0.008813281410125025,0.9038461538461539,0.9046427388966843
C3_fork8_boundary,6bba_2540cd90,523,0,0,0,0,0,3466,nan,-0.08379592915675389,1.0,1.0083795929156754
C3_fork8_boundary,6bba_2312ac41,1128,5,4,1,0,1,12231,nan,0.023514644351464435,0.9920844327176781,0.98975158145748
C3_fork8_boundary,6bba_2646afc7,704,12,17,0,1,0,5150,nan,-0.06278434940855324,0.9604365620736699,0.9664666005434682
C3_fork8_boundary,6bba_268e1230,578,10,31,0,0,1,4463,nan,-0.1261014294106129,0.9337641357027464,0.9455390349271945
C3_fork8_boundary,6bba_2819ca14,915,20,34,0,0,1,4892,nan,-0.11601011926273942,0.9442724458204335,0.9552269617260482
C3_fork8_boundary,6bba_312f0dc3,498,3,2,0,0,0,9292,nan,-0.06734919201043862,0.9900596421471173,0.9967276138411926
C3_fork8_boundary,6bba_283bf9f1,1266,13,22,0,1,0,21511,nan,0.031158621350846075,0.973097617217525,0.9700655791982958
C3_fork8_boundary,6bba_372c8cb8,1006,2,1,0,0,0,6492,nan,-0.07534539239424583,0.9970267591674926,1.0045388964071964
C3_fork8_boundary,6bba_3a1849c2,1108,40,34,0,0,0,6408,nan,-0.08496358703412824,0.937394247038917,0.9453586848082752
C3_fork8_boundary,6bba_32db13fc,688,117,123,0,0,1,42904,nan,0.10848727554579511,0.7413793103448276,0.7333362881922945
C3_fork8_boundary,6bba_337b1b3a,1194,32,19,1,0,1,29290,nan,-0.039041994750656166,0.9590361445783132,0.962780412990545
C3_fork8_boundary,6bba_3c5691b6,741,4,5,0,0,2,6108,nan,-0.023969319271332695,0.988,0.9903681687440077
C3_fork8_boundary,6bba_43fea39d,853,11,27,0,0,0,5241,nan,-0.08820459290187892,0.957351290684624,0.9657955687705166
C3_fork8_boundary,6bba_3fda6b25,1164,6,15,0,0,1,8043,nan,-0.18278805120910385,0.9822784810126582,1.0002333579415525
C3_fork8_boundary,6bba_3db54e20,433,41,41,0,0,1,22296,nan,-0.040454467206059566,0.8407766990291262,0.8441780163689755
C3_fork8_boundary,6bba_3abfe10a,839,114,96,1,0,0,51710,nan,-0.0068184000768270435,0.7998093422306959,0.8003546842387471
C3_fork8_boundary,6bba_4aa14c89,648,30,33,0,0,0,7026,nan,0.035214380433181085,0.9113924050632911,0.90818299317571
C3_fork8_boundary,6bba_474be664,240,25,46,0,0,1,23988,nan,-0.15215777754214824,0.7717041800643086,0.7834462593601657
C3_fork8_boundary,6bba_4f99ce20,993,8,17,0,0,2,5300,nan,-0.11148365465213747,0.9754420432220039,0.9863166276099776
C3_fork8_boundary,6bba_55b7eebe,682,6,6,0,0,1,4478,nan,-0.14818337454822142,0.9827089337175793,0.9972710463172748
C3_fork8_boundary,6bba_4ffd3da3,645,22,44,1,0,2,19900,nan,0.12830980325452174,0.9071729957805907,0.8955330769199484
C3_fork8_boundary,6bba_55c70843,402,49,65,0,0,0,36156,nan,0.020923337568826767,0.7790697674418605,0.7774396934684752
C3_fork8_boundary,6bba_48816121,896,20,22,1,0,4,25087,nan,0.04681827665345295,0.9552238805970149,0.9507516870062374
C3_fork8_boundary,6bba_5a4d9360,699,13,23,0,0,0,5439,nan,-0.08985943775100401,0.9510204081632653,0.9595662240799934
C3_fork8_boundary,6bba_5b28472a,716,1,8,0,0,0,5649,nan,-0.026370217166494313,0.9875862068965517,0.9901904931712013
C3_fork8_boundary,6bba_5c039895,1138,5,7,2,1,1,7907,nan,-0.07736289381563594,0.9895652173913043,0.9972207802749733
C3_fork8_boundary,6bba_5f89039d,885,0,0,0,0,0,4414,nan,-0.042723921058338755,1.0,1.0042723921058339
C3_fork8_boundary,6bba_5dfe9ad1,1441,19,46,0,0,0,29264,nan,0.08735555307843793,0.9568393094289509,0.9484807867207152
C3_fork8_boundary,6bba_61dd1e0d,534,8,9,0,0,0,9346,nan,-0.07721169036334913,0.969147005444646,0.976629953294742
C3_fork8_boundary,6bba_5c824876,1080,44,50,1,0,0,24927,nan,0.01136040897472309,0.919931856899489,0.9188867766871635
C3_fork8_boundary,6bba_61ecbe65,595,6,19,0,0,1,5351,nan,-0.07325943886387253,0.9596774193548387,0.9667079622780652
C3_fork8_boundary,6bba_6321a359,785,13,13,0,0,1,4552,nan,-0.05579755237502593,0.967940813810111,0.9733416866355604
C3_fork8_boundary,6bba_67ebd073,391,67,47,0,1,1,14932,nan,-0.07029450221032314,0.7742574257425743,0.7797000297750964
C3_fork8_boundary,6bba_6479435d,470,71,110,0,0,0,23527,nan,0.0031552466635398455,0.7219662058371735,0.7217384076909579
C3_fork8_boundary,6bba_6ca87370,1038,17,14,0,0,1,6219,nan,-0.13564975677553856,0.971000935453695,0.9841725395260064
C3_fork8_boundary,6bba_6feeb0b1,1330,7,13,0,0,0,6765,nan,-0.10015961691939346,0.9851851851851852,0.9950527622594662
C3_fork8_boundary,6bba_57b7cc1e,1268,330,324,0,1,3,71879,nan,0.0972050495336661,0.659729448491155,0.6533165451192149
C3_fork8_boundary,6bba_6feb10f0,1125,99,218,0,0,0,10464,nan,0.18077183480027081,0.7801664355062413,0.7660632237066363
C3_fork8_boundary,6bba_718b21f9,649,0,3,0,0,0,4074,nan,-0.0538783093358105,0.995398773006135,1.000761813306586
C3_fork8_boundary,6bba_6db0e9b4,428,15,12,0,0,0,24547,nan,-0.13673289959556884,0.9406593406593406,0.9535212485773413
C3_fork8_boundary,6bba_705ec2c9,536,23,26,0,2,1,5696,nan,0.017142857142857144,0.9162393162393162,0.9146686202686203
C3_fork8_boundary,6bba_76db78c1,604,0,0,0,0,0,4590,nan,-0.05458290422245108,1.0,1.005458290422245
C3_fork8_boundary,6bba_74686d6a,560,22,16,0,1,2,25088,nan,-0.1582055497768681,0.9364548494983278,0.9512700849289376
C3_fork8_boundary,6bba_767a1e17,547,94,111,0,0,0,46623,nan,-0.02286540637967892,0.7273936170212766,0.7290568320863943
C3_fork8_boundary,6bba_784a78c9,1735,3,4,0,1,1,12593,nan,-0.03840867440439829,0.9959816303099885,0.9998070637251223
C3_fork8_boundary,6bba_789f8168,670,16,11,0,0,0,10487,nan,-0.017703259647808167,0.9612625538020086,0.9629643018599758
C3_fork8_boundary,6bba_7b5d3b2c,543,8,12,0,0,0,5340,nan,-0.07612456747404844,0.9644760213143873,0.971818053310552
C3_fork8_boundary,6bba_7af54fde,1043,48,49,0,0,2,9972,nan,0.03615960099750624,0.9149122807017543,0.911603994399965
C3_fork8_boundary,6bba_7d3058ae,1167,5,6,0,0,2,7344,nan,-0.03508080409932992,0.9906621392190152,0.9941374616624717
C3_fork8_boundary,6bba_7f87b3d8,892,49,42,1,0,2,9112,nan,-0.1388337586239486,0.9074262461851476,0.920024385828338
C3_fork8_boundary,6bba_78a7bd97,725,109,107,0,0,2,38257,nan,-0.058010981705365276,0.7704569606801275,0.7749264571452061
C3_fork8_boundary,6bba_825bd1c6,895,42,35,0,1,0,6788,nan,-0.1051937780121276,0.9207818930041153,0.9304679456091414
C3_fork8_boundary,6bba_80d12824,631,12,23,0,0,1,8074,nan,-0.10497727524664671,0.9474474474474475,0.9573934925946899
C3_fork8_boundary,6bba_87289e13,669,41,30,0,1,1,13846,nan,-0.07483629560336763,0.904054054054054,0.9108196596971152
C3_fork8_boundary,6bba_8b7818bf,723,2,2,1,0,1,5558,nan,-0.04632807137954702,0.9944979367262724,0.9991052538662191
C3_fork8_boundary,6bba_786893ac,1195,268,200,0,4,3,53308,nan,-0.09615286796995541,0.7185808779314492,0.725490239159597
C3_fork8_boundary,6bba_907271db,916,1,5,0,0,1,6766,nan,-0.07391185327128387,0.9934924078091106,1.000835494316323
C3_fork8_boundary,6bba_96833384,714,8,7,0,0,0,4699,nan,-0.03491476689258575,0.9794238683127572,0.9828435039178747
C3_fork8_boundary,6bba_91951b3a,1125,16,23,0,0,0,11338,nan,-0.047787016040984294,0.9664948453608248,0.9711134358287032
C3_fork8_boundary,6bba_971fa5e0,750,11,17,0,1,0,4927,nan,-0.12159030130147977,0.9640102827763496,0.9757317128503997
C3_fork8_boundary,6bba_9e23430b,866,18,25,0,0,1,7197,nan,-0.06629475869226778,0.9526952695269527,0.959011139827008
C3_fork8_boundary,6bba_a5e926bb,665,21,33,0,0,0,7727,nan,-0.08447867298578199,0.9248956884561892,0.9327090844972942
C3_fork8_boundary,6bba_9a41d029,1317,33,36,0,1,2,18282,nan,0.0027974329438867863,0.9502164502164502,0.9499506335362844
C3_fork8_boundary,6bba_969618f6,650,5,8,0,0,3,15418,nan,0.11016705069124424,0.9803921568627451,0.9695914656185054
C3_fork8_boundary,6bba_a90a0b9c,871,179,241,0,0,0,28649,nan,-0.22352016478751083,0.6746707978311387,0.6897510506219925
C3_fork8_boundary,6bba_ab78413d,930,113,208,0,0,2,11919,nan,0.289795476680013,0.7434052757793765,0.7218617271532844
C3_fork8_boundary,6bba_ae82a791,1463,13,8,0,1,0,7099,nan,-0.041064433337836014,0.9858490566037735,0.989897389890381
C3_fork8_boundary,6bba_acd782a8,307,27,23,0,0,0,19655,nan,-0.0027904616945712835,0.8599439775910365,0.860183941663931
C3_fork8_boundary,6bba_aeee7805,757,3,11,0,0,1,4885,nan,-0.029598728645212555,0.9818417639429312,0.9847478907372795
C3_fork8_boundary,6bba_af149c94,1268,27,49,0,0,0,7774,nan,-0.1297436471510131,0.9434523809523809,0.9556930762341878
C3_fork8_boundary,6bba_b204cac7,802,8,9,0,0,2,5342,nan,0.049096622152395915,0.9792429792429792,0.9744352269882514
C3_fork8_boundary,6bba_afb141ff,593,19,33,1,0,3,5411,nan,-0.10621076973901553,0.9193798449612403,0.9291446490628272
C3_fork8_boundary,6bba_b693381b,913,12,22,0,0,0,6030,nan,0.08492263404102195,0.9640971488912354,0.9559097819557072
C3_fork8_boundary,6bba_b1ae37b9,549,35,30,0,1,0,22378,nan,-0.07901884928800725,0.8941368078175895,0.9012021739835693
C3_fork8_boundary,6bba_c27cba08,484,5,9,0,0,0,6257,nan,-0.02916989914662529,0.9718875502008032,0.974722536382925
C3_fork8_boundary,6bba_bbb708ca,848,8,13,0,2,0,6478,nan,-0.04524686809137804,0.9758342922899885,0.9802496368402173
C3_fork8_boundary,6bba_b329af44,1166,88,102,0,0,1,63213,nan,0.01197470583526775,0.859882005899705,0.858852322492336
C3_fork8_boundary,6bba_bb9f20c3,1795,78,84,0,2,3,22716,nan,-0.015387282735902215,0.9172202350536536,0.9186315877624396
C3_fork8_boundary,6bba_c73a1d11,546,97,164,0,0,0,23202,nan,0.4221268771069568,0.6765799256505576,0.648019668537745
C3_fork8_boundary,6bba_c328f2fd,448,25,52,0,0,2,29926,nan,-0.041693352119892405,0.8533333333333334,0.8568911660475641
C3_fork8_boundary,6bba_cf35214c,815,3,2,0,0,0,34581,nan,-0.00885640584694755,0.9939024390243902,0.9947826793616172
C3_fork8_boundary,6bba_d0fc38b5,813,0,0,0,0,0,5607,nan,-0.08247422680412371,1.0,1.0082474226804123
C3_fork8_boundary,6bba_cff5865f,1459,37,42,0,0,0,46303,nan,-0.001272593934687891,0.9486345903771132,0.948755313039708
C3_fork8_boundary,6bba_cdcfe533,1330,19,18,1,2,3,28094,nan,-0.05677354373006547,0.9729334308705194,0.9784571187389165
C3_fork8_boundary,6bba_d1acb6ff,619,25,24,0,1,1,15949,nan,0.08356545961002786,0.9266467065868264,0.9189031407936217
C3_fork8_boundary,6bba_d5eae175,519,0,0,0,0,0,4115,nan,-0.08940030980305377,1.0,1.0089400309803054
C3_fork8_boundary,6bba_d6ecebbb,840,13,22,0,0,0,5944,nan,0.10916215711886545,0.96,0.9495204329165889
C3_fork8_boundary,6bba_d3da753b,833,34,24,0,1,1,15894,nan,-0.07839499014264177,0.9349046015712682,0.9422337852737173
C3_fork8_boundary,6bba_d2b9fc0c,917,5,4,0,0,2,18742,nan,-0.07116661710774111,0.990280777537797,0.9973282708302158
C3_fork8_boundary,6bba_e16ffc58,935,7,7,1,0,0,5910,nan,-0.07177634678812628,0.9852476290832455,0.9923193766329713
C3_fork8_boundary,6bba_debd7bfa,714,16,15,3,0,1,11703,nan,-0.00880833403912933,0.9583892617449664,0.9592334430206629
C3_fork8_boundary,6bba_d82a4fc6,508,28,22,0,0,0,28208,nan,0.01775147928994083,0.910394265232975,0.9087781807384785
C3_fork8_boundary,6bba_e5e44988,597,16,37,0,0,0,5059,nan,-0.09902048085485307,0.9184615384615384,0.9275561887800533
C3_fork8_boundary,6bba_df673a83,644,7,10,1,0,3,21709,nan,0.1283850511980872,0.9742813918305597,0.9617730751934087
C3_fork8_boundary,6bba_ed9377fd,497,0,11,0,0,0,4239,nan,-0.04591492234976367,0.9783464566929134,0.9828385268519355
C3_fork8_boundary,6bba_eebc57a5,927,75,62,0,2,0,8383,nan,-0.10313469562426447,0.8712406015037594,0.8802261149289186
C3_fork8_boundary,6bba_ef7b4f7e,1174,7,27,0,0,2,5706,nan,-0.06566235467496316,0.9718543046357616,0.9782357288400998
C3_fork8_boundary,6bba_ebff6e76,996,266,268,0,0,0,47150,nan,0.1335224540821233,0.6509803921568628,0.64228834220485
C3_fork8_boundary,6bba_edf14583,727,46,33,0,0,0,49741,nan,-0.1603760845346207,0.901985111662531,0.916450795714227
C3_fork8_boundary,6bba_f1fde7e0,415,29,31,0,0,0,7681,nan,-0.15033185840707963,0.8736842105263158,0.8868184676292502
C3_fork8_boundary,6bba_f20478e9,931,22,32,0,0,1,5159,nan,-0.13627992633517497,0.9451776649746193,0.9580585392302586
C3_fork8_boundary,6bba_ebdf3b34,729,65,74,0,0,2,58763,nan,0.033704505075025946,0.8398617511520737,0.8370310386866712
C3_fork8_boundary,6bba_f4ae811c,955,7,10,0,0,0,9235,nan,0.03729080085364484,0.9825102880658436,0.9788464285169516
C3_fork8_boundary,6bba_f17befbc,921,88,94,0,1,0,25236,nan,0.010936185554620838,0.8349954669084315,0.8340823003720937
C3_fork8_boundary,6bba_fbc898dc,634,7,5,0,0,0,4908,nan,0.003886275311924729,0.9814241486068112,0.9810427401628854
C3_fork8_boundary,6bba_fc516dc6,720,28,42,0,0,0,6640,nan,-0.155860666158149,0.9113924050632911,0.9255974278017554
C3_fork8_boundary,6bba_fc83837d,819,78,104,0,0,0,10872,nan,-0.1692519293955834,0.8181818181818182,0.8320297033141842
C3_fork8_boundary,6bba_f8ffd5e7,352,17,18,1,0,1,30418,nan,0.02972241029113067,0.9095607235142119,0.9068572898133131
C3_fork8_boundary,6bba_fc5f39dc,440,7,18,0,0,2,17542,nan,0.25121255349500715,0.946236559139785,0.9224659089166015
C3_fork8_boundary,6bba_fe670320,662,14,18,0,0,2,9467,nan,-0.12633813215208564,0.9538904899135446,0.9659417641908762
C3_fork6,44b6_0b24845f,49,0,0,0,0,0,18141,nan,-0.44683640798902274,1.0,1.0446836407989022
C3_fork6,44b6_0c582fdc,69,1,1,0,0,0,26806,nan,-0.04120466413906574,0.971830985915493,0.9758353828529515
C3_fork6,44b6_0db75fae,149,0,2,0,0,0,17498,nan,0.14104988588196934,0.9867549668874173,0.9728367993401236
C3_fork6,44b6_0113de3b,46,3,4,0,0,0,25488,nan,-0.01036691904484566,0.8679245283018868,0.8688242986340811
C3_fork6,44b6_1574802b,144,11,9,0,2,0,19270,nan,0.09011710131809696,0.8780487804878049,0.8701360593964598
C3_fork6,44b6_12dfb391,741,38,32,0,0,1,44125,nan,-0.24793768748295608,0.9136868064118372,0.936340545798381
C3_fork6,44b6_144b256d,119,0,0,0,0,0,27584,nan,-0.5780714635340186,1.0,1.0578071463534018
C3_fork6,44b6_1d530831,253,28,18,0,1,0,35383,nan,-0.012337752965806002,0.8461538461538461,0.8471978098663374
C3_fork6,44b6_18ced818,90,16,9,0,1,0,71293,nan,-0.09347184782055847,0.782608695652174,0.7899238837424786
C3_fork6,44b6_267148e4,250,40,27,0,0,1,21733,nan,0.13606900156821747,0.7886435331230284,0.7779125393085001
C3_fork6,44b6_24264f12,213,10,8,0,0,0,26792,nan,0.016658444958828216,0.922077922077922,0.9205418836466535
C3_fork6,44b6_2f31fc2f,67,25,18,0,0,0,18092,nan,-0.25755088640840446,0.6090909090909091,0.6247780994448756
C3_fork6,44b6_33b596bf,49,0,0,0,0,0,23592,nan,0.011230175739391342,1.0,0.9988769824260608
C3_fork6,44b6_341df25f,208,0,1,0,0,1,8361,nan,0.12439483593329748,0.9952153110047847,0.9828353464717101
C3_fork6,44b6_2a2eff9f,197,23,13,0,1,1,37917,nan,-0.32731917611368355,0.8454935622317596,0.8731681878516719
C3_fork6,44b6_3bb3690f,380,26,16,0,0,0,15743,nan,-0.5070607759025582,0.9004739336492891,0.9461334347969129
C3_fork6,44b6_3a861e03,884,38,35,0,0,0,36206,nan,-0.10703891875894046,0.9237199582027168,0.9336073567589241
C3_fork6,44b6_40c45f5a,194,5,4,0,0,0,28599,nan,-0.12490437869098253,0.9556650246305419,0.9676016992443599
C3_fork6,44b6_415c0a3a,310,13,12,0,0,0,32632,nan,-0.4304265866089506,0.9253731343283582,0.9652036542832162
C3_fork6,44b6_53f95252,67,2,1,0,0,0,30048,nan,-0.22386671832623015,0.9571428571428572,0.9785701001826536
C3_fork6,44b6_5740d24b,169,1,1,0,0,0,11083,nan,-0.43826659908768373,0.9883040935672515,1.031618160962467
C3_fork6,44b6_551a5dba,199,33,25,0,0,0,30263,nan,-0.47484685997882936,0.77431906614786,0.8110873638660651
C3_fork6,44b6_587a1e22,365,7,6,1,0,0,18665,nan,0.02911176048960688,0.9656084656084656,0.9627974093707125
C3_fork6,44b6_5f15d135,252,23,21,0,0,1,21046,nan,-0.2870354686811884,0.8513513513513513,0.8757881547661012
C3_fork6,44b6_668e0cc7,613,28,18,0,0,0,33423,nan,-0.15813203697639858,0.9301972685887708,0.9449066674759533
C3_fork6,44b6_66f9292d,197,2,1,0,0,0,20022,nan,-0.6201479795105294,0.985,1.0460845759817872
C3_fork6,44b6_71a4179f,107,20,12,0,0,0,30496,nan,-0.5494622385060868,0.7697841726618705,0.8120809061296053
C3_fork6,44b6_706092f0,108,10,9,0,0,1,28562,nan,-0.5913760050359095,0.8503937007874016,0.9006839437353371
C3_fork6,44b6_74d0c52e,135,5,4,0,1,1,8389,nan,-0.4440689198144466,0.9375,0.9791314612326043
C3_fork6,44b6_81c256f0,197,0,0,0,0,0,11208,nan,0.11500198965380024,1.0,0.98849980103462
C3_fork6,44b6_808952d6,179,0,0,0,0,0,14887,nan,-0.05431330199466396,1.0,1.0054313301994664
C3_fork6,44b6_7a302da0,492,22,15,0,0,1,42462,nan,-0.3648927577851566,0.9300567107750473,0.9639938065841771
C3_fork6,44b6_7e557709,546,10,14,0,0,0,44362,nan,-0.2086692829111666,0.9578947368421052,0.9778830576262275
C3_fork6,44b6_8cc6506c,381,22,15,0,0,0,18127,nan,-0.4365597413900286,0.9114832535885168,0.9512749429353112
C3_fork6,44b6_87bba6c4,109,47,40,0,1,0,28042,nan,-0.002135079353782649,0.5561224489795918,0.556241185535491
C3_fork6,44b6_8f5ab931,572,38,32,0,0,0,27093,nan,-0.017337057052700302,0.8909657320872274,0.8925104044601471
C3_fork6,44b6_90724892,97,12,6,0,0,0,23034,nan,-0.09783800720664264,0.8434782608695652,0.8517306840861256
C3_fork6,44b6_95029e92,198,0,0,0,0,0,4757,nan,-0.07827940321643093,1.0,1.007827940321643
C3_fork6,44b6_949adeb1,351,44,27,0,0,0,37852,nan,0.018101616503940397,0.8317535545023697,0.8302479461154305
C3_fork6,44b6_8f9ecab4,366,4,4,0,0,0,39731,nan,-0.4690711317199631,0.9786096256684492,1.0245133781308842
C3_fork6,44b6_996155de,370,2,7,1,0,0,8879,nan,0.17245477353756766,0.9762532981530343,0.9594173440082058
C3_fork6,44b6_97725144,219,1,2,0,0,0,32719,nan,-0.08539721585509029,0.9864864864864865,0.994910806428948
C3_fork6,44b6_9be80b04,205,18,15,0,1,1,25200,nan,-0.5645938801250928,0.8613445378151261,0.9099755232880857
C3_fork6,44b6_9bfa6a0a,241,30,18,0,0,0,38612,nan,-0.3995770355165765,0.8339100346020761,0.8672311645534584
C3_fork6,44b6_a21120c2,279,12,7,1,0,1,21921,nan,-0.048567708333333334,0.9362416107382551,0.9407887216862417
C3_fork6,44b6_aaf8b0ea,203,0,3,0,0,1,14019,nan,-0.3656274039549301,0.9854368932038835,1.0214671665062383
C3_fork6,44b6_abf82518,94,0,0,0,0,0,25568,nan,-0.07375742645993334,1.0,1.0073757426459933
C3_fork6,44b6_a2bb48bb,376,44,34,0,1,0,43388,nan,-0.28417996139442037,0.8281938325991189,0.8517294417366303
C3_fork6,44b6_c15fded2,97,8,5,0,0,0,19353,nan,-0.059849404906485305,0.8818181818181818,0.8870958111599355
C3_fork6,44b6_c771cb04,203,34,20,0,0,0,28016,nan,-0.4748148842440716,0.7898832684824902,0.8273881017515745
C3_fork6,44b6_b2c44266,156,14,12,0,0,0,36725,nan,-0.3851395469537411,0.8571428571428571,0.8901548183103206
C3_fork6,44b6_c50204e0,294,31,31,0,0,2,35763,nan,-0.24034580908279876,0.8258426966292135,0.8456914797388603
C3_fork6,44b6_cf2536e8,70,8,5,0,0,0,20633,nan,-0.6415703986797533,0.8433734939759037,0.8974818408525094
C3_fork6,44b6_c96cfa10,590,17,26,0,0,0,37248,nan,-0.19439397871788217,0.9320695102685624,0.9501883803228358
C3_fork6,44b6_c8e2a523,158,10,6,0,1,1,28311,nan,-0.14581824764663287,0.9080459770114943,0.9212869443265332
C3_fork6,44b6_d29c9ab2,1285,56,43,0,0,0,36336,nan,-0.0451714623571147,0.9284682080924855,0.9326622347636483
C3_fork6,44b6_d2f34f90,271,5,10,0,0,2,14675,nan,-0.390421201296004,0.9475524475524476,0.984546904038887
C3_fork6,44b6_cf8fed6b,178,12,10,0,0,0,41001,nan,-0.0623842301447552,0.89,0.8955521964828831
C3_fork6,44b6_d754aa59,64,3,6,0,0,1,5523,nan,0.06807193966350802,0.8767123287671232,0.8707443778925144
C3_fork6,44b6_d5e7d891,830,90,63,0,1,2,41850,nan,-0.06684801997859437,0.844354018311292,0.8499983577397999
C3_fork6,44b6_ddf577ad,607,48,40,0,0,0,37269,nan,-0.303278994989905,0.8733812949640288,0.899869115101996
C3_fork6,44b6_db3c847b,154,7,8,0,0,0,15223,nan,0.013312920189043467,0.9112426035502958,0.9100294735449037
C3_fork6,44b6_d78e09d9,418,37,33,0,0,0,23306,nan,0.04703715351093939,0.8565573770491803,0.8525283749656614
C3_fork6,44b6_e29f0176,48,4,2,0,0,0,13340,nan,0.028606677461639293,0.8888888888888888,0.886346073114521
C3_fork6,44b6_e35b117d,240,11,26,0,0,0,18245,nan,-0.36297615306728115,0.8664259927797834,0.8978751901574539
C3_fork6,44b6_deabac95,121,6,3,1,2,0,15574,nan,0.11330330974336979,0.9307692307692308,0.9202233073238864
C3_fork6,44b6_e28840c6,289,14,20,0,0,2,26309,nan,-0.6477385319872533,0.8947368421052632,0.9526923949672806
C3_fork6,44b6_f28707c6,55,6,6,0,0,0,21358,nan,0.1448327615780446,0.8208955223880597,0.8090062658406083
C3_fork6,44b6_e31261b4,106,10,7,0,0,0,66132,nan,-0.09229164379049083,0.8617886178861789,0.8697422067006441
C3_fork6,44b6_e57ff5c6,142,19,44,0,0,0,15952,nan,-0.2147287584916806,0.6926829268292682,0.7075568213199115
C3_fork6,6bba_05b6850b,836,8,9,0,0,0,5965,nan,-0.06240176045268783,0.9800703399765534,0.9861861514347535
C3_fork6,6bba_062c8d37,896,4,2,1,1,0,5828,nan,-0.033499170812603646,0.9933481152993349,0.9966757491184138
C3_fork6,6bba_07477033,593,14,9,0,0,0,4485,nan,-0.07258064516129033,0.9626623376623377,0.9696494030163385
C3_fork6,44b6_eb2880fc,371,13,8,0,3,1,35862,nan,-0.2541801846768156,0.9464285714285714,0.9704849103354843
C3_fork6,6bba_07e24132,309,17,36,0,0,2,26917,nan,0.2528275541075169,0.8535911602209945,0.8320100236963474
C3_fork6,6bba_085bf656,1164,0,4,0,0,1,8166,nan,-0.03509393831974477,0.9965753424657534,1.0000727178257007
C3_fork6,6bba_0c7fa718,620,45,39,0,0,0,12328,nan,-0.09684981684981685,0.8806818181818182,0.8892112054612056
C3_fork6,6bba_0e7c0d07,179,19,19,0,0,1,21076,nan,-0.06191302799661726,0.8248847926267281,0.8299919041527163
C3_fork6,6bba_09961292,1788,108,83,1,0,3,29112,nan,-0.06443423209178263,0.9034866093986862,0.9093081559868675
C3_fork6,6bba_12665c0e,961,21,37,0,1,3,7995,nan,-0.03836901611739235,0.943081452404318,0.9466999631490495
C3_fork6,6bba_15403b9a,716,14,13,0,1,0,6235,nan,-0.09493395267818261,0.9636608344549125,0.9728092476605085
C3_fork6,6bba_13f19531,693,11,11,0,0,0,5501,nan,-0.04711588428893123,0.9692307692307692,0.973797385708004
C3_fork6,6bba_1ebfb80d,675,37,44,0,0,0,11032,nan,-0.04550960373767088,0.8928571428571429,0.8969205003337206
C3_fork6,6bba_1d0d8384,1255,107,110,0,0,1,16778,nan,-0.06315260483555754,0.8525815217391305,0.8579657961323794
C3_fork6,6bba_05db0fb1,1113,93,70,0,0,3,68486,nan,-0.018825214899713467,0.872257053291536,0.8738990959391364
C3_fork6,6bba_1f58c2f6,264,48,35,0,1,0,31173,nan,0.07853856001107151,0.760806916426513,0.7548316484602529
C3_fork6,6bba_207c6aaf,349,79,101,0,1,1,16918,nan,0.40995082923576964,0.6597353497164461,0.6326894443472053
C3_fork6,6bba_2312ac41,1128,5,4,1,0,1,12237,nan,0.02401673640167364,0.9920844327176781,0.9897017696867996
C3_fork6,6bba_23af9eeb,498,1,1,0,0,0,4034,nan,-0.09348314606741573,0.996,1.0053109213483147
C3_fork6,6bba_20852818,846,27,63,0,0,3,9672,nan,-0.008813281410125025,0.9038461538461539,0.9046427388966843
C3_fork6,6bba_2540cd90,523,0,0,0,0,0,3466,nan,-0.08379592915675389,1.0,1.0083795929156754
C3_fork6,6bba_2646afc7,704,12,17,0,1,0,5150,nan,-0.06278434940855324,0.9604365620736699,0.9664666005434682
C3_fork6,6bba_268e1230,578,10,31,0,0,1,4463,nan,-0.1261014294106129,0.9337641357027464,0.9455390349271945
C3_fork6,6bba_2819ca14,915,20,34,0,0,1,4892,nan,-0.11601011926273942,0.9442724458204335,0.9552269617260482
C3_fork6,6bba_312f0dc3,495,9,5,0,1,0,9299,nan,-0.06664659239184985,0.9724950884086444,0.9789764367846692
C3_fork6,6bba_372c8cb8,1006,2,1,0,0,0,6492,nan,-0.07534539239424583,0.9970267591674926,1.0045388964071964
C3_fork6,6bba_283bf9f1,1266,13,22,0,1,0,21511,nan,0.031158621350846075,0.973097617217525,0.9700655791982958
C3_fork6,6bba_337b1b3a,1194,32,19,1,0,1,29290,nan,-0.039041994750656166,0.9590361445783132,0.962780412990545
C3_fork6,6bba_3a1849c2,1108,40,34,0,0,0,6408,nan,-0.08496358703412824,0.937394247038917,0.9453586848082752
C3_fork6,6bba_32db13fc,688,117,123,0,0,1,42904,nan,0.10848727554579511,0.7413793103448276,0.7333362881922945
C3_fork6,6bba_3db54e20,433,41,41,0,0,1,22296,nan,-0.040454467206059566,0.8407766990291262,0.8441780163689755
C3_fork6,6bba_3c5691b6,741,4,5,0,0,2,6108,nan,-0.023969319271332695,0.988,0.9903681687440077
C3_fork6,6bba_3abfe10a,839,114,96,1,0,0,51716,nan,-0.006703159512148276,0.7998093422306959,0.8003454671907239
C3_fork6,6bba_3fda6b25,1164,6,15,0,0,1,8043,nan,-0.18278805120910385,0.9822784810126582,1.0002333579415525
C3_fork6,6bba_43fea39d,853,11,27,0,0,0,5241,nan,-0.08820459290187892,0.957351290684624,0.9657955687705166
C3_fork6,6bba_474be664,240,25,46,0,0,1,23988,nan,-0.15215777754214824,0.7717041800643086,0.7834462593601657
C3_fork6,6bba_4aa14c89,648,30,33,0,0,0,7026,nan,0.035214380433181085,0.9113924050632911,0.90818299317571
C3_fork6,6bba_4f99ce20,993,8,17,0,0,2,5300,nan,-0.11148365465213747,0.9754420432220039,0.9863166276099776
C3_fork6,6bba_55b7eebe,682,6,6,0,0,1,4478,nan,-0.14818337454822142,0.9827089337175793,0.9972710463172748
C3_fork6,6bba_48816121,896,20,22,1,0,4,25087,nan,0.04681827665345295,0.9552238805970149,0.9507516870062374
C3_fork6,6bba_55c70843,402,49,65,0,0,0,36156,nan,0.020923337568826767,0.7790697674418605,0.7774396934684752
C3_fork6,6bba_4ffd3da3,645,22,44,1,0,2,19900,nan,0.12830980325452174,0.9071729957805907,0.8955330769199484
C3_fork6,6bba_5a4d9360,699,13,23,0,0,0,5439,nan,-0.08985943775100401,0.9510204081632653,0.9595662240799934
C3_fork6,6bba_5b28472a,716,1,8,0,0,0,5649,nan,-0.026370217166494313,0.9875862068965517,0.9901904931712013
C3_fork6,6bba_5c039895,1138,5,7,2,1,1,7907,nan,-0.07736289381563594,0.9895652173913043,0.9972207802749733
C3_fork6,6bba_5f89039d,885,0,0,0,0,0,4414,nan,-0.042723921058338755,1.0,1.0042723921058339
C3_fork6,6bba_5c824876,1080,44,50,1,0,0,24927,nan,0.01136040897472309,0.919931856899489,0.9188867766871635
C3_fork6,6bba_5dfe9ad1,1441,19,46,0,0,0,29264,nan,0.08735555307843793,0.9568393094289509,0.9484807867207152
C3_fork6,6bba_61dd1e0d,534,8,9,0,0,0,9346,nan,-0.07721169036334913,0.969147005444646,0.976629953294742
C3_fork6,6bba_61ecbe65,595,6,19,0,0,1,5351,nan,-0.07325943886387253,0.9596774193548387,0.9667079622780652
C3_fork6,6bba_6321a359,785,13,13,0,0,1,4552,nan,-0.05579755237502593,0.967940813810111,0.9733416866355604
C3_fork6,6bba_6ca87370,1038,17,14,0,0,1,6219,nan,-0.13564975677553856,0.971000935453695,0.9841725395260064
C3_fork6,6bba_6479435d,470,71,110,0,0,0,23540,nan,0.0037095467530806293,0.7219662058371735,0.7216983890977038
C3_fork6,6bba_67ebd073,391,67,47,0,1,1,14939,nan,-0.06985866384409439,0.7742574257425743,0.7796662846659487
C3_fork6,6bba_6db0e9b4,428,15,12,0,0,0,24547,nan,-0.13673289959556884,0.9406593406593406,0.9535212485773413
C3_fork6,6bba_57b7cc1e,1268,330,324,0,1,3,71879,nan,0.0972050495336661,0.659729448491155,0.6533165451192149
C3_fork6,6bba_6feb10f0,1125,99,218,0,0,0,10464,nan,0.18077183480027081,0.7801664355062413,0.7660632237066363
C3_fork6,6bba_6feeb0b1,1330,7,13,0,0,0,6765,nan,-0.10015961691939346,0.9851851851851852,0.9950527622594662
C3_fork6,6bba_718b21f9,649,0,3,0,0,0,4074,nan,-0.0538783093358105,0.995398773006135,1.000761813306586
C3_fork6,6bba_705ec2c9,536,23,26,0,2,1,5702,nan,0.018214285714285714,0.9162393162393162,0.9145704517704518
C3_fork6,6bba_76db78c1,604,0,0,0,0,0,4590,nan,-0.05458290422245108,1.0,1.005458290422245
C3_fork6,6bba_767a1e17,547,94,111,0,0,0,46623,nan,-0.02286540637967892,0.7273936170212766,0.7290568320863943
C3_fork6,6bba_74686d6a,560,23,16,0,2,2,25088,nan,-0.1582055497768681,0.9348914858096828,0.9496819879591063
C3_fork6,6bba_784a78c9,1735,3,4,0,1,1,12593,nan,-0.03840867440439829,0.9959816303099885,0.9998070637251223
C3_fork6,6bba_789f8168,670,16,11,0,0,0,10487,nan,-0.017703259647808167,0.9612625538020086,0.9629643018599758
C3_fork6,6bba_7af54fde,1043,48,49,0,0,2,9972,nan,0.03615960099750624,0.9149122807017543,0.911603994399965
C3_fork6,6bba_7b5d3b2c,543,8,12,0,0,0,5340,nan,-0.07612456747404844,0.9644760213143873,0.971818053310552
C3_fork6,6bba_7d3058ae,1167,5,6,0,0,2,7344,nan,-0.03508080409932992,0.9906621392190152,0.9941374616624717
C3_fork6,6bba_78a7bd97,725,109,107,0,0,2,38257,nan,-0.058010981705365276,0.7704569606801275,0.7749264571452061
C3_fork6,6bba_7f87b3d8,892,49,42,1,0,2,9112,nan,-0.1388337586239486,0.9074262461851476,0.920024385828338
C3_fork6,6bba_786893ac,1195,268,200,0,4,3,53308,nan,-0.09615286796995541,0.7185808779314492,0.725490239159597
C3_fork6,6bba_80d12824,631,12,23,0,0,1,8080,nan,-0.10431216051435539,0.9474474474474475,0.9573304764691528
C3_fork6,6bba_825bd1c6,895,42,35,0,1,0,6788,nan,-0.1051937780121276,0.9207818930041153,0.9304679456091414
C3_fork6,6bba_87289e13,669,41,30,0,1,1,13846,nan,-0.07483629560336763,0.904054054054054,0.9108196596971152
C3_fork6,6bba_8b7818bf,723,2,2,1,0,1,5558,nan,-0.04632807137954702,0.9944979367262724,0.9991052538662191
C3_fork6,6bba_907271db,916,1,5,0,0,1,6766,nan,-0.07391185327128387,0.9934924078091106,1.000835494316323
C3_fork6,6bba_91951b3a,1125,16,23,0,0,0,11338,nan,-0.047787016040984294,0.9664948453608248,0.9711134358287032
C3_fork6,6bba_96833384,714,8,7,0,0,0,4699,nan,-0.03491476689258575,0.9794238683127572,0.9828435039178747
C3_fork6,6bba_971fa5e0,750,11,17,0,1,0,4927,nan,-0.12159030130147977,0.9640102827763496,0.9757317128503997
C3_fork6,6bba_9e23430b,866,18,25,0,0,1,7197,nan,-0.06629475869226778,0.9526952695269527,0.959011139827008
C3_fork6,6bba_969618f6,650,5,8,0,0,3,15424,nan,0.11059907834101383,0.9803921568627451,0.9695491099665672
C3_fork6,6bba_a5e926bb,665,21,33,0,0,0,7733,nan,-0.08376777251184835,0.9248956884561892,0.932643333618968
C3_fork6,6bba_9a41d029,1317,33,36,0,1,2,18282,nan,0.0027974329438867863,0.9502164502164502,0.9499506335362844
C3_fork6,6bba_acd782a8,307,27,23,0,0,0,19655,nan,-0.0027904616945712835,0.8599439775910365,0.860183941663931
C3_fork6,6bba_ae82a791,1463,13,8,0,1,0,7099,nan,-0.041064433337836014,0.9858490566037735,0.989897389890381
C3_fork6,6bba_ab78413d,930,113,208,0,0,2,11919,nan,0.289795476680013,0.7434052757793765,0.7218617271532844
C3_fork6,6bba_aeee7805,757,3,11,0,0,1,4885,nan,-0.029598728645212555,0.9818417639429312,0.9847478907372795
C3_fork6,6bba_af149c94,1268,27,49,0,0,0,7780,nan,-0.1290719802977723,0.9434523809523809,0.9556297076649981
C3_fork6,6bba_a90a0b9c,871,179,241,0,0,0,28649,nan,-0.22352016478751083,0.6746707978311387,0.6897510506219925
C3_fork6,6bba_afb141ff,593,19,33,1,0,3,5417,nan,-0.10521968946151306,0.9193798449612403,0.9290535311396398
C3_fork6,6bba_b1ae37b9,549,35,30,0,1,0,22378,nan,-0.07901884928800725,0.8941368078175895,0.9012021739835693
C3_fork6,6bba_b204cac7,802,8,9,0,0,2,5342,nan,0.049096622152395915,0.9792429792429792,0.9744352269882514
C3_fork6,6bba_b693381b,913,12,22,0,0,0,6030,nan,0.08492263404102195,0.9640971488912354,0.9559097819557072
C3_fork6,6bba_bbb708ca,848,8,13,0,2,0,6478,nan,-0.04524686809137804,0.9758342922899885,0.9802496368402173
C3_fork6,6bba_c27cba08,484,5,9,0,0,0,6257,nan,-0.02916989914662529,0.9718875502008032,0.974722536382925
C3_fork6,6bba_bb9f20c3,1795,78,84,0,2,3,22716,nan,-0.015387282735902215,0.9172202350536536,0.9186315877624396
C3_fork6,6bba_b329af44,1166,88,102,0,0,1,63213,nan,0.01197470583526775,0.859882005899705,0.858852322492336
C3_fork6,6bba_c73a1d11,546,97,164,0,0,0,23202,nan,0.4221268771069568,0.6765799256505576,0.648019668537745
C3_fork6,6bba_c328f2fd,448,25,52,0,0,2,29932,nan,-0.04150121685666709,0.8533333333333334,0.8568747705051023
C3_fork6,6bba_cf35214c,815,3,2,0,0,0,34581,nan,-0.00885640584694755,0.9939024390243902,0.9947826793616172
C3_fork6,6bba_d0fc38b5,813,0,0,0,0,0,5607,nan,-0.08247422680412371,1.0,1.0082474226804123
C3_fork6,6bba_cff5865f,1459,37,42,0,0,0,46303,nan,-0.001272593934687891,0.9486345903771132,0.948755313039708
C3_fork6,6bba_d1acb6ff,619,26,24,0,2,1,15955,nan,0.08397309599836945,0.9252615844544095,0.9174918764689102
C3_fork6,6bba_d5eae175,519,0,0,0,0,0,4115,nan,-0.08940030980305377,1.0,1.0089400309803054
C3_fork6,6bba_cdcfe533,1330,19,18,1,2,3,28094,nan,-0.05677354373006547,0.9729334308705194,0.9784571187389165
C3_fork6,6bba_d2b9fc0c,917,5,4,0,0,2,18742,nan,-0.07116661710774111,0.990280777537797,0.9973282708302158
C3_fork6,6bba_d3da753b,833,34,24,0,1,1,15894,nan,-0.07839499014264177,0.9349046015712682,0.9422337852737173
C3_fork6,6bba_d6ecebbb,840,13,22,0,0,0,5944,nan,0.10916215711886545,0.96,0.9495204329165889
C3_fork6,6bba_e16ffc58,935,7,7,1,0,0,5910,nan,-0.07177634678812628,0.9852476290832455,0.9923193766329713
C3_fork6,6bba_debd7bfa,714,16,15,3,0,1,11709,nan,-0.008300160921487254,0.9583892617449664,0.9591847402547574
C3_fork6,6bba_d82a4fc6,508,28,22,0,0,0,28208,nan,0.01775147928994083,0.910394265232975,0.9087781807384785
C3_fork6,6bba_e5e44988,597,16,37,0,0,0,5059,nan,-0.09902048085485307,0.9184615384615384,0.9275561887800533
C3_fork6,6bba_df673a83,644,7,10,1,0,3,21715,nan,0.12869691771921618,0.9742813918305597,0.9617426906185816
C3_fork6,6bba_ed9377fd,497,0,11,0,0,0,4239,nan,-0.04591492234976367,0.9783464566929134,0.9828385268519355
C3_fork6,6bba_eebc57a5,927,75,62,0,2,0,8383,nan,-0.10313469562426447,0.8712406015037594,0.8802261149289186
C3_fork6,6bba_ebff6e76,996,266,268,0,0,0,47150,nan,0.1335224540821233,0.6509803921568628,0.64228834220485
C3_fork6,6bba_edf14583,727,46,33,0,0,0,49747,nan,-0.160274805036967,0.901985111662531,0.9164416604543268
C3_fork6,6bba_ef7b4f7e,1174,7,27,0,0,2,5712,nan,-0.06467987555264451,0.9718543046357616,0.9781402461836759
C3_fork6,6bba_f1fde7e0,415,29,31,0,0,0,7681,nan,-0.15033185840707963,0.8736842105263158,0.8868184676292502
C3_fork6,6bba_f17befbc,921,89,94,0,2,0,25242,nan,0.011176541281096021,0.8342391304347826,0.8333067396268216
C3_fork6,6bba_ebdf3b34,729,65,74,0,0,2,58763,nan,0.033704505075025946,0.8398617511520737,0.8370310386866712
C3_fork6,6bba_f20478e9,931,22,32,0,0,1,5159,nan,-0.13627992633517497,0.9451776649746193,0.9580585392302586
C3_fork6,6bba_f4ae811c,955,7,10,0,0,0,9235,nan,0.03729080085364484,0.9825102880658436,0.9788464285169516
C3_fork6,6bba_fc516dc6,720,28,42,0,0,0,6640,nan,-0.155860666158149,0.9113924050632911,0.9255974278017554
C3_fork6,6bba_fbc898dc,634,7,5,0,0,0,4908,nan,0.003886275311924729,0.9814241486068112,0.9810427401628854
C3_fork6,6bba_f8ffd5e7,352,17,18,1,0,1,30418,nan,0.02972241029113067,0.9095607235142119,0.9068572898133131
C3_fork6,6bba_fc5f39dc,440,7,18,0,0,2,17542,nan,0.25121255349500715,0.946236559139785,0.9224659089166015
C3_fork6,6bba_fc83837d,819,78,104,0,0,0,10872,nan,-0.1692519293955834,0.8181818181818182,0.8320297033141842
C3_fork6,6bba_fe670320,662,14,18,0,0,2,9474,nan,-0.1256921373200443,0.9538904899135446,0.9658801433581944
C3_prune12,44b6_0b24845f,49,0,0,0,0,0,18149,nan,-0.4465924683640799,1.0,1.044659246836408
C3_prune12,44b6_0113de3b,46,3,4,0,0,0,25491,nan,-0.01025043680838672,0.8679245283018868,0.8688141888550677
C3_prune12,44b6_0c582fdc,69,1,1,0,0,0,26811,nan,-0.04102582445096216,0.971830985915493,0.9758180026579104
C3_prune12,44b6_0db75fae,149,0,2,0,0,0,17507,nan,0.14163677861102053,0.9867549668874173,0.9727788874085814
C3_prune12,44b6_1574802b,144,11,9,0,2,0,19280,nan,0.09068280816880693,0.8780487804878049,0.8700863875754218
C3_prune12,44b6_144b256d,119,0,0,0,0,0,27584,nan,-0.5780714635340186,1.0,1.0578071463534018
C3_prune12,44b6_24264f12,213,10,8,0,0,0,26797,nan,0.01684817667817706,0.922077922077922,0.9205243889037006
C3_prune12,44b6_12dfb391,741,38,32,0,0,1,44134,nan,-0.24778429233706026,0.9136868064118372,0.9363265302862839
C3_prune12,44b6_1d530831,253,28,18,0,1,0,35393,nan,-0.012058618283321703,0.8461538461538461,0.8471741907778195
C3_prune12,44b6_18ced818,90,16,9,0,1,0,71302,nan,-0.0933574080667311,0.782608695652174,0.7899149275878312
C3_prune12,44b6_267148e4,250,40,27,0,0,1,21733,nan,0.13606900156821747,0.7886435331230284,0.7779125393085001
C3_prune12,44b6_2f31fc2f,67,25,18,0,0,0,18092,nan,-0.25755088640840446,0.6090909090909091,0.6247780994448756
C3_prune12,44b6_341df25f,208,0,1,0,0,1,8365,nan,0.12493275954814416,0.9952153110047847,0.9827818114899455
C3_prune12,44b6_33b596bf,49,0,0,0,0,0,23601,nan,0.011615945135019288,1.0,0.998838405486498
C3_prune12,44b6_3bb3690f,380,26,16,0,0,0,15743,nan,-0.5070607759025582,0.9004739336492891,0.9461334347969129
C3_prune12,44b6_2a2eff9f,197,23,13,0,1,1,37925,nan,-0.3271772490996505,0.8454935622317596,0.8731561880140047
C3_prune12,44b6_40c45f5a,194,5,4,0,0,0,28599,nan,-0.12490437869098253,0.9556650246305419,0.9676016992443599
C3_prune12,44b6_3a861e03,884,38,35,0,0,0,36221,nan,-0.10666896857889804,0.9237199582027168,0.9335731837224395
C3_prune12,44b6_551a5dba,199,33,25,0,0,0,30269,nan,-0.47474274211741024,0.77431906614786,0.8110793018215428
C3_prune12,44b6_53f95252,67,2,1,0,0,0,30053,nan,-0.22373756941753842,0.9571428571428572,0.9785577387871074
C3_prune12,44b6_5740d24b,169,1,1,0,0,0,11093,nan,-0.4377597567156614,0.9883040935672515,1.0315680695233607
C3_prune12,44b6_415c0a3a,310,13,12,0,0,0,32632,nan,-0.4304265866089506,0.9253731343283582,0.9652036542832162
C3_prune12,44b6_587a1e22,365,7,6,1,0,0,18679,nan,0.02988366322986161,0.9656084656084656,0.962722873788651
C3_prune12,44b6_668e0cc7,613,28,18,0,0,0,33423,nan,-0.15813203697639858,0.9301972685887708,0.9449066674759533
C3_prune12,44b6_5f15d135,252,23,21,0,0,1,21051,nan,-0.2868660862495342,0.8513513513513513,0.8757737343698927
C3_prune12,44b6_66f9292d,197,2,1,0,0,0,20022,nan,-0.6201479795105294,0.985,1.0460845759817872
C3_prune12,44b6_71a4179f,107,20,12,0,0,0,30501,nan,-0.5493883701690108,0.7697841726618705,0.812075219861931
C3_prune12,44b6_74d0c52e,135,5,4,0,1,1,8389,nan,-0.4440689198144466,0.9375,0.9791314612326043
C3_prune12,44b6_706092f0,108,10,9,0,0,1,28562,nan,-0.5913760050359095,0.8503937007874016,0.9006839437353371
C3_prune12,44b6_808952d6,179,0,0,0,0,0,14896,nan,-0.05374158302629907,1.0,1.0053741583026299
C3_prune12,44b6_81c256f0,197,0,0,0,0,0,11208,nan,0.11500198965380024,1.0,0.98849980103462
C3_prune12,44b6_7a302da0,492,22,15,0,0,1,42483,nan,-0.36457865924795835,0.9300567107750473,0.9639645936389405
C3_prune12,44b6_7e557709,546,10,14,0,0,0,44367,nan,-0.20858009275775954,0.9578947368421052,0.9778745141483749
C3_prune12,44b6_8cc6506c,381,22,15,0,0,0,18127,nan,-0.4365597413900286,0.9114832535885168,0.9512749429353112
C3_prune12,44b6_87bba6c4,109,47,40,0,1,0,28051,nan,-0.0018148174507152516,0.5561224489795918,0.5562233750521062
C3_prune12,44b6_90724892,97,12,6,0,0,0,23034,nan,-0.09783800720664264,0.8434782608695652,0.8517306840861256
C3_prune12,44b6_8f5ab931,572,39,32,0,1,0,27103,nan,-0.016974357114359292,0.8895800933125972,0.8910900983311685
C3_prune12,44b6_8f9ecab4,366,4,4,0,0,0,39734,nan,-0.4690310424545321,0.9786096256684492,1.0245094549567806
C3_prune12,44b6_949adeb1,351,44,27,0,0,0,37856,nan,0.01820920412060572,0.8317535545023697,0.8302389974771723
C3_prune12,44b6_95029e92,198,0,0,0,0,0,4757,nan,-0.07827940321643093,1.0,1.007827940321643
C3_prune12,44b6_996155de,370,2,7,1,0,0,8879,nan,0.17245477353756766,0.9762532981530343,0.9594173440082058
C3_prune12,44b6_97725144,219,1,2,0,0,0,32719,nan,-0.08539721585509029,0.9864864864864865,0.994910806428948
C3_prune12,44b6_9be80b04,205,18,15,0,1,1,25200,nan,-0.5645938801250928,0.8613445378151261,0.9099755232880857
C3_prune12,44b6_9bfa6a0a,241,30,18,0,0,0,38617,nan,-0.39949928469241774,0.8339100346020761,0.867224680834212
C3_prune12,44b6_a21120c2,279,12,7,1,0,1,21921,nan,-0.048567708333333334,0.9362416107382551,0.9407887216862417
C3_prune12,44b6_a2bb48bb,376,44,34,0,1,0,43396,nan,-0.28404797650669,0.8281938325991189,0.8517185108296289
C3_prune12,44b6_abf82518,94,0,0,0,0,0,25568,nan,-0.07375742645993334,1.0,1.0073757426459933
C3_prune12,44b6_c15fded2,97,8,5,0,0,0,19358,nan,-0.05960650959436483,0.8818181818181818,0.887074392209685
C3_prune12,44b6_aaf8b0ea,203,0,3,0,0,1,14024,nan,-0.36540114937327484,0.9854368932038835,1.0214448705450363
C3_prune12,44b6_b2c44266,156,14,12,0,0,0,36725,nan,-0.3851395469537411,0.8571428571428571,0.8901548183103206
C3_prune12,44b6_c771cb04,203,34,20,0,0,0,28016,nan,-0.4748148842440716,0.7898832684824902,0.8273881017515745
C3_prune12,44b6_c8e2a523,158,10,6,0,1,1,28311,nan,-0.14581824764663287,0.9080459770114943,0.9212869443265332
C3_prune12,44b6_cf2536e8,70,8,5,0,0,0,20633,nan,-0.6415703986797533,0.8433734939759037,0.8974818408525094
C3_prune12,44b6_c50204e0,297,31,28,0,1,2,35776,nan,-0.2400696716088194,0.8342696629213483,0.8542979473224213
C3_prune12,44b6_c96cfa10,590,17,26,0,0,0,37261,nan,-0.19411281252703522,0.9320695102685624,0.950162173679455
C3_prune12,44b6_cf8fed6b,178,12,10,0,0,0,41008,nan,-0.062224153307873495,0.89,0.8955379496444007
C3_prune12,44b6_d754aa59,64,3,6,0,0,1,5523,nan,0.06807193966350802,0.8767123287671232,0.8707443778925144
C3_prune12,44b6_d29c9ab2,1285,56,43,0,0,0,36336,nan,-0.0451714623571147,0.9284682080924855,0.9326622347636483
C3_prune12,44b6_d2f34f90,271,5,10,0,0,2,14679,nan,-0.39025504693860597,0.9475524475524476,0.9845311600420847
C3_prune12,44b6_db3c847b,154,7,8,0,0,0,15223,nan,0.013312920189043467,0.9112426035502958,0.9100294735449037
C3_prune12,44b6_d78e09d9,418,37,33,0,0,0,23310,nan,0.04721685610314929,0.8565573770491803,0.8525129824075581
C3_prune12,44b6_d5e7d891,830,90,63,0,1,2,41859,nan,-0.06664734213342847,0.844354018311292,0.8499814134253048
C3_prune12,44b6_ddf577ad,607,48,40,0,0,0,37273,nan,-0.3032042174530771,0.8733812949640288,0.8998625841718012
C3_prune12,44b6_deabac95,121,6,3,1,2,0,15574,nan,0.11330330974336979,0.9307692307692308,0.9202233073238864
C3_prune12,44b6_e28840c6,289,14,20,0,0,2,26312,nan,-0.6476983638165118,0.8947368421052632,0.9526888009730563
C3_prune12,44b6_e29f0176,48,4,2,0,0,0,13354,nan,0.029686174724342665,0.8888888888888888,0.8862501178022806
C3_prune12,44b6_e35b117d,240,11,26,0,0,0,18249,nan,-0.362836493139206,0.8664259927797834,0.8978630896582707
C3_prune12,44b6_e31261b4,106,10,7,0,0,0,66142,nan,-0.0921543867354782,0.8617886178861789,0.8697303780438705
C3_prune12,44b6_f28707c6,55,6,6,0,0,0,21361,nan,0.1449935677530017,0.8208955223880597,0.8089930653337088
C3_prune12,44b6_e57ff5c6,142,19,44,0,0,0,15952,nan,-0.2147287584916806,0.6926829268292682,0.7075568213199115
C3_prune12,6bba_05b6850b,836,8,9,0,0,0,5943,nan,-0.06585979251807608,0.9800703399765534,0.9865250629009511
C3_prune12,44b6_eb2880fc,371,13,8,0,3,1,35880,nan,-0.25380583978038435,0.9464285714285714,0.9704494812649291
C3_prune12,6bba_062c8d37,896,4,2,1,1,0,5828,nan,-0.033499170812603646,0.9933481152993349,0.9966757491184138
C3_prune12,6bba_07477033,593,14,9,0,0,0,4474,nan,-0.07485525227460711,0.9626623376623377,0.9698683708764355
C3_prune12,6bba_085bf656,1164,0,4,0,0,1,8155,nan,-0.036393713813068655,0.9965753424657534,1.0002022502464392
C3_prune12,6bba_0c7fa718,620,45,39,0,0,0,12317,nan,-0.09765567765567766,0.8806818181818182,0.8892821761571762
C3_prune12,6bba_07e24132,309,17,36,0,0,2,26774,nan,0.2461717477309751,0.8535911602209945,0.8325781574450631
C3_prune12,6bba_09961292,1788,108,83,1,0,3,29105,nan,-0.06465918951055694,0.9034866093986862,0.9093284805884222
C3_prune12,6bba_12665c0e,961,21,37,0,1,3,7995,nan,-0.03836901611739235,0.943081452404318,0.9466999631490495
C3_prune12,6bba_0e7c0d07,179,19,19,0,0,1,20988,nan,-0.06582988382961677,0.8248847926267281,0.8303149996338717
C3_prune12,6bba_13f19531,693,11,11,0,0,0,5490,nan,-0.049021306080027714,0.9692307692307692,0.9739820650508335
C3_prune12,6bba_15403b9a,716,14,13,0,1,0,6235,nan,-0.09493395267818261,0.9636608344549125,0.9728092476605085
C3_prune12,6bba_1ebfb80d,675,37,44,0,0,0,10969,nan,-0.05096037376708773,0.8928571428571429,0.8974071762292044
C3_prune12,6bba_05db0fb1,1113,93,70,0,0,3,68435,nan,-0.019555873925501434,0.872257053291536,0.8739628281880159
C3_prune12,6bba_1d0d8384,1255,107,110,0,0,1,16701,nan,-0.06745211904628957,0.8525815217391305,0.8583323647692319
C3_prune12,6bba_1f58c2f6,264,46,35,0,1,0,31030,nan,0.07359097671521987,0.7652173913043478,0.7595860817817919
C3_prune12,6bba_23af9eeb,498,1,1,0,0,0,4012,nan,-0.09842696629213483,0.996,1.0058033258426966
C3_prune12,6bba_207c6aaf,349,79,101,0,1,1,16835,nan,0.40303358613217766,0.6597353497164461,0.6331457993270075
C3_prune12,6bba_20852818,840,27,69,0,0,3,9661,nan,-0.009940561590489854,0.8974358974358975,0.8983279991170952
C3_prune12,6bba_2312ac41,1128,5,4,1,0,1,12237,nan,0.02401673640167364,0.9920844327176781,0.9897017696867996
C3_prune12,6bba_2540cd90,523,0,0,0,0,0,3466,nan,-0.08379592915675389,1.0,1.0083795929156754
C3_prune12,6bba_2646afc7,704,12,17,0,1,0,5150,nan,-0.06278434940855324,0.9604365620736699,0.9664666005434682
C3_prune12,6bba_268e1230,578,10,31,0,0,1,4353,nan,-0.14764049344037594,0.9337641357027464,0.9475502754779543
C3_prune12,6bba_2819ca14,915,20,34,0,0,1,4897,nan,-0.11510661366100469,0.9442724458204335,0.9551416461816119
C3_prune12,6bba_312f0dc3,495,9,5,0,1,0,9288,nan,-0.06775067750677506,0.9724950884086444,0.979083808519814
C3_prune12,6bba_283bf9f1,1266,13,22,0,1,0,21521,nan,0.03163798475624371,0.973097617217525,0.9700189324595384
C3_prune12,6bba_372c8cb8,1006,2,1,0,0,0,6492,nan,-0.07534539239424583,0.9970267591674926,1.0045388964071964
C3_prune12,6bba_337b1b3a,1194,32,19,1,0,1,29290,nan,-0.039041994750656166,0.9590361445783132,0.962780412990545
C3_prune12,6bba_32db13fc,690,118,121,0,1,1,42809,nan,0.10603281229815269,0.7427341227125942,0.7348587039304925
C3_prune12,6bba_3a1849c2,1108,40,34,0,0,0,6397,nan,-0.08653434242467514,0.937394247038917,0.9455059265149357
C3_prune12,6bba_3c5691b6,741,4,5,0,0,2,6086,nan,-0.027484819431128155,0.988,0.9907155001597954
C3_prune12,6bba_3db54e20,433,41,41,0,0,1,22213,nan,-0.04402651058702014,0.8407766990291262,0.8444783454532389
C3_prune12,6bba_43fea39d,853,12,27,0,1,0,5244,nan,-0.08768267223382047,0.9562780269058296,0.9646629281855884
C3_prune12,6bba_3fda6b25,1164,6,15,0,0,1,7988,nan,-0.1883763462710831,0.9822784810126582,1.0007822841400458
C3_prune12,6bba_4aa14c89,648,30,33,0,0,0,7015,nan,0.03359363489023132,0.9113924050632911,0.9083307066935485
C3_prune12,6bba_3abfe10a,839,114,96,1,0,0,51516,nan,-0.010544511668107173,0.7998093422306959,0.8006527021248371
C3_prune12,6bba_4f99ce20,993,8,17,0,0,2,5300,nan,-0.11148365465213747,0.9754420432220039,0.9863166276099776
C3_prune12,6bba_474be664,240,25,46,0,0,1,23845,nan,-0.15721203124447744,0.7717041800643086,0.783836298231085
C3_prune12,6bba_55b7eebe,682,6,6,0,0,1,4478,nan,-0.14818337454822142,0.9827089337175793,0.9972710463172748
C3_prune12,6bba_48816121,896,20,22,1,0,4,25087,nan,0.04681827665345295,0.9552238805970149,0.9507516870062374
C3_prune12,6bba_4ffd3da3,645,22,44,1,0,2,19878,nan,0.12706242558258207,0.9071729957805907,0.8956462356539008
C3_prune12,6bba_55c70843,402,49,65,0,0,0,35969,nan,0.01564308908654525,0.7790697674418605,0.7778510616641878
C3_prune12,6bba_5a4d9360,699,13,23,0,0,0,5439,nan,-0.08985943775100401,0.9510204081632653,0.9595662240799934
C3_prune12,6bba_5b28472a,716,1,8,0,0,0,5638,nan,-0.028266115132712856,0.9875862068965517,0.9903777294393136
C3_prune12,6bba_5c039895,1138,5,7,2,1,1,7900,nan,-0.07817969661610269,0.9895652173913043,0.9973016082390543
C3_prune12,6bba_5f89039d,885,0,0,0,0,0,4381,nan,-0.04988072001734981,1.0,1.004988072001735
C3_prune12,6bba_5c824876,1080,44,50,1,0,0,24872,nan,0.009128900068973912,0.919931856899489,0.9190920603002989
C3_prune12,6bba_5dfe9ad1,1441,19,46,0,0,0,29253,nan,0.0869468286701594,0.9568393094289509,0.9485198950787717
C3_prune12,6bba_61dd1e0d,534,8,9,0,0,0,9324,nan,-0.07938388625592417,0.969147005444646,0.9768404710091947
C3_prune12,6bba_6321a359,785,13,13,0,0,1,4552,nan,-0.05579755237502593,0.967940813810111,0.9733416866355604
C3_prune12,6bba_61ecbe65,595,6,19,0,0,1,5351,nan,-0.07325943886387253,0.9596774193548387,0.9667079622780652
C3_prune12,6bba_6ca87370,1038,17,14,0,0,1,6208,nan,-0.13717859624739404,0.971000935453695,0.9843209899817394
C3_prune12,6bba_6479435d,470,71,110,0,0,0,23401,nan,-0.002217200358163135,0.7219662058371735,0.7221262802101899
C3_prune12,6bba_67ebd073,391,68,47,0,2,1,14860,nan,-0.0747774111201046,0.7727272727272727,0.7785055272229171
C3_prune12,6bba_57b7cc1e,1264,325,328,0,1,3,71408,nan,0.09001541725817039,0.6593635889410537,0.6534283000827164
C3_prune12,6bba_705ec2c9,536,23,26,0,2,1,5666,nan,0.011785714285714287,0.9162393162393162,0.9151594627594627
C3_prune12,6bba_6feeb0b1,1330,7,13,0,0,0,6765,nan,-0.10015961691939346,0.9851851851851852,0.9950527622594662
C3_prune12,6bba_6feb10f0,1125,99,218,0,0,0,10343,nan,0.167118032046942,0.7801664355062413,0.7671284475691532
C3_prune12,6bba_718b21f9,649,0,3,0,0,0,4074,nan,-0.0538783093358105,0.995398773006135,1.000761813306586
C3_prune12,6bba_6db0e9b4,428,15,12,0,0,0,24481,nan,-0.13905398276771586,0.9406593406593406,0.9537395834339741
C3_prune12,6bba_76db78c1,604,0,0,0,0,0,4590,nan,-0.05458290422245108,1.0,1.005458290422245
C3_prune12,6bba_74686d6a,560,23,16,0,2,2,24945,nan,-0.1630037244572694,0.9348914858096828,0.9501305652247197
C3_prune12,6bba_784a78c9,1735,3,4,0,1,1,12576,nan,-0.03970678069639585,0.9959816303099885,0.9999363527272243
C3_prune12,6bba_767a1e17,547,94,111,0,0,0,46452,nan,-0.02644926017521063,0.7273936170212766,0.7293175193239149
C3_prune12,6bba_789f8168,670,16,11,0,0,0,10486,nan,-0.017796927688272762,0.9612625538020086,0.9629733058179544
C3_prune12,6bba_7af54fde,1041,46,51,0,0,2,9917,nan,0.03044472152950956,0.9147627416520211,0.9119777719585044
C3_prune12,6bba_7b5d3b2c,543,8,12,0,0,0,5329,nan,-0.07802768166089966,0.9644760213143873,0.9720016041104562
C3_prune12,6bba_7d3058ae,1167,5,6,0,0,2,7344,nan,-0.03508080409932992,0.9906621392190152,0.9941374616624717
C3_prune12,6bba_7f87b3d8,892,49,42,1,0,2,9105,nan,-0.1394953218032322,0.9074262461851476,0.9200844178075771
C3_prune12,6bba_78a7bd97,725,109,107,0,0,2,38086,nan,-0.0622214561839805,0.7704569606801275,0.7752508560821876
C3_prune12,6bba_786893ac,1195,268,200,0,4,3,53012,nan,-0.10117160345207617,0.7185808779314492,0.7258508758944818
C3_prune12,6bba_80d12824,631,12,23,0,0,1,8014,nan,-0.11162842256955992,0.9474474474474475,0.958023653850059
C3_prune12,6bba_825bd1c6,893,46,37,0,2,0,6782,nan,-0.10598470867387293,0.9149590163934426,0.9246561828735417
C3_prune12,6bba_907271db,916,1,5,0,0,1,6755,nan,-0.0754174650971804,0.9934924078091106,1.0009850757081364
C3_prune12,6bba_91951b3a,1125,16,23,0,0,0,11338,nan,-0.047787016040984294,0.9664948453608248,0.9711134358287032
C3_prune12,6bba_8b7818bf,723,2,2,1,0,1,5525,nan,-0.05199039121482498,0.9944979367262724,0.9996683704055459
C3_prune12,6bba_87289e13,669,41,30,0,1,1,13835,nan,-0.07557129493518643,0.904054054054054,0.910886107609681
C3_prune12,6bba_96833384,714,9,7,0,1,0,4703,nan,-0.034093242965701376,0.9780821917808219,0.9814167911613028
C3_prune12,6bba_971fa5e0,750,11,17,0,1,0,4932,nan,-0.12069887680513461,0.9640102827763496,0.9756457786123202
C3_prune12,6bba_9e23430b,866,18,25,0,0,1,7172,nan,-0.06953814218993254,0.9526952695269527,0.9593201354385569
C3_prune12,6bba_969618f6,650,5,8,0,0,3,15407,nan,0.109375,0.9803921568627451,0.9696691176470588
C3_prune12,6bba_a5e926bb,665,21,33,0,0,0,7733,nan,-0.08376777251184835,0.9248956884561892,0.932643333618968
C3_prune12,6bba_9a41d029,1317,33,36,0,1,2,18254,nan,0.0012615874060665899,0.9502164502164502,0.9500965721057871
C3_prune12,6bba_ae82a791,1463,13,8,0,1,0,7099,nan,-0.041064433337836014,0.9858490566037735,0.989897389890381
C3_prune12,6bba_acd782a8,300,26,30,0,0,0,19611,nan,-0.00502283105022831,0.8426966292134831,0.8431199014929966
C3_prune12,6bba_ab78413d,925,112,213,0,0,2,11776,nan,0.2743209609349638,0.74,0.7197002488908126
C3_prune12,6bba_a90a0b9c,871,177,241,0,0,0,28484,nan,-0.22799219427580225,0.6757176105508146,0.6911234446248428
C3_prune12,6bba_aeee7805,757,3,11,0,0,1,4885,nan,-0.029598728645212555,0.9818417639429312,0.9847478907372795
C3_prune12,6bba_af149c94,1268,27,49,0,0,0,7751,nan,-0.13231837008843614,0.9434523809523809,0.9559359890827482
C3_prune12,6bba_b1ae37b9,549,35,30,0,1,0,22323,nan,-0.08128241007490328,0.8941368078175895,0.9014045672851989
C3_prune12,6bba_b204cac7,802,8,9,0,0,2,5342,nan,0.049096622152395915,0.9792429792429792,0.9744352269882514
C3_prune12,6bba_afb141ff,593,19,33,1,0,3,5362,nan,-0.11430459200528577,0.9193798449612403,0.929888778768858
C3_prune12,6bba_b693381b,913,12,22,0,0,0,6030,nan,0.08492263404102195,0.9640971488912354,0.9559097819557072
C3_prune12,6bba_bbb708ca,848,8,13,0,2,0,6456,nan,-0.04848931466470155,0.9758342922899885,0.9805660458959341
C3_prune12,6bba_c27cba08,484,5,9,0,0,0,6257,nan,-0.02916989914662529,0.9718875502008032,0.974722536382925
C3_prune12,6bba_bb9f20c3,1795,78,84,0,2,3,22716,nan,-0.015387282735902215,0.9172202350536536,0.9186315877624396
C3_prune12,6bba_c73a1d11,546,97,164,0,0,0,23116,nan,0.41685565430585353,0.6765799256505576,0.6483763088908308
C3_prune12,6bba_c328f2fd,448,25,52,0,0,2,29826,nan,-0.04489560650698091,0.8533333333333334,0.8571644250885957
C3_prune12,6bba_b329af44,1166,88,102,0,0,1,63037,nan,0.009157127991675338,0.859882005899705,0.8590946009411288
C3_prune12,6bba_d0fc38b5,813,0,0,0,0,0,5607,nan,-0.08247422680412371,1.0,1.0082474226804123
C3_prune12,6bba_cf35214c,815,3,2,0,0,0,34559,nan,-0.009486959014044139,0.9939024390243902,0.9948453501946886
C3_prune12,6bba_d1acb6ff,619,26,24,0,2,1,15916,nan,0.08132345947414905,0.9252615844544095,0.9177370371577731
C3_prune12,6bba_cdcfe533,1330,19,18,1,2,3,28087,nan,-0.05700856135638745,0.9729334308705194,0.9784799843894656
C3_prune12,6bba_cff5865f,1459,37,42,0,0,0,46237,nan,-0.002696173590440447,0.9486345903771132,0.9488903587300684
C3_prune12,6bba_d5eae175,519,0,0,0,0,0,4115,nan,-0.08940030980305377,1.0,1.0089400309803054
C3_prune12,6bba_d3da753b,833,34,24,0,1,1,15894,nan,-0.07839499014264177,0.9349046015712682,0.9422337852737173
C3_prune12,6bba_d2b9fc0c,917,5,4,0,0,2,18742,nan,-0.07116661710774111,0.990280777537797,0.9973282708302158
C3_prune12,6bba_d6ecebbb,840,13,22,0,0,0,5935,nan,0.10748273931703677,0.96,0.9496816570255645
C3_prune12,6bba_d82a4fc6,508,28,22,0,0,0,28120,nan,0.014576417953528648,0.910394265232975,0.9090672365017217
C3_prune12,6bba_e16ffc58,935,7,7,1,0,0,5913,nan,-0.07130516726872939,0.9852476290832455,0.9922729537825354
C3_prune12,6bba_e5e44988,597,16,37,0,0,0,5048,nan,-0.10097951914514693,0.9184615384615384,0.9277361189122544
C3_prune12,6bba_debd7bfa,714,16,15,3,0,1,11709,nan,-0.008300160921487254,0.9583892617449664,0.9591847402547574
C3_prune12,6bba_df673a83,644,7,10,1,0,3,21704,nan,0.12812516243047975,0.9742813918305597,0.9617983956724312
C3_prune12,6bba_ed9377fd,497,0,11,0,0,0,4239,nan,-0.04591492234976367,0.9783464566929134,0.9828385268519355
C3_prune12,6bba_eebc57a5,927,75,62,0,2,0,8383,nan,-0.10313469562426447,0.8712406015037594,0.8802261149289186
C3_prune12,6bba_ebff6e76,989,265,275,0,0,0,46798,nan,0.12506010193287817,0.6468279921517331,0.6387387546885797
C3_prune12,6bba_edf14583,727,46,33,0,0,0,49630,nan,-0.16224975524121402,0.901985111662531,0.9166197980223776
C3_prune12,6bba_ef7b4f7e,1174,7,27,0,0,2,5679,nan,-0.07008351072539709,0.9718543046357616,0.9786654007940079
C3_prune12,6bba_ebdf3b34,729,65,74,0,0,2,58653,nan,0.03176948651643886,0.8398617511520737,0.8371935534941839
C3_prune12,6bba_f1fde7e0,415,29,31,0,0,0,7633,nan,-0.15564159292035398,0.8736842105263158,0.8872823707498837
C3_prune12,6bba_f20478e9,931,21,32,0,0,1,5148,nan,-0.13812154696132597,0.9461382113821138,0.9592064187216457
C3_prune12,6bba_f4ae811c,955,7,10,0,0,0,9228,nan,0.03650454902841739,0.9825102880658436,0.9789236785676811
C3_prune12,6bba_f17befbc,921,89,94,0,2,0,25143,nan,0.007210671794255498,0.8342391304347826,0.8336375879780336
C3_prune12,6bba_fbc898dc,634,7,5,0,0,0,4913,nan,0.004908979341378605,0.9814241486068112,0.9809423695197471
C3_prune12,6bba_fc516dc6,720,28,42,0,0,0,6632,nan,-0.15687770150012714,0.9113924050632911,0.9256901196303913
C3_prune12,6bba_fc83837d,816,73,107,0,0,0,10672,nan,-0.18453427065026362,0.8192771084337349,0.8343955788002625
C3_prune12,6bba_fe670320,662,14,18,0,0,2,9441,nan,-0.1287375415282392,0.9538904899135446,0.9661706415694084
C3_prune12,6bba_f8ffd5e7,352,17,18,1,0,1,30279,nan,0.025016926201760326,0.9095607235142119,0.9072852821645944
C3_prune12,6bba_fc5f39dc,440,7,18,0,0,2,17531,nan,0.25042796005706136,0.946236559139785,0.9225401500161061
C3_prune14,44b6_0b24845f,49,0,0,0,0,0,18149,nan,-0.4465924683640799,1.0,1.044659246836408
C3_prune14,44b6_0db75fae,149,0,2,0,0,0,17507,nan,0.14163677861102053,0.9867549668874173,0.9727788874085814
C3_prune14,44b6_0113de3b,46,3,4,0,0,0,25491,nan,-0.01025043680838672,0.8679245283018868,0.8688141888550677
C3_prune14,44b6_0c582fdc,69,1,1,0,0,0,26811,nan,-0.04102582445096216,0.971830985915493,0.9758180026579104
C3_prune14,44b6_1574802b,144,11,9,0,2,0,19280,nan,0.09068280816880693,0.8780487804878049,0.8700863875754218
C3_prune14,44b6_144b256d,119,0,0,0,0,0,27584,nan,-0.5780714635340186,1.0,1.0578071463534018
C3_prune14,44b6_12dfb391,741,38,32,0,0,1,44134,nan,-0.24778429233706026,0.9136868064118372,0.9363265302862839
C3_prune14,44b6_24264f12,213,10,8,0,0,0,26797,nan,0.01684817667817706,0.922077922077922,0.9205243889037006
C3_prune14,44b6_1d530831,253,28,18,0,1,0,35393,nan,-0.012058618283321703,0.8461538461538461,0.8471741907778195
C3_prune14,44b6_267148e4,250,40,27,0,0,1,21733,nan,0.13606900156821747,0.7886435331230284,0.7779125393085001
C3_prune14,44b6_18ced818,90,16,9,0,1,0,71302,nan,-0.0933574080667311,0.782608695652174,0.7899149275878312
C3_prune14,44b6_2a2eff9f,197,23,13,0,1,1,37925,nan,-0.3271772490996505,0.8454935622317596,0.8731561880140047
C3_prune14,44b6_2f31fc2f,67,25,18,0,0,0,18092,nan,-0.25755088640840446,0.6090909090909091,0.6247780994448756
C3_prune14,44b6_341df25f,208,0,1,0,0,1,8365,nan,0.12493275954814416,0.9952153110047847,0.9827818114899455
C3_prune14,44b6_3bb3690f,380,26,16,0,0,0,15743,nan,-0.5070607759025582,0.9004739336492891,0.9461334347969129
C3_prune14,44b6_33b596bf,49,0,0,0,0,0,23601,nan,0.011615945135019288,1.0,0.998838405486498
C3_prune14,44b6_40c45f5a,194,5,4,0,0,0,28599,nan,-0.12490437869098253,0.9556650246305419,0.9676016992443599
C3_prune14,44b6_3a861e03,884,38,35,0,0,0,36221,nan,-0.10666896857889804,0.9237199582027168,0.9335731837224395
C3_prune14,44b6_5740d24b,169,1,1,0,0,0,11093,nan,-0.4377597567156614,0.9883040935672515,1.0315680695233607
C3_prune14,44b6_53f95252,67,2,1,0,0,0,30053,nan,-0.22373756941753842,0.9571428571428572,0.9785577387871074
C3_prune14,44b6_415c0a3a,310,13,12,0,0,0,32632,nan,-0.4304265866089506,0.9253731343283582,0.9652036542832162
C3_prune14,44b6_551a5dba,199,33,25,0,0,0,30269,nan,-0.47474274211741024,0.77431906614786,0.8110793018215428
C3_prune14,44b6_587a1e22,365,7,6,1,0,0,18679,nan,0.02988366322986161,0.9656084656084656,0.962722873788651
C3_prune14,44b6_5f15d135,252,23,21,0,0,1,21051,nan,-0.2868660862495342,0.8513513513513513,0.8757737343698927
C3_prune14,44b6_66f9292d,197,2,1,0,0,0,20022,nan,-0.6201479795105294,0.985,1.0460845759817872
C3_prune14,44b6_668e0cc7,613,28,18,0,0,0,33423,nan,-0.15813203697639858,0.9301972685887708,0.9449066674759533
C3_prune14,44b6_74d0c52e,135,5,4,0,1,1,8389,nan,-0.4440689198144466,0.9375,0.9791314612326043
C3_prune14,44b6_71a4179f,107,20,12,0,0,0,30501,nan,-0.5493883701690108,0.7697841726618705,0.812075219861931
C3_prune14,44b6_706092f0,108,10,9,0,0,1,28562,nan,-0.5913760050359095,0.8503937007874016,0.9006839437353371
C3_prune14,44b6_81c256f0,197,0,0,0,0,0,11208,nan,0.11500198965380024,1.0,0.98849980103462
C3_prune14,44b6_808952d6,179,0,0,0,0,0,14896,nan,-0.05374158302629907,1.0,1.0053741583026299
C3_prune14,44b6_7e557709,546,10,14,0,0,0,44367,nan,-0.20858009275775954,0.9578947368421052,0.9778745141483749
C3_prune14,44b6_7a302da0,492,22,15,0,0,1,42483,nan,-0.36457865924795835,0.9300567107750473,0.9639645936389405
C3_prune14,44b6_8cc6506c,381,22,15,0,0,0,18127,nan,-0.4365597413900286,0.9114832535885168,0.9512749429353112
C3_prune14,44b6_8f5ab931,572,39,32,0,1,0,27103,nan,-0.016974357114359292,0.8895800933125972,0.8910900983311685
C3_prune14,44b6_87bba6c4,109,47,40,0,1,0,28051,nan,-0.0018148174507152516,0.5561224489795918,0.5562233750521062
C3_prune14,44b6_8f9ecab4,366,4,4,0,0,0,39734,nan,-0.4690310424545321,0.9786096256684492,1.0245094549567806
C3_prune14,44b6_90724892,97,12,6,0,0,0,23034,nan,-0.09783800720664264,0.8434782608695652,0.8517306840861256
C3_prune14,44b6_95029e92,198,0,0,0,0,0,4757,nan,-0.07827940321643093,1.0,1.007827940321643
C3_prune14,44b6_996155de,370,2,7,1,0,0,8879,nan,0.17245477353756766,0.9762532981530343,0.9594173440082058
C3_prune14,44b6_97725144,219,1,2,0,0,0,32719,nan,-0.08539721585509029,0.9864864864864865,0.994910806428948
C3_prune14,44b6_949adeb1,351,44,27,0,0,0,37856,nan,0.01820920412060572,0.8317535545023697,0.8302389974771723
C3_prune14,44b6_9be80b04,205,18,15,0,1,1,25200,nan,-0.5645938801250928,0.8613445378151261,0.9099755232880857
C3_prune14,44b6_9bfa6a0a,241,30,18,0,0,0,38617,nan,-0.39949928469241774,0.8339100346020761,0.867224680834212
C3_prune14,44b6_a21120c2,279,12,7,1,0,1,21921,nan,-0.048567708333333334,0.9362416107382551,0.9407887216862417
C3_prune14,44b6_aaf8b0ea,203,0,3,0,0,1,14024,nan,-0.36540114937327484,0.9854368932038835,1.0214448705450363
C3_prune14,44b6_a2bb48bb,376,44,34,0,1,0,43396,nan,-0.28404797650669,0.8281938325991189,0.8517185108296289
C3_prune14,44b6_c15fded2,97,8,5,0,0,0,19358,nan,-0.05960650959436483,0.8818181818181818,0.887074392209685
C3_prune14,44b6_b2c44266,156,14,12,0,0,0,36725,nan,-0.3851395469537411,0.8571428571428571,0.8901548183103206
C3_prune14,44b6_abf82518,94,0,0,0,0,0,25568,nan,-0.07375742645993334,1.0,1.0073757426459933
C3_prune14,44b6_c771cb04,203,34,20,0,0,0,28016,nan,-0.4748148842440716,0.7898832684824902,0.8273881017515745
C3_prune14,44b6_c96cfa10,590,17,26,0,0,0,37261,nan,-0.19411281252703522,0.9320695102685624,0.950162173679455
C3_prune14,44b6_c8e2a523,158,10,6,0,1,1,28311,nan,-0.14581824764663287,0.9080459770114943,0.9212869443265332
C3_prune14,44b6_cf2536e8,70,8,5,0,0,0,20633,nan,-0.6415703986797533,0.8433734939759037,0.8974818408525094
C3_prune14,44b6_c50204e0,297,31,28,0,1,2,35776,nan,-0.2400696716088194,0.8342696629213483,0.8542979473224213
C3_prune14,44b6_d2f34f90,271,5,10,0,0,2,14679,nan,-0.39025504693860597,0.9475524475524476,0.9845311600420847
C3_prune14,44b6_d754aa59,64,3,6,0,0,1,5523,nan,0.06807193966350802,0.8767123287671232,0.8707443778925144
C3_prune14,44b6_d29c9ab2,1285,56,43,0,0,0,36336,nan,-0.0451714623571147,0.9284682080924855,0.9326622347636483
C3_prune14,44b6_cf8fed6b,178,12,10,0,0,0,41008,nan,-0.062224153307873495,0.89,0.8955379496444007
C3_prune14,44b6_d78e09d9,418,37,33,0,0,0,23310,nan,0.04721685610314929,0.8565573770491803,0.8525129824075581
C3_prune14,44b6_d5e7d891,830,90,63,0,1,2,41859,nan,-0.06664734213342847,0.844354018311292,0.8499814134253048
C3_prune14,44b6_db3c847b,154,7,8,0,0,0,15223,nan,0.013312920189043467,0.9112426035502958,0.9100294735449037
C3_prune14,44b6_deabac95,121,6,3,1,2,0,15574,nan,0.11330330974336979,0.9307692307692308,0.9202233073238864
C3_prune14,44b6_ddf577ad,607,48,40,0,0,0,37273,nan,-0.3032042174530771,0.8733812949640288,0.8998625841718012
C3_prune14,44b6_e29f0176,48,4,2,0,0,0,13354,nan,0.029686174724342665,0.8888888888888888,0.8862501178022806
C3_prune14,44b6_e35b117d,240,11,26,0,0,0,18249,nan,-0.362836493139206,0.8664259927797834,0.8978630896582707
C3_prune14,44b6_e28840c6,289,14,20,0,0,2,26312,nan,-0.6476983638165118,0.8947368421052632,0.9526888009730563
C3_prune14,44b6_e57ff5c6,142,19,44,0,0,0,15952,nan,-0.2147287584916806,0.6926829268292682,0.7075568213199115
C3_prune14,6bba_05b6850b,836,8,9,0,0,0,5894,nan,-0.07356177302734988,0.9800703399765534,0.9872799111665728
C3_prune14,44b6_e31261b4,106,10,7,0,0,0,66142,nan,-0.0921543867354782,0.8617886178861789,0.8697303780438705
C3_prune14,44b6_f28707c6,55,6,6,0,0,0,21361,nan,0.1449935677530017,0.8208955223880597,0.8089930653337088
C3_prune14,6bba_07477033,593,14,9,0,0,0,4461,nan,-0.07754342431761786,0.9626623376623377,0.9701271510747318
C3_prune14,44b6_eb2880fc,371,13,8,0,3,1,35880,nan,-0.25380583978038435,0.9464285714285714,0.9704494812649291
C3_prune14,6bba_062c8d37,896,4,2,1,1,0,5816,nan,-0.03548922056384743,0.9933481152993349,0.9968734303353888
C3_prune14,6bba_085bf656,1164,0,4,0,0,1,8105,nan,-0.04230178423726811,0.9965753424657534,1.0007910339770703
C3_prune14,6bba_07e24132,309,17,36,0,0,2,26506,nan,0.23369792878752618,0.8535911602209945,0.8336429116034957
C3_prune14,6bba_0c7fa718,620,45,39,0,0,0,12317,nan,-0.09765567765567766,0.8806818181818182,0.8892821761571762
C3_prune14,6bba_12665c0e,961,21,37,0,1,3,7983,nan,-0.03981236468607169,0.943081452404318,0.946836082675497
C3_prune14,6bba_05db0fb1,1113,93,70,0,0,3,68124,nan,-0.024011461318051576,0.872257053291536,0.8743514699409868
C3_prune14,6bba_0e7c0d07,179,19,19,0,0,1,20719,nan,-0.07780299995549027,0.8248847926267281,0.8313026437751302
C3_prune14,6bba_09961292,1789,97,82,1,0,3,29031,nan,-0.06703731079474243,0.9090447154471545,0.9151387067587293
C3_prune14,6bba_15403b9a,716,14,13,0,1,0,6235,nan,-0.09493395267818261,0.9636608344549125,0.9728092476605085
C3_prune14,6bba_13f19531,691,4,13,0,0,0,5465,nan,-0.05335181015070154,0.9759887005649718,0.981195776951149
C3_prune14,6bba_1d0d8384,1255,107,110,0,0,1,16565,nan,-0.07504606622368641,0.8525815217391305,0.8589798106732832
C3_prune14,6bba_1ebfb80d,675,37,44,0,0,0,10843,nan,-0.06186191382592144,0.8928571428571429,0.8983805280201717
C3_prune14,6bba_1f58c2f6,264,46,35,0,1,0,30880,nan,0.0684012040272636,0.7652173913043478,0.7599832122135659
C3_prune14,6bba_207c6aaf,345,70,105,0,1,1,16524,nan,0.37711475956329693,0.6634615384615384,0.6384414246058966
C3_prune14,6bba_2312ac41,1128,5,4,1,0,1,12213,nan,0.02200836820083682,0.9920844327176781,0.9899010167695212
C3_prune14,6bba_23af9eeb,498,1,1,0,0,0,4012,nan,-0.09842696629213483,0.996,1.0058033258426966
C3_prune14,6bba_2540cd90,523,0,0,0,0,0,3466,nan,-0.08379592915675389,1.0,1.0083795929156754
C3_prune14,6bba_20852818,828,27,81,0,0,3,9534,nan,-0.02295552367288379,0.8846153846153846,0.886646065555678
C3_prune14,6bba_2646afc7,704,12,17,0,1,0,5138,nan,-0.06496815286624204,0.9604365620736699,0.966676341011983
C3_prune14,6bba_268e1230,578,10,31,0,0,1,4304,nan,-0.15723516741727042,0.9337641357027464,0.9484461917232929
C3_prune14,6bba_2819ca14,913,19,36,0,0,1,4885,nan,-0.11727502710516806,0.9431818181818182,0.9542429855110557
C3_prune14,6bba_283bf9f1,1266,13,22,0,1,0,21508,nan,0.031014812329226787,0.973097617217525,0.9700795732199231
C3_prune14,6bba_312f0dc3,495,9,5,0,1,0,9225,nan,-0.07407407407407407,0.9724950884086444,0.9796987557301898
C3_prune14,6bba_3a1849c2,1108,40,34,0,0,0,6334,nan,-0.09553048693417107,0.937394247038917,0.9463492199258088
C3_prune14,6bba_372c8cb8,1006,2,1,0,0,0,6467,nan,-0.07890613872667711,0.9970267591674926,1.0048939123448006
C3_prune14,6bba_337b1b3a,1194,32,19,1,0,1,29278,nan,-0.039435695538057744,0.9590361445783132,0.9628181703190715
C3_prune14,6bba_32db13fc,682,121,129,0,1,1,42535,nan,0.09895362356284718,0.7317596566523605,0.7245186296920749
C3_prune14,6bba_3c5691b6,741,4,5,0,0,2,6062,nan,-0.03131991051454139,0.988,0.9910944071588368
C3_prune14,6bba_3fda6b25,1164,6,15,0,0,1,7914,nan,-0.1958951432635643,0.9822784810126582,1.0015208393889274
C3_prune14,6bba_43fea39d,853,12,27,0,1,0,5195,nan,-0.09620737647877523,0.9562780269058296,0.9654781269211207
C3_prune14,6bba_3abfe10a,833,111,102,1,0,0,51195,nan,-0.016709881878421203,0.7963671128107075,0.7976978328494001
C3_prune14,6bba_3db54e20,433,41,41,0,0,1,22015,nan,-0.052547770700636945,0.8407766990291262,0.8451947931482283
C3_prune14,6bba_474be664,240,25,46,0,0,1,23581,nan,-0.1665429611564698,0.7717041800643086,0.7845563699927822
C3_prune14,6bba_4aa14c89,636,32,45,0,0,0,6892,nan,0.015470752909974952,0.8920056100981767,0.8906256102593626
C3_prune14,6bba_4f99ce20,990,8,20,0,0,2,5275,nan,-0.11567476948868399,0.9724950884086444,0.9837444029266993
C3_prune14,6bba_55b7eebe,682,6,6,0,0,1,4454,nan,-0.15274871599771733,0.9827089337175793,0.9977196865000638
C3_prune14,6bba_48816121,896,20,22,1,0,4,25087,nan,0.04681827665345295,0.9552238805970149,0.9507516870062374
C3_prune14,6bba_4ffd3da3,645,22,44,1,0,2,19817,nan,0.1236037874922039,0.9071729957805907,0.8959599939616778
C3_prune14,6bba_55c70843,402,49,65,0,0,0,35558,nan,0.004037837074685868,0.7790697674418605,0.7787551917627861
C3_prune14,6bba_5b28472a,716,1,8,0,0,0,5614,nan,-0.03240261978628059,0.9875862068965517,0.9907862449333761
C3_prune14,6bba_5a4d9360,699,13,23,0,0,0,5439,nan,-0.08985943775100401,0.9510204081632653,0.9595662240799934
C3_prune14,6bba_5c039895,1138,5,7,2,1,1,7887,nan,-0.07969661610268378,0.9895652173913043,0.9974517173152048
C3_prune14,6bba_5dfe9ad1,1441,19,46,0,0,0,29228,nan,0.08601790956043548,0.9568393094289509,0.948608777710718
C3_prune14,6bba_5f89039d,885,0,0,0,0,0,4381,nan,-0.04988072001734981,1.0,1.004988072001735
C3_prune14,6bba_5c824876,1080,44,50,1,0,0,24735,nan,0.0035704142491986856,0.919931856899489,0.9196034031184724
C3_prune14,6bba_61dd1e0d,534,8,9,0,0,0,9212,nan,-0.09044233807266983,0.969147005444646,0.9779121975555001
C3_prune14,6bba_61ecbe65,595,6,19,0,0,1,5338,nan,-0.07551091098025632,0.9596774193548387,0.9669240309731053
C3_prune14,6bba_6321a359,785,13,13,0,0,1,4501,nan,-0.06637627048330222,0.967940813810111,0.9743656439370397
C3_prune14,6bba_6479435d,470,70,110,0,0,0,23011,nan,-0.018846203044386646,0.7230769230769231,0.7244396485278249
C3_prune14,6bba_6ca87370,1038,17,14,0,0,1,6196,nan,-0.1388464211257818,0.971000935453695,0.9844829359334483
C3_prune14,6bba_67ebd073,391,68,47,0,2,1,14659,nan,-0.0872921984932445,0.7727272727272727,0.779472578974478
C3_prune14,6bba_57b7cc1e,1255,322,337,0,1,3,70511,nan,0.07632306024942376,0.6556948798328108,0.650690415850939
C3_prune14,6bba_6feeb0b1,1330,7,13,0,0,0,6752,nan,-0.10188880021282255,0.9851851851851852,0.9952231188357816
C3_prune14,6bba_6feb10f0,1115,99,228,0,0,0,10072,nan,0.1365380275332882,0.7732316227461858,0.762674070686573
C3_prune14,6bba_705ec2c9,536,23,26,0,2,1,5653,nan,0.009464285714285715,0.9162393162393162,0.9153721611721611
C3_prune14,6bba_718b21f9,649,0,3,0,0,0,4074,nan,-0.0538783093358105,0.995398773006135,1.000761813306586
C3_prune14,6bba_6db0e9b4,428,15,12,0,0,0,24148,nan,-0.15076490240900298,0.9406593406593406,0.954841182028803
C3_prune14,6bba_76db78c1,604,0,0,0,0,0,4590,nan,-0.05458290422245108,1.0,1.005458290422245
C3_prune14,6bba_784a78c9,1735,3,4,0,1,1,12551,nan,-0.04161576053756872,0.9959816303099885,1.0001264836126682
C3_prune14,6bba_74686d6a,560,23,16,0,2,2,24744,nan,-0.1697480119451062,0.9348914858096828,0.9507610829197428
C3_prune14,6bba_767a1e17,545,95,113,0,0,0,45863,nan,-0.03879364547093096,0.7237715803452855,0.7265793541542707
C3_prune14,6bba_789f8168,670,16,11,0,0,0,10462,nan,-0.020044960659423006,0.9612625538020086,0.9631894008094424
C3_prune14,6bba_7b5d3b2c,543,8,12,0,0,0,5304,nan,-0.08235294117647059,0.9644760213143873,0.9724187650193293
C3_prune14,6bba_7af54fde,1041,46,51,0,0,2,9855,nan,0.024002493765586035,0.9147627416520211,0.9125670829516718
C3_prune14,6bba_7d3058ae,1167,5,6,0,0,2,7332,nan,-0.03665746945210879,0.9906621392190152,0.9942936559295934
C3_prune14,6bba_7f87b3d8,892,49,42,1,0,2,9093,nan,-0.14062943011057555,0.9074262461851476,0.9201873297719871
C3_prune14,6bba_80d12824,631,12,23,0,0,1,7977,nan,-0.11572996341868973,0.9474474474474475,0.9584122532908699
C3_prune14,6bba_78a7bd97,722,103,110,0,0,2,37622,nan,-0.07364636938911186,0.772192513368984,0.7778794308768918
C3_prune14,6bba_786893ac,1196,266,199,0,4,3,52091,nan,-0.11678733108394514,0.720048163756773,0.7284574140864779
C3_prune14,6bba_825bd1c6,893,46,37,0,2,0,6756,nan,-0.10941207487476931,0.9149590163934426,0.924969772834341
C3_prune14,6bba_8b7818bf,723,2,2,1,0,1,5525,nan,-0.05199039121482498,0.9944979367262724,0.9996683704055459
C3_prune14,6bba_87289e13,669,41,30,0,1,1,13835,nan,-0.07557129493518643,0.904054054054054,0.910886107609681
C3_prune14,6bba_907271db,916,1,5,0,0,1,6742,nan,-0.07719682452778538,0.9934924078091106,1.0011618537166433
C3_prune14,6bba_96833384,714,9,7,0,1,0,4679,nan,-0.039022386527007596,0.9780821917808219,0.9818989019151073
C3_prune14,6bba_91951b3a,1125,16,23,0,0,0,11338,nan,-0.047787016040984294,0.9664948453608248,0.9711134358287032
C3_prune14,6bba_971fa5e0,750,11,17,0,1,0,4932,nan,-0.12069887680513461,0.9640102827763496,0.9756457786123202
C3_prune14,6bba_9e23430b,866,18,25,0,0,1,7084,nan,-0.08095485210171251,0.9526952695269527,0.9604077999912084
C3_prune14,6bba_969618f6,650,5,8,0,0,3,15334,nan,0.10411866359447004,0.9803921568627451,0.9701844447456401
C3_prune14,6bba_9a41d029,1319,29,34,0,1,2,18202,nan,-0.0015906971641709176,0.9544138929088278,0.9545657112561173
C3_prune14,6bba_a5e926bb,665,21,33,0,0,0,7709,nan,-0.08661137440758294,0.9248956884561892,0.9329063371322731
C3_prune14,6bba_a90a0b9c,871,177,241,0,0,0,28063,nan,-0.23940264527320035,0.6757176105508146,0.6918944688931697
C3_prune14,6bba_acd782a8,300,26,30,0,0,0,19550,nan,-0.008117706747843734,0.8426966292134831,0.8433807056248181
C3_prune14,6bba_ae82a791,1463,13,8,0,1,0,7099,nan,-0.041064433337836014,0.9858490566037735,0.989897389890381
C3_prune14,6bba_ab78413d,922,111,216,0,0,2,11499,nan,0.24434585001623202,0.7381905524419535,0.7201531726409154
C3_prune14,6bba_aeee7805,757,3,11,0,0,1,4872,nan,-0.03218116805721097,0.9818417639429312,0.9850014454240348
C3_prune14,6bba_af149c94,1268,27,49,0,0,0,7727,nan,-0.1350050375013993,0.9434523809523809,0.9561894633595069
C3_prune14,6bba_afb141ff,593,19,33,1,0,3,5337,nan,-0.11843409316154609,0.9193798449612403,0.930268436782139
C3_prune14,6bba_b204cac7,802,8,9,0,0,2,5294,nan,0.0396700706991359,0.9792429792429792,0.975358315421159
C3_prune14,6bba_b1ae37b9,550,34,29,0,1,0,22095,nan,-0.09066589842785415,0.8972267536704731,0.9053615406419773
C3_prune14,6bba_b693381b,913,12,22,0,0,0,6018,nan,0.08276358402302987,0.9640971488912354,0.9561179353523731
C3_prune14,6bba_bbb708ca,848,8,13,0,2,0,6419,nan,-0.05394252026529108,0.9758342922899885,0.9810981883987304
C3_prune14,6bba_c27cba08,484,5,9,0,0,0,6257,nan,-0.02916989914662529,0.9718875502008032,0.974722536382925
C3_prune14,6bba_bb9f20c3,1795,78,84,0,2,3,22690,nan,-0.01651423865458801,0.9172202350536536,0.9187349544397029
C3_prune14,6bba_c73a1d11,542,97,168,0,0,0,22803,nan,0.39767085504137295,0.6716232961586122,0.6449147951137021
C3_prune14,6bba_b329af44,1166,88,102,0,0,1,62663,nan,0.003169775074041463,0.859882005899705,0.8596094426448132
C3_prune14,6bba_c328f2fd,448,25,52,0,0,2,29625,nan,-0.05133213782502882,0.8533333333333334,0.8577136757610692
C3_prune14,6bba_cf35214c,815,3,2,0,0,0,34521,nan,-0.01057609630266552,0.9939024390243902,0.9949535998154478
C3_prune14,6bba_d0fc38b5,813,0,0,0,0,0,5581,nan,-0.08672884961544755,1.0,1.0086728849615447
C3_prune14,6bba_d1acb6ff,619,26,24,0,2,1,15854,nan,0.0771112167946192,0.9252615844544095,0.9181267797913498
C3_prune14,6bba_cdcfe533,1330,19,18,1,2,3,28087,nan,-0.05700856135638745,0.9729334308705194,0.9784799843894656
C3_prune14,6bba_cff5865f,1459,37,42,0,0,0,46124,nan,-0.005133514516198611,0.9486345903771132,0.94912157332114
C3_prune14,6bba_d2b9fc0c,917,5,4,0,0,2,18742,nan,-0.07116661710774111,0.990280777537797,0.9973282708302158
C3_prune14,6bba_d5eae175,519,0,0,0,0,0,4115,nan,-0.08940030980305377,1.0,1.0089400309803054
C3_prune14,6bba_d6ecebbb,840,13,22,0,0,0,5922,nan,0.10505691360328419,0.96,0.9499145362940847
C3_prune14,6bba_d3da753b,833,34,24,0,1,1,15894,nan,-0.07839499014264177,0.9349046015712682,0.9422337852737173
C3_prune14,6bba_d82a4fc6,508,28,22,0,0,0,27984,nan,0.00966950497907346,0.910394265232975,0.9095139590449159
C3_prune14,6bba_e16ffc58,935,7,7,1,0,0,5913,nan,-0.07130516726872939,0.9852476290832455,0.9922729537825354
C3_prune14,6bba_debd7bfa,714,16,15,3,0,1,11671,nan,-0.01151859066655374,0.9583892617449664,0.9594931911054924
C3_prune14,6bba_e5e44988,597,16,37,0,0,0,5048,nan,-0.10097951914514693,0.9184615384615384,0.9277361189122544
C3_prune14,6bba_ed9377fd,497,0,11,0,0,0,4226,nan,-0.04884087328381724,0.9783464566929134,0.9831247862248145
C3_prune14,6bba_df673a83,644,7,10,1,0,3,21679,nan,0.12682571859244243,0.9742813918305597,0.9619249980675442
C3_prune14,6bba_eebc57a5,927,76,62,0,2,0,8346,nan,-0.1070931849791377,0.8704225352112676,0.8797441673686065
C3_prune14,6bba_edf14583,721,45,39,0,0,0,49445,nan,-0.16537253975220284,0.8956521739130435,0.9104638013865016
C3_prune14,6bba_ef7b4f7e,1174,7,27,0,0,2,5641,nan,-0.07630587850008187,0.9718543046357616,0.9792701242846935
C3_prune14,6bba_ebff6e76,984,264,280,0,0,0,46110,nan,0.10852005000480816,0.643979057591623,0.6369905936384338
C3_prune14,6bba_f1fde7e0,415,29,31,0,0,0,7608,nan,-0.1584070796460177,0.8736842105263158,0.8875239869585468
C3_prune14,6bba_f20478e9,924,14,39,0,0,1,5100,nan,-0.1461577096936213,0.9457523029682702,0.9595752020222013
C3_prune14,6bba_ebdf3b34,729,65,74,0,0,2,58501,nan,0.029095642690027616,0.8398617511520737,0.8374181194100195
C3_prune14,6bba_f4ae811c,955,7,10,0,0,0,9228,nan,0.03650454902841739,0.9825102880658436,0.9789236785676811
C3_prune14,6bba_fbc898dc,634,7,5,0,0,0,4901,nan,0.0024544896706893025,0.9814241486068112,0.9811832590632791
C3_prune14,6bba_f17befbc,926,82,89,0,2,0,24855,nan,-0.004326403076553299,0.8441203281677302,0.8444855286462069
C3_prune14,6bba_fc516dc6,720,28,42,0,0,0,6582,nan,-0.16323417238749047,0.9113924050632911,0.9262694435593661
C3_prune14,6bba_fc83837d,806,73,117,0,0,0,10373,nan,-0.20738137082601055,0.8092369477911646,0.8260190145467634
C3_prune14,6bba_fe670320,662,14,18,0,0,2,9404,nan,-0.13215208564045774,0.9538904899135446,0.9664963516850119
C3_prune14,6bba_fc5f39dc,440,7,18,0,0,2,17457,nan,0.24514978601997148,0.946236559139785,0.9230395901400458
C3_prune14,6bba_f8ffd5e7,339,16,31,1,0,1,29986,nan,0.015098171970209885,0.8782383419689119,0.876912362617124
C3_cut06,44b6_0b24845f,49,0,0,0,0,0,17955,nan,-0.45250800426894344,1.0,1.0452508004268943
C3_cut06,44b6_0113de3b,46,3,4,0,0,0,25465,nan,-0.011259949524364201,0.8679245283018868,0.8689018069398505
C3_cut06,44b6_0db75fae,149,0,2,0,0,0,17466,nan,0.13896315617867622,0.9867549668874173,0.9730427084300511
C3_cut06,44b6_0c582fdc,69,1,1,0,0,0,26760,nan,-0.042849989269618714,0.971830985915493,0.9759952806473291
C3_cut06,44b6_144b256d,119,0,0,0,0,0,27392,nan,-0.5810083210964269,1.0,1.0581008321096428
C3_cut06,44b6_1574802b,144,11,9,0,2,0,19210,nan,0.08672286021383718,0.8780487804878049,0.8704340903226875
C3_cut06,44b6_18ced818,90,16,9,0,1,0,70996,nan,-0.09724835969686181,0.782608695652174,0.7902194368458414
C3_cut06,44b6_12dfb391,741,38,32,0,0,1,44072,nan,-0.24884101445323153,0.9136868064118372,0.9364230815918427
C3_cut06,44b6_24264f12,213,10,8,0,0,0,26752,nan,0.01514059120403749,0.922077922077922,0.9206818415902771
C3_cut06,44b6_1d530831,253,28,18,0,1,0,35268,nan,-0.015547801814375437,0.8461538461538461,0.8474694293842933
C3_cut06,44b6_2f31fc2f,66,27,19,0,0,0,17977,nan,-0.26227019041365723,0.5892857142857143,0.6047409219350905
C3_cut06,44b6_33b596bf,49,0,0,0,0,0,23530,nan,0.008572653236176597,1.0,0.9991427346763824
C3_cut06,44b6_267148e4,250,40,27,0,0,1,21630,nan,0.13068478829064298,0.7886435331230284,0.7783371618067316
C3_cut06,44b6_2a2eff9f,197,23,13,0,1,1,37721,nan,-0.33079638795749283,0.8454935622317596,0.8734621838745176
C3_cut06,44b6_341df25f,208,0,1,0,0,1,8343,nan,0.12197417966648735,0.9952153110047847,0.983076253889651
C3_cut06,44b6_3bb3690f,380,26,16,0,0,0,15690,nan,-0.5087202930769953,0.9004739336492891,0.9462828699927153
C3_cut06,44b6_40c45f5a,194,5,4,0,0,0,28478,nan,-0.12860683577613904,0.9556650246305419,0.967955530118508
C3_cut06,44b6_3a861e03,884,38,35,0,0,0,36172,nan,-0.10787747250036996,0.9237199582027168,0.9336848156416225
C3_cut06,44b6_415c0a3a,310,13,12,0,0,0,32461,nan,-0.433411296516093,0.9253731343283582,0.9654798513193996
C3_cut06,44b6_53f95252,67,2,1,0,0,0,29987,nan,-0.22544233501226915,0.9571428571428572,0.9787209092083172
C3_cut06,44b6_5740d24b,169,1,1,0,0,0,11053,nan,-0.43978712620375066,0.9883040935672515,1.0317684352797858
C3_cut06,44b6_587a1e22,365,7,6,1,0,0,18646,nan,0.02806417819926118,0.9656084656084656,0.9628985648035105
C3_cut06,44b6_551a5dba,201,30,23,0,0,0,30181,nan,-0.4762698040848908,0.7913385826771654,0.8290276498508122
C3_cut06,44b6_668e0cc7,613,28,18,0,0,0,33368,nan,-0.15951739250900482,0.9301972685887708,0.9450355328691988
C3_cut06,44b6_5f15d135,252,23,21,0,0,1,20926,nan,-0.2911006470408889,0.8513513513513513,0.8761342442751027
C3_cut06,44b6_66f9292d,197,2,1,0,0,0,19773,nan,-0.6248719408081957,0.985,1.0465498861696072
C3_cut06,44b6_71a4179f,107,20,12,0,0,0,30372,nan,-0.5512941732655714,0.7697841726618705,0.8122219255679252
C3_cut06,44b6_706092f0,108,10,9,0,0,1,28430,nan,-0.5932644710864402,0.8503937007874016,0.9008445376986896
C3_cut06,44b6_74d0c52e,134,5,5,0,1,1,8354,nan,-0.44638833664678595,0.9305555555555556,0.9720944702157426
C3_cut06,44b6_81c256f0,197,0,0,0,0,0,11193,nan,0.11350974930362116,1.0,0.9886490250696379
C3_cut06,44b6_808952d6,179,0,0,0,0,0,14848,nan,-0.056790750857578454,1.0,1.0056790750857578
C3_cut06,44b6_7a302da0,492,22,15,0,0,1,42303,nan,-0.36727093242394326,0.9300567107750473,0.9642149903123971
C3_cut06,44b6_8cc6506c,381,22,15,0,0,0,18041,nan,-0.4392328733059804,0.9114832535885168,0.9515185944329136
C3_cut06,44b6_87bba6c4,109,47,40,0,1,0,27936,nan,-0.005907052878798662,0.5561224489795918,0.5564509534509129
C3_cut06,44b6_7e557709,546,10,14,0,0,0,44304,nan,-0.20970388869068854,0.9578947368421052,0.9779821619693186
C3_cut06,44b6_8f5ab931,572,39,32,0,1,0,27003,nan,-0.020601356497769396,0.8895800933125972,0.8914127489761624
C3_cut06,44b6_8f9ecab4,366,4,4,0,0,0,39583,nan,-0.47104886881456043,0.9786096256684492,1.0247069213866655
C3_cut06,44b6_95029e92,198,0,0,0,0,0,4749,nan,-0.0798294904088355,1.0,1.0079829490408836
C3_cut06,44b6_90724892,97,12,6,0,0,0,22986,nan,-0.09971800093999687,0.8434782608695652,0.8518892574705911
C3_cut06,44b6_949adeb1,350,44,28,0,0,0,37717,nan,0.014470534441485786,0.8293838862559242,0.8281837234467962
C3_cut06,44b6_97725144,219,1,2,0,0,0,32632,nan,-0.08782914966176553,0.9864864864864865,0.9951507134125795
C3_cut06,44b6_9be80b04,205,18,15,0,1,1,25102,nan,-0.5662871261468286,0.8613445378151261,0.9101213701092857
C3_cut06,44b6_996155de,370,2,7,1,0,0,8846,nan,0.16809718737620494,0.9762532981530343,0.9598427547944074
C3_cut06,44b6_9bfa6a0a,241,30,18,0,0,0,38498,nan,-0.40134975430739567,0.8339100346020761,0.8673789933522776
C3_cut06,44b6_a21120c2,279,12,7,1,0,1,21889,nan,-0.049956597222222225,0.9362416107382551,0.9409187552432887
C3_cut06,44b6_aaf8b0ea,203,0,3,0,0,1,13977,nan,-0.3675279424408344,0.9854368932038835,1.0216544525803348
C3_cut06,44b6_a2bb48bb,373,46,37,0,1,0,43173,nan,-0.2877270552521736,0.8179824561403509,0.8415180244756713
C3_cut06,44b6_abf82518,94,0,0,0,0,0,25450,nan,-0.07803216925083321,1.0,1.0078032169250832
C3_cut06,44b6_c15fded2,97,8,5,0,0,0,19324,nan,-0.06125819771678406,0.8818181818181818,0.8872200410713892
C3_cut06,44b6_c771cb04,202,36,21,0,0,0,27856,nan,-0.4778142281375949,0.7799227799227799,0.8171886000323529
C3_cut06,44b6_b2c44266,156,14,12,0,0,0,36584,nan,-0.38750020927857487,0.8571428571428571,0.8903571607953064
C3_cut06,44b6_c50204e0,295,33,30,0,1,2,35550,nan,-0.2448702153872297,0.8240223463687151,0.8442001993126348
C3_cut06,44b6_cf2536e8,70,8,5,0,0,0,20485,nan,-0.644141405367845,0.8433734939759037,0.8976986727418664
C3_cut06,44b6_c8e2a523,158,10,6,0,1,1,28290,nan,-0.14645184648805212,0.9080459770114943,0.9213444780144323
C3_cut06,44b6_c96cfa10,590,16,26,0,0,0,37166,nan,-0.1961674885370707,0.9335443037974683,0.9518574079488721
C3_cut06,44b6_d2f34f90,271,5,10,0,0,2,14614,nan,-0.39295505524632385,0.9475524475524476,0.9847869999901239
C3_cut06,44b6_d29c9ab2,1285,56,43,0,0,0,36319,nan,-0.045618184207068715,0.9284682080924855,0.9327037114672024
C3_cut06,44b6_cf8fed6b,178,12,10,0,0,0,40909,nan,-0.06448809714377186,0.89,0.8957394406457957
C3_cut06,44b6_db3c847b,154,7,8,0,0,0,15157,nan,0.008919656526659122,0.9112426035502958,0.9104298064466831
C3_cut06,44b6_d78e09d9,418,37,33,0,0,0,23257,nan,0.04483579675636821,0.8565573770491803,0.8527169338024259
C3_cut06,44b6_d754aa59,64,3,6,0,0,1,5507,nan,0.06497776058789402,0.8767123287671232,0.8710156483868147
C3_cut06,44b6_d5e7d891,830,90,63,0,1,2,41743,nan,-0.06923385658223333,0.844354018311292,0.8501998068121317
C3_cut06,44b6_deabac95,121,6,3,1,2,0,15538,nan,0.11072985917506613,0.9307692307692308,0.9204628361844747
C3_cut06,44b6_ddf577ad,607,47,40,0,0,0,37139,nan,-0.305709264936813,0.8746397694524496,0.9013783175528308
C3_cut06,44b6_e29f0176,48,4,2,0,0,0,13274,nan,0.023517618937466265,0.8888888888888888,0.8867984338722251
C3_cut06,44b6_e28840c6,289,14,20,0,0,2,26254,nan,-0.6484749484508475,0.8947368421052632,0.9527582848613917
C3_cut06,44b6_e57ff5c6,141,19,45,0,0,0,15940,nan,-0.21531948409963572,0.6878048780487804,0.7026146571990481
C3_cut06,44b6_e31261b4,106,10,7,0,0,0,65947,nan,-0.09483089930822444,0.8617886178861789,0.8699610368509527
C3_cut06,44b6_e35b117d,240,11,26,0,0,0,18051,nan,-0.3697496595789253,0.8664259927797834,0.8984620643678491
C3_cut06,6bba_05b6850b,836,8,9,0,0,0,5941,nan,-0.066174159069475,0.9800703399765534,0.9865558730342415
C3_cut06,44b6_eb2880fc,371,13,8,0,3,1,35733,nan,-0.25686298976790617,0.9464285714285714,0.9707388186744624
C3_cut06,44b6_f28707c6,55,6,6,0,0,0,21317,nan,0.14263507718696397,0.8208955223880597,0.8091866727682343
C3_cut06,6bba_07477033,593,14,9,0,0,0,4476,nan,-0.07444168734491315,0.9626623376623377,0.9698285585382359
C3_cut06,6bba_062c8d37,896,4,2,1,1,0,5807,nan,-0.036981757877280266,0.9933481152993349,0.9970216912481202
C3_cut06,6bba_085bf656,1164,0,4,0,0,1,8138,nan,-0.03840245775729647,0.9965753424657534,1.0004024367148538
C3_cut06,6bba_07e24132,309,17,36,0,0,2,26818,nan,0.2482196881545264,0.8535911602209945,0.832403347060843
C3_cut06,6bba_0c7fa718,620,45,39,0,0,0,12284,nan,-0.10007326007326008,0.8806818181818182,0.8894950882450882
C3_cut06,6bba_0e7c0d07,178,19,20,0,0,1,20966,nan,-0.06680909778786664,0.8202764976958525,0.8257566909706178
C3_cut06,6bba_09961292,1788,108,83,1,0,3,29065,nan,-0.06594466047498151,0.9034866093986862,0.909444621168735
C3_cut06,6bba_12665c0e,961,21,37,0,1,3,7964,nan,-0.042097666586480634,0.943081452404318,0.947051605259039
C3_cut06,6bba_13f19531,693,11,11,0,0,0,5469,nan,-0.05265892949939373,0.9692307692307692,0.9743346347053259
C3_cut06,6bba_05db0fb1,1113,93,70,0,0,3,68362,nan,-0.020601719197707737,0.872257053291536,0.8740540527795493
C3_cut06,6bba_15403b9a,716,14,13,0,1,0,6223,nan,-0.09667586006677312,0.9636608344549125,0.9729771084532717
C3_cut06,6bba_1ebfb80d,675,37,44,0,0,0,10945,nan,-0.05303685758781796,0.8928571428571429,0.897592576570341
C3_cut06,6bba_1d0d8384,1251,110,114,0,0,1,16719,nan,-0.06644703780222234,0.8481355932203389,0.8537712030027511
C3_cut06,6bba_207c6aaf,351,74,99,0,1,1,16829,nan,0.4025335444620385,0.6698473282442748,0.6428837263156154
C3_cut06,6bba_23af9eeb,498,1,1,0,0,0,4032,nan,-0.09393258426966292,0.996,1.0053556853932584
C3_cut06,6bba_2312ac41,1128,5,4,1,0,1,12204,nan,0.021255230125523012,0.9920844327176781,0.9899757344255418
C3_cut06,6bba_1f58c2f6,262,49,37,0,1,0,31055,nan,0.07445593882987925,0.7528735632183908,0.7472679724214286
C3_cut06,6bba_2540cd90,523,0,0,0,0,0,3463,nan,-0.08458895056833202,1.0,1.0084588950568332
C3_cut06,6bba_2646afc7,704,12,17,0,1,0,5137,nan,-0.0651501364877161,0.9604365620736699,0.9666938193843593
C3_cut06,6bba_20852818,839,27,70,0,0,3,9636,nan,-0.01250256200040992,0.8963675213675214,0.8974882104186265
C3_cut06,6bba_268e1230,578,10,31,0,0,1,4415,nan,-0.1355002937145095,0.9337641357027464,0.9464166671675261
C3_cut06,6bba_2819ca14,915,20,34,0,0,1,4871,nan,-0.1198048427900253,0.9442724458204335,0.9555852870126804
C3_cut06,6bba_312f0dc3,495,9,5,0,1,0,9273,nan,-0.06925624811803674,0.9724950884086444,0.9792302245222846
C3_cut06,6bba_283bf9f1,1265,14,23,0,1,0,21471,nan,0.02924116772925555,0.9715821812596006,0.9687411615071038
C3_cut06,6bba_372c8cb8,1006,2,1,0,0,0,6484,nan,-0.07648483122062384,0.9970267591674926,1.0046525015072298
C3_cut06,6bba_3a1849c2,1107,40,35,0,0,0,6393,nan,-0.08710552620305584,0.9365482233502538,0.9447060759311998
C3_cut06,6bba_32db13fc,690,119,121,0,1,1,42733,nan,0.10406924170003876,0.7419354838709677,0.7342142175512875
C3_cut06,6bba_337b1b3a,1194,32,19,1,0,1,29246,nan,-0.04048556430446194,0.9590361445783132,0.9629188565284761
C3_cut06,6bba_3c5691b6,741,4,5,0,0,2,6091,nan,-0.026685842122083733,0.988,0.9906365612016618
C3_cut06,6bba_3fda6b25,1164,6,15,0,0,1,8017,nan,-0.1854297906929486,0.9822784810126582,1.0004928503262946
C3_cut06,6bba_43fea39d,853,12,27,0,1,0,5233,nan,-0.0895963813500348,0.9562780269058296,0.964845931983361
C3_cut06,6bba_3db54e20,428,41,46,0,0,1,22187,nan,-0.04514546393527285,0.8310679611650486,0.8348198560319022
C3_cut06,6bba_4aa14c89,648,30,33,0,0,0,7007,nan,0.03241491085899514,0.9113924050632911,0.9084381347065219
C3_cut06,6bba_3abfe10a,838,113,97,1,0,0,51594,nan,-0.009046384327283203,0.799618320610687,0.8003416860750251
C3_cut06,6bba_474be664,240,25,46,0,0,1,23894,nan,-0.15548015410172128,0.7717041800643086,0.7837026485480427
C3_cut06,6bba_4f99ce20,992,8,18,0,0,2,5286,nan,-0.11383067896060352,0.9744597249508841,0.9855520661619762
C3_cut06,6bba_55b7eebe,681,7,7,0,0,1,4465,nan,-0.15065626783336503,0.9798561151079137,0.9946182616394995
C3_cut06,6bba_4ffd3da3,643,22,46,1,0,2,19846,nan,0.12524805805976072,0.9043600562587905,0.8930331221754676
C3_cut06,6bba_48816121,895,20,23,1,0,4,25053,nan,0.04539954099728771,0.9541577825159915,0.9498259499794699
C3_cut06,6bba_5a4d9360,698,13,24,0,0,0,5421,nan,-0.0928714859437751,0.9496598639455782,0.9584794962161571
C3_cut06,6bba_5b28472a,716,1,8,0,0,0,5632,nan,-0.02930024129610479,0.9875862068965517,0.990479858312829
C3_cut06,6bba_55c70843,402,47,65,0,0,0,36055,nan,0.01807143865593675,0.7821011673151751,0.7806877979883878
C3_cut06,6bba_5c039895,1138,4,7,2,1,1,7890,nan,-0.07934655775962661,0.9904264577893821,0.9982851508033469
C3_cut06,6bba_5dfe9ad1,1441,19,46,0,0,0,29188,nan,0.0845316389848772,0.9568393094289509,0.9487509899218322
C3_cut06,6bba_5c824876,1080,44,50,1,0,0,24842,nan,0.007911713393110724,0.919931856899489,0.919204033180191
C3_cut06,6bba_5f89039d,885,0,0,0,0,0,4399,nan,-0.04597701149425287,1.0,1.0045977011494254
C3_cut06,6bba_61ecbe65,595,6,19,0,0,1,5337,nan,-0.07568410114305507,0.9596774193548387,0.9669406516419544
C3_cut06,6bba_6321a359,783,13,15,0,0,1,4545,nan,-0.05724953329184816,0.9654747225647349,0.9710020202919256
C3_cut06,6bba_61dd1e0d,534,8,9,0,0,0,9335,nan,-0.07829778830963666,0.969147005444646,0.9767352121519682
C3_cut06,6bba_67ebd073,390,67,48,0,2,1,14874,nan,-0.0739057343876471,0.7722772277227723,0.777984799289343
C3_cut06,6bba_6479435d,469,71,111,0,0,0,23469,nan,0.0006822154948194261,0.7204301075268817,0.7203809586686528
C3_cut06,6bba_6ca87370,1037,17,15,0,0,1,6203,nan,-0.1378735232800556,0.9700654817586529,0.983440116336896
C3_cut06,6bba_57b7cc1e,1267,329,325,0,1,3,71473,nan,0.09100761704141289,0.659552316501822,0.6535498880379246
C3_cut06,6bba_6feeb0b1,1329,7,14,0,0,0,6747,nan,-0.10255387071029529,0.9844444444444445,0.9945403032721469
C3_cut06,6bba_705ec2c9,536,23,26,0,2,1,5686,nan,0.015357142857142857,0.9162393162393162,0.9148322344322344
C3_cut06,6bba_6feb10f0,1123,100,220,0,0,0,10379,nan,0.17118032046942,0.7782397782397782,0.7649178447756647
C3_cut06,6bba_718b21f9,649,0,3,0,0,0,4071,nan,-0.054575011611704596,0.995398773006135,1.0008311629656435
C3_cut06,6bba_6db0e9b4,428,15,12,0,0,0,24482,nan,-0.13901881484086512,0.9406593406593406,0.9537362753300858
C3_cut06,6bba_76db78c1,604,0,0,0,0,0,4585,nan,-0.055612770339855816,1.0,1.0055612770339857
C3_cut06,6bba_74686d6a,560,23,16,0,2,2,24980,nan,-0.16182934603898935,0.9348914858096828,0.9500207735862828
C3_cut06,6bba_784a78c9,1735,3,4,0,1,1,12570,nan,-0.04016493585827734,0.9959816303099885,0.9999819841397309
C3_cut06,6bba_767a1e17,544,95,114,0,0,0,46365,nan,-0.028272624386972377,0.7224435590969456,0.724486096635659
C3_cut06,6bba_789f8168,668,17,13,0,0,0,10458,nan,-0.02041963282128138,0.9570200573065902,0.9589742571238705
C3_cut06,6bba_7b5d3b2c,543,8,12,0,0,0,5330,nan,-0.07785467128027682,0.9644760213143873,0.9719849176741014
C3_cut06,6bba_7af54fde,1043,48,49,0,0,2,9933,nan,0.0321072319201995,0.9149122807017543,0.9119747506234414
C3_cut06,6bba_7d3058ae,1167,5,6,0,0,2,7330,nan,-0.036920247010905266,0.9906621392190152,0.994319688307447
C3_cut06,6bba_78a7bd97,723,110,109,0,0,2,38052,nan,-0.0630586265481496,0.767515923566879,0.7723557735662752
C3_cut06,6bba_7f87b3d8,892,49,42,1,0,2,9075,nan,-0.1423305925715906,0.9074262461851476,0.9203416977186022
C3_cut06,6bba_80d12824,631,12,23,0,0,1,8050,nan,-0.10763773417581199,0.9474474474474475,0.9576455570968374
C3_cut06,6bba_825bd1c6,893,46,37,0,2,0,6783,nan,-0.10585288689691537,0.9149590163934426,0.9246441217212034
C3_cut06,6bba_786893ac,1194,264,201,0,4,3,53007,nan,-0.10125637938927415,0.7197106690777577,0.7269981987336223
C3_cut06,6bba_87289e13,669,41,30,0,1,1,13819,nan,-0.07664038487237738,0.904054054054054,0.9109827591188676
C3_cut06,6bba_907271db,915,1,6,0,0,1,6745,nan,-0.07678620312072269,0.9924078091106291,1.0000281318715252
C3_cut06,6bba_8b7818bf,723,2,2,1,0,1,5528,nan,-0.05147563486616335,0.9944979367262724,0.9996171779928797
C3_cut06,6bba_96833384,714,9,7,0,1,0,4684,nan,-0.03799548161840213,0.9780821917808219,0.9817984621747314
C3_cut06,6bba_91951b3a,1125,16,23,0,0,0,11314,nan,-0.049802637104224404,0.9664948453608248,0.9713082445654856
C3_cut06,6bba_971fa5e0,750,11,17,0,1,0,4922,nan,-0.12248172579782493,0.9640102827763496,0.9758176470884793
C3_cut06,6bba_9e23430b,866,18,25,0,0,1,7183,nan,-0.06811105345096004,0.9526952695269527,0.9591841773694755
C3_cut06,6bba_969618f6,649,5,9,0,0,3,15361,nan,0.10606278801843318,0.9788838612368024,0.9685015460899
C3_cut06,6bba_a5e926bb,665,21,33,0,0,0,7714,nan,-0.08601895734597156,0.9248956884561892,0.9328515447336678
C3_cut06,6bba_9a41d029,1317,33,36,0,1,2,18252,nan,0.0011518841533651473,0.9502164502164502,0.950106996289323
C3_cut06,6bba_acd782a8,306,27,24,0,0,0,19565,nan,-0.007356671740233384,0.8571428571428571,0.8577734290063056
C3_cut06,6bba_a90a0b9c,869,179,243,0,0,0,28534,nan,-0.22663703382480485,0.673121611154144,0.688377039689679
C3_cut06,6bba_ab78413d,940,107,198,0,0,2,11827,nan,0.2798398441727086,0.7550200803212851,0.7338916101588476
C3_cut06,6bba_ae82a791,1463,13,8,0,1,0,7091,nan,-0.042145076320410646,0.9858490566037735,0.9900039249768706
C3_cut06,6bba_aeee7805,757,3,11,0,0,1,4881,nan,-0.030393325387365912,0.9818417639429312,0.9848259075639735
C3_cut06,6bba_af149c94,1268,27,49,0,0,0,7782,nan,-0.12884809134669203,0.9434523809523809,0.9556085848086016
C3_cut06,6bba_afb141ff,592,19,34,1,0,3,5361,nan,-0.11446977205153618,0.9178294573643411,0.9283358302410091
C3_cut06,6bba_b204cac7,802,8,9,0,0,2,5329,nan,0.04654359780047133,0.9792429792429792,0.9746852301054971
C3_cut06,6bba_b1ae37b9,549,35,30,0,1,0,22306,nan,-0.08198205613630752,0.8941368078175895,0.9014671252147936
C3_cut06,6bba_b693381b,912,12,23,0,0,0,6013,nan,0.0818639798488665,0.9630411826821542,0.9551573442848822
C3_cut06,6bba_bbb708ca,848,8,13,0,2,0,6451,nan,-0.04922623434045689,0.9758342922899885,0.9806379570449605
C3_cut06,6bba_c27cba08,484,5,9,0,0,0,6243,nan,-0.03134212567882079,0.9718875502008032,0.9749336523752108
C3_cut06,6bba_bb9f20c3,1795,78,84,0,2,3,22692,nan,-0.016427549737766025,0.9172202350536536,0.9187270031568364
C3_cut06,6bba_c73a1d11,544,97,166,0,0,0,23103,nan,0.4160588415568495,0.6741016109045849,0.6460550173721281
C3_cut06,6bba_c328f2fd,448,25,52,0,0,2,29841,nan,-0.04441526834891764,0.8533333333333334,0.8571234362324411
C3_cut06,6bba_b329af44,1164,91,104,0,0,1,63026,nan,0.008981029376450813,0.8565121412803532,0.8557429052101407
C3_cut06,6bba_d0fc38b5,813,0,0,0,0,0,5595,nan,-0.08443789887088857,1.0,1.0084437898870888
C3_cut06,6bba_cf35214c,815,3,2,0,0,0,34525,nan,-0.010461450272284322,0.9939024390243902,0.9949422051185257
C3_cut06,6bba_d1acb6ff,618,27,25,0,2,1,15890,nan,0.0795570351246688,0.9223880597014925,0.9150498137750679
C3_cut06,6bba_cdcfe533,1330,19,18,1,2,3,28050,nan,-0.058250797381232164,0.9729334308705194,0.978600845685226
C3_cut06,6bba_cff5865f,1459,37,42,0,0,0,46204,nan,-0.003407963418316725,0.9486345903771132,0.9489578815752486
C3_cut06,6bba_d5eae175,519,0,0,0,0,0,4113,nan,-0.089842885594158,1.0,1.0089842885594158
C3_cut06,6bba_d6ecebbb,840,13,22,0,0,0,5913,nan,0.1033774958014555,0.96,0.9500757604030602
C3_cut06,6bba_d3da753b,833,33,24,0,1,1,15842,nan,-0.08141018207120491,0.9359550561797753,0.9435746833331813
C3_cut06,6bba_d2b9fc0c,917,5,4,0,0,2,18701,nan,-0.07319853305580334,0.990280777537797,0.9975294875607096
C3_cut06,6bba_e16ffc58,935,7,7,1,0,0,5896,nan,-0.07397518454531177,0.9852476290832455,0.9925360166016719
C3_cut06,6bba_d82a4fc6,507,30,23,0,0,0,28159,nan,0.01598354740943859,0.9053571428571429,0.9039100609756098
C3_cut06,6bba_debd7bfa,714,16,15,3,0,1,11671,nan,-0.01151859066655374,0.9583892617449664,0.9594931911054924
C3_cut06,6bba_e5e44988,597,16,37,0,0,0,5035,nan,-0.10329474621549421,0.9184615384615384,0.9279487636139462
C3_cut06,6bba_df673a83,644,7,10,1,0,3,21661,nan,0.12589011902905556,0.9742813918305597,0.9620161517920255
C3_cut06,6bba_ed9377fd,497,0,11,0,0,0,4222,nan,-0.04974116587891064,0.9783464566929134,0.9832128660318542
C3_cut06,6bba_eebc57a5,924,80,65,0,2,0,8362,nan,-0.10538140579865198,0.8643592142188962,0.8734679531298367
C3_cut06,6bba_ebff6e76,995,263,269,0,0,0,46939,nan,0.12844985094720646,0.6516044531761624,0.643234603687461
C3_cut06,6bba_ef7b4f7e,1173,8,28,0,0,2,5700,nan,-0.06664483379728181,0.9702233250620348,0.9766893622865354
C3_cut06,6bba_edf14583,726,46,34,0,0,0,49596,nan,-0.16282367239458492,0.9007444168734491,0.9154106682578745
C3_cut06,6bba_f1fde7e0,415,29,31,0,0,0,7767,nan,-0.14081858407079645,0.8736842105263158,0.8859873078714486
C3_cut06,6bba_f17befbc,919,89,96,0,2,0,25086,nan,0.004927292392741257,0.832427536231884,0.8320173748452057
C3_cut06,6bba_f20478e9,931,21,32,0,0,1,5118,nan,-0.14314414866901054,0.9461382113821138,0.9596816262612651
C3_cut06,6bba_f4ae811c,955,7,10,0,0,0,9202,nan,0.033584185106144,0.9825102880658436,0.9792106073275343
C3_cut06,6bba_ebdf3b34,729,65,74,0,0,2,58652,nan,0.03175189543863353,0.8398617511520737,0.8371950309015249
C3_cut06,6bba_fbc898dc,634,7,5,0,0,0,4902,nan,0.0026590304765800776,0.9814241486068112,0.9811631849346514
C3_cut06,6bba_fc516dc6,720,28,42,0,0,0,6620,nan,-0.15840325451309434,0.9113924050632911,0.9258291573733454
C3_cut06,6bba_fc83837d,815,73,108,0,0,0,10767,nan,-0.17727515855429052,0.8182730923694779,0.8327790415885288
C3_cut06,6bba_fe670320,661,14,19,0,0,2,9465,nan,-0.12652270210409744,0.952449567723343,0.9645002170159667
C3_cut06,6bba_f8ffd5e7,352,17,18,1,0,1,30253,nan,0.024136763710223427,0.9095607235142119,0.9073653382878557
C3_cut06,6bba_fc5f39dc,440,7,18,0,0,2,17488,nan,0.24736091298145507,0.946236559139785,0.9228303652232602
C3_cut06_fork8,44b6_0b24845f,49,0,0,0,0,0,17947,nan,-0.4527519438938863,1.0,1.0452751943893885
C3_cut06_fork8,44b6_0db75fae,149,0,2,0,0,0,17457,nan,0.13837626344962503,0.9867549668874173,0.9731006203615933
C3_cut06_fork8,44b6_0113de3b,46,3,4,0,0,0,25462,nan,-0.011376431760823142,0.8679245283018868,0.8689119167188639
C3_cut06_fork8,44b6_0c582fdc,69,1,1,0,0,0,26755,nan,-0.043028828957722295,0.971830985915493,0.9760126608423703
C3_cut06_fork8,44b6_1574802b,144,10,9,0,1,0,19200,nan,0.08615715336312722,0.8834355828220859,0.8758241533225213
C3_cut06_fork8,44b6_144b256d,119,0,0,0,0,0,27392,nan,-0.5810083210964269,1.0,1.0581008321096428
C3_cut06_fork8,44b6_18ced818,90,16,9,0,1,0,70987,nan,-0.09736279945068918,0.782608695652174,0.7902283930004887
C3_cut06_fork8,44b6_12dfb391,741,38,32,0,0,1,44063,nan,-0.24899440959912736,0.9136868064118372,0.9364370971039401
C3_cut06_fork8,44b6_24264f12,213,10,8,0,0,0,26747,nan,0.01495085948468865,0.922077922077922,0.92069933633323
C3_cut06_fork8,44b6_1d530831,253,28,18,0,1,0,35253,nan,-0.015966503838101883,0.8461538461538461,0.8475048580170702
C3_cut06_fork8,44b6_2f31fc2f,66,27,19,0,0,0,17972,nan,-0.26247537754432043,0.5892857142857143,0.604753013319576
C3_cut06_fork8,44b6_33b596bf,49,0,0,0,0,0,23521,nan,0.00818688384054865,1.0,0.9991813116159451
C3_cut06_fork8,44b6_267148e4,250,40,27,0,0,1,21630,nan,0.13068478829064298,0.7886435331230284,0.7783371618067316
C3_cut06_fork8,44b6_2a2eff9f,197,23,13,0,1,1,37708,nan,-0.33102701935529655,0.8454935622317596,0.8734816836107268
C3_cut06_fork8,44b6_341df25f,208,0,1,0,0,1,8339,nan,0.12143625605164067,0.9952153110047847,0.9831297888714157
C3_cut06_fork8,44b6_3bb3690f,380,26,16,0,0,0,15690,nan,-0.5087202930769953,0.9004739336492891,0.9462828699927153
C3_cut06_fork8,44b6_40c45f5a,194,5,4,0,0,0,28472,nan,-0.1287904286894526,0.9556650246305419,0.9679730754511104
C3_cut06_fork8,44b6_3a861e03,884,38,35,0,0,0,36157,nan,-0.10824742268041238,0.9237199582027168,0.933718988678107
C3_cut06_fork8,44b6_415c0a3a,310,13,12,0,0,0,32461,nan,-0.433411296516093,0.9253731343283582,0.9654798513193996
C3_cut06_fork8,44b6_53f95252,67,2,1,0,0,0,29982,nan,-0.22557148392096088,0.9571428571428572,0.9787332706038635
C3_cut06_fork8,44b6_5740d24b,169,1,1,0,0,0,11043,nan,-0.4402939685757729,0.9883040935672515,1.0318185267188922
C3_cut06_fork8,44b6_587a1e22,365,7,6,1,0,0,18614,nan,0.026299829078678942,0.9656084656084656,0.9630689318482228
C3_cut06_fork8,44b6_551a5dba,201,30,23,0,0,0,30169,nan,-0.476478039807729,0.7913385826771654,0.8290441283469896
C3_cut06_fork8,44b6_668e0cc7,613,28,18,0,0,0,33368,nan,-0.15951739250900482,0.9301972685887708,0.9450355328691988
C3_cut06_fork8,44b6_66f9292d,197,2,1,0,0,0,19767,nan,-0.6249857712009106,0.985,1.0465610984632896
C3_cut06_fork8,44b6_5f15d135,252,23,21,0,0,1,20921,nan,-0.2912700294725431,0.8513513513513513,0.8761486646713111
C3_cut06_fork8,44b6_74d0c52e,134,5,5,0,1,1,8348,nan,-0.44678595096090123,0.9305555555555556,0.9721314704366395
C3_cut06_fork8,44b6_706092f0,108,10,9,0,0,1,28424,nan,-0.5933503104523734,0.8503937007874016,0.9008518374242964
C3_cut06_fork8,44b6_71a4179f,107,20,12,0,0,0,30367,nan,-0.5513680416026474,0.7697841726618705,0.8122276118355994
C3_cut06_fork8,44b6_808952d6,179,0,0,0,0,0,14839,nan,-0.057362469825943334,1.0,1.0057362469825943
C3_cut06_fork8,44b6_7a302da0,492,22,15,0,0,1,42270,nan,-0.3677645158395405,0.9300567107750473,0.9642608963691974
C3_cut06_fork8,44b6_81c256f0,197,0,0,0,0,0,11193,nan,0.11350974930362116,1.0,0.9886490250696379
C3_cut06_fork8,44b6_7e557709,546,10,14,0,0,0,44299,nan,-0.20979307884409562,0.9578947368421052,0.9779907054471713
C3_cut06_fork8,44b6_87bba6c4,109,47,40,0,1,0,27917,nan,-0.0065831613408298345,0.5561224489795918,0.5564885533602808
C3_cut06_fork8,44b6_8cc6506c,381,22,15,0,0,0,18041,nan,-0.4392328733059804,0.9114832535885168,0.9515185944329136
C3_cut06_fork8,44b6_8f5ab931,572,38,32,0,0,0,26988,nan,-0.02114540640528091,0.8909657320872274,0.8928497153370437
C3_cut06_fork8,44b6_90724892,97,12,6,0,0,0,22986,nan,-0.09971800093999687,0.8434782608695652,0.8518892574705911
C3_cut06_fork8,44b6_95029e92,198,0,0,0,0,0,4749,nan,-0.0798294904088355,1.0,1.0079829490408836
C3_cut06_fork8,44b6_949adeb1,350,44,28,0,0,0,37701,nan,0.014040183974824498,0.8293838862559242,0.8282194160210453
C3_cut06_fork8,44b6_8f9ecab4,366,4,4,0,0,0,39580,nan,-0.47108895807999146,0.9786096256684492,1.024710844560769
C3_cut06_fork8,44b6_996155de,370,2,7,1,0,0,8846,nan,0.16809718737620494,0.9762532981530343,0.9598427547944074
C3_cut06_fork8,44b6_97725144,219,1,2,0,0,0,32632,nan,-0.08782914966176553,0.9864864864864865,0.9951507134125795
C3_cut06_fork8,44b6_9be80b04,205,18,15,0,1,1,25102,nan,-0.5662871261468286,0.8613445378151261,0.9101213701092857
C3_cut06_fork8,44b6_9bfa6a0a,241,30,18,0,0,0,38487,nan,-0.40152080612054486,0.8339100346020761,0.8673932575346199
C3_cut06_fork8,44b6_a21120c2,279,12,7,1,0,1,21889,nan,-0.049956597222222225,0.9362416107382551,0.9409187552432887
C3_cut06_fork8,44b6_a2bb48bb,373,46,37,0,1,0,43160,nan,-0.28794153069473544,0.8179824561403509,0.8415355681906
C3_cut06_fork8,44b6_aaf8b0ea,203,0,3,0,0,1,13972,nan,-0.3677541970224897,0.9854368932038835,1.0216767485415366
C3_cut06_fork8,44b6_abf82518,94,0,0,0,0,0,25450,nan,-0.07803216925083321,1.0,1.0078032169250832
C3_cut06_fork8,44b6_c15fded2,97,8,5,0,0,0,19319,nan,-0.061501093028904545,0.8818181818181818,0.8872414600216397
C3_cut06_fork8,44b6_b2c44266,156,14,12,0,0,0,36584,nan,-0.38750020927857487,0.8571428571428571,0.8903571607953064
C3_cut06_fork8,44b6_c771cb04,202,36,21,0,0,0,27856,nan,-0.4778142281375949,0.7799227799227799,0.8171886000323529
C3_cut06_fork8,44b6_c50204e0,292,33,33,0,0,2,35531,nan,-0.2452738009261226,0.8156424581005587,0.8356480306900637
C3_cut06_fork8,44b6_c8e2a523,158,10,6,0,1,1,28290,nan,-0.14645184648805212,0.9080459770114943,0.9213444780144323
C3_cut06_fork8,44b6_c96cfa10,590,16,26,0,0,0,37142,nan,-0.19668656458171122,0.9335443037974683,0.9519058659973433
C3_cut06_fork8,44b6_cf2536e8,70,8,5,0,0,0,20485,nan,-0.644141405367845,0.8433734939759037,0.8976986727418664
C3_cut06_fork8,44b6_cf8fed6b,178,12,10,0,0,0,40902,nan,-0.06464817398065358,0.89,0.8957536874842781
C3_cut06_fork8,44b6_d29c9ab2,1285,56,43,0,0,0,36319,nan,-0.045618184207068715,0.9284682080924855,0.9327037114672024
C3_cut06_fork8,44b6_d754aa59,64,3,6,0,0,1,5507,nan,0.06497776058789402,0.8767123287671232,0.8710156483868147
C3_cut06_fork8,44b6_d2f34f90,271,5,10,0,0,2,14610,nan,-0.3931212096037219,0.9475524475524476,0.9848027439869261
C3_cut06_fork8,44b6_d78e09d9,418,37,33,0,0,0,23247,nan,0.04438654027584348,0.8565573770491803,0.8527554151976839
C3_cut06_fork8,44b6_db3c847b,154,7,8,0,0,0,15157,nan,0.008919656526659122,0.9112426035502958,0.9104298064466831
C3_cut06_fork8,44b6_deabac95,121,6,3,1,2,0,15526,nan,0.1098720423189649,0.9307692307692308,0.920542679138004
C3_cut06_fork8,44b6_ddf577ad,607,47,40,0,0,0,37129,nan,-0.30589620877888285,0.8746397694524496,0.9013946684047236
C3_cut06_fork8,44b6_d5e7d891,830,90,63,0,1,2,41722,nan,-0.06970210488762041,0.844354018311292,0.8502393435459538
C3_cut06_fork8,44b6_e29f0176,48,4,2,0,0,0,13249,nan,0.02158994525406739,0.8888888888888888,0.8869697826440829
C3_cut06_fork8,44b6_e35b117d,240,11,26,0,0,0,18047,nan,-0.36988931950700044,0.8664259927797834,0.8984741648670325
C3_cut06_fork8,44b6_e28840c6,289,14,20,0,0,2,26251,nan,-0.648515116621589,0.8947368421052632,0.9527618788556158
C3_cut06_fork8,44b6_e57ff5c6,141,19,45,0,0,0,15934,nan,-0.21561484690361327,0.6878048780487804,0.7026349723967851
C3_cut06_fork8,44b6_f28707c6,55,6,6,0,0,0,21308,nan,0.14215265866209262,0.8208955223880597,0.8092262742889328
C3_cut06_fork8,6bba_05b6850b,836,8,9,0,0,0,5941,nan,-0.066174159069475,0.9800703399765534,0.9865558730342415
C3_cut06_fork8,44b6_eb2880fc,371,13,8,0,3,1,35709,nan,-0.25736211629648115,0.9464285714285714,0.9707860574352025
C3_cut06_fork8,6bba_07477033,593,14,9,0,0,0,4476,nan,-0.07444168734491315,0.9626623376623377,0.9698285585382359
C3_cut06_fork8,44b6_e31261b4,106,10,7,0,0,0,65937,nan,-0.09496815636323708,0.8617886178861789,0.8699728655077262
C3_cut06_fork8,6bba_062c8d37,896,4,2,1,1,0,5807,nan,-0.036981757877280266,0.9933481152993349,0.9970216912481202
C3_cut06_fork8,6bba_085bf656,1164,0,4,0,0,1,8134,nan,-0.03887510339123242,0.9965753424657534,1.0004495394133042
C3_cut06_fork8,6bba_0c7fa718,620,45,39,0,0,0,12284,nan,-0.10007326007326008,0.8806818181818182,0.8894950882450882
C3_cut06_fork8,6bba_07e24132,309,17,36,0,0,2,26818,nan,0.2482196881545264,0.8535911602209945,0.832403347060843
C3_cut06_fork8,6bba_0e7c0d07,178,19,20,0,0,1,20966,nan,-0.06680909778786664,0.8202764976958525,0.8257566909706178
C3_cut06_fork8,6bba_05db0fb1,1113,93,70,0,0,3,68347,nan,-0.020816618911174783,0.872257053291536,0.8740727975586314
C3_cut06_fork8,6bba_12665c0e,961,21,37,0,1,3,7958,nan,-0.0428193408708203,0.943081452404318,0.9471196650222629
C3_cut06_fork8,6bba_09961292,1788,108,83,1,0,3,29055,nan,-0.06626602821608767,0.9034866093986862,0.9094736563138134
C3_cut06_fork8,6bba_13f19531,693,11,11,0,0,0,5469,nan,-0.05265892949939373,0.9692307692307692,0.9743346347053259
C3_cut06_fork8,6bba_15403b9a,716,14,13,0,1,0,6223,nan,-0.09667586006677312,0.9636608344549125,0.9729771084532717
C3_cut06_fork8,6bba_1ebfb80d,675,37,44,0,0,0,10943,nan,-0.053209897906212146,0.8928571428571429,0.897608026598769
C3_cut06_fork8,6bba_1d0d8384,1251,110,114,0,0,1,16719,nan,-0.06644703780222234,0.8481355932203389,0.8537712030027511
C3_cut06_fork8,6bba_1f58c2f6,262,49,37,0,1,0,31055,nan,0.07445593882987925,0.7528735632183908,0.7472679724214286
C3_cut06_fork8,6bba_20852818,839,27,70,0,0,3,9636,nan,-0.01250256200040992,0.8963675213675214,0.8974882104186265
C3_cut06_fork8,6bba_2312ac41,1128,5,4,1,0,1,12199,nan,0.020836820083682008,0.9920844327176781,0.9900172442344422
C3_cut06_fork8,6bba_207c6aaf,350,73,100,0,0,1,16814,nan,0.40128344028669055,0.6692160611854685,0.6423615288527071
C3_cut06_fork8,6bba_23af9eeb,498,1,1,0,0,0,4032,nan,-0.09393258426966292,0.996,1.0053556853932584
C3_cut06_fork8,6bba_2540cd90,523,0,0,0,0,0,3463,nan,-0.08458895056833202,1.0,1.0084588950568332
C3_cut06_fork8,6bba_2646afc7,704,12,17,0,1,0,5137,nan,-0.0651501364877161,0.9604365620736699,0.9666938193843593
C3_cut06_fork8,6bba_268e1230,578,10,31,0,0,1,4415,nan,-0.1355002937145095,0.9337641357027464,0.9464166671675261
C3_cut06_fork8,6bba_2819ca14,915,20,34,0,0,1,4867,nan,-0.12052764727141309,0.9442724458204335,0.9556535394482295
C3_cut06_fork8,6bba_283bf9f1,1265,14,23,0,1,0,21461,nan,0.028761804323857918,0.9715821812596006,0.9687877356014071
C3_cut06_fork8,6bba_312f0dc3,498,3,2,0,0,0,9266,nan,-0.06995884773662552,0.9900596421471173,0.9969859853226322
C3_cut06_fork8,6bba_372c8cb8,1006,2,1,0,0,0,6484,nan,-0.07648483122062384,0.9970267591674926,1.0046525015072298
C3_cut06_fork8,6bba_3a1849c2,1107,40,35,0,0,0,6393,nan,-0.08710552620305584,0.9365482233502538,0.9447060759311998
C3_cut06_fork8,6bba_32db13fc,688,118,123,0,0,1,42729,nan,0.10396589587908539,0.7405812701829925,0.7328817506604078
C3_cut06_fork8,6bba_337b1b3a,1194,32,19,1,0,1,29246,nan,-0.04048556430446194,0.9590361445783132,0.9629188565284761
C3_cut06_fork8,6bba_3c5691b6,741,4,5,0,0,2,6091,nan,-0.026685842122083733,0.988,0.9906365612016618
C3_cut06_fork8,6bba_3fda6b25,1164,6,15,0,0,1,8017,nan,-0.1854297906929486,0.9822784810126582,1.0004928503262946
C3_cut06_fork8,6bba_3db54e20,428,41,46,0,0,1,22182,nan,-0.0453606472714753,0.8310679611650486,0.8348377392295517
C3_cut06_fork8,6bba_43fea39d,853,11,27,0,0,0,5230,nan,-0.09011830201809325,0.957351290684624,0.9659787779597568
C3_cut06_fork8,6bba_4aa14c89,648,30,33,0,0,0,7007,nan,0.03241491085899514,0.9113924050632911,0.9084381347065219
C3_cut06_fork8,6bba_474be664,240,25,46,0,0,1,23894,nan,-0.15548015410172128,0.7717041800643086,0.7837026485480427
C3_cut06_fork8,6bba_4f99ce20,992,8,18,0,0,2,5286,nan,-0.11383067896060352,0.9744597249508841,0.9855520661619762
C3_cut06_fork8,6bba_3abfe10a,838,113,97,1,0,0,51579,nan,-0.00933448573898012,0.799618320610687,0.8003647231917239
C3_cut06_fork8,6bba_55b7eebe,681,7,7,0,0,1,4465,nan,-0.15065626783336503,0.9798561151079137,0.9946182616394995
C3_cut06_fork8,6bba_48816121,895,20,23,1,0,4,25053,nan,0.04539954099728771,0.9541577825159915,0.9498259499794699
C3_cut06_fork8,6bba_5a4d9360,698,13,24,0,0,0,5421,nan,-0.0928714859437751,0.9496598639455782,0.9584794962161571
C3_cut06_fork8,6bba_55c70843,402,47,65,0,0,0,36055,nan,0.01807143865593675,0.7821011673151751,0.7806877979883878
C3_cut06_fork8,6bba_4ffd3da3,643,22,46,1,0,2,19846,nan,0.12524805805976072,0.9043600562587905,0.8930331221754676
C3_cut06_fork8,6bba_5c039895,1138,4,7,2,1,1,7886,nan,-0.07981330221703617,0.9904264577893821,0.9983313784093113
C3_cut06_fork8,6bba_5b28472a,716,1,8,0,0,0,5632,nan,-0.02930024129610479,0.9875862068965517,0.990479858312829
C3_cut06_fork8,6bba_5f89039d,885,0,0,0,0,0,4399,nan,-0.04597701149425287,1.0,1.0045977011494254
C3_cut06_fork8,6bba_5c824876,1080,44,50,1,0,0,24842,nan,0.007911713393110724,0.919931856899489,0.919204033180191
C3_cut06_fork8,6bba_61dd1e0d,534,8,9,0,0,0,9335,nan,-0.07829778830963666,0.969147005444646,0.9767352121519682
C3_cut06_fork8,6bba_61ecbe65,595,6,19,0,0,1,5337,nan,-0.07568410114305507,0.9596774193548387,0.9669406516419544
C3_cut06_fork8,6bba_5dfe9ad1,1441,19,46,0,0,0,29188,nan,0.0845316389848772,0.9568393094289509,0.9487509899218322
C3_cut06_fork8,6bba_6321a359,783,13,15,0,0,1,4545,nan,-0.05724953329184816,0.9654747225647349,0.9710020202919256
C3_cut06_fork8,6bba_6479435d,469,71,111,0,0,0,23441,nan,-0.0005116616211145696,0.7204301075268817,0.7204669691705534
C3_cut06_fork8,6bba_6ca87370,1037,17,15,0,0,1,6203,nan,-0.1378735232800556,0.9700654817586529,0.983440116336896
C3_cut06_fork8,6bba_67ebd073,390,66,48,0,1,1,14858,nan,-0.07490193636759854,0.7738095238095238,0.7796055069808262
C3_cut06_fork8,6bba_6db0e9b4,428,15,12,0,0,0,24482,nan,-0.13901881484086512,0.9406593406593406,0.9537362753300858
C3_cut06_fork8,6bba_6feeb0b1,1329,7,14,0,0,0,6747,nan,-0.10255387071029529,0.9844444444444445,0.9945403032721469
C3_cut06_fork8,6bba_6feb10f0,1123,100,220,0,0,0,10379,nan,0.17118032046942,0.7782397782397782,0.7649178447756647
C3_cut06_fork8,6bba_57b7cc1e,1267,329,325,0,1,3,71460,nan,0.0908091770847644,0.659552316501822,0.6535629761912339
C3_cut06_fork8,6bba_718b21f9,649,0,3,0,0,0,4071,nan,-0.054575011611704596,0.995398773006135,1.0008311629656435
C3_cut06_fork8,6bba_705ec2c9,536,23,26,0,2,1,5673,nan,0.013035714285714286,0.9162393162393162,0.9150449328449328
C3_cut06_fork8,6bba_76db78c1,604,0,0,0,0,0,4585,nan,-0.055612770339855816,1.0,1.0055612770339857
C3_cut06_fork8,6bba_767a1e17,544,95,114,0,0,0,46360,nan,-0.02837741543362535,0.7224435590969456,0.7244936671973297
C3_cut06_fork8,6bba_784a78c9,1735,3,4,0,1,1,12565,nan,-0.04054673182651191,0.9959816303099885,1.0000200103168198
C3_cut06_fork8,6bba_74686d6a,560,22,16,0,1,2,24980,nan,-0.16182934603898935,0.9364548494983278,0.9516094370872632
C3_cut06_fork8,6bba_789f8168,668,17,13,0,0,0,10448,nan,-0.021356313225927313,0.9570200573065902,0.9590638993173236
C3_cut06_fork8,6bba_7b5d3b2c,543,8,12,0,0,0,5330,nan,-0.07785467128027682,0.9644760213143873,0.9719849176741014
C3_cut06_fork8,6bba_7af54fde,1043,48,49,0,0,2,9933,nan,0.0321072319201995,0.9149122807017543,0.9119747506234414
C3_cut06_fork8,6bba_7d3058ae,1167,5,6,0,0,2,7330,nan,-0.036920247010905266,0.9906621392190152,0.994319688307447
C3_cut06_fork8,6bba_7f87b3d8,892,49,42,1,0,2,9071,nan,-0.14270862867403836,0.9074262461851476,0.9203760017067387
C3_cut06_fork8,6bba_78a7bd97,723,110,109,0,0,2,38047,nan,-0.063181739836998,0.767515923566879,0.7723652227072345
C3_cut06_fork8,6bba_80d12824,631,12,23,0,0,1,8044,nan,-0.10830284890810331,0.9474474474474475,0.9577085732223745
C3_cut06_fork8,6bba_786893ac,1194,264,201,0,4,3,52995,nan,-0.10145984163854932,0.7197106690777577,0.727012842128778
C3_cut06_fork8,6bba_825bd1c6,895,42,35,0,1,0,6779,nan,-0.10638017400474559,0.9207818930041153,0.930577186803935
C3_cut06_fork8,6bba_8b7818bf,723,2,2,1,0,1,5528,nan,-0.05147563486616335,0.9944979367262724,0.9996171779928797
C3_cut06_fork8,6bba_87289e13,669,41,30,0,1,1,13819,nan,-0.07664038487237738,0.904054054054054,0.9109827591188676
C3_cut06_fork8,6bba_907271db,915,1,6,0,0,1,6745,nan,-0.07678620312072269,0.9924078091106291,1.0000281318715252
C3_cut06_fork8,6bba_96833384,714,8,7,0,0,0,4680,nan,-0.038817005545286505,0.9794238683127572,0.9832256984855053
C3_cut06_fork8,6bba_971fa5e0,750,11,17,0,1,0,4917,nan,-0.12337315029417008,0.9640102827763496,0.9759035813265589
C3_cut06_fork8,6bba_91951b3a,1125,16,23,0,0,0,11314,nan,-0.049802637104224404,0.9664948453608248,0.9713082445654856
C3_cut06_fork8,6bba_9e23430b,866,18,25,0,0,1,7176,nan,-0.06901920083030617,0.9526952695269527,0.9592706961407091
C3_cut06_fork8,6bba_a5e926bb,665,21,33,0,0,0,7708,nan,-0.0867298578199052,0.9248956884561892,0.932917295611994
C3_cut06_fork8,6bba_9a41d029,1317,33,36,0,1,2,18248,nan,0.0009324776479622621,0.9502164502164502,0.9501278446563949
C3_cut06_fork8,6bba_969618f6,649,5,9,0,0,3,15350,nan,0.10527073732718895,0.9788838612368024,0.968579078653794
C3_cut06_fork8,6bba_ae82a791,1463,13,8,0,1,0,7091,nan,-0.042145076320410646,0.9858490566037735,0.9900039249768706
C3_cut06_fork8,6bba_acd782a8,306,27,24,0,0,0,19565,nan,-0.007356671740233384,0.8571428571428571,0.8577734290063056
C3_cut06_fork8,6bba_ab78413d,940,107,198,0,0,2,11827,nan,0.2798398441727086,0.7550200803212851,0.7338916101588476
C3_cut06_fork8,6bba_a90a0b9c,869,179,243,0,0,0,28534,nan,-0.22663703382480485,0.673121611154144,0.688377039689679
C3_cut06_fork8,6bba_aeee7805,757,3,11,0,0,1,4881,nan,-0.030393325387365912,0.9818417639429312,0.9848259075639735
C3_cut06_fork8,6bba_afb141ff,592,19,34,1,0,3,5356,nan,-0.11529567228278824,0.9178294573643411,0.928411633797118
C3_cut06_fork8,6bba_b1ae37b9,549,35,30,0,1,0,22306,nan,-0.08198205613630752,0.8941368078175895,0.9014671252147936
C3_cut06_fork8,6bba_af149c94,1268,27,49,0,0,0,7772,nan,-0.12996753610209336,0.9434523809523809,0.9557141990905844
C3_cut06_fork8,6bba_b204cac7,802,8,9,0,0,2,5329,nan,0.04654359780047133,0.9792429792429792,0.9746852301054971
C3_cut06_fork8,6bba_b693381b,912,12,23,0,0,0,6013,nan,0.0818639798488665,0.9630411826821542,0.9551573442848822
C3_cut06_fork8,6bba_bbb708ca,848,8,13,0,2,0,6451,nan,-0.04922623434045689,0.9758342922899885,0.9806379570449605
C3_cut06_fork8,6bba_c27cba08,484,5,9,0,0,0,6243,nan,-0.03134212567882079,0.9718875502008032,0.9749336523752108
C3_cut06_fork8,6bba_bb9f20c3,1795,78,84,0,2,3,22692,nan,-0.016427549737766025,0.9172202350536536,0.9187270031568364
C3_cut06_fork8,6bba_b329af44,1164,91,104,0,0,1,63026,nan,0.008981029376450813,0.8565121412803532,0.8557429052101407
C3_cut06_fork8,6bba_c328f2fd,448,25,52,0,0,2,29831,nan,-0.044735493787626486,0.8533333333333334,0.8571507621365442
C3_cut06_fork8,6bba_c73a1d11,544,97,166,0,0,0,23091,nan,0.41532332209623046,0.6741016109045849,0.6461045988574536
C3_cut06_fork8,6bba_d0fc38b5,813,0,0,0,0,0,5595,nan,-0.08443789887088857,1.0,1.0084437898870888
C3_cut06_fork8,6bba_cf35214c,815,3,2,0,0,0,34525,nan,-0.010461450272284322,0.9939024390243902,0.9949422051185257
C3_cut06_fork8,6bba_d1acb6ff,618,26,25,0,1,1,15879,nan,0.07880970174604253,0.9237668161434978,0.9164866374171817
C3_cut06_fork8,6bba_cdcfe533,1330,19,18,1,2,3,28046,nan,-0.058385093167701865,0.9729334308705194,0.978613911771254
C3_cut06_fork8,6bba_cff5865f,1459,37,42,0,0,0,46204,nan,-0.003407963418316725,0.9486345903771132,0.9489578815752486
C3_cut06_fork8,6bba_d5eae175,519,0,0,0,0,0,4113,nan,-0.089842885594158,1.0,1.0089842885594158
C3_cut06_fork8,6bba_d6ecebbb,840,13,22,0,0,0,5911,nan,0.10300429184549356,0.96,0.9501115879828326
C3_cut06_fork8,6bba_d2b9fc0c,917,5,4,0,0,2,18701,nan,-0.07319853305580334,0.990280777537797,0.9975294875607096
C3_cut06_fork8,6bba_d3da753b,833,33,24,0,1,1,15842,nan,-0.08141018207120491,0.9359550561797753,0.9435746833331813
C3_cut06_fork8,6bba_e16ffc58,935,7,7,1,0,0,5893,nan,-0.07444636406470866,0.9852476290832455,0.9925824394521077
C3_cut06_fork8,6bba_d82a4fc6,507,30,23,0,0,0,28159,nan,0.01598354740943859,0.9053571428571429,0.9039100609756098
C3_cut06_fork8,6bba_debd7bfa,714,16,15,3,0,1,11665,nan,-0.012026763784195815,0.9583892617449664,0.9595418938713981
C3_cut06_fork8,6bba_e5e44988,597,16,37,0,0,0,5035,nan,-0.10329474621549421,0.9184615384615384,0.9279487636139462
C3_cut06_fork8,6bba_ed9377fd,497,0,11,0,0,0,4222,nan,-0.04974116587891064,0.9783464566929134,0.9832128660318542
C3_cut06_fork8,6bba_df673a83,644,7,10,1,0,3,21656,nan,0.1256302302614481,0.9742813918305597,0.9620414722710481
C3_cut06_fork8,6bba_ebff6e76,995,263,269,0,0,0,46933,nan,0.12830560630829888,0.6516044531761624,0.6432440027323669
C3_cut06_fork8,6bba_eebc57a5,924,80,65,0,2,0,8362,nan,-0.10538140579865198,0.8643592142188962,0.8734679531298367
C3_cut06_fork8,6bba_ef7b4f7e,1173,8,28,0,0,2,5694,nan,-0.06762731291960046,0.9702233250620348,0.9767846847026214
C3_cut06_fork8,6bba_f17befbc,919,88,96,0,1,0,25080,nan,0.004686936666266074,0.8331822302810517,0.8327917230465731
C3_cut06_fork8,6bba_f1fde7e0,415,29,31,0,0,0,7760,nan,-0.1415929203539823,0.8736842105263158,0.8860549604098744
C3_cut06_fork8,6bba_edf14583,726,46,34,0,0,0,49586,nan,-0.16299247155734106,0.9007444168734491,0.9154258727482171
C3_cut06_fork8,6bba_ebdf3b34,729,65,74,0,0,2,58652,nan,0.03175189543863353,0.8398617511520737,0.8371950309015249
C3_cut06_fork8,6bba_f4ae811c,955,7,10,0,0,0,9198,nan,0.033134898348871164,0.9825102880658436,0.9792547502136655
C3_cut06_fork8,6bba_fbc898dc,634,7,5,0,0,0,4898,nan,0.0018408672530169769,0.9814241486068112,0.9812434814491622
C3_cut06_fork8,6bba_f20478e9,931,21,32,0,0,1,5118,nan,-0.14314414866901054,0.9461382113821138,0.9596816262612651
C3_cut06_fork8,6bba_fc516dc6,720,28,42,0,0,0,6617,nan,-0.15878464276633614,0.9113924050632911,0.9258639168090838
C3_cut06_fork8,6bba_f8ffd5e7,352,17,18,1,0,1,30249,nan,0.024001354096140827,0.9095607235142119,0.9073776546145113
C3_cut06_fork8,6bba_fc83837d,815,73,108,0,0,0,10759,nan,-0.1778864522044777,0.8182730923694779,0.8328290621030773
C3_cut06_fork8,6bba_fe670320,661,14,19,0,0,2,9458,nan,-0.1271686969361388,0.952449567723343,0.9645617447658197
C3_cut06_fork8,6bba_fc5f39dc,440,7,18,0,0,2,17488,nan,0.24736091298145507,0.946236559139785,0.9228303652232602
C3_prune10_uniform,44b6_0c582fdc,69,1,1,0,0,0,26731,nan,-0.0438872594606195,0.971830985915493,0.9760960857785673
C3_prune10_uniform,44b6_0b24845f,49,0,0,0,0,0,17589,nan,-0.46366824211007773,1.0,1.0463668242110078
C3_prune10_uniform,44b6_0113de3b,46,3,4,0,0,0,25483,nan,-0.010561056105610561,0.8679245283018868,0.8688411482657701
C3_prune10_uniform,44b6_0db75fae,149,0,2,0,0,0,17459,nan,0.13850668405608085,0.9867549668874173,0.9730877510434728
C3_prune10_uniform,44b6_1574802b,144,11,9,0,2,0,19211,nan,0.08677943089890819,0.8780487804878049,0.8704291231405837
C3_prune10_uniform,44b6_144b256d,119,0,0,0,0,0,27135,nan,-0.5849394273127754,1.0,1.0584939427312776
C3_prune10_uniform,44b6_24264f12,213,10,8,0,0,0,26753,nan,0.015178537547907258,0.922077922077922,0.9206783426416865
C3_prune10_uniform,44b6_12dfb391,741,38,32,0,0,1,44091,nan,-0.24851718025634034,0.9136868064118372,0.9363934932885263
C3_prune10_uniform,44b6_1d530831,253,28,18,0,1,0,35221,nan,-0.01685973482205164,0.8461538461538461,0.8475804391003275
C3_prune10_uniform,44b6_18ced818,90,16,9,0,1,0,70852,nan,-0.09907939575809979,0.782608695652174,0.7903627353201991
C3_prune10_uniform,44b6_2f31fc2f,67,25,18,0,0,0,17865,nan,-0.26686638214051217,0.6090909090909091,0.6253454978212858
C3_prune10_uniform,44b6_33b596bf,49,0,0,0,0,0,23505,nan,0.007501071581654522,1.0,0.9992498928418345
C3_prune10_uniform,44b6_267148e4,252,37,25,0,0,1,21589,nan,0.12854155776267642,0.802547770700637,0.7922316966381546
C3_prune10_uniform,44b6_2a2eff9f,197,23,13,0,1,1,37613,nan,-0.3327124026469388,0.8454935622317596,0.8736241816830245
C3_prune10_uniform,44b6_341df25f,208,0,1,0,0,1,8322,nan,0.11915008068854223,0.9952153110047847,0.9833573125439153
C3_prune10_uniform,44b6_3a861e03,884,38,35,0,0,0,36197,nan,-0.10726088886696591,0.9237199582027168,0.9336278605808149
C3_prune10_uniform,44b6_3bb3690f,380,26,16,0,0,0,15656,nan,-0.5097848890002192,0.9004739336492891,0.9463787340805885
C3_prune10_uniform,44b6_53f95252,67,2,1,0,0,0,29919,nan,-0.22719876017047655,0.9571428571428572,0.9788890241877457
C3_prune10_uniform,44b6_415c0a3a,310,13,12,0,0,0,32391,nan,-0.4346331075891922,0.9253731343283582,0.9655929144336268
C3_prune10_uniform,44b6_40c45f5a,194,5,4,0,0,0,28382,nan,-0.13154432238915578,0.9556650246305419,0.968236255440146
C3_prune10_uniform,44b6_551a5dba,199,33,25,0,0,0,30159,nan,-0.4766515695767609,0.77431906614786,0.8112271059711188
C3_prune10_uniform,44b6_5740d24b,169,1,1,0,0,0,10990,nan,-0.44298023314749113,0.9883040935672515,1.0320840113461556
C3_prune10_uniform,44b6_587a1e22,365,7,6,1,0,0,18662,nan,0.028946352759552298,0.9656084656084656,0.9628133812811543
C3_prune10_uniform,44b6_5f15d135,252,23,21,0,0,1,20876,nan,-0.2927944713574308,0.8513513513513513,0.8762784482371867
C3_prune10_uniform,44b6_71a4179f,107,20,12,0,0,0,30295,nan,-0.5524317456565417,0.7697841726618705,0.8123094940901078
C3_prune10_uniform,44b6_66f9292d,197,2,1,0,0,0,19463,nan,-0.63075317776513,0.985,1.0471291880098654
C3_prune10_uniform,44b6_706092f0,108,10,9,0,0,1,28325,nan,-0.5947666599902716,0.8503937007874016,0.9009722828968105
C3_prune10_uniform,44b6_668e0cc7,613,28,18,0,0,0,33347,nan,-0.16004634643963628,0.9301972685887708,0.9450847360193471
C3_prune10_uniform,44b6_74d0c52e,135,5,4,0,1,1,8357,nan,-0.4461895294897283,0.9375,0.9793302683896621
C3_prune10_uniform,44b6_808952d6,179,0,0,0,0,0,14847,nan,-0.056854275187396774,1.0,1.0056854275187397
C3_prune10_uniform,44b6_81c256f0,197,0,0,0,0,0,11173,nan,0.1115200955033824,1.0,0.9888479904496618
C3_prune10_uniform,44b6_7e557709,546,10,14,0,0,0,44299,nan,-0.20979307884409562,0.9578947368421052,0.9779907054471713
C3_prune10_uniform,44b6_7a302da0,492,22,15,0,0,1,42172,nan,-0.3692303090131323,0.9300567107750473,0.9643972234469682
C3_prune10_uniform,44b6_87bba6c4,109,47,40,0,1,0,27799,nan,-0.010782150736602377,0.5561224489795918,0.5567220685868824
C3_prune10_uniform,44b6_8cc6506c,381,22,15,0,0,0,18025,nan,-0.4397302001740644,0.9114832535885168,0.9515639249440954
C3_prune10_uniform,44b6_8f5ab931,571,37,33,0,1,0,26909,nan,-0.024010735918174896,0.890795631825273,0.892934497692555
C3_prune10_uniform,44b6_8f9ecab4,366,4,4,0,0,0,39477,nan,-0.47246535619312335,0.9786096256684492,1.0248455402049956
C3_prune10_uniform,44b6_95029e92,198,0,0,0,0,0,4749,nan,-0.0798294904088355,1.0,1.0079829490408836
C3_prune10_uniform,44b6_90724892,97,12,6,0,0,0,22990,nan,-0.09956133479555068,0.8434782608695652,0.8518760430218856
C3_prune10_uniform,44b6_949adeb1,351,44,27,0,0,0,37645,nan,0.012533957341509992,0.8317535545023697,0.8307110381452915
C3_prune10_uniform,44b6_97725144,219,1,2,0,0,0,32549,nan,-0.090149270419858,0.9864864864864865,0.995379590190067
C3_prune10_uniform,44b6_996155de,370,2,7,1,0,0,8768,nan,0.15779743826752937,0.9762532981530343,0.9608482711981567
C3_prune10_uniform,44b6_9be80b04,205,18,15,0,1,1,25006,nan,-0.5679458161273044,0.8613445378151261,0.9102642404647469
C3_prune10_uniform,44b6_9bfa6a0a,241,30,18,0,0,0,38488,nan,-0.4015052559557131,0.8339100346020761,0.8673919607907706
C3_prune10_uniform,44b6_a2bb48bb,376,44,34,0,1,0,42766,nan,-0.29444178641545543,0.8281938325991189,0.8525793197559937
C3_prune10_uniform,44b6_a21120c2,279,12,7,1,0,1,21913,nan,-0.048914930555555555,0.9362416107382551,0.9408212300755033
C3_prune10_uniform,44b6_aaf8b0ea,203,0,3,0,0,1,13806,nan,-0.37526584913344496,0.9854368932038835,1.0224169744534415
C3_prune10_uniform,44b6_abf82518,94,0,0,0,0,0,25409,nan,-0.07951746123750181,1.0,1.0079517461237502
C3_prune10_uniform,44b6_c15fded2,97,8,5,0,0,0,19349,nan,-0.06004372115618169,0.8818181818181818,0.887112946320136
C3_prune10_uniform,44b6_b2c44266,156,14,12,0,0,0,36532,nan,-0.3883708081501448,0.8571428571428571,0.8904317835557266
C3_prune10_uniform,44b6_c771cb04,198,34,25,0,0,0,27707,nan,-0.4806073671384385,0.7704280155642024,0.8074553535772028
C3_prune10_uniform,44b6_cf2536e8,70,8,5,0,0,0,20352,nan,-0.6464518370537653,0.8433734939759037,0.8978935284262213
C3_prune10_uniform,44b6_c96cfa10,590,17,26,0,0,0,37100,nan,-0.19759494765983215,0.9320695102685624,0.9504867328782466
C3_prune10_uniform,44b6_c50204e0,295,31,30,0,1,2,35128,nan,-0.25383406261948255,0.8286516853932584,0.8496856877732436
C3_prune10_uniform,44b6_c8e2a523,158,10,6,0,1,1,28294,nan,-0.14633116099444846,0.9080459770114943,0.9213335192167372
C3_prune10_uniform,44b6_d29c9ab2,1285,56,43,0,0,0,36336,nan,-0.0451714623571147,0.9284682080924855,0.9326622347636483
C3_prune10_uniform,44b6_d2f34f90,271,5,10,0,0,2,14544,nan,-0.3958627565007892,0.9475524475524476,0.9850625199341657
C3_prune10_uniform,44b6_cf8fed6b,178,12,10,0,0,0,40865,nan,-0.06549429440417115,0.89,0.8958289922019713
C3_prune10_uniform,44b6_d754aa59,64,3,6,0,0,1,5496,nan,0.06285051247340939,0.8767123287671232,0.8712021468516463
C3_prune10_uniform,44b6_db3c847b,154,7,8,0,0,0,15098,nan,0.0049923450708913,0.9112426035502958,0.9107876797982738
C3_prune10_uniform,44b6_d78e09d9,418,37,33,0,0,0,23267,nan,0.04528505323689294,0.8565573770491803,0.8526784524071678
C3_prune10_uniform,44b6_d5e7d891,830,90,63,0,1,2,41533,nan,-0.07391633963610418,0.844354018311292,0.8505951741503527
C3_prune10_uniform,44b6_ddf577ad,607,48,40,0,0,0,37052,nan,-0.3073356763628206,0.8733812949640288,0.9002234180650694
C3_prune10_uniform,44b6_deabac95,121,6,3,1,2,0,15540,nan,0.110872828651083,0.9307692307692308,0.9204495290255531
C3_prune10_uniform,44b6_e29f0176,48,4,2,0,0,0,13260,nan,0.022438121674762897,0.8888888888888888,0.8868943891844655
C3_prune10_uniform,44b6_e28840c6,289,14,20,0,0,2,26209,nan,-0.6490774710119701,0.8947368421052632,0.9528121947747552
C3_prune10_uniform,44b6_e35b117d,238,11,28,0,0,0,17951,nan,-0.37324115778080375,0.8592057761732852,0.8912748720403723
C3_prune10_uniform,44b6_e57ff5c6,142,19,44,0,0,0,15701,nan,-0.22708476912474157,0.6926829268292682,0.7084127010808356
C3_prune10_uniform,6bba_05b6850b,836,8,9,0,0,0,5995,nan,-0.05768626218170387,0.9800703399765534,0.9857239994353933
C3_prune10_uniform,44b6_f28707c6,55,6,6,0,0,0,21311,nan,0.14231346483704974,0.8208955223880597,0.8092130737820333
C3_prune10_uniform,6bba_062c8d37,896,4,2,1,1,0,5838,nan,-0.031840796019900496,0.9933481152993349,0.9965110147709346
C3_prune10_uniform,6bba_07477033,593,14,9,0,0,0,4485,nan,-0.07258064516129033,0.9626623376623377,0.9696494030163385
C3_prune10_uniform,44b6_eb2880fc,371,13,8,0,3,1,35695,nan,-0.2576532734381499,0.9464285714285714,0.9708136133789678
C3_prune10_uniform,44b6_e31261b4,102,17,11,0,0,0,66017,nan,-0.09387009992313605,0.7846153846153846,0.7919805770708923
C3_prune10_uniform,6bba_085bf656,1164,0,4,0,0,1,8176,nan,-0.03391232423490488,0.9965753424657534,0.9999549610795745
C3_prune10_uniform,6bba_0c7fa718,620,45,39,0,0,0,12338,nan,-0.09611721611721612,0.8806818181818182,0.8891466866466866
C3_prune10_uniform,6bba_07e24132,309,17,36,0,0,2,26957,nan,0.25468931812892714,0.8535911602209945,0.831851105165238
C3_prune10_uniform,6bba_09961292,1788,108,83,1,0,3,29166,nan,-0.06269884628980943,0.9034866093986862,0.9091513662034452
C3_prune10_uniform,6bba_0e7c0d07,179,19,19,0,0,1,21216,nan,-0.05568166644411804,0.8248847926267281,0.8294778886145148
C3_prune10_uniform,6bba_13f19531,693,11,11,0,0,0,5521,nan,-0.04365148103239217,0.9692307692307692,0.9734616050846779
C3_prune10_uniform,6bba_15403b9a,716,14,13,0,1,0,6235,nan,-0.09493395267818261,0.9636608344549125,0.9728092476605085
C3_prune10_uniform,6bba_12665c0e,961,21,37,0,1,3,7995,nan,-0.03836901611739235,0.943081452404318,0.9466999631490495
C3_prune10_uniform,6bba_1ebfb80d,675,37,44,0,0,0,11065,nan,-0.042654438484166814,0.8928571428571429,0.8966655748646578
C3_prune10_uniform,6bba_05db0fb1,1113,93,70,0,0,3,68590,nan,-0.017335243553008597,0.872257053291536,0.8737691321375
C3_prune10_uniform,6bba_1d0d8384,1255,107,110,0,0,1,16828,nan,-0.06036071249092635,0.8525815217391305,0.8577277645500077
C3_prune10_uniform,6bba_1f58c2f6,264,48,35,0,1,0,31233,nan,0.08061446908625403,0.760806916426513,0.7546737118620256
C3_prune10_uniform,6bba_23af9eeb,498,1,1,0,0,0,4044,nan,-0.09123595505617978,0.996,1.0050871011235953
C3_prune10_uniform,6bba_207c6aaf,349,79,101,0,1,1,17043,nan,0.42036836403033584,0.6597353497164461,0.6320021627511178
C3_prune10_uniform,6bba_20852818,846,27,63,0,0,3,9702,nan,-0.005738880918220947,0.9038461538461539,0.9043648603906853
C3_prune10_uniform,6bba_2312ac41,1128,5,4,1,0,1,12237,nan,0.02401673640167364,0.9920844327176781,0.9897017696867996
C3_prune10_uniform,6bba_2540cd90,523,0,0,0,0,0,3476,nan,-0.08115252445149353,1.0,1.0081152524451493
C3_prune10_uniform,6bba_2646afc7,704,12,17,0,1,0,5160,nan,-0.060964513193812554,0.9604365620736699,0.966291816819706
C3_prune10_uniform,6bba_268e1230,578,10,31,0,0,1,4503,nan,-0.11826904249069904,0.9337641357027464,0.9448076747269184
C3_prune10_uniform,6bba_2819ca14,915,20,34,0,0,1,4897,nan,-0.11510661366100469,0.9442724458204335,0.9551416461816119
C3_prune10_uniform,6bba_283bf9f1,1266,13,22,0,1,0,21531,nan,0.03211734816164134,0.973097617217525,0.9699722857207811
C3_prune10_uniform,6bba_312f0dc3,495,9,5,0,1,0,9309,nan,-0.06564287865100873,0.9724950884086444,0.9788788261163555
C3_prune10_uniform,6bba_372c8cb8,1006,2,1,0,0,0,6502,nan,-0.07392109386127332,0.9970267591674926,1.0043968900321547
C3_prune10_uniform,6bba_3a1849c2,1108,40,34,0,0,0,6418,nan,-0.0835356275881765,0.937394247038917,0.9452248287113112
C3_prune10_uniform,6bba_337b1b3a,1194,32,19,1,0,1,29310,nan,-0.038385826771653545,0.9590361445783132,0.9627174841096671
C3_prune10_uniform,6bba_32db13fc,690,118,121,0,1,1,43018,nan,0.11143263144296603,0.7427341227125942,0.7344576409369595
C3_prune10_uniform,6bba_3c5691b6,741,4,5,0,0,2,6138,nan,-0.019175455417066157,0.988,0.9898945349952062
C3_prune10_uniform,6bba_3db54e20,433,41,41,0,0,1,22451,nan,-0.033783783783783786,0.8407766990291262,0.8436171608501705
C3_prune10_uniform,6bba_43fea39d,853,12,27,0,1,0,5284,nan,-0.08072372999304106,0.9562780269058296,0.9639974598300521
C3_prune10_uniform,6bba_3fda6b25,1164,6,15,0,0,1,8113,nan,-0.17567567567567569,0.9822784810126582,0.9995347245980157
C3_prune10_uniform,6bba_3abfe10a,839,114,96,1,0,0,51965,nan,-0.0019206760779794487,0.7998093422306959,0.7999629596977527
C3_prune10_uniform,6bba_4aa14c89,648,30,33,0,0,0,7056,nan,0.03963459555031678,0.9113924050632911,0.9077801381270597
C3_prune10_uniform,6bba_474be664,240,25,46,0,0,1,24148,nan,-0.1465026685045771,0.7717041800643086,0.7830098522318645
C3_prune10_uniform,6bba_4f99ce20,993,8,17,0,0,2,5300,nan,-0.11148365465213747,0.9754420432220039,0.9863166276099776
C3_prune10_uniform,6bba_4ffd3da3,645,22,44,1,0,2,19940,nan,0.1305777626580484,0.9071729957805907,0.8953273337673079
C3_prune10_uniform,6bba_55b7eebe,682,6,6,0,0,1,4488,nan,-0.14628114894426478,0.9827089337175793,0.9970841129077794
C3_prune10_uniform,6bba_5a4d9360,699,13,23,0,0,0,5439,nan,-0.08985943775100401,0.9510204081632653,0.9595662240799934
C3_prune10_uniform,6bba_48816121,896,20,22,1,0,4,25087,nan,0.04681827665345295,0.9552238805970149,0.9507516870062374
C3_prune10_uniform,6bba_55c70843,402,49,65,0,0,0,36326,nan,0.025723563461809967,0.7790697674418605,0.7770657223814637
C3_prune10_uniform,6bba_5b28472a,716,1,8,0,0,0,5679,nan,-0.021199586349534644,0.9875862068965517,0.9896798488036229
C3_prune10_uniform,6bba_5c039895,1138,5,7,2,1,1,7921,nan,-0.07572928821470246,0.9895652173913043,0.9970591243468114
C3_prune10_uniform,6bba_5f89039d,885,0,0,0,0,0,4414,nan,-0.042723921058338755,1.0,1.0042723921058339
C3_prune10_uniform,6bba_5c824876,1080,44,50,1,0,0,24977,nan,0.01338905343449507,0.919931856899489,0.9187001552206768
C3_prune10_uniform,6bba_61dd1e0d,534,8,9,0,0,0,9366,nan,-0.07523696682464455,0.969147005444646,0.9764385735543304
C3_prune10_uniform,6bba_61ecbe65,595,6,19,0,0,1,5351,nan,-0.07325943886387253,0.9596774193548387,0.9667079622780652
C3_prune10_uniform,6bba_5dfe9ad1,1441,19,46,0,0,0,29304,nan,0.0888418236539962,0.9568393094289509,0.948338574509601
C3_prune10_uniform,6bba_6321a359,785,13,13,0,0,1,4562,nan,-0.053723293922422734,0.967940813810111,0.973140910694094
C3_prune10_uniform,6bba_6ca87370,1038,17,14,0,0,1,6239,nan,-0.1328700486448923,0.971000935453695,0.983902629606492
C3_prune10_uniform,6bba_67ebd073,391,68,47,0,2,1,15078,nan,-0.061204159143266296,0.7727272727272727,0.777456685024707
C3_prune10_uniform,6bba_6479435d,470,71,110,0,0,0,23715,nan,0.011171278727668103,0.7219662058371735,0.7211596772654371
C3_prune10_uniform,6bba_6db0e9b4,428,15,12,0,0,0,24607,nan,-0.1346228239845261,0.9406593406593406,0.953322762344039
C3_prune10_uniform,6bba_6feb10f0,1125,99,218,0,0,0,10524,nan,0.18754231550440081,0.7801664355062413,0.7655350135268758
C3_prune10_uniform,6bba_57b7cc1e,1278,334,314,0,1,3,72362,nan,0.10457785715376043,0.6635514018691588,0.6566121234972738
C3_prune10_uniform,6bba_6feeb0b1,1330,7,13,0,0,0,6785,nan,-0.09749933492950252,0.9851851851851852,0.9947906752189807
C3_prune10_uniform,6bba_718b21f9,649,0,3,0,0,0,4074,nan,-0.0538783093358105,0.995398773006135,1.000761813306586
C3_prune10_uniform,6bba_705ec2c9,536,23,26,0,2,1,5760,nan,0.02857142857142857,0.9162393162393162,0.9136214896214896
C3_prune10_uniform,6bba_76db78c1,604,0,0,0,0,0,4610,nan,-0.05046343975283213,1.0,1.0050463439752833
C3_prune10_uniform,6bba_767a1e17,547,94,111,0,0,0,46958,nan,-0.015844406253929664,0.7273936170212766,0.7285461290187366
C3_prune10_uniform,6bba_784a78c9,1735,3,4,0,1,1,12608,nan,-0.03726328649969456,0.9959816303099885,0.9996929851938559
C3_prune10_uniform,6bba_74686d6a,560,23,16,0,2,2,25158,nan,-0.15585679294030802,0.9348914858096828,0.9494624046822324
C3_prune10_uniform,6bba_789f8168,670,16,11,0,0,0,10517,nan,-0.014893218433870363,0.9612625538020086,0.962694183120616
C3_prune10_uniform,6bba_7b5d3b2c,543,8,12,0,0,0,5340,nan,-0.07612456747404844,0.9644760213143873,0.971818053310552
C3_prune10_uniform,6bba_7af54fde,1043,48,49,0,0,2,10002,nan,0.03927680798004988,0.9149122807017543,0.9113187973049831
C3_prune10_uniform,6bba_7d3058ae,1167,5,6,0,0,2,7354,nan,-0.033766916305347526,0.9906621392190152,0.9940072997732037
C3_prune10_uniform,6bba_78a7bd97,731,110,101,0,0,2,38432,nan,-0.05370201659567134,0.7760084925690022,0.7801758146636344
C3_prune10_uniform,6bba_7f87b3d8,892,49,42,1,0,2,9126,nan,-0.13751063226538135,0.9074262461851476,0.9199043218698596
C3_prune10_uniform,6bba_80d12824,639,10,15,0,0,1,8130,nan,-0.09876953774526105,0.9623493975903614,0.9718544781053043
C3_prune10_uniform,6bba_825bd1c6,893,46,37,0,2,0,6793,nan,-0.10453466912733983,0.9149590163934426,0.9245235101978191
C3_prune10_uniform,6bba_786893ac,1195,268,200,0,4,3,53690,nan,-0.0896759863680293,0.7185808779314492,0.72502482283282
C3_prune10_uniform,6bba_907271db,916,1,5,0,0,1,6766,nan,-0.07391185327128387,0.9934924078091106,1.000835494316323
C3_prune10_uniform,6bba_87289e13,669,41,30,0,1,1,13856,nan,-0.07416811439262327,0.904054054054054,0.9107592525038736
C3_prune10_uniform,6bba_91951b3a,1125,16,23,0,0,0,11358,nan,-0.04610733182161754,0.9664948453608248,0.9709510952147181
C3_prune10_uniform,6bba_8b7818bf,723,2,2,1,0,1,5558,nan,-0.04632807137954702,0.9944979367262724,0.9991052538662191
C3_prune10_uniform,6bba_96833384,714,9,7,0,1,0,4703,nan,-0.034093242965701376,0.9780821917808219,0.9814167911613028
C3_prune10_uniform,6bba_971fa5e0,750,11,17,0,1,0,4932,nan,-0.12069887680513461,0.9640102827763496,0.9756457786123202
C3_prune10_uniform,6bba_9e23430b,866,18,25,0,0,1,7225,nan,-0.06266216917488324,0.9526952695269527,0.9586650647420736
C3_prune10_uniform,6bba_969618f6,650,5,8,0,0,3,15459,nan,0.11311923963133641,0.9803921568627451,0.9693020353302612
C3_prune10_uniform,6bba_a5e926bb,670,22,28,0,0,0,7813,nan,-0.07428909952606635,0.9305555555555556,0.9374685689836756
C3_prune10_uniform,6bba_9a41d029,1317,33,36,0,1,2,18317,nan,0.004717239866162032,0.9502164502164502,0.9497682103244057
C3_prune10_uniform,6bba_ae82a791,1463,13,8,0,1,0,7099,nan,-0.041064433337836014,0.9858490566037735,0.989897389890381
C3_prune10_uniform,6bba_acd782a8,307,27,23,0,0,0,19685,nan,-0.0012683916793505834,0.8599439775910365,0.8600530521696248
C3_prune10_uniform,6bba_ab78413d,936,115,202,0,0,2,12039,nan,0.30278108429823614,0.7470071827613727,0.7243892182838668
C3_prune10_uniform,6bba_a90a0b9c,871,184,241,0,0,0,28839,nan,-0.21837055507372072,0.6720679012345679,0.6867438852985503
C3_prune10_uniform,6bba_aeee7805,757,3,11,0,0,1,4885,nan,-0.029598728645212555,0.9818417639429312,0.9847478907372795
C3_prune10_uniform,6bba_af149c94,1268,27,49,0,0,0,7784,nan,-0.1286242023956118,0.9434523809523809,0.9555874619522049
C3_prune10_uniform,6bba_afb141ff,593,19,33,1,0,3,5447,nan,-0.10026428807400066,0.9193798449612403,0.9285979415237027
C3_prune10_uniform,6bba_b204cac7,802,8,9,0,0,2,5362,nan,0.05302435192458759,0.9792429792429792,0.974050606807873
C3_prune10_uniform,6bba_b693381b,913,12,22,0,0,0,6030,nan,0.08492263404102195,0.9640971488912354,0.9559097819557072
C3_prune10_uniform,6bba_b1ae37b9,549,35,30,0,1,0,22458,nan,-0.07572639723434027,0.8941368078175895,0.9009077837266534
C3_prune10_uniform,6bba_bbb708ca,848,8,13,0,2,0,6498,nan,-0.04229918938835667,0.9758342922899885,0.9799619922441113
C3_prune10_uniform,6bba_c27cba08,484,5,9,0,0,0,6257,nan,-0.02916989914662529,0.9718875502008032,0.974722536382925
C3_prune10_uniform,6bba_b329af44,1166,88,102,0,0,1,63433,nan,0.015496678139758264,0.859882005899705,0.8585494744313452
C3_prune10_uniform,6bba_c73a1d11,546,97,164,0,0,0,23395,nan,0.4339564817652467,0.6765799256505576,0.6472193012337268
C3_prune10_uniform,6bba_bb9f20c3,1795,78,84,0,2,3,22726,nan,-0.014953838151792293,0.9172202350536536,0.9185918313481077
C3_prune10_uniform,6bba_c328f2fd,448,25,52,0,0,2,29996,nan,-0.039451774048930445,0.8533333333333334,0.8566998847188422
C3_prune10_uniform,6bba_cf35214c,815,3,2,0,0,0,34601,nan,-0.00828317569504156,0.9939024390243902,0.9947257058770071
C3_prune10_uniform,6bba_d0fc38b5,813,0,0,0,0,0,5617,nan,-0.08083783341515301,1.0,1.0080837833415153
C3_prune10_uniform,6bba_cff5865f,1468,37,33,0,0,0,46383,nan,0.0004529571631939951,0.9544863459037711,0.9544431117610164
C3_prune10_uniform,6bba_d1acb6ff,619,26,24,0,2,1,15980,nan,0.08567158094979278,0.9252615844544095,0.9173347221811775
C3_prune10_uniform,6bba_d2b9fc0c,917,5,4,0,0,2,18752,nan,-0.07067102785211617,0.990280777537797,0.9972791935788758
C3_prune10_uniform,6bba_cdcfe533,1330,19,18,1,2,3,28108,nan,-0.05630350847742152,0.9729334308705194,0.978411387437818
C3_prune10_uniform,6bba_d5eae175,519,0,0,0,0,0,4115,nan,-0.08940030980305377,1.0,1.0089400309803054
C3_prune10_uniform,6bba_d3da753b,833,34,24,0,1,1,15894,nan,-0.07839499014264177,0.9349046015712682,0.9422337852737173
C3_prune10_uniform,6bba_d6ecebbb,840,13,22,0,0,0,5966,nan,0.11326740063444672,0.96,0.949126329539093
C3_prune10_uniform,6bba_d82a4fc6,508,28,22,0,0,0,28258,nan,0.019555491412902293,0.910394265232975,0.9086139445093631
C3_prune10_uniform,6bba_e16ffc58,935,7,7,1,0,0,5913,nan,-0.07130516726872939,0.9852476290832455,0.9922729537825354
C3_prune10_uniform,6bba_debd7bfa,714,16,15,3,0,1,11729,nan,-0.006606250529346998,0.9583892617449664,0.9590223977017387
C3_prune10_uniform,6bba_e5e44988,597,16,37,0,0,0,5069,nan,-0.09723953695458593,0.9184615384615384,0.927392615932598
C3_prune10_uniform,6bba_ed9377fd,497,0,11,0,0,0,4249,nan,-0.04366419086203016,0.9783464566929134,0.9826183273343364
C3_prune10_uniform,6bba_df673a83,644,7,10,1,0,3,21755,nan,0.1307760278600759,0.9742813918305597,0.9615401267864011
C3_prune10_uniform,6bba_ebff6e76,993,271,271,0,0,0,47400,nan,0.13953264736993942,0.6469055374592834,0.6378790932352866
C3_prune10_uniform,6bba_eebc57a5,927,75,62,0,2,0,8393,nan,-0.10206483363646089,0.8712406015037594,0.8801329042087406
C3_prune10_uniform,6bba_edf14583,727,46,33,0,0,0,49891,nan,-0.15784409709327843,0.901985111662531,0.9162224142167262
C3_prune10_uniform,6bba_ef7b4f7e,1174,7,27,0,0,2,5712,nan,-0.06467987555264451,0.9718543046357616,0.9781402461836759
C3_prune10_uniform,6bba_f17befbc,921,89,94,0,2,0,25362,nan,0.015983655810599687,0.8342391304347826,0.8329057113223223
C3_prune10_uniform,6bba_f1fde7e0,415,29,31,0,0,0,7718,nan,-0.14623893805309734,0.8736842105263158,0.8864608756404286
C3_prune10_uniform,6bba_f20478e9,931,22,32,0,0,1,5159,nan,-0.13627992633517497,0.9451776649746193,0.9580585392302586
C3_prune10_uniform,6bba_ebdf3b34,732,66,71,0,0,2,58863,nan,0.03546361285555966,0.8423475258918297,0.8393602572370231
C3_prune10_uniform,6bba_f4ae811c,955,7,10,0,0,0,9249,nan,0.03886330450409974,0.9825102880658436,0.9786919284154922
C3_prune10_uniform,6bba_fbc898dc,634,7,5,0,0,0,4913,nan,0.004908979341378605,0.9814241486068112,0.9809423695197471
C3_prune10_uniform,6bba_fc516dc6,720,28,42,0,0,0,6643,nan,-0.1554792779049072,0.9113924050632911,0.9255626683660167
C3_prune10_uniform,6bba_fc83837d,819,78,104,0,0,0,11051,nan,-0.1555742339726446,0.8181818181818182,0.8309106191432164
C3_prune10_uniform,6bba_f8ffd5e7,352,17,18,1,0,1,30532,nan,0.03358158429248476,0.9095607235142119,0.9065062745036293
C3_prune10_uniform,6bba_fc5f39dc,440,7,18,0,0,2,17552,nan,0.251925820256776,0.946236559139785,0.922398417007961
C3_prune10_uniform,6bba_fe670320,662,14,18,0,0,2,9534,nan,-0.12015503875968993,0.9538904899135446,0.9653519647923509
