adjusted_edge_jaccard,div_fn,div_fp,div_jaccard,div_tp,edge_fn,edge_fp,edge_jaccard,edge_tp,edges_fragmented,edges_lost_to_detection,edges_recovered,missed_gt_nodes,rule,spurious_pred_nodes,stem,t_pred,t_true,weight,wrong_association_edges
0.8680155163130077,0,0,0.0,0,4,3,0.8679245283018868,46,2,2,46,3,L6,25679,44b6_0113de3b,25728,25755.0,53,0
0.9342230930472957,1,0,0.0,0,32,39,0.9125615763546798,741,24,8,741,6,L6,43963,44b6_12dfb391,44745,58672.0,812,0
0.7789919214539074,1,0,0.0,0,26,40,0.7917981072555205,251,24,2,251,1,L6,21945,44b6_267148e4,22224,19130.0,317,1
0.8713007131147186,0,1,0.5,1,13,23,0.8454935622317596,197,13,0,197,0,L6,38948,44b6_2a2eff9f,39162,56367.0,233,0
0.9815638906547998,1,0,0.0,0,1,0,0.9952153110047847,208,1,0,208,0,L6,8240,44b6_341df25f,8456,7436.0,209,0
0.9451945306421543,0,0,0.0,0,16,26,0.9004739336492891,380,16,0,380,0,L6,15676,44b6_3bb3690f,16076,31937.0,422,0
0.9614664168338977,0,1,0.5,1,6,7,0.9656084656084656,365,4,2,365,1,L6,18535,44b6_587a1e22,18915,18137.0,378,0
0.9622479853331337,1,0,0.0,0,15,22,0.9300567107750473,492,15,0,492,0,L6,43201,44b6_7a302da0,43717,66858.0,529,0
1.0041735484690637,0,0,0.0,0,0,0,1.0,179,0,0,179,0,L6,14904,44b6_808952d6,15085,15742.0,179,0
0.832594039019933,0,0,0.0,0,26,43,0.836104513064133,352,24,2,352,2,L6,38354,44b6_949adeb1,38740,37179.0,421,0
0.9212105420525059,1,1,0.0,0,14,16,0.8728813559322034,206,9,5,206,4,L6,25614,44b6_9be80b04,25832,57877.0,236,0
0.8470408063551448,0,1,0.0,0,34,45,0.8263736263736263,376,27,7,376,5,L6,45043,44b6_a2bb48bb,45454,60613.0,455,4
0.8257445167332681,0,0,0.0,0,20,34,0.7898832684824902,203,20,0,203,0,L6,28899,44b6_c771cb04,29126,53345.0,257,0
0.8399952328914332,0,0,0.0,0,7,11,0.7906976744186046,68,7,0,68,0,L6,21599,44b6_cf2536e8,21675,57565.0,86,0
0.8943066157469872,0,0,0.0,0,10,12,0.89,178,6,4,178,3,L6,41425,44b6_cf8fed6b,41613,43729.0,200,0
0.8510737782249067,0,0,0.0,0,33,37,0.8565573770491803,418,19,14,418,12,L6,23233,44b6_d78e09d9,23684,22259.0,488,0
0.8030163696696441,0,0,0.0,0,4,7,0.8070175438596491,46,4,0,46,0,L6,13561,44b6_e29f0176,13612,12969.0,57,0
0.9562183109937356,0,3,0.25,1,10,16,0.9341772151898734,369,10,0,369,0,L6,36349,44b6_eb2880fc,36739,48084.0,395,0
0.9822578594401917,0,0,0.0,0,9,8,0.9800703399765534,836,4,5,836,4,L6,5363,6bba_05b6850b,6220,6362.0,853,0
0.9949460384698827,0,1,0.5,1,2,4,0.9933481152993349,896,2,0,896,0,L6,5003,6bba_062c8d37,5933,6030.0,902,0
0.9453473945409429,0,0,0.0,0,14,22,0.9423076923076923,588,12,2,588,1,L6,4068,6bba_07477033,4680,4836.0,624,0
0.8296645353240152,2,0,0.0,0,35,17,0.856353591160221,310,6,29,310,23,L6,27845,6bba_07e24132,28181,21485.0,362,0
0.9971287991725464,1,0,0.0,0,4,0,0.9965753424657534,1164,0,4,1164,4,L6,7222,6bba_085bf656,8416,8463.0,1168,0
0.9058604857758491,3,0,0.25,1,82,113,0.9017137096774194,1789,63,19,1789,15,L6,27751,6bba_09961292,29686,31117.0,1984,0
0.9161293035037654,3,1,0.0,0,49,27,0.9188034188034188,860,14,35,860,34,L6,9124,6bba_20852818,10042,9758.0,936,3
0.7869310905932154,1,0,0.0,0,43,26,0.7788461538461539,243,11,32,243,28,L6,25092,6bba_474be664,25356,28293.0,312,1
0.9498947158636195,4,0,0.2,1,22,20,0.9552238805970149,896,13,9,896,6,L6,24373,6bba_48816121,25302,23965.0,938,0
0.6597282232905556,3,1,0.0,0,296,342,0.6701137538779731,1296,173,123,1296,95,L6,74100,6bba_57b7cc1e,75664,65511.0,1934,0
0.7778512875192949,2,0,0.0,0,97,115,0.7761351636747624,735,60,37,735,32,L6,38861,6bba_78a7bd97,39715,40613.0,947,1
0.9691491143994826,0,0,0.0,0,23,16,0.9664948453608248,1125,10,13,1125,9,L6,10401,6bba_91951b3a,11580,11907.0,1164,2
0.9735833568984111,0,1,0.0,0,17,11,0.9640102827763496,750,8,9,750,8,L6,4268,6bba_971fa5e0,5052,5609.0,778,0
0.9485225203918638,2,1,0.0,0,36,33,0.9502164502164502,1317,14,22,1317,17,L6,17172,6bba_9a41d029,18556,18231.0,1386,2
0.9881642653788435,1,0,0.0,0,6,4,0.9870466321243523,762,2,4,762,3,L6,4185,6bba_aeee7805,4977,5034.0,772,3
0.9517505372137833,0,0,0.0,0,18,18,0.9622245540398741,917,13,5,917,4,L6,5184,6bba_b693381b,6163,5558.0,953,2
0.974727204745926,0,0,1.0,1,13,17,0.9687174139728885,929,13,0,929,0,L6,5008,6bba_e16ffc58,5972,6367.0,959,1
0.9698225798139777,0,0,0.0,0,13,3,0.9686888454011742,495,2,11,495,10,L6,3870,6bba_ed9377fd,4391,4443.0,511,1
0.8685210052636784,0,0,0.0,0,4,3,0.8679245283018868,46,2,2,46,3,L7,25529,44b6_0113de3b,25578,25755.0,53,0
0.934932337795758,1,0,0.0,0,32,39,0.9125615763546798,741,24,8,741,6,L7,43507,44b6_12dfb391,44289,58672.0,812,0
0.7800349592115048,1,0,0.0,0,26,40,0.7917981072555205,251,24,2,251,1,L7,21693,44b6_267148e4,21972,19130.0,317,1
0.872407698139515,0,1,0.5,1,13,23,0.8454935622317596,197,13,0,197,0,L7,38210,44b6_2a2eff9f,38424,56367.0,233,0
0.9820457054906815,1,0,0.0,0,1,0,0.9952153110047847,208,1,0,208,0,L7,8204,44b6_341df25f,8420,7436.0,209,0
0.9458204667453266,0,0,0.0,0,16,26,0.9004739336492891,380,16,0,380,0,L7,15454,44b6_3bb3690f,15854,31937.0,422,0
0.962233068535103,0,1,0.5,1,6,7,0.9656084656084656,365,4,2,365,1,L7,18391,44b6_587a1e22,18771,18137.0,378,0
0.9632579185827413,1,0,0.0,0,15,22,0.9300567107750473,492,15,0,492,0,L7,42475,44b6_7a302da0,42991,66858.0,529,0
1.0048214966332105,0,0,0.0,0,0,0,1.0,179,0,0,179,0,L7,14802,44b6_808952d6,14983,15742.0,179,0
0.8272942343910684,0,0,0.0,0,27,45,0.8297872340425532,351,23,4,351,3,L7,37911,44b6_949adeb1,38296,37179.0,423,0
0.9219254128348752,1,1,0.0,0,14,16,0.8728813559322034,206,9,5,206,4,L7,25140,44b6_9be80b04,25358,57877.0,236,0
0.8483414521564753,0,1,0.0,0,34,45,0.8263736263736263,376,27,7,376,5,L7,44089,44b6_a2bb48bb,44500,60613.0,455,4
0.8269616580711491,0,0,0.0,0,20,34,0.7898832684824902,203,20,0,203,0,L7,28077,44b6_c771cb04,28304,53345.0,257,0
0.8409017915036389,0,0,0.0,0,7,11,0.7906976744186046,68,7,0,68,0,L7,20939,44b6_cf2536e8,21015,57565.0,86,0
0.8950393102975144,0,0,0.0,0,10,12,0.89,178,6,4,178,3,L7,41065,44b6_cf8fed6b,41253,43729.0,200,0
0.851858798688171,0,0,0.0,0,33,37,0.8565573770491803,418,19,14,418,12,L7,23029,44b6_d78e09d9,23480,22259.0,488,0
0.8035764096029262,0,0,0.0,0,4,7,0.8070175438596491,46,4,0,46,0,L7,13471,44b6_e29f0176,13522,12969.0,57,0
0.9696444540506495,0,3,0.25,1,8,13,0.9464285714285714,371,8,0,371,0,L7,35899,44b6_eb2880fc,36289,48084.0,392,0
0.9834594546385282,0,0,0.0,0,9,8,0.9800703399765534,836,4,5,836,4,L7,5285,6bba_05b6850b,6142,6362.0,853,0
0.9958356039462701,0,1,0.5,1,2,4,0.9933481152993349,896,2,0,896,0,L7,4949,6bba_062c8d37,5879,6030.0,902,0
0.9517623052188969,0,0,0.0,0,13,20,0.9469453376205788,589,11,2,589,1,L7,3978,6bba_07477033,4590,4836.0,622,0
0.8315777292907682,2,0,0.0,0,35,17,0.856353591160221,310,6,29,310,23,L7,27365,6bba_07e24132,27701,21485.0,362,0
0.9977646856016276,1,0,0.0,0,4,0,0.9965753424657534,1164,0,4,1164,4,L7,7168,6bba_085bf656,8362,8463.0,1168,0
0.9065211880472972,3,0,0.25,1,82,113,0.9017137096774194,1789,63,19,1789,15,L7,27523,6bba_09961292,29458,31117.0,1984,0
0.908990111389325,3,1,0.0,0,56,28,0.9103521878335112,853,14,42,853,42,L7,8994,6bba_20852818,9904,9758.0,937,3
0.7880872613231324,1,0,0.0,0,43,26,0.7788461538461539,243,11,32,243,28,L7,24672,6bba_474be664,24936,28293.0,312,1
0.950277363443579,4,0,0.2,1,22,20,0.9552238805970149,896,13,9,896,6,L7,24277,6bba_48816121,25206,23965.0,938,0
0.6547721412170662,3,1,0.0,0,310,340,0.6635610766045549,1282,166,144,1282,114,L7,72643,6bba_57b7cc1e,74188,65511.0,1932,0
0.7785338418889253,2,0,0.0,0,99,113,0.7756613756613756,733,58,41,733,36,L7,38259,6bba_78a7bd97,39109,40613.0,945,1
0.9697335406098292,0,0,0.0,0,23,16,0.9664948453608248,1125,10,13,1125,9,L7,10329,6bba_91951b3a,11508,11907.0,1164,2
0.9743052044982793,0,1,0.0,0,17,11,0.9640102827763496,750,8,9,750,8,L7,4226,6bba_971fa5e0,5010,5609.0,778,0
0.9491479714040187,2,1,0.0,0,36,33,0.9502164502164502,1317,14,22,1317,17,L7,17052,6bba_9a41d029,18436,18231.0,1386,2
0.988870139013259,1,0,0.0,0,6,4,0.9870466321243523,762,2,4,762,3,L7,4149,6bba_aeee7805,4941,5034.0,772,3
0.9479040638698196,0,0,0.0,0,23,18,0.9569779643231899,912,12,11,912,10,L7,5112,6bba_b693381b,6085,5558.0,953,2
0.9752749325125825,0,0,1.0,1,13,17,0.9687174139728885,929,13,0,929,0,L7,4972,6bba_e16ffc58,5936,6367.0,959,1
0.9712615504148437,0,0,0.0,0,13,3,0.9686888454011742,495,2,11,495,10,L7,3804,6bba_ed9377fd,4325,4443.0,511,1
0.8688748475291481,0,0,0.0,0,4,3,0.8679245283018868,46,2,2,46,3,L8,25424,44b6_0113de3b,25473,25755.0,53,0
0.9355202643635622,1,0,0.0,0,32,39,0.9125615763546798,741,24,8,741,6,L8,43129,44b6_12dfb391,43911,58672.0,812,0
0.7809621038849248,1,0,0.0,0,26,40,0.7917981072555205,251,24,2,251,1,L8,21469,44b6_267148e4,21748,19130.0,317,1
0.8734051846455985,0,1,0.5,1,13,23,0.8454935622317596,197,13,0,197,0,L8,37545,44b6_2a2eff9f,37759,56367.0,233,0
0.9827015090172985,1,0,0.0,0,1,0,0.9952153110047847,208,1,0,208,0,L8,8155,44b6_341df25f,8371,7436.0,209,0
0.9250484391145067,0,0,0.0,0,22,29,0.88,374,16,6,374,5,L8,15193,44b6_3bb3690f,15588,31937.0,425,0
0.9470020213583097,0,1,0.5,1,12,7,0.9497354497354498,359,4,8,359,8,L8,18286,44b6_587a1e22,18659,18137.0,378,0
0.9643972234469682,1,0,0.0,0,15,22,0.9300567107750473,492,15,0,492,0,L8,41656,44b6_7a302da0,42172,66858.0,529,0
1.005488502096303,0,0,0.0,0,0,0,1.0,179,0,0,179,0,L8,14697,44b6_808952d6,14878,15742.0,179,0
0.830319535221496,0,0,0.0,0,27,44,0.8317535545023697,351,22,5,351,4,L8,37436,44b6_949adeb1,37820,37179.0,422,0
0.922696085766923,1,1,0.0,0,14,16,0.8728813559322034,206,9,5,206,4,L8,24629,44b6_9be80b04,24847,57877.0,236,0
0.8499543074845402,0,1,0.0,0,34,45,0.8263736263736263,376,27,7,376,5,L8,42906,44b6_a2bb48bb,43317,60613.0,455,4
0.8278426788692502,0,0,0.0,0,20,34,0.7898832684824902,203,20,0,203,0,L8,27482,44b6_c771cb04,27709,53345.0,257,0
0.841728682843863,0,0,0.0,0,7,11,0.7906976744186046,68,7,0,68,0,L8,20337,44b6_cf2536e8,20413,57565.0,86,0
0.8958513800910152,0,0,0.0,0,10,12,0.89,178,6,4,178,3,L8,40666,44b6_cf8fed6b,40854,43729.0,200,0
0.8481783848962,0,0,0.0,0,36,36,0.8521560574948666,415,18,18,415,16,L8,22851,44b6_d78e09d9,23298,22259.0,487,0
0.8050574040931614,0,0,0.0,0,4,7,0.8070175438596491,46,4,0,46,0,L8,13233,44b6_e29f0176,13284,12969.0,57,0
0.9706364680261922,0,3,0.25,1,8,13,0.9464285714285714,371,8,0,371,0,L8,35395,44b6_eb2880fc,35785,48084.0,392,0
0.9848613157032543,0,0,0.0,0,9,8,0.9800703399765534,836,4,5,836,4,L8,5194,6bba_05b6850b,6051,6362.0,853,0
0.9971040584218596,0,1,0.5,1,2,4,0.9933481152993349,896,2,0,896,0,L8,4872,6bba_062c8d37,5802,6030.0,902,0
0.9683953143630564,0,0,0.0,0,9,14,0.9626623376623377,593,7,2,593,1,L8,3936,6bba_07477033,4548,4836.0,616,0
0.8331401710302833,2,0,0.0,0,35,17,0.856353591160221,310,6,29,310,23,L8,26973,6bba_07e24132,27309,21485.0,362,0
0.9972023465560806,1,0,0.0,0,6,0,0.9948630136986302,1162,0,6,1162,7,L8,7073,6bba_085bf656,8264,8463.0,1168,0
0.9070080212999428,3,0,0.25,1,82,113,0.9017137096774194,1789,63,19,1789,15,L8,27355,6bba_09961292,29290,31117.0,1984,0
0.909577856704282,3,1,0.0,0,56,28,0.9103521878335112,853,14,42,853,42,L8,8931,6bba_20852818,9841,9758.0,937,3
0.7943935066578647,1,0,0.0,0,43,24,0.7838709677419354,243,11,32,243,29,L8,24232,6bba_474be664,24495,28293.0,310,1
0.9497184504588025,4,0,0.2,1,23,20,0.9541577825159915,895,12,11,895,8,L8,24153,6bba_48816121,25080,23965.0,938,0
0.6530991748159095,3,1,0.0,0,314,342,0.6608066184074457,1278,165,149,1278,118,L8,71611,6bba_57b7cc1e,73152,65511.0,1934,0
0.7766389863698606,2,0,0.0,0,102,113,0.7724867724867724,730,57,45,730,40,L8,37584,6bba_78a7bd97,38430,40613.0,945,1
0.970472190403462,0,0,0.0,0,23,16,0.9664948453608248,1125,10,13,1125,9,L8,10238,6bba_91951b3a,11417,11907.0,1164,2
0.9693634129137848,0,1,0.0,0,22,11,0.9575835475578406,745,8,14,745,14,L8,4141,6bba_971fa5e0,4919,5609.0,778,0
0.9496952410396544,2,1,0.0,0,36,33,0.9502164502164502,1317,14,22,1317,17,L8,16947,6bba_9a41d029,18331,18231.0,1386,2
0.9892818986333347,1,0,0.0,0,6,4,0.9870466321243523,762,2,4,762,3,L8,4128,6bba_aeee7805,4920,5034.0,772,3
0.9493503781735826,0,0,0.0,0,23,18,0.9569779643231899,912,12,11,912,10,L8,5028,6bba_b693381b,6001,5558.0,953,2
0.9924586451842787,0,0,1.0,1,7,7,0.9852476290832455,935,7,0,935,0,L8,4937,6bba_e16ffc58,5901,6367.0,949,1
0.9721772589790312,0,0,0.0,0,13,3,0.9686888454011742,495,2,11,495,10,L8,3762,6bba_ed9377fd,4283,4443.0,511,1
0.8693331575110896,0,0,0.0,0,4,3,0.8679245283018868,46,2,2,46,3,L9,25288,44b6_0113de3b,25337,25755.0,53,0
0.9359806513055463,1,0,0.0,0,32,39,0.9125615763546798,741,24,8,741,6,L9,42833,44b6_12dfb391,43615,58672.0,812,0
0.7820548101071697,1,0,0.0,0,26,40,0.7917981072555205,251,24,2,251,1,L9,21205,44b6_267148e4,21484,19130.0,317,1
0.8742571731199678,0,1,0.5,1,13,23,0.8454935622317596,197,13,0,197,0,L9,36977,44b6_2a2eff9f,37191,56367.0,233,0
0.9835580687255328,1,0,0.0,0,1,0,0.9952153110047847,208,1,0,208,0,L9,8091,44b6_341df25f,8307,7436.0,209,0
0.9109729895167732,0,0,0.0,0,27,30,0.8661971830985915,369,15,12,369,10,L9,15038,44b6_3bb3690f,15428,31937.0,426,0
0.9477560705657966,0,1,0.5,1,12,7,0.9497354497354498,359,4,8,359,8,L9,18142,44b6_587a1e22,18515,18137.0,378,0
0.9654989688101765,1,0,0.0,0,15,22,0.9300567107750473,492,15,0,492,0,L9,40864,44b6_7a302da0,41380,66858.0,529,0
1.006352432981832,0,0,0.0,0,0,0,1.0,179,0,0,179,0,L9,14561,44b6_808952d6,14742,15742.0,179,0
0.8312680908768633,0,0,0.0,0,27,44,0.8317535545023697,351,22,5,351,4,L9,37012,44b6_949adeb1,37396,37179.0,422,0
0.9233234829092557,1,1,0.0,0,14,16,0.8728813559322034,206,9,5,206,4,L9,24213,44b6_9be80b04,24431,57877.0,236,0
0.8513394816293534,0,1,0.0,0,34,45,0.8263736263736263,376,27,7,376,5,L9,41890,44b6_a2bb48bb,42301,60613.0,455,4
0.8081456986731623,0,0,0.0,0,25,34,0.7704280155642024,198,20,5,198,6,L9,27008,44b6_c771cb04,27229,53345.0,257,0
0.8423110780735225,0,0,0.0,0,7,11,0.7906976744186046,68,7,0,68,0,L9,19913,44b6_cf2536e8,19989,57565.0,86,0
0.8966654851471563,0,0,0.0,0,10,12,0.89,178,6,4,178,3,L9,40266,44b6_cf8fed6b,40454,43729.0,200,0
0.827113717706287,0,0,0.0,0,40,44,0.8303030303030303,411,20,20,411,17,L9,22668,44b6_d78e09d9,23114,22259.0,495,0
0.8059534679864129,0,0,0.0,0,4,7,0.8070175438596491,46,4,0,46,0,L9,13089,44b6_e29f0176,13140,12969.0,57,0
0.9714710194659346,0,3,0.25,1,8,13,0.9464285714285714,371,8,0,371,0,L9,34971,44b6_eb2880fc,35361,48084.0,392,0
0.9937304053180896,0,0,0.0,0,7,4,0.9870435806831567,838,2,5,838,4,L9,5074,6bba_05b6850b,5931,6362.0,849,0
0.9977629958117764,0,1,0.5,1,2,4,0.9933481152993349,896,2,0,896,0,L9,4832,6bba_062c8d37,5762,6030.0,902,0
0.9693508104798427,0,0,0.0,0,9,14,0.9626623376623377,593,7,2,593,1,L9,3888,6bba_07477033,4500,4836.0,616,0
0.8344156336747854,2,0,0.0,0,35,17,0.856353591160221,310,6,29,310,23,L9,26653,6bba_07e24132,26989,21485.0,362,0
0.9983308689395742,1,0,0.0,0,6,0,0.9948630136986302,1162,0,6,1162,7,L9,6977,6bba_085bf656,8168,8463.0,1168,0
0.9054795777934826,3,0,0.25,1,88,111,0.8995963673057518,1783,61,27,1783,25,L9,27157,6bba_09961292,29082,31117.0,1982,0
0.9028537786252278,3,1,0.0,0,63,28,0.9028815368196371,846,13,50,846,50,L9,8859,6bba_20852818,9761,9758.0,937,3
0.785549372180284,1,0,0.0,0,46,24,0.7741935483870968,240,9,37,240,33,L9,23884,6bba_474be664,24143,28293.0,310,1
0.9503873363651771,4,0,0.2,1,23,20,0.9541577825159915,895,12,11,895,8,L9,23985,6bba_48816121,24912,23965.0,938,0
0.6579208479457967,3,1,0.0,0,310,337,0.6645930533955418,1282,161,149,1282,118,L9,70547,6bba_57b7cc1e,72088,65511.0,1929,0
0.77059333179344,2,0,0.0,0,109,113,0.765079365079365,723,57,52,723,48,L9,36848,6bba_78a7bd97,37686,40613.0,945,1
0.9710566166138086,0,0,0.0,0,23,16,0.9664948453608248,1125,10,13,1125,9,L9,10166,6bba_91951b3a,11345,11907.0,1164,2
0.9630467193516113,0,1,0.0,0,28,11,0.9498714652956298,739,8,20,739,21,L9,4060,6bba_971fa5e0,4831,5609.0,778,0
0.950487478988384,2,1,0.0,0,36,33,0.9502164502164502,1317,14,22,1317,17,L9,16795,6bba_9a41d029,18179,18231.0,1386,2
0.9899093418639264,1,0,0.0,0,6,4,0.9870466321243523,762,2,4,762,3,L9,4096,6bba_aeee7805,4888,5034.0,772,3
0.9508655645870486,0,0,0.0,0,23,18,0.9569779643231899,912,12,11,912,10,L9,4940,6bba_b693381b,5913,5558.0,953,2
0.9925824394521077,0,0,1.0,1,7,7,0.9852476290832455,935,7,0,935,0,L9,4929,6bba_e16ffc58,5893,6367.0,949,1
0.9723516796579241,0,0,0.0,0,13,3,0.9686888454011742,495,2,11,495,10,L9,3754,6bba_ed9377fd,4275,4443.0,511,1
0.8697880975666935,0,0,0.0,0,4,3,0.8679245283018868,46,2,2,46,3,L10,25153,44b6_0113de3b,25202,25755.0,53,0
0.9366385691314224,1,0,0.0,0,32,39,0.9125615763546798,741,24,8,741,6,L10,42410,44b6_12dfb391,43192,58672.0,812,0
0.7974477177608119,1,0,0.0,0,24,37,0.8057324840764332,253,22,2,253,1,L10,20818,44b6_267148e4,21097,19130.0,314,1
0.8753506583273887,0,1,0.5,1,13,23,0.8454935622317596,197,13,0,197,0,L10,36248,44b6_2a2eff9f,36462,56367.0,233,0
0.9845216983972965,1,0,0.0,0,1,0,0.9952153110047847,208,1,0,208,0,L10,8019,44b6_341df25f,8235,7436.0,209,0
0.9113495134722956,0,0,0.0,0,28,29,0.8658823529411764,368,15,13,368,12,L10,14779,44b6_3bb3690f,15167,31937.0,425,0
0.9486515039996872,0,1,0.5,1,12,7,0.9497354497354498,359,4,8,359,8,L10,17971,44b6_587a1e22,18344,18137.0,378,0
0.9491733160856589,1,0,0.0,0,22,24,0.9133709981167608,485,14,8,485,7,L10,40142,44b6_7a302da0,40651,66858.0,531,0
1.0066382924660144,0,0,0.0,0,0,0,1.0,179,0,0,179,0,L10,14516,44b6_808952d6,14697,15742.0,179,0
0.8134629904334979,0,0,0.0,0,35,44,0.8127962085308057,343,22,13,343,13,L10,36499,44b6_949adeb1,36874,37179.0,422,0
0.9237955389322126,1,1,0.0,0,14,16,0.8728813559322034,206,9,5,206,4,L10,23900,44b6_9be80b04,24118,57877.0,236,0
0.8522829270114506,0,1,0.0,0,34,45,0.8263736263736263,376,27,7,376,5,L10,41198,44b6_a2bb48bb,41609,60613.0,455,4
0.8091205583797999,0,0,0.0,0,25,34,0.7704280155642024,198,20,5,198,6,L10,26333,44b6_c771cb04,26554,53345.0,257,0
0.8430528078471454,0,0,0.0,0,7,11,0.7906976744186046,68,7,0,68,0,L10,19373,44b6_cf2536e8,19449,57565.0,86,0
0.8975080838802625,0,0,0.0,0,10,12,0.89,178,6,4,178,3,L10,39852,44b6_cf8fed6b,40040,43729.0,200,0
0.828020153917993,0,0,0.0,0,40,44,0.8303030303030303,411,20,20,411,17,L10,22425,44b6_d78e09d9,22871,22259.0,495,0
0.8071855558396338,0,0,0.0,0,4,7,0.8070175438596491,46,4,0,46,0,L10,12891,44b6_e29f0176,12942,12969.0,57,0
0.9540451531248886,0,3,0.25,1,15,13,0.9285714285714286,364,8,7,364,8,L10,34511,44b6_eb2880fc,34893,48084.0,392,0
0.9942889335938615,0,0,0.0,0,7,4,0.9870435806831567,838,2,5,838,4,L10,5038,6bba_05b6850b,5895,6362.0,849,0
0.9998386485900138,0,1,0.5,1,2,4,0.9933481152993349,896,2,0,896,0,L10,4706,6bba_062c8d37,5636,6030.0,902,0
0.9707840546550224,0,0,0.0,0,9,14,0.9626623376623377,593,7,2,593,1,L10,3816,6bba_07477033,4428,4836.0,616,0
0.8361016358579866,2,0,0.0,0,35,17,0.856353591160221,310,6,29,310,23,L10,26230,6bba_07e24132,26566,21485.0,362,0
0.9989656627802895,1,0,0.0,0,6,0,0.9948630136986302,1162,0,6,1162,7,L10,6923,6bba_085bf656,8114,8463.0,1168,0
0.9059999600479256,3,0,0.25,1,88,111,0.8995963673057518,1783,61,27,1783,25,L10,26977,6bba_09961292,28902,31117.0,1982,0
0.9107123360676713,3,1,0.0,0,61,24,0.9088960342979635,848,11,50,848,50,L10,8661,6bba_20852818,9563,9758.0,933,3
0.7891292882146224,1,0,0.0,0,46,23,0.7766990291262136,240,7,39,240,34,L10,23507,6bba_474be664,23765,28293.0,309,1
0.9510681666627371,4,0,0.2,1,23,20,0.9541577825159915,895,12,11,895,8,L10,23814,6bba_48816121,24741,23965.0,938,0
0.6654643434437009,3,1,0.0,0,307,324,0.6706680584551148,1285,151,156,1285,123,L10,69058,6bba_57b7cc1e,70594,65511.0,1916,0
0.763408059842699,2,0,0.0,0,117,113,0.7566137566137566,715,56,61,715,57,L10,36137,6bba_78a7bd97,36966,40613.0,945,1
0.9718602026530353,0,0,0.0,0,23,16,0.9664948453608248,1125,10,13,1125,9,L10,10067,6bba_91951b3a,11246,11907.0,1164,2
0.9639611971395585,0,1,0.0,0,28,11,0.9498714652956298,739,8,20,739,21,L10,4006,6bba_971fa5e0,4777,5609.0,778,0
0.9508627495956771,2,1,0.0,0,36,33,0.9502164502164502,1317,14,22,1317,17,L10,16723,6bba_9a41d029,18107,18231.0,1386,2
0.9850404538373818,1,0,0.0,0,11,3,0.9818417639429312,757,1,10,757,9,L10,4084,6bba_aeee7805,4870,5034.0,771,3
0.9593443130006957,0,0,0.0,0,22,12,0.9640971488912354,913,10,12,913,12,L10,4861,6bba_b693381b,5832,5558.0,947,2
0.9930002451060301,0,0,1.0,1,7,7,0.9852476290832455,935,7,0,935,0,L10,4902,6bba_e16ffc58,5866,6367.0,949,1
0.9830367064177747,0,0,0.0,0,11,0,0.9783464566929134,497,0,11,497,10,L10,3709,6bba_ed9377fd,4230,4443.0,508,1
0.870091390937096,0,0,0.0,0,4,3,0.8679245283018868,46,2,2,46,3,L11,25063,44b6_0113de3b,25112,25755.0,53,0
0.9372607136476174,1,0,0.0,0,32,39,0.9125615763546798,741,24,8,741,6,L11,42010,44b6_12dfb391,42792,58672.0,812,0
0.7986270439267367,1,0,0.0,0,24,37,0.8057324840764332,253,22,2,253,1,L11,20538,44b6_267148e4,20817,19130.0,314,1
0.8761786471264233,0,1,0.5,1,13,23,0.8454935622317596,197,13,0,197,0,L11,35696,44b6_2a2eff9f,35910,56367.0,233,0
0.9570318713307304,1,0,0.0,0,7,0,0.9665071770334929,202,0,7,202,8,L11,7957,44b6_341df25f,8165,7436.0,209,0
0.9163667447829286,0,0,0.0,0,28,27,0.8699763593380615,368,13,15,368,13,L11,14520,44b6_3bb3690f,14907,31937.0,423,0
0.9334659658279882,0,1,0.5,1,18,7,0.9338624338624338,353,4,14,353,15,L11,17848,44b6_587a1e22,18214,18137.0,378,0
0.9499110293570447,1,0,0.0,0,22,24,0.9133709981167608,485,14,8,485,7,L11,39602,44b6_7a302da0,40111,66858.0,531,0
1.007527633083471,0,0,0.0,0,0,0,1.0,179,0,0,179,0,L11,14376,44b6_808952d6,14557,15742.0,179,0
0.8147091074319716,0,0,0.0,0,35,44,0.8127962085308057,343,22,13,343,13,L11,35929,44b6_949adeb1,36304,37179.0,422,0
0.9244576238973182,1,1,0.0,0,14,16,0.8728813559322034,206,9,5,206,4,L11,23461,44b6_9be80b04,23679,57877.0,236,0
0.8535794827316447,0,1,0.0,0,34,45,0.8263736263736263,376,27,7,376,5,L11,40247,44b6_a2bb48bb,40658,60613.0,455,4
0.8099885445778581,0,0,0.0,0,25,34,0.7704280155642024,198,20,5,198,6,L11,25732,44b6_c771cb04,25953,53345.0,257,0
0.8439195328233604,0,0,0.0,0,7,11,0.7906976744186046,68,7,0,68,0,L11,18742,44b6_cf2536e8,18818,57565.0,86,0
0.8983018363100002,0,0,0.0,0,10,12,0.89,178,6,4,178,3,L11,39462,44b6_cf8fed6b,39650,43729.0,200,0
0.8288034938540353,0,0,0.0,0,40,44,0.8303030303030303,411,20,20,411,17,L11,22215,44b6_d78e09d9,22661,22259.0,495,0
0.8087412223209732,0,0,0.0,0,4,7,0.8070175438596491,46,4,0,46,0,L11,12641,44b6_e29f0176,12692,12969.0,57,0
0.954875545176893,0,3,0.25,1,15,13,0.9285714285714286,364,8,7,364,8,L11,34081,44b6_eb2880fc,34463,48084.0,392,0
0.9956852542832907,0,0,0.0,0,7,4,0.9870435806831567,838,2,5,838,4,L11,4948,6bba_05b6850b,5805,6362.0,849,0
0.9909371839987058,0,1,0.5,1,11,4,0.983370288248337,887,2,9,887,10,L11,4646,6bba_062c8d37,5566,6030.0,902,0
0.9574226848420396,0,0,0.0,0,18,14,0.948051948051948,584,6,12,584,11,L11,3756,6bba_07477033,4358,4836.0,616,0
0.8371379492566444,2,0,0.0,0,35,17,0.856353591160221,310,6,29,310,23,L11,25970,6bba_07e24132,26306,21485.0,362,0
1.000141206929762,1,0,0.0,0,6,0,0.9948630136986302,1162,0,6,1162,7,L11,6823,6bba_085bf656,8014,8463.0,1168,0
0.9058385546403152,3,0,0.25,1,89,111,0.8990918264379415,1782,59,30,1782,27,L11,26859,6bba_09961292,28782,31117.0,1982,0
0.9118300602336455,3,1,0.0,0,61,24,0.9088960342979635,848,11,50,848,50,L11,8541,6bba_20852818,9443,9758.0,933,3
0.7900104969530011,1,0,0.0,0,46,23,0.7766990291262136,240,7,39,240,34,L11,23186,6bba_474be664,23444,28293.0,309,1
0.9412103869083129,4,0,0.2,1,32,21,0.9435569755058573,886,12,20,886,17,L11,23643,6bba_48816121,24561,23965.0,939,0
0.6607164169943562,3,1,0.0,0,322,318,0.6649214659685864,1270,143,179,1270,144,L11,68139,6bba_57b7cc1e,69654,65511.0,1910,0
0.745559360933233,2,0,0.0,0,134,114,0.7378435517970402,698,54,80,698,73,L11,35553,6bba_78a7bd97,36366,40613.0,946,1
0.9601033871611518,0,0,0.0,0,38,16,0.9536082474226805,1110,9,29,1110,26,L11,9934,6bba_91951b3a,11096,11907.0,1164,2
0.9548660090444067,0,1,0.0,0,36,11,0.9395886889460154,731,8,28,731,30,L11,3935,6bba_971fa5e0,4697,5609.0,778,0
0.946845687178088,2,1,0.0,0,43,33,0.9451659451659452,1310,13,30,1310,26,L11,16532,6bba_9a41d029,17907,18231.0,1386,2
0.9856255800375863,1,0,0.0,0,11,3,0.9818417639429312,757,1,10,757,9,L11,4054,6bba_aeee7805,4840,5034.0,771,3
0.9610789246395788,0,0,0.0,0,22,12,0.9640971488912354,913,10,12,913,12,L11,4761,6bba_b693381b,5732,5558.0,947,2
0.9934644736103887,0,0,1.0,1,7,7,0.9852476290832455,935,7,0,935,0,L11,4872,6bba_e16ffc58,5836,6367.0,949,1
0.967863143119939,0,0,0.0,0,19,0,0.9625984251968503,489,0,19,489,19,L11,3688,6bba_ed9377fd,4200,4443.0,508,1
0.8705732904034021,0,0,0.0,0,4,3,0.8679245283018868,46,2,2,46,3,L12,24920,44b6_0113de3b,24969,25755.0,53,0
0.9383556879961205,1,0,0.0,0,32,39,0.9125615763546798,741,24,8,741,6,L12,41306,44b6_12dfb391,42088,58672.0,812,0
0.7995578692219845,1,0,0.0,0,24,37,0.8057324840764332,253,22,2,253,1,L12,20317,44b6_267148e4,20596,19130.0,314,1
0.8300345947096706,0,1,0.5,1,22,25,0.8,188,12,10,188,9,L12,35000,44b6_2a2eff9f,35205,56367.0,235,0
0.9578897179375649,1,0,0.0,0,7,0,0.9665071770334929,202,0,7,202,8,L12,7891,44b6_341df25f,8099,7436.0,209,0
0.9165492554009441,0,0,0.0,0,28,27,0.8699763593380615,368,13,15,368,13,L12,14453,44b6_3bb3690f,14840,31937.0,423,0
0.9342589018968795,0,1,0.5,1,18,7,0.9338624338624338,353,4,14,353,15,L12,17694,44b6_587a1e22,18060,18137.0,378,0
0.9508577613886564,1,0,0.0,0,22,24,0.9133709981167608,485,14,8,485,7,L12,38909,44b6_7a302da0,39418,66858.0,531,0
1.0080866471858723,0,0,0.0,0,0,0,1.0,179,0,0,179,0,L12,14288,44b6_808952d6,14469,15742.0,179,0
0.8055987635108913,0,0,0.0,0,41,42,0.8023809523809524,337,20,21,337,20,L12,35320,44b6_949adeb1,35688,37179.0,420,0
0.9251755110121025,1,1,0.0,0,14,16,0.8728813559322034,206,9,5,206,4,L12,22985,44b6_9be80b04,23203,57877.0,236,0
0.8562546906260029,0,1,0.0,0,35,43,0.8278145695364238,375,26,9,375,7,L12,39380,44b6_a2bb48bb,39789,60613.0,453,4
0.8107193282986856,0,0,0.0,0,25,34,0.7704280155642024,198,20,5,198,6,L12,25226,44b6_c771cb04,25447,53345.0,257,0
0.7163503707271621,0,0,0.0,0,16,13,0.6704545454545454,59,6,10,59,9,L12,18092,44b6_cf2536e8,18159,57565.0,88,0
0.8991973518717556,0,0,0.0,0,10,12,0.89,178,6,4,178,3,L12,39022,44b6_cf8fed6b,39210,43729.0,200,0
0.8295420715080178,0,0,0.0,0,40,44,0.8303030303030303,411,20,20,411,17,L12,22017,44b6_d78e09d9,22463,22259.0,495,0
0.8101102088245519,0,0,0.0,0,4,7,0.8070175438596491,46,4,0,46,0,L12,12421,44b6_e29f0176,12472,12969.0,57,0
0.9349192507259878,0,3,0.25,1,22,14,0.9083969465648855,357,8,14,357,15,L12,33670,44b6_eb2880fc,34045,48084.0,393,0
0.9968798842064689,0,0,0.0,0,7,4,0.9870435806831567,838,2,5,838,4,L12,4871,6bba_05b6850b,5728,6362.0,849,0
1.0023261372369492,0,1,0.5,1,2,4,0.9933481152993349,896,2,0,896,0,L12,4555,6bba_062c8d37,5485,6030.0,902,0
0.9574422888939017,0,0,0.0,0,18,14,0.948051948051948,584,6,12,584,11,L12,3755,6bba_07477033,4357,4836.0,616,0
0.8135792794820633,2,0,0.0,0,41,21,0.8306010928961749,304,8,33,304,27,L12,25556,6bba_07e24132,25888,21485.0,366,2
1.0010463759248558,1,0,0.0,0,6,0,0.9948630136986302,1162,0,6,1162,7,L12,6746,6bba_085bf656,7937,8463.0,1168,0
0.9065060039828198,3,0,0.25,1,89,111,0.8990918264379415,1782,59,30,1782,27,L12,26628,6bba_09961292,28551,31117.0,1982,0
0.9054162228065098,3,1,0.0,0,69,23,0.9012875536480687,840,11,58,840,60,L12,8419,6bba_20852818,9311,9758.0,932,3
0.7907324841747881,1,0,0.0,0,46,23,0.7766990291262136,240,7,39,240,34,L12,22923,6bba_474be664,23181,28293.0,309,1
0.9416001725981734,4,0,0.2,1,32,21,0.9435569755058573,886,12,20,886,17,L12,23544,6bba_48816121,24462,23965.0,939,0
0.6493692108749123,3,1,0.0,0,346,319,0.652014652014652,1246,139,207,1246,168,L12,66678,6bba_57b7cc1e,68169,65511.0,1911,0
0.7434473362388069,2,0,0.0,0,138,113,0.7343915343915344,694,54,84,694,77,L12,34796,6bba_78a7bd97,35605,40613.0,945,1
0.9609843555597115,0,0,0.0,0,38,16,0.9536082474226805,1110,9,29,1110,26,L12,9824,6bba_91951b3a,10986,11907.0,1164,2
0.9497409827485298,0,1,0.0,0,40,11,0.9344473007712082,727,8,32,727,33,L12,3932,6bba_971fa5e0,4691,5609.0,778,0
0.9478151679073187,2,1,0.0,0,43,33,0.9451659451659452,1310,13,30,1310,26,L12,16345,6bba_9a41d029,17720,18231.0,1386,2
0.9858401263109944,1,0,0.0,0,11,3,0.9818417639429312,757,1,10,757,9,L12,4043,6bba_aeee7805,4829,5034.0,771,3
0.9513929710420551,0,0,0.0,0,32,12,0.9535374868004224,903,9,23,903,23,L12,4723,6bba_b693381b,5683,5558.0,947,2
0.9943155592017123,0,0,1.0,1,7,7,0.9852476290832455,935,7,0,935,0,L12,4817,6bba_e16ffc58,5781,6367.0,949,1
0.9681014636843588,0,0,0.0,0,19,0,0.9625984251968503,489,0,19,489,19,L12,3677,6bba_ed9377fd,4189,4443.0,508,1
0.8687333106229602,0,0,0.0,0,4,3,0.8679245283018868,46,2,2,46,3,L7+interior<8,25466,44b6_0113de3b,25515,25755.0,53,0
0.9353787264861277,1,0,0.0,0,32,39,0.9125615763546798,741,24,8,741,6,L7+interior<8,43220,44b6_12dfb391,44002,58672.0,812,0
0.7808172375297029,1,0,0.0,0,26,40,0.7917981072555205,251,24,2,251,1,L7+interior<8,21504,44b6_267148e4,21783,19130.0,317,1
0.873153188054588,0,1,0.5,1,13,23,0.8454935622317596,197,13,0,197,0,L7+interior<8,37713,44b6_2a2eff9f,37927,56367.0,233,0
0.9825141365811222,1,0,0.0,0,1,0,0.9952153110047847,208,1,0,208,0,L7+interior<8,8169,44b6_341df25f,8385,7436.0,209,0
0.9462941481207002,0,0,0.0,0,16,26,0.9004739336492891,380,16,0,380,0,L7+interior<8,15286,44b6_3bb3690f,15686,31937.0,422,0
0.9468554006790761,0,1,0.5,1,12,7,0.9497354497354498,359,4,8,359,8,L7+interior<8,18314,44b6_587a1e22,18687,18137.0,378,0
0.9642024704787242,1,0,0.0,0,15,22,0.9300567107750473,492,15,0,492,0,L7+interior<8,41796,44b6_7a302da0,42312,66858.0,529,0
1.0053551010036843,0,0,0.0,0,0,0,1.0,179,0,0,179,0,L7+interior<8,14718,44b6_808952d6,14899,15742.0,179,0
0.827919158207018,0,0,0.0,0,27,45,0.8297872340425532,351,23,4,351,3,L7+interior<8,37631,44b6_949adeb1,38016,37179.0,423,0
0.9225905141323959,1,1,0.0,0,14,16,0.8728813559322034,206,9,5,206,4,L7+interior<8,24699,44b6_9be80b04,24917,57877.0,236,0
0.8496870888503046,0,1,0.0,0,34,45,0.8263736263736263,376,27,7,376,5,L7+interior<8,43102,44b6_a2bb48bb,43513,60613.0,455,4
0.8277079345118935,0,0,0.0,0,20,34,0.7898832684824902,203,20,0,203,0,L7+interior<8,27573,44b6_c771cb04,27800,53345.0,257,0
0.8414979224698469,0,0,0.0,0,7,11,0.7906976744186046,68,7,0,68,0,L7+interior<8,20505,44b6_cf2536e8,20581,57565.0,86,0
0.8957516522216379,0,0,0.0,0,10,12,0.89,178,6,4,178,3,L7+interior<8,40715,44b6_cf8fed6b,40903,43729.0,200,0
0.8522359163617002,0,0,0.0,0,33,37,0.8565573770491803,418,19,14,418,12,L7+interior<8,22931,44b6_d78e09d9,23382,22259.0,488,0
0.8046653761398639,0,0,0.0,0,4,7,0.8070175438596491,46,4,0,46,0,L7+interior<8,13296,44b6_e29f0176,13347,12969.0,57,0
0.9703333526447764,0,3,0.25,1,8,13,0.9464285714285714,371,8,0,371,0,L7+interior<8,35549,44b6_eb2880fc,35939,48084.0,392,0
0.9845378093037022,0,0,0.0,0,9,8,0.9800703399765534,836,4,5,836,4,L7+interior<8,5215,6bba_05b6850b,6072,6362.0,853,0
0.9968734303353888,0,1,0.5,1,2,4,0.9933481152993349,896,2,0,896,0,L7+interior<8,4886,6bba_062c8d37,5816,6030.0,902,0
0.9683953143630564,0,0,0.0,0,9,14,0.9626623376623377,593,7,2,593,1,L7+interior<8,3936,6bba_07477033,4548,4836.0,616,0
0.8328890643221469,2,0,0.0,0,35,17,0.856353591160221,310,6,29,310,23,L7+interior<8,27036,6bba_07e24132,27372,21485.0,362,0
0.9981768342130694,1,0,0.0,0,4,0,0.9965753424657534,1164,0,4,1164,4,L7+interior<8,7133,6bba_085bf656,8327,8463.0,1168,0
0.9066226116415984,3,0,0.25,1,82,113,0.9017137096774194,1789,63,19,1789,15,L7+interior<8,27488,6bba_09961292,29423,31117.0,1984,0
0.9092513315293059,3,1,0.0,0,56,28,0.9103521878335112,853,14,42,853,42,L7+interior<8,8966,6bba_20852818,9876,9758.0,937,3
0.7890314674192312,1,0,0.0,0,43,26,0.7788461538461539,243,11,32,243,28,L7+interior<8,24329,6bba_474be664,24593,28293.0,312,1
0.9493561372595163,4,0,0.2,1,23,20,0.9541577825159915,895,12,11,895,8,L7+interior<8,24244,6bba_48816121,25171,23965.0,938,0
0.6529438356831917,3,1,0.0,0,314,342,0.6608066184074457,1278,165,149,1278,118,L7+interior<8,71765,6bba_57b7cc1e,73306,65511.0,1934,0
0.7763726968858331,2,0,0.0,0,102,113,0.7724867724867724,730,57,45,730,40,L7+interior<8,37724,6bba_78a7bd97,38570,40613.0,945,1
0.9702449135438826,0,0,0.0,0,23,16,0.9664948453608248,1125,10,13,1125,9,L7+interior<8,10266,6bba_91951b3a,11445,11907.0,1164,2
0.9687658835116717,0,1,0.0,0,22,11,0.9575835475578406,745,8,14,745,14,L7+interior<8,4176,6bba_971fa5e0,4954,5609.0,778,0
0.9495128178277759,2,1,0.0,0,36,33,0.9502164502164502,1317,14,22,1317,17,L7+interior<8,16982,6bba_9a41d029,18366,18231.0,1386,2
0.9891446454266429,1,0,0.0,0,6,4,0.9870466321243523,762,2,4,762,3,L7+interior<8,4135,6bba_aeee7805,4927,5034.0,772,3
0.9481451162537802,0,0,0.0,0,23,18,0.9569779643231899,912,12,11,912,10,L7+interior<8,5098,6bba_b693381b,6071,5558.0,953,2
0.9922420052155781,0,0,1.0,1,7,7,0.9852476290832455,935,7,0,935,0,L7+interior<8,4951,6bba_e16ffc58,5915,6367.0,949,1
0.9721772589790312,0,0,0.0,0,13,3,0.9686888454011742,495,2,11,495,10,L7+interior<8,3762,6bba_ed9377fd,4283,4443.0,511,1
0.8690568235513896,0,0,0.0,0,4,3,0.8679245283018868,46,2,2,46,3,L7+interior<9,25370,44b6_0113de3b,25419,25755.0,53,0
0.9356773558539012,1,0,0.0,0,32,39,0.9125615763546798,741,24,8,741,6,L7+interior<9,43028,44b6_12dfb391,43810,58672.0,812,0
0.7817112698933578,1,0,0.0,0,26,40,0.7917981072555205,251,24,2,251,1,L7+interior<9,21288,44b6_267148e4,21567,19130.0,317,1
0.8737771796132809,0,1,0.5,1,13,23,0.8454935622317596,197,13,0,197,0,L7+interior<9,37297,44b6_2a2eff9f,37511,56367.0,233,0
0.9832636263258272,1,0,0.0,0,1,0,0.9952153110047847,208,1,0,208,0,L7+interior<9,8113,44b6_341df25f,8329,7436.0,209,0
0.9466099357042826,0,0,0.0,0,16,26,0.9004739336492891,380,16,0,380,0,L7+interior<9,15174,44b6_3bb3690f,15574,31937.0,422,0
0.9474418833960104,0,1,0.5,1,12,7,0.9497354497354498,359,4,8,359,8,L7+interior<9,18202,44b6_587a1e22,18575,18137.0,378,0
0.9649926110927424,1,0,0.0,0,15,22,0.9300567107750473,492,15,0,492,0,L7+interior<9,41228,44b6_7a302da0,41744,66858.0,529,0
1.0061173929615042,0,0,0.0,0,0,0,1.0,179,0,0,179,0,L7+interior<9,14598,44b6_808952d6,14779,15742.0,179,0
0.8284548071921177,0,0,0.0,0,27,45,0.8297872340425532,351,23,4,351,3,L7+interior<9,37391,44b6_949adeb1,37776,37179.0,423,0
0.9230369313298249,1,1,0.0,0,14,16,0.8728813559322034,206,9,5,206,4,L7+interior<9,24403,44b6_9be80b04,24621,57877.0,236,0
0.850734149621187,0,1,0.0,0,34,45,0.8263736263736263,376,27,7,376,5,L7+interior<9,42334,44b6_a2bb48bb,42745,60613.0,455,4
0.8284068283214797,0,0,0.0,0,20,34,0.7898832684824902,203,20,0,203,0,L7+interior<9,27101,44b6_c771cb04,27328,53345.0,257,0
0.8420473519317899,0,0,0.0,0,7,11,0.7906976744186046,68,7,0,68,0,L7+interior<9,20105,44b6_cf2536e8,20181,57565.0,86,0
0.8964517825699193,0,0,0.0,0,10,12,0.89,178,6,4,178,3,L7+interior<9,40371,44b6_cf8fed6b,40559,43729.0,200,0
0.8309163274297168,0,0,0.0,0,37,45,0.8346774193548387,414,21,16,414,13,L7+interior<9,22812,44b6_d78e09d9,23262,22259.0,496,0
0.805362314723504,0,0,0.0,0,4,7,0.8070175438596491,46,4,0,46,0,L7+interior<9,13184,44b6_e29f0176,13235,12969.0,57,0
0.9709789490415581,0,3,0.25,1,8,13,0.9464285714285714,371,8,0,371,0,L7+interior<9,35221,44b6_eb2880fc,35611,48084.0,392,0
0.993156362367991,0,0,0.0,0,7,4,0.9870435806831567,838,2,5,838,4,L7+interior<9,5111,6bba_05b6850b,5968,6362.0,849,0
0.9974005802473223,0,1,0.5,1,2,4,0.9933481152993349,896,2,0,896,0,L7+interior<9,4854,6bba_062c8d37,5784,6030.0,902,0
0.9690323117742473,0,0,0.0,0,9,14,0.9626623376623377,593,7,2,593,1,L7+interior<9,3904,6bba_07477033,4516,4836.0,616,0
0.833877547871636,2,0,0.0,0,35,17,0.856353591160221,310,6,29,310,23,L7+interior<9,26788,6bba_07e24132,27124,21485.0,362,0
0.9985536558006731,1,0,0.0,0,4,0,0.9965753424657534,1164,0,4,1164,4,L7+interior<9,7101,6bba_085bf656,8295,8463.0,1168,0
0.9067778726603513,3,0,0.25,1,84,111,0.9016145307769929,1787,61,23,1787,19,L7+interior<9,27404,6bba_09961292,29335,31117.0,1982,0
0.9022338456167536,3,1,0.0,0,63,28,0.9028815368196371,846,13,50,846,50,L7+interior<9,8926,6bba_20852818,9828,9758.0,937,3
0.7800733532893432,1,0,0.0,0,46,26,0.7692307692307693,240,9,37,240,32,L7+interior<9,24045,6bba_474be664,24305,28293.0,312,1
0.949770209487272,4,0,0.2,1,23,20,0.9541577825159915,895,12,11,895,8,L7+interior<9,24140,6bba_48816121,25067,23965.0,938,0
0.6575211445936301,3,1,0.0,0,310,337,0.6645930533955418,1282,161,149,1282,118,L7+interior<9,70941,6bba_57b7cc1e,72482,65511.0,1929,0
0.7700884656918439,2,0,0.0,0,109,113,0.765079365079365,723,57,52,723,48,L7+interior<9,37116,6bba_78a7bd97,37954,40613.0,945,1
0.9705046585262589,0,0,0.0,0,23,16,0.9664948453608248,1125,10,13,1125,9,L7+interior<9,10234,6bba_91951b3a,11413,11907.0,1164,2
0.9620475676944096,0,1,0.0,0,28,11,0.9498714652956298,739,8,20,739,21,L7+interior<9,4119,6bba_971fa5e0,4890,5609.0,778,0
0.950221662308218,2,1,0.0,0,36,33,0.9502164502164502,1317,14,22,1317,17,L7+interior<9,16846,6bba_9a41d029,18230,18231.0,1386,2
0.9896152278495866,1,0,0.0,0,6,4,0.9870466321243523,762,2,4,762,3,L7+interior<9,4111,6bba_aeee7805,4903,5034.0,772,3
0.9495225584478402,0,0,0.0,0,23,18,0.9569779643231899,912,12,11,912,10,L7+interior<9,5018,6bba_b693381b,5991,5558.0,953,2
0.9923657994834071,0,0,1.0,1,7,7,0.9852476290832455,935,7,0,935,0,L7+interior<9,4943,6bba_e16ffc58,5907,6367.0,949,1
0.9723516796579241,0,0,0.0,0,13,3,0.9686888454011742,495,2,11,495,10,L7+interior<9,3754,6bba_ed9377fd,4275,4443.0,511,1
0.8692994582477116,0,0,0.0,0,4,3,0.8679245283018868,46,2,2,46,3,L7+interior<10,25298,44b6_0113de3b,25347,25755.0,53,0
0.936027312144261,1,0,0.0,0,32,39,0.9125615763546798,741,24,8,741,6,L7+interior<10,42803,44b6_12dfb391,43585,58672.0,812,0
0.7969465041402939,1,0,0.0,0,24,37,0.8057324840764332,253,22,2,253,1,L7+interior<10,20937,44b6_267148e4,21216,19130.0,314,1
0.8745061697515615,0,1,0.5,1,13,23,0.8454935622317596,197,13,0,197,0,L7+interior<10,36811,44b6_2a2eff9f,37025,56367.0,233,0
0.984227255997591,1,0,0.0,0,1,0,0.9952153110047847,208,1,0,208,0,L7+interior<10,8041,44b6_341df25f,8257,7436.0,209,0
0.9471428272515781,0,0,0.0,0,16,26,0.9004739336492891,380,16,0,380,0,L7+interior<10,14985,44b6_3bb3690f,15385,31937.0,422,0
0.9480074203016255,0,1,0.5,1,12,7,0.9497354497354498,359,4,8,359,8,L7+interior<10,18094,44b6_587a1e22,18467,18137.0,378,0
0.9656186027763835,1,0,0.0,0,15,22,0.9300567107750473,492,15,0,492,0,L7+interior<10,40778,44b6_7a302da0,41294,66858.0,529,0
1.0063460805488502,0,0,0.0,0,0,0,1.0,179,0,0,179,0,L7+interior<10,14562,44b6_808952d6,14743,15742.0,179,0
0.8291779333220023,0,0,0.0,0,27,45,0.8297872340425532,351,23,4,351,3,L7+interior<10,37067,44b6_949adeb1,37452,37179.0,423,0
0.9234577097017257,1,1,0.0,0,14,16,0.8728813559322034,206,9,5,206,4,L7+interior<10,24124,44b6_9be80b04,24342,57877.0,236,0
0.8516789583636628,0,1,0.0,0,34,45,0.8263736263736263,376,27,7,376,5,L7+interior<10,41641,44b6_a2bb48bb,42052,60613.0,455,4
0.8291797574922509,0,0,0.0,0,20,34,0.7898832684824902,203,20,0,203,0,L7+interior<10,26579,44b6_c771cb04,26806,53345.0,257,0
0.8425294762846447,0,0,0.0,0,7,11,0.7906976744186046,68,7,0,68,0,L7+interior<10,19754,44b6_cf2536e8,19830,57565.0,86,0
0.8970745729378674,0,0,0.0,0,10,12,0.89,178,6,4,178,3,L7+interior<10,40065,44b6_cf8fed6b,40253,43729.0,200,0
0.8313888075718557,0,0,0.0,0,37,45,0.8346774193548387,414,21,16,414,13,L7+interior<10,22686,44b6_d78e09d9,23136,22259.0,496,0
0.8063143826100837,0,0,0.0,0,4,7,0.8070175438596491,46,4,0,46,0,L7+interior<10,13031,44b6_e29f0176,13082,12969.0,57,0
0.9715989577762725,0,3,0.25,1,8,13,0.9464285714285714,371,8,0,371,0,L7+interior<10,34906,44b6_eb2880fc,35296,48084.0,392,0
0.9935752585748198,0,0,0.0,0,7,4,0.9870435806831567,838,2,5,838,4,L7+interior<10,5084,6bba_05b6850b,5941,6362.0,849,0
0.9981418848109783,0,1,0.5,1,2,4,0.9933481152993349,896,2,0,896,0,L7+interior<10,4809,6bba_062c8d37,5739,6030.0,902,0
0.9701072449056319,0,0,0.0,0,9,14,0.9626623376623377,593,7,2,593,1,L7+interior<10,3850,6bba_07477033,4462,4836.0,616,0
0.8352048261860711,2,0,0.0,0,35,17,0.856353591160221,310,6,29,310,23,L7+interior<10,26455,6bba_07e24132,26791,21485.0,362,0
0.9989775800867273,1,0,0.0,0,4,0,0.9965753424657534,1164,0,4,1164,4,L7+interior<10,7065,6bba_085bf656,8259,8463.0,1168,0
0.9070386475029452,3,0,0.25,1,84,111,0.9016145307769929,1787,61,23,1787,19,L7+interior<10,27314,6bba_09961292,29245,31117.0,1982,0
0.9033996897819438,3,1,0.0,0,63,28,0.9028815368196371,846,13,50,846,50,L7+interior<10,8800,6bba_20852818,9702,9758.0,937,3
0.7834653521720288,1,0,0.0,0,46,25,0.7717041800643086,240,7,39,240,33,L7+interior<10,23722,6bba_474be664,23981,28293.0,311,1
0.9499852085286067,4,0,0.2,1,23,20,0.9541577825159915,895,12,11,895,8,L7+interior<10,24086,6bba_48816121,25013,23965.0,938,0
0.6644558958466327,3,1,0.0,0,305,327,0.6706618030224075,1287,154,151,1287,119,L7+interior<10,70033,6bba_57b7cc1e,71573,65511.0,1919,0
0.7628249458008403,2,0,0.0,0,117,113,0.7566137566137566,715,56,61,715,57,L7+interior<10,36450,6bba_78a7bd97,37279,40613.0,945,1
0.9706507650788456,0,0,0.0,0,23,16,0.9664948453608248,1125,10,13,1125,9,L7+interior<10,10216,6bba_91951b3a,11395,11907.0,1164,2
0.9623523936237254,0,1,0.0,0,28,11,0.9498714652956298,739,8,20,739,21,L7+interior<10,4101,6bba_971fa5e0,4872,5609.0,778,0
0.9505969329155112,2,1,0.0,0,36,33,0.9502164502164502,1317,14,22,1317,17,L7+interior<10,16774,6bba_9a41d029,18158,18231.0,1386,2
0.9845723528772183,1,0,0.0,0,11,3,0.9818417639429312,757,1,10,757,9,L7+interior<10,4108,6bba_aeee7805,4894,5034.0,771,3
0.9504523319288307,0,0,0.0,0,23,18,0.9569779643231899,912,12,11,912,10,L7+interior<10,4964,6bba_b693381b,5937,5558.0,953,2
0.992644336586022,0,0,1.0,1,7,7,0.9852476290832455,935,7,0,935,0,L7+interior<10,4925,6bba_e16ffc58,5889,6367.0,949,1
0.9828385268519355,0,0,0.0,0,11,0,0.9783464566929134,497,0,11,497,10,L7+interior<10,3718,6bba_ed9377fd,4239,4443.0,508,1
0.8696229711761411,0,0,0.0,0,4,3,0.8679245283018868,46,2,2,46,3,L7+interior<12,25202,44b6_0113de3b,25251,25755.0,53,0
0.9371969438347075,1,0,0.0,0,32,39,0.9125615763546798,741,24,8,741,6,L7+interior<12,42051,44b6_12dfb391,42833,58672.0,812,0
0.7985259588268003,1,0,0.0,0,24,37,0.8057324840764332,253,22,2,253,1,L7+interior<12,20562,44b6_267148e4,20841,19130.0,314,1
0.8758891510427029,0,1,0.5,1,13,23,0.8454935622317596,197,13,0,197,0,L7+interior<12,35889,44b6_2a2eff9f,36103,56367.0,233,0
0.9567589201376467,1,0,0.0,0,7,0,0.9665071770334929,202,0,7,202,8,L7+interior<12,7978,44b6_341df25f,8186,7436.0,209,0
0.9524745891092136,0,0,0.0,0,16,24,0.9047619047619048,380,14,2,380,1,L7+interior<12,14696,44b6_3bb3690f,15095,31937.0,420,0
0.9332445616009601,0,1,0.5,1,18,7,0.9338624338624338,353,4,14,353,15,L7+interior<12,17891,44b6_587a1e22,18257,18137.0,378,0
0.9669596160720058,1,0,0.0,0,15,22,0.9300567107750473,492,15,0,492,0,L7+interior<12,39814,44b6_7a302da0,40330,66858.0,529,0
1.0074005844238343,0,0,0.0,0,0,0,1.0,179,0,0,179,0,L7+interior<12,14396,44b6_808952d6,14577,15742.0,179,0
0.8308228220804126,0,0,0.0,0,27,45,0.8297872340425532,351,23,4,351,3,L7+interior<12,36330,44b6_949adeb1,36715,37179.0,423,0
0.9244425422352429,1,1,0.0,0,14,16,0.8728813559322034,206,9,5,206,4,L7+interior<12,23471,44b6_9be80b04,23689,57877.0,236,0
0.8536435606694462,0,1,0.0,0,34,45,0.8263736263736263,376,27,7,376,5,L7+interior<12,40200,44b6_a2bb48bb,40611,60613.0,455,4
0.8304472428757377,0,0,0.0,0,20,34,0.7898832684824902,203,20,0,203,0,L7+interior<12,25723,44b6_c771cb04,25950,53345.0,257,0
0.8437286060853352,0,0,0.0,0,7,11,0.7906976744186046,68,7,0,68,0,L7+interior<12,18881,44b6_cf2536e8,18957,57565.0,86,0
0.8984361636442636,0,0,0.0,0,10,12,0.89,178,6,4,178,3,L7+interior<12,39396,44b6_cf8fed6b,39584,43729.0,200,0
0.8321350262090434,0,0,0.0,0,37,45,0.8346774193548387,414,21,16,414,13,L7+interior<12,22487,44b6_d78e09d9,22937,22259.0,496,0
0.8085172063476602,0,0,0.0,0,4,7,0.8070175438596491,46,4,0,46,0,L7+interior<12,12677,44b6_e29f0176,12728,12969.0,57,0
0.9727996096117507,0,3,0.25,1,8,13,0.9464285714285714,371,8,0,371,0,L7+interior<12,34296,44b6_eb2880fc,34686,48084.0,392,0
0.9956852542832907,0,0,0.0,0,7,4,0.9870435806831567,838,2,5,838,4,L7+interior<12,4948,6bba_05b6850b,5805,6362.0,849,0
0.9907251804539755,0,1,0.5,1,11,4,0.983370288248337,887,2,9,887,10,L7+interior<12,4659,6bba_062c8d37,5579,6030.0,902,0
0.9719983309701052,0,0,0.0,0,9,14,0.9626623376623377,593,7,2,593,1,L7+interior<12,3755,6bba_07477033,4367,4836.0,616,0
0.811824134514994,2,0,0.0,0,41,21,0.8306010928961749,304,8,33,304,27,L7+interior<12,26010,6bba_07e24132,26342,21485.0,366,2
0.9999431854049619,1,0,0.0,0,4,0,0.9965753424657534,1164,0,4,1164,4,L7+interior<12,6983,6bba_085bf656,8177,8463.0,1168,0
0.9070812879108948,3,0,0.25,1,85,111,0.9011099899091827,1786,59,26,1786,21,L7+interior<12,27126,6bba_09961292,29055,31117.0,1982,0
0.8980674915669993,3,1,0.0,0,69,28,0.8964781216648879,840,13,56,840,57,L7+interior<12,8690,6bba_20852818,9585,9758.0,937,3
0.7848236693588667,1,0,0.0,0,46,25,0.7717041800643086,240,7,39,240,33,L7+interior<12,23224,6bba_474be664,23483,28293.0,311,1
0.9505187246682151,4,0,0.2,1,23,20,0.9541577825159915,895,12,11,895,8,L7+interior<12,23952,6bba_48816121,24879,23965.0,938,0
0.6554776740663273,3,1,0.0,0,332,318,0.6596858638743456,1260,143,189,1260,154,L7+interior<12,68185,6bba_57b7cc1e,69690,65511.0,1910,0
0.7463187695084459,2,0,0.0,0,134,114,0.7378435517970402,698,54,80,698,74,L7+interior<12,35136,6bba_78a7bd97,35948,40613.0,946,1
0.9591102955118664,0,0,0.0,0,38,16,0.9536082474226805,1110,9,29,1110,26,L7+interior<12,10058,6bba_91951b3a,11220,11907.0,1164,2
0.9538441707483519,0,1,0.0,0,36,11,0.9395886889460154,731,8,28,731,30,L7+interior<12,3996,6bba_971fa5e0,4758,5609.0,778,0
0.9515351094337435,2,1,0.0,0,36,33,0.9502164502164502,1317,14,22,1317,17,L7+interior<12,16594,6bba_9a41d029,17978,18231.0,1386,2
0.9851574790774227,1,0,0.0,0,11,3,0.9818417639429312,757,1,10,757,9,L7+interior<12,4078,6bba_aeee7805,4864,5034.0,771,3
0.9423296519730688,0,0,0.0,0,33,18,0.9464847848898216,902,11,22,902,21,L7+interior<12,4840,6bba_b693381b,5802,5558.0,953,2
0.9937894335634394,0,0,1.0,1,7,7,0.9852476290832455,935,7,0,935,0,L7+interior<12,4851,6bba_e16ffc58,5815,6367.0,949,1
0.9676898190730885,0,0,0.0,0,19,0,0.9625984251968503,489,0,19,489,19,L7+interior<12,3696,6bba_ed9377fd,4208,4443.0,508,1
0.8688040790760541,0,0,0.0,0,4,3,0.8679245283018868,46,2,2,46,3,L7+keep_start<8,25445,44b6_0113de3b,25494,25755.0,53,0
0.9354549391893616,1,0,0.0,0,32,39,0.9125615763546798,741,24,8,741,6,L7+keep_start<8,43171,44b6_12dfb391,43953,58672.0,812,0
0.780904157342836,1,0,0.0,0,26,40,0.7917981072555205,251,24,2,251,1,L7+keep_start<8,21483,44b6_267148e4,21762,19130.0,317,1
0.8733106859239697,0,1,0.5,1,13,23,0.8454935622317596,197,13,0,197,0,L7+keep_start<8,37608,44b6_2a2eff9f,37822,56367.0,233,0
0.9825141365811222,1,0,0.0,0,1,0,0.9952153110047847,208,1,0,208,0,L7+keep_start<8,8169,44b6_341df25f,8385,7436.0,209,0
0.9463928317405698,0,0,0.0,0,16,26,0.9004739336492891,380,16,0,380,0,L7+keep_start<8,15251,44b6_3bb3690f,15651,31937.0,422,0
0.9469287110186928,0,1,0.5,1,12,7,0.9497354497354498,359,4,8,359,8,L7+keep_start<8,18300,44b6_587a1e22,18673,18137.0,378,0
0.9643095846112583,1,0,0.0,0,15,22,0.9300567107750473,492,15,0,492,0,L7+keep_start<8,41719,44b6_7a302da0,42235,66858.0,529,0
1.0053551010036843,0,0,0.0,0,0,0,1.0,179,0,0,179,0,L7+keep_start<8,14718,44b6_808952d6,14899,15742.0,179,0
0.8301942542858814,0,0,0.0,0,27,44,0.8317535545023697,351,22,5,351,4,L7+keep_start<8,37492,44b6_949adeb1,37876,37179.0,422,0
0.9226432999496595,1,1,0.0,0,14,16,0.8728813559322034,206,9,5,206,4,L7+keep_start<8,24664,44b6_9be80b04,24882,57877.0,236,0
0.8498588722580275,0,1,0.0,0,34,45,0.8263736263736263,376,27,7,376,5,L7+keep_start<8,42976,44b6_a2bb48bb,43387,60613.0,455,4
0.8277804891658549,0,0,0.0,0,20,34,0.7898832684824902,203,20,0,203,0,L7+keep_start<8,27524,44b6_c771cb04,27751,53345.0,257,0
0.841622917672439,0,0,0.0,0,7,11,0.7906976744186046,68,7,0,68,0,L7+keep_start<8,20414,44b6_cf2536e8,20490,57565.0,86,0
0.8958371332525328,0,0,0.0,0,10,12,0.89,178,6,4,178,3,L7+keep_start<8,40673,44b6_cf8fed6b,40861,43729.0,200,0
0.8523436642684227,0,0,0.0,0,33,37,0.8565573770491803,418,19,14,418,12,L7+keep_start<8,22903,44b6_d78e09d9,23354,22259.0,488,0
0.8047524934628189,0,0,0.0,0,4,7,0.8070175438596491,46,4,0,46,0,L7+keep_start<8,13282,44b6_e29f0176,13333,12969.0,57,0
0.9704435764198366,0,3,0.25,1,8,13,0.9464285714285714,371,8,0,371,0,L7+keep_start<8,35493,44b6_eb2880fc,35883,48084.0,392,0
0.9846456447702194,0,0,0.0,0,9,8,0.9800703399765534,836,4,5,836,4,L7+keep_start<8,5208,6bba_05b6850b,6065,6362.0,853,0
0.9971040584218596,0,1,0.5,1,2,4,0.9933481152993349,896,2,0,896,0,L7+keep_start<8,4872,6bba_062c8d37,5802,6030.0,902,0
0.9683953143630564,0,0,0.0,0,9,14,0.9626623376623377,593,7,2,593,1,L7+keep_start<8,3936,6bba_07477033,4548,4836.0,616,0
0.8329448658128439,2,0,0.0,0,35,17,0.856353591160221,310,6,29,310,23,L7+keep_start<8,27022,6bba_07e24132,27358,21485.0,362,0
0.9965440418323759,1,0,0.0,0,6,0,0.9948630136986302,1162,0,6,1162,7,L7+keep_start<8,7129,6bba_085bf656,8320,8463.0,1168,0
0.9068660282679212,3,0,0.25,1,82,113,0.9017137096774194,1789,63,19,1789,15,L7+keep_start<8,27404,6bba_09961292,29339,31117.0,1984,0
0.9092513315293059,3,1,0.0,0,56,28,0.9103521878335112,853,14,42,853,42,L7+keep_start<8,8966,6bba_20852818,9876,9758.0,937,3
0.7892048930287188,1,0,0.0,0,43,26,0.7788461538461539,243,11,32,243,28,L7+keep_start<8,24266,6bba_474be664,24530,28293.0,312,1
0.949467618243912,4,0,0.2,1,23,20,0.9541577825159915,895,12,11,895,8,L7+keep_start<8,24216,6bba_48816121,25143,23965.0,938,0
0.6530073835102126,3,1,0.0,0,314,342,0.6608066184074457,1278,165,149,1278,118,L7+keep_start<8,71702,6bba_57b7cc1e,73243,65511.0,1934,0
0.7764925271536455,2,0,0.0,0,102,113,0.7724867724867724,730,57,45,730,40,L7+keep_start<8,37661,6bba_78a7bd97,38507,40613.0,945,1
0.9703017327587774,0,0,0.0,0,23,16,0.9664948453608248,1125,10,13,1125,9,L7+keep_start<8,10259,6bba_91951b3a,11438,11907.0,1164,2
0.9688853893920942,0,1,0.0,0,22,11,0.9575835475578406,745,8,14,745,14,L7+keep_start<8,4169,6bba_971fa5e0,4947,5609.0,778,0
0.9495493024701515,2,1,0.0,0,36,33,0.9502164502164502,1317,14,22,1317,17,L7+keep_start<8,16975,6bba_9a41d029,18359,18231.0,1386,2
0.9891446454266429,1,0,0.0,0,6,4,0.9870466321243523,762,2,4,762,3,L7+keep_start<8,4135,6bba_aeee7805,4927,5034.0,772,3
0.9481451162537802,0,0,0.0,0,23,18,0.9569779643231899,912,12,11,912,10,L7+keep_start<8,5098,6bba_b693381b,6071,5558.0,953,2
0.9922420052155781,0,0,1.0,1,7,7,0.9852476290832455,935,7,0,935,0,L7+keep_start<8,4951,6bba_e16ffc58,5915,6367.0,949,1
0.9721772589790312,0,0,0.0,0,13,3,0.9686888454011742,495,2,11,495,10,L7+keep_start<8,3762,6bba_ed9377fd,4283,4443.0,511,1
0.8691275920044835,0,0,0.0,0,4,3,0.8679245283018868,46,2,2,46,3,L7+keep_start<9,25349,44b6_0113de3b,25398,25755.0,53,0
0.9358033401184309,1,0,0.0,0,32,39,0.9125615763546798,741,24,8,741,6,L7+keep_start<9,42947,44b6_12dfb391,43729,58672.0,812,0
0.781897526635786,1,0,0.0,0,26,40,0.7917981072555205,251,24,2,251,1,L7+keep_start<9,21243,44b6_267148e4,21522,19130.0,317,1
0.8740666756970014,0,1,0.5,1,13,23,0.8454935622317596,197,13,0,197,0,L7+keep_start<9,37104,44b6_2a2eff9f,37318,56367.0,233,0
0.9832636263258272,1,0,0.0,0,1,0,0.9952153110047847,208,1,0,208,0,L7+keep_start<9,8113,44b6_341df25f,8329,7436.0,209,0
0.9467311755801224,0,0,0.0,0,16,26,0.9004739336492891,380,16,0,380,0,L7+keep_start<9,15131,44b6_3bb3690f,15531,31937.0,422,0
0.9475989769809035,0,1,0.5,1,12,7,0.9497354497354498,359,4,8,359,8,L7+keep_start<9,18172,44b6_587a1e22,18545,18137.0,378,0
0.9652555275998715,1,0,0.0,0,15,22,0.9300567107750473,492,15,0,492,0,L7+keep_start<9,41039,44b6_7a302da0,41555,66858.0,529,0
1.0061173929615042,0,0,0.0,0,0,0,1.0,179,0,0,179,0,L7+keep_start<9,14598,44b6_808952d6,14779,15742.0,179,0
0.8309459398995688,0,0,0.0,0,27,44,0.8317535545023697,351,22,5,351,4,L7+keep_start<9,37156,44b6_949adeb1,37540,37179.0,422,0
0.9231500437953897,1,1,0.0,0,14,16,0.8728813559322034,206,9,5,206,4,L7+keep_start<9,24328,44b6_9be80b04,24546,57877.0,236,0
0.8510804431573903,0,1,0.0,0,34,45,0.8263736263736263,376,27,7,376,5,L7+keep_start<9,42080,44b6_a2bb48bb,42491,60613.0,455,4
0.808154364092777,0,0,0.0,0,25,34,0.7704280155642024,198,20,5,198,6,L7+keep_start<9,27002,44b6_c771cb04,27223,53345.0,257,0
0.8422932216160094,0,0,0.0,0,7,11,0.7906976744186046,68,7,0,68,0,L7+keep_start<9,19926,44b6_cf2536e8,20002,57565.0,86,0
0.8966512383086739,0,0,0.0,0,10,12,0.89,178,6,4,178,3,L7+keep_start<9,40273,44b6_cf8fed6b,40461,43729.0,200,0
0.8311113192344091,0,0,0.0,0,37,45,0.8346774193548387,414,21,16,414,13,L7+keep_start<9,22760,44b6_d78e09d9,23210,22259.0,496,0
0.8054494320464589,0,0,0.0,0,4,7,0.8070175438596491,46,4,0,46,0,L7+keep_start<9,13170,44b6_e29f0176,13221,12969.0,57,0
0.9712151428452589,0,3,0.25,1,8,13,0.9464285714285714,371,8,0,371,0,L7+keep_start<9,35101,44b6_eb2880fc,35491,48084.0,392,0
0.993389082482896,0,0,0.0,0,7,4,0.9870435806831567,838,2,5,838,4,L7+keep_start<9,5096,6bba_05b6850b,5953,6362.0,849,0
0.997631208333793,0,1,0.5,1,2,4,0.9933481152993349,896,2,0,896,0,L7+keep_start<9,4840,6bba_062c8d37,5770,6030.0,902,0
0.9693508104798427,0,0,0.0,0,9,14,0.9626623376623377,593,7,2,593,1,L7+keep_start<9,3888,6bba_07477033,4500,4836.0,616,0
0.833997122494558,2,0,0.0,0,35,17,0.856353591160221,310,6,29,310,23,L7+keep_start<9,26758,6bba_07e24132,27094,21485.0,362,0
0.9971083030241228,1,0,0.0,0,6,0,0.9948630136986302,1162,0,6,1162,7,L7+keep_start<9,7081,6bba_085bf656,8272,8463.0,1168,0
0.9070908024714639,3,0,0.25,1,84,111,0.9016145307769929,1787,61,23,1787,19,L7+keep_start<9,27296,6bba_09961292,29227,31117.0,1982,0
0.9022338456167536,3,1,0.0,0,63,28,0.9028815368196371,846,13,50,846,50,L7+keep_start<9,8926,6bba_20852818,9828,9758.0,937,3
0.7803533899387999,1,0,0.0,0,46,26,0.7692307692307693,240,9,37,240,32,L7+keep_start<9,23942,6bba_474be664,24202,28293.0,312,1
0.9501365041502867,4,0,0.2,1,23,20,0.9541577825159915,895,12,11,895,8,L7+keep_start<9,24048,6bba_48816121,24975,23965.0,938,0
0.6576662145920054,3,1,0.0,0,310,337,0.6645930533955418,1282,161,149,1282,118,L7+keep_start<9,70798,6bba_57b7cc1e,72339,65511.0,1929,0
0.7704181357208713,2,0,0.0,0,109,113,0.765079365079365,723,57,52,723,48,L7+keep_start<9,36941,6bba_78a7bd97,37779,40613.0,945,1
0.9707562864779361,0,0,0.0,0,23,16,0.9664948453608248,1125,10,13,1125,9,L7+keep_start<9,10203,6bba_91951b3a,11382,11907.0,1164,2
0.9621661111113657,0,1,0.0,0,28,11,0.9498714652956298,739,8,20,739,21,L7+keep_start<9,4112,6bba_971fa5e0,4883,5609.0,778,0
0.9503415404188812,2,1,0.0,0,36,33,0.9502164502164502,1317,14,22,1317,17,L7+keep_start<9,16823,6bba_9a41d029,18207,18231.0,1386,2
0.9897720886572344,1,0,0.0,0,6,4,0.9870466321243523,762,2,4,762,3,L7+keep_start<9,4103,6bba_aeee7805,4895,5034.0,772,3
0.9496603026672462,0,0,0.0,0,23,18,0.9569779643231899,912,12,11,912,10,L7+keep_start<9,5010,6bba_b693381b,5983,5558.0,953,2
0.9923657994834071,0,0,1.0,1,7,7,0.9852476290832455,935,7,0,935,0,L7+keep_start<9,4943,6bba_e16ffc58,5907,6367.0,949,1
0.9723516796579241,0,0,0.0,0,13,3,0.9686888454011742,495,2,11,495,10,L7+keep_start<9,3754,6bba_ed9377fd,4275,4443.0,511,1
0.869430885374886,0,0,0.0,0,4,3,0.8679245283018868,46,2,2,46,3,L7+keep_start<10,25259,44b6_0113de3b,25308,25755.0,53,0
0.9363632701830061,1,0,0.0,0,32,39,0.9125615763546798,741,24,8,741,6,L7+keep_start<10,42587,44b6_12dfb391,43369,58672.0,812,0
0.7972497594401031,1,0,0.0,0,24,37,0.8057324840764332,253,22,2,253,1,L7+keep_start<10,20865,44b6_267148e4,21144,19130.0,314,1
0.8750116629132909,0,1,0.5,1,13,23,0.8454935622317596,197,13,0,197,0,L7+keep_start<10,36474,44b6_2a2eff9f,36688,56367.0,233,0
0.984227255997591,1,0,0.0,0,1,0,0.9952153110047847,208,1,0,208,0,L7+keep_start<10,8041,44b6_341df25f,8257,7436.0,209,0
0.9473655702792836,0,0,0.0,0,16,26,0.9004739336492891,380,16,0,380,0,L7+keep_start<10,14906,44b6_3bb3690f,15306,31937.0,422,0
0.9483058981129224,0,1,0.5,1,12,7,0.9497354497354498,359,4,8,359,8,L7+keep_start<10,18037,44b6_587a1e22,18410,18137.0,378,0
0.9487252235800765,1,0,0.0,0,22,24,0.9133709981167608,485,14,8,485,7,L7+keep_start<10,40470,44b6_7a302da0,40979,66858.0,531,0
1.0063460805488502,0,0,0.0,0,0,0,1.0,179,0,0,179,0,L7+keep_start<10,14562,44b6_808952d6,14743,15742.0,179,0
0.8129907776761814,0,0,0.0,0,35,44,0.8127962085308057,343,22,13,343,13,L7+keep_start<10,36715,44b6_949adeb1,37090,37179.0,422,0
0.9236794101342327,1,1,0.0,0,14,16,0.8728813559322034,206,9,5,206,4,L7+keep_start<10,23977,44b6_9be80b04,24195,57877.0,236,0
0.8520375221432751,0,1,0.0,0,34,45,0.8263736263736263,376,27,7,376,5,L7+keep_start<10,41378,44b6_a2bb48bb,41789,60613.0,455,4
0.8089602481169307,0,0,0.0,0,25,34,0.7704280155642024,198,20,5,198,6,L7+keep_start<10,26444,44b6_c771cb04,26665,53345.0,257,0
0.8429360540864826,0,0,0.0,0,7,11,0.7906976744186046,68,7,0,68,0,L7+keep_start<10,19458,44b6_cf2536e8,19534,57565.0,86,0
0.8974938370417801,0,0,0.0,0,10,12,0.89,178,6,4,178,3,L7+keep_start<10,39859,44b6_cf8fed6b,40047,43729.0,200,0
0.831685045121292,0,0,0.0,0,37,45,0.8346774193548387,414,21,16,414,13,L7+keep_start<10,22607,44b6_d78e09d9,23057,22259.0,496,0
0.8064575039263668,0,0,0.0,0,4,7,0.8070175438596491,46,4,0,46,0,L7+keep_start<10,13008,44b6_e29f0176,13059,12969.0,57,0
0.9719414387916383,0,3,0.25,1,8,13,0.9464285714285714,371,8,0,371,0,L7+keep_start<10,34732,44b6_eb2880fc,35122,48084.0,392,0
0.9938079786897247,0,0,0.0,0,7,4,0.9870435806831567,838,2,5,838,4,L7+keep_start<10,5069,6bba_05b6850b,5926,6362.0,849,0
0.9983725128974493,0,1,0.5,1,2,4,0.9933481152993349,896,2,0,896,0,L7+keep_start<10,4795,6bba_062c8d37,5725,6030.0,902,0
0.9704257436112275,0,0,0.0,0,9,14,0.9626623376623377,593,7,2,593,1,L7+keep_start<10,3834,6bba_07477033,4446,4836.0,616,0
0.8353961455827463,2,0,0.0,0,35,17,0.856353591160221,310,6,29,310,23,L7+keep_start<10,26407,6bba_07e24132,26743,21485.0,362,0
0.9975314989179329,1,0,0.0,0,6,0,0.9948630136986302,1162,0,6,1162,7,L7+keep_start<10,7045,6bba_085bf656,8236,8463.0,1168,0
0.9073776547983172,3,0,0.25,1,84,111,0.9016145307769929,1787,61,23,1787,19,L7+keep_start<10,27197,6bba_09961292,29128,31117.0,1982,0
0.9033996897819438,3,1,0.0,0,63,28,0.9028815368196371,846,13,50,846,50,L7+keep_start<10,8800,6bba_20852818,9702,9758.0,937,3
0.7838444808647407,1,0,0.0,0,46,25,0.7717041800643086,240,7,39,240,33,L7+keep_start<10,23583,6bba_474be664,23842,28293.0,311,1
0.9507098349271793,4,0,0.2,1,23,20,0.9541577825159915,895,12,11,895,8,L7+keep_start<10,23904,6bba_48816121,24831,23965.0,938,0
0.6649586115500085,3,1,0.0,0,307,324,0.6706680584551148,1285,151,156,1285,123,L7+keep_start<10,69552,6bba_57b7cc1e,71088,65511.0,1916,0
0.7632180354584511,2,0,0.0,0,117,113,0.7566137566137566,715,56,61,715,57,L7+keep_start<10,36239,6bba_78a7bd97,37068,40613.0,945,1
0.9711215528594027,0,0,0.0,0,23,16,0.9664948453608248,1125,10,13,1125,9,L7+keep_start<10,10158,6bba_91951b3a,11337,11907.0,1164,2
0.9626233500053394,0,1,0.0,0,28,11,0.9498714652956298,739,8,20,739,21,L7+keep_start<10,4085,6bba_971fa5e0,4856,5609.0,778,0
0.9507168110261741,2,1,0.0,0,36,33,0.9502164502164502,1317,14,22,1317,17,L7+keep_start<10,16751,6bba_9a41d029,18135,18231.0,1386,2
0.9849039243906673,1,0,0.0,0,11,3,0.9818417639429312,757,1,10,757,9,L7+keep_start<10,4091,6bba_aeee7805,4877,5034.0,771,3
0.9578178547584786,0,0,0.0,0,22,12,0.9640971488912354,913,10,12,913,12,L7+keep_start<10,4949,6bba_b693381b,5920,5558.0,947,2
0.992644336586022,0,0,1.0,1,7,7,0.9852476290832455,935,7,0,935,0,L7+keep_start<10,4925,6bba_e16ffc58,5889,6367.0,949,1
0.9830367064177747,0,0,0.0,0,11,0,0.9783464566929134,497,0,11,497,10,L7+keep_start<10,3709,6bba_ed9377fd,4230,4443.0,508,1
0.870037472115691,0,0,0.0,0,4,3,0.8679245283018868,46,2,2,46,3,L7+keep_start<12,25079,44b6_0113de3b,25128,25755.0,53,0
0.9378641938283264,1,0,0.0,0,32,39,0.9125615763546798,741,24,8,741,6,L7+keep_start<12,41622,44b6_12dfb391,42404,58672.0,812,0
0.7990524437223023,1,0,0.0,0,24,37,0.8057324840764332,253,22,2,253,1,L7+keep_start<12,20437,44b6_267148e4,20716,19130.0,314,1
0.8295222381890114,0,1,0.5,1,22,25,0.8,188,12,10,188,9,L7+keep_start<12,35361,44b6_2a2eff9f,35566,56367.0,235,0
0.9570318713307304,1,0,0.0,0,7,0,0.9665071770334929,202,0,7,202,8,L7+keep_start<12,7957,44b6_341df25f,8165,7436.0,209,0
0.9528740362350282,0,0,0.0,0,16,24,0.9047619047619048,380,14,2,380,1,L7+keep_start<12,14555,44b6_3bb3690f,14954,31937.0,420,0
0.933754306216676,0,1,0.5,1,18,7,0.9338624338624338,353,4,14,353,15,L7+keep_start<12,17792,44b6_587a1e22,18158,18137.0,378,0
0.9503304330131844,1,0,0.0,0,22,24,0.9133709981167608,485,14,8,485,7,L7+keep_start<12,39295,44b6_7a302da0,39804,66858.0,531,0
1.007533985516453,0,0,0.0,0,0,0,1.0,179,0,0,179,0,L7+keep_start<12,14375,44b6_808952d6,14556,15742.0,179,0
0.804731184654932,0,0,0.0,0,41,42,0.8023809523809524,337,20,21,337,20,L7+keep_start<12,35722,44b6_949adeb1,36090,37179.0,420,0
0.9248557797761061,1,1,0.0,0,14,16,0.8728813559322034,206,9,5,206,4,L7+keep_start<12,23197,44b6_9be80b04,23415,57877.0,236,0
0.8542570728398851,0,1,0.0,0,34,45,0.8263736263736263,376,27,7,376,5,L7+keep_start<12,39750,44b6_a2bb48bb,40161,60613.0,455,4
0.8104073731925617,0,0,0.0,0,25,34,0.7704280155642024,198,20,5,198,6,L7+keep_start<12,25442,44b6_c771cb04,25663,53345.0,257,0
0.8443494613773308,0,0,0.0,0,7,11,0.7906976744186046,68,7,0,68,0,L7+keep_start<12,18429,44b6_cf2536e8,18505,57565.0,86,0
0.8991831050332731,0,0,0.0,0,10,12,0.89,178,6,4,178,3,L7+keep_start<12,39029,44b6_cf8fed6b,39217,43729.0,200,0
0.832783748943885,0,0,0.0,0,37,45,0.8346774193548387,414,21,16,414,13,L7+keep_start<12,22314,44b6_d78e09d9,22764,22259.0,496,0
0.8087847809824508,0,0,0.0,0,4,7,0.8070175438596491,46,4,0,46,0,L7+keep_start<12,12634,44b6_e29f0176,12685,12969.0,57,0
0.9525382954723213,0,3,0.25,1,15,14,0.926208651399491,364,8,7,364,7,L7+keep_start<12,34032,44b6_eb2880fc,34415,48084.0,393,0
0.9962437825590622,0,0,0.0,0,7,4,0.9870435806831567,838,2,5,838,4,L7+keep_start<12,4912,6bba_05b6850b,5769,6362.0,849,0
0.9913122671932283,0,1,0.5,1,11,4,0.983370288248337,887,2,9,887,10,L7+keep_start<12,4623,6bba_062c8d37,5543,6030.0,902,0
0.9579519942423169,0,0,0.0,0,18,14,0.948051948051948,584,6,12,584,11,L7+keep_start<12,3729,6bba_07477033,4331,4836.0,616,0
0.8125200069688981,2,0,0.0,0,41,21,0.8306010928961749,304,8,33,304,27,L7+keep_start<12,25830,6bba_07e24132,26162,21485.0,366,2
0.9984954451205004,1,0,0.0,0,6,0,0.9948630136986302,1162,0,6,1162,7,L7+keep_start<12,6963,6bba_085bf656,8154,8463.0,1168,0
0.9074780230351598,3,0,0.25,1,85,111,0.9011099899091827,1786,59,26,1786,21,L7+keep_start<12,26989,6bba_09961292,28918,31117.0,1982,0
0.8982512337522145,3,1,0.0,0,69,28,0.8964781216648879,840,13,56,840,57,L7+keep_start<12,8670,6bba_20852818,9565,9758.0,937,3
0.7855137381304932,1,0,0.0,0,46,25,0.7717041800643086,240,7,39,240,33,L7+keep_start<12,22971,6bba_474be664,23230,28293.0,311,1
0.9409584042401203,4,0,0.2,1,32,21,0.9435569755058573,886,12,20,886,17,L7+keep_start<12,23707,6bba_48816121,24625,23965.0,939,0
0.656120284566628,3,1,0.0,0,334,315,0.659674882013634,1258,140,194,1258,158,L7+keep_start<12,67540,6bba_57b7cc1e,69041,65511.0,1907,0
0.7433605394159897,2,0,0.0,0,138,113,0.7343915343915344,694,54,84,694,78,L7+keep_start<12,34845,6bba_78a7bd97,35653,40613.0,945,1
0.9595748061220162,0,0,0.0,0,38,16,0.9536082474226805,1110,9,29,1110,26,L7+keep_start<12,10000,6bba_91951b3a,11162,11907.0,1164,2
0.9415887567767739,0,1,0.0,0,46,11,0.9267352185089974,721,8,38,721,41,L7+keep_start<12,3959,6bba_971fa5e0,4710,5609.0,778,0
0.9473382041260929,2,1,0.0,0,43,33,0.9451659451659452,1310,13,30,1310,26,L7+keep_start<12,16437,6bba_9a41d029,17812,18231.0,1386,2
0.9857035968642801,1,0,0.0,0,11,3,0.9818417639429312,757,1,10,757,9,L7+keep_start<12,4050,6bba_aeee7805,4836,5034.0,771,3
0.9496430461832275,0,0,0.0,0,32,12,0.9535374868004224,903,9,23,903,23,L7+keep_start<12,4825,6bba_b693381b,5785,5558.0,947,2
0.9939596506817042,0,0,1.0,1,7,7,0.9852476290832455,935,7,0,935,0,L7+keep_start<12,4840,6bba_e16ffc58,5804,6367.0,949,1
0.9681014636843588,0,0,0.0,0,19,0,0.9625984251968503,489,0,19,489,19,L7+keep_start<12,3677,6bba_ed9377fd,4189,4443.0,508,1
0.8688040790760541,0,0,0.0,0,4,3,0.8679245283018868,46,2,2,46,3,L7+keep_end<8,25445,44b6_0113de3b,25494,25755.0,53,0
0.9354440516603282,1,0,0.0,0,32,39,0.9125615763546798,741,24,8,741,6,L7+keep_end<8,43178,44b6_12dfb391,43960,58672.0,812,0
0.7808751840717917,1,0,0.0,0,26,40,0.7917981072555205,251,24,2,251,1,L7+keep_end<8,21490,44b6_267148e4,21769,19130.0,317,1
0.873247686776217,0,1,0.5,1,13,23,0.8454935622317596,197,13,0,197,0,L7+keep_end<8,37650,44b6_2a2eff9f,37864,56367.0,233,0
0.9827015090172985,1,0,0.0,0,1,0,0.9952153110047847,208,1,0,208,0,L7+keep_end<8,8155,44b6_341df25f,8371,7436.0,209,0
0.9249519992485206,0,0,0.0,0,22,29,0.88,374,16,6,374,5,L7+keep_end<8,15228,44b6_3bb3690f,15623,31937.0,425,0
0.9469287110186928,0,1,0.5,1,12,7,0.9497354497354498,359,4,8,359,8,L7+keep_end<8,18300,44b6_587a1e22,18673,18137.0,378,0
0.9642901093144339,1,0,0.0,0,15,22,0.9300567107750473,492,15,0,492,0,L7+keep_end<8,41733,44b6_7a302da0,42249,66858.0,529,0
1.005488502096303,0,0,0.0,0,0,0,1.0,179,0,0,179,0,L7+keep_end<8,14697,44b6_808952d6,14878,15742.0,179,0
0.828044142970208,0,0,0.0,0,27,45,0.8297872340425532,351,23,4,351,3,L7+keep_end<8,37575,44b6_949adeb1,37960,37179.0,423,0
0.9226432999496595,1,1,0.0,0,14,16,0.8728813559322034,206,9,5,206,4,L7+keep_end<8,24664,44b6_9be80b04,24882,57877.0,236,0
0.8497825240768174,0,1,0.0,0,34,45,0.8263736263736263,376,27,7,376,5,L7+keep_end<8,43032,44b6_a2bb48bb,43443,60613.0,455,4
0.8277701242152891,0,0,0.0,0,20,34,0.7898832684824902,203,20,0,203,0,L7+keep_end<8,27531,44b6_c771cb04,27758,53345.0,257,0
0.841603687641271,0,0,0.0,0,7,11,0.7906976744186046,68,7,0,68,0,L7+keep_end<8,20428,44b6_cf2536e8,20504,57565.0,86,0
0.8957658990601203,0,0,0.0,0,10,12,0.89,178,6,4,178,3,L7+keep_end<8,40708,44b6_cf8fed6b,40896,43729.0,200,0
0.8480711906394507,0,0,0.0,0,36,36,0.8521560574948666,415,18,18,415,16,L7+keep_end<8,22879,44b6_d78e09d9,23326,22259.0,487,0
0.8049702867702064,0,0,0.0,0,4,7,0.8070175438596491,46,4,0,46,0,L7+keep_end<8,13247,44b6_e29f0176,13298,12969.0,57,0
0.970526244251132,0,3,0.25,1,8,13,0.9464285714285714,371,8,0,371,0,L7+keep_end<8,35451,44b6_eb2880fc,35841,48084.0,392,0
0.9847534802367368,0,0,0.0,0,9,8,0.9800703399765534,836,4,5,836,4,L7+keep_end<8,5201,6bba_05b6850b,6058,6362.0,853,0
0.9968734303353888,0,1,0.5,1,2,4,0.9933481152993349,896,2,0,896,0,L7+keep_end<8,4886,6bba_062c8d37,5816,6030.0,902,0
0.9683953143630564,0,0,0.0,0,9,14,0.9626623376623377,593,7,2,593,1,L7+keep_end<8,3936,6bba_07477033,4548,4836.0,616,0
0.8330843695395863,2,0,0.0,0,35,17,0.856353591160221,310,6,29,310,23,L7+keep_end<8,26987,6bba_07e24132,27323,21485.0,362,0
0.9988362719913758,1,0,0.0,0,4,0,0.9965753424657534,1164,0,4,1164,4,L7+keep_end<8,7077,6bba_085bf656,8271,8463.0,1168,0
0.90676460467362,3,0,0.25,1,82,113,0.9017137096774194,1789,63,19,1789,15,L7+keep_end<8,27439,6bba_09961292,29374,31117.0,1984,0
0.909577856704282,3,1,0.0,0,56,28,0.9103521878335112,853,14,42,853,42,L7+keep_end<8,8931,6bba_20852818,9841,9758.0,937,3
0.7942189621734773,1,0,0.0,0,43,24,0.7838709677419354,243,11,32,243,29,L7+keep_end<8,24295,6bba_474be664,24558,28293.0,310,1
0.9496069694744067,4,0,0.2,1,23,20,0.9541577825159915,895,12,11,895,8,L7+keep_end<8,24181,6bba_48816121,25108,23965.0,938,0
0.6530356269888885,3,1,0.0,0,314,342,0.6608066184074457,1278,165,149,1278,118,L7+keep_end<8,71674,6bba_57b7cc1e,73215,65511.0,1934,0
0.7765191561020482,2,0,0.0,0,102,113,0.7724867724867724,730,57,45,730,40,L7+keep_end<8,37647,6bba_78a7bd97,38493,40613.0,945,1
0.970415371188567,0,0,0.0,0,23,16,0.9664948453608248,1125,10,13,1125,9,L7+keep_end<8,10245,6bba_91951b3a,11424,11907.0,1164,2
0.969243907033362,0,1,0.0,0,22,11,0.9575835475578406,745,8,14,745,14,L7+keep_end<8,4148,6bba_971fa5e0,4926,5609.0,778,0
0.9496587563972786,2,1,0.0,0,36,33,0.9502164502164502,1317,14,22,1317,17,L7+keep_end<8,16954,6bba_9a41d029,18338,18231.0,1386,2
0.9892818986333347,1,0,0.0,0,6,4,0.9870466321243523,762,2,4,762,3,L7+keep_end<8,4128,6bba_aeee7805,4920,5034.0,772,3
0.9493503781735826,0,0,0.0,0,23,18,0.9569779643231899,912,12,11,912,10,L7+keep_end<8,5028,6bba_b693381b,6001,5558.0,953,2
0.9924586451842787,0,0,1.0,1,7,7,0.9852476290832455,935,7,0,935,0,L7+keep_end<8,4937,6bba_e16ffc58,5901,6367.0,949,1
0.9721772589790312,0,0,0.0,0,13,3,0.9686888454011742,495,2,11,495,10,L7+keep_end<8,3762,6bba_ed9377fd,4283,4443.0,511,1
0.8692623890579958,0,0,0.0,0,4,3,0.8679245283018868,46,2,2,46,3,L7+keep_end<9,25309,44b6_0113de3b,25358,25755.0,53,0
0.9358546670410169,1,0,0.0,0,32,39,0.9125615763546798,741,24,8,741,6,L7+keep_end<9,42914,44b6_12dfb391,43696,58672.0,812,0
0.7818685533647416,1,0,0.0,0,26,40,0.7917981072555205,251,24,2,251,1,L7+keep_end<9,21250,44b6_267148e4,21529,19130.0,317,1
0.8739676770362472,0,1,0.5,1,13,23,0.8454935622317596,197,13,0,197,0,L7+keep_end<9,37170,44b6_2a2eff9f,37384,56367.0,233,0
0.9835580687255328,1,0,0.0,0,1,0,0.9952153110047847,208,1,0,208,0,L7+keep_end<9,8091,44b6_341df25f,8307,7436.0,209,0
0.9108563646651174,0,0,0.0,0,27,30,0.8661971830985915,369,15,12,369,10,L7+keep_end<9,15081,44b6_3bb3690f,15471,31937.0,426,0
0.9475989769809035,0,1,0.5,1,12,7,0.9497354497354498,359,4,8,359,8,L7+keep_end<9,18172,44b6_587a1e22,18545,18137.0,378,0
0.9652360523030471,1,0,0.0,0,15,22,0.9300567107750473,492,15,0,492,0,L7+keep_end<9,41053,44b6_7a302da0,41569,66858.0,529,0
1.006352432981832,0,0,0.0,0,0,0,1.0,179,0,0,179,0,L7+keep_end<9,14561,44b6_808952d6,14742,15742.0,179,0
0.8287761965831775,0,0,0.0,0,27,45,0.8297872340425532,351,23,4,351,3,L7+keep_end<9,37247,44b6_949adeb1,37632,37179.0,423,0
0.9232103704436908,1,1,0.0,0,14,16,0.8728813559322034,206,9,5,206,4,L7+keep_end<9,24288,44b6_9be80b04,24506,57877.0,236,0
0.85099318809315,0,1,0.0,0,34,45,0.8263736263736263,376,27,7,376,5,L7+keep_end<9,42144,44b6_a2bb48bb,42555,60613.0,455,4
0.8285756289449815,0,0,0.0,0,20,34,0.7898832684824902,203,20,0,203,0,L7+keep_end<9,26987,44b6_c771cb04,27214,53345.0,257,0
0.8422300372278858,0,0,0.0,0,7,11,0.7906976744186046,68,7,0,68,0,L7+keep_end<9,19972,44b6_cf2536e8,20048,57565.0,86,0
0.8964660294084018,0,0,0.0,0,10,12,0.89,178,6,4,178,3,L7+keep_end<9,40364,44b6_cf8fed6b,40552,43729.0,200,0
0.8269197478173623,0,0,0.0,0,40,44,0.8303030303030303,411,20,20,411,17,L7+keep_end<9,22720,44b6_d78e09d9,23166,22259.0,495,0
0.8058663506634579,0,0,0.0,0,4,7,0.8070175438596491,46,4,0,46,0,L7+keep_end<9,13103,44b6_e29f0176,13154,12969.0,57,0
0.9712348256622341,0,3,0.25,1,8,13,0.9464285714285714,371,8,0,371,0,L7+keep_end<9,35091,44b6_eb2880fc,35481,48084.0,392,0
0.9934976852031849,0,0,0.0,0,7,4,0.9870435806831567,838,2,5,838,4,L7+keep_end<9,5089,6bba_05b6850b,5946,6362.0,849,0
0.9975323677253056,0,1,0.5,1,2,4,0.9933481152993349,896,2,0,896,0,L7+keep_end<9,4846,6bba_062c8d37,5776,6030.0,902,0
0.9690323117742473,0,0,0.0,0,9,14,0.9626623376623377,593,7,2,593,1,L7+keep_end<9,3904,6bba_07477033,4516,4836.0,616,0
0.8342960590518632,2,0,0.0,0,35,17,0.856353591160221,310,6,29,310,23,L7+keep_end<9,26683,6bba_07e24132,27019,21485.0,362,0
0.9997783259603851,1,0,0.0,0,4,0,0.9965753424657534,1164,0,4,1164,4,L7+keep_end<9,6997,6bba_085bf656,8191,8463.0,1168,0
0.9051673484408168,3,0,0.25,1,88,111,0.8995963673057518,1783,61,27,1783,25,L7+keep_end<9,27265,6bba_09961292,29190,31117.0,1982,0
0.9028537786252278,3,1,0.0,0,63,28,0.9028815368196371,846,13,50,846,50,L7+keep_end<9,8859,6bba_20852818,9761,9758.0,937,3
0.7852675288427663,1,0,0.0,0,46,24,0.7741935483870968,240,9,37,240,33,L7+keep_end<9,23987,6bba_474be664,24246,28293.0,310,1
0.9500210417021625,4,0,0.2,1,23,20,0.9541577825159915,895,12,11,895,8,L7+keep_end<9,24077,6bba_48816121,25004,23965.0,938,0
0.6577757779474215,3,1,0.0,0,310,337,0.6645930533955418,1282,161,149,1282,118,L7+keep_end<9,70690,6bba_57b7cc1e,72231,65511.0,1929,0
0.7702636617644126,2,0,0.0,0,109,113,0.765079365079365,723,57,52,723,48,L7+keep_end<9,37023,6bba_78a7bd97,37861,40613.0,945,1
0.9708049886621316,0,0,0.0,0,23,16,0.9664948453608248,1125,10,13,1125,9,L7+keep_end<9,10197,6bba_91951b3a,11376,11907.0,1164,2
0.9629281759346552,0,1,0.0,0,28,11,0.9498714652956298,739,8,20,739,21,L7+keep_end<9,4067,6bba_971fa5e0,4838,5609.0,778,0
0.950367600877721,2,1,0.0,0,36,33,0.9502164502164502,1317,14,22,1317,17,L7+keep_end<9,16818,6bba_9a41d029,18202,18231.0,1386,2
0.9897524810562783,1,0,0.0,0,6,4,0.9870466321243523,762,2,4,762,3,L7+keep_end<9,4104,6bba_aeee7805,4896,5034.0,772,3
0.9507278203676426,0,0,0.0,0,23,18,0.9569779643231899,912,12,11,912,10,L7+keep_end<9,4948,6bba_b693381b,5921,5558.0,953,2
0.9925824394521077,0,0,1.0,1,7,7,0.9852476290832455,935,7,0,935,0,L7+keep_end<9,4929,6bba_e16ffc58,5893,6367.0,949,1
0.9723516796579241,0,0,0.0,0,13,3,0.9686888454011742,495,2,11,495,10,L7+keep_end<9,3754,6bba_ed9377fd,4275,4443.0,511,1
0.8696566704395191,0,0,0.0,0,4,3,0.8679245283018868,46,2,2,46,3,L7+keep_end<10,25192,44b6_0113de3b,25241,25755.0,53,0
0.9363026110926772,1,0,0.0,0,32,39,0.9125615763546798,741,24,8,741,6,L7+keep_end<10,42626,44b6_12dfb391,43408,58672.0,812,0
0.7971444624610027,1,0,0.0,0,24,37,0.8057324840764332,253,22,2,253,1,L7+keep_end<10,20890,44b6_267148e4,21169,19130.0,314,1
0.874845165165659,0,1,0.5,1,13,23,0.8454935622317596,197,13,0,197,0,L7+keep_end<10,36585,44b6_2a2eff9f,36799,56367.0,233,0
0.9845216983972965,1,0,0.0,0,1,0,0.9952153110047847,208,1,0,208,0,L7+keep_end<10,8019,44b6_341df25f,8235,7436.0,209,0
0.9111353270869671,0,0,0.0,0,28,29,0.8658823529411764,368,15,13,368,12,L7+keep_end<10,14858,44b6_3bb3690f,15246,31937.0,425,0
0.9483530261883905,0,1,0.5,1,12,7,0.9497354497354498,359,4,8,359,8,L7+keep_end<10,18028,44b6_587a1e22,18401,18137.0,378,0
0.9660748811591262,1,0,0.0,0,15,22,0.9300567107750473,492,15,0,492,0,L7+keep_end<10,40450,44b6_7a302da0,40966,66858.0,529,0
1.0066382924660144,0,0,0.0,0,0,0,1.0,179,0,0,179,0,L7+keep_end<10,14516,44b6_808952d6,14697,15742.0,179,0
0.8296600174085921,0,0,0.0,0,27,45,0.8297872340425532,351,23,4,351,3,L7+keep_end<10,36851,44b6_949adeb1,37236,37179.0,423,0
0.9237533102784017,1,1,0.0,0,14,16,0.8728813559322034,206,9,5,206,4,L7+keep_end<10,23928,44b6_9be80b04,24146,57877.0,236,0
0.8520852397565314,0,1,0.0,0,34,45,0.8263736263736263,376,27,7,376,5,L7+keep_end<10,41343,44b6_a2bb48bb,41754,60613.0,455,4
0.8295218008609254,0,0,0.0,0,20,34,0.7898832684824902,203,20,0,203,0,L7+keep_end<10,26348,44b6_c771cb04,26575,53345.0,257,0
0.8428110588838905,0,0,0.0,0,7,11,0.7906976744186046,68,7,0,68,0,L7+keep_end<10,19549,44b6_cf2536e8,19625,57565.0,86,0
0.8970888197763498,0,0,0.0,0,10,12,0.89,178,6,4,178,3,L7+keep_end<10,40058,44b6_cf8fed6b,40246,43729.0,200,0
0.8277254688944343,0,0,0.0,0,40,44,0.8303030303030303,411,20,20,411,17,L7+keep_end<10,22504,44b6_d78e09d9,22950,22259.0,495,0
0.8070424345233506,0,0,0.0,0,4,7,0.8070175438596491,46,4,0,46,0,L7+keep_end<10,12914,44b6_e29f0176,12965,12969.0,57,0
0.953709134015473,0,3,0.25,1,15,13,0.9285714285714286,364,8,7,364,8,L7+keep_end<10,34685,44b6_eb2880fc,35067,48084.0,392,0
0.9940562134789565,0,0,0.0,0,7,4,0.9870435806831567,838,2,5,838,4,L7+keep_end<10,5053,6bba_05b6850b,5910,6362.0,849,0
0.9996080205035428,0,1,0.5,1,2,4,0.9933481152993349,896,2,0,896,0,L7+keep_end<10,4720,6bba_062c8d37,5650,6030.0,902,0
0.9704655559494269,0,0,0.0,0,9,14,0.9626623376623377,593,7,2,593,1,L7+keep_end<10,3832,6bba_07477033,4444,4836.0,616,0
0.8359103164613113,2,0,0.0,0,35,17,0.856353591160221,310,6,29,310,23,L7+keep_end<10,26278,6bba_07e24132,26614,21485.0,362,0
1.0004142123894664,1,0,0.0,0,4,0,0.9965753424657534,1164,0,4,1164,4,L7+keep_end<10,6943,6bba_085bf656,8137,8463.0,1168,0
0.9056617115825377,3,0,0.25,1,88,111,0.8995963673057518,1783,61,27,1783,25,L7+keep_end<10,27094,6bba_09961292,29019,31117.0,1982,0
0.9107123360676713,3,1,0.0,0,61,24,0.9088960342979635,848,11,50,848,50,L7+keep_end<10,8661,6bba_20852818,9563,9758.0,933,3
0.7887477056145143,1,0,0.0,0,46,23,0.7766990291262136,240,7,39,240,34,L7+keep_end<10,23646,6bba_474be664,23904,28293.0,309,1
0.9503435402641646,4,0,0.2,1,23,20,0.9541577825159915,895,12,11,895,8,L7+keep_end<10,23996,6bba_48816121,24923,23965.0,938,0
0.6649616230232795,3,1,0.0,0,305,327,0.6706618030224075,1287,154,151,1287,119,L7+keep_end<10,69539,6bba_57b7cc1e,71079,65511.0,1919,0
0.7630149701850881,2,0,0.0,0,117,113,0.7566137566137566,715,56,61,715,57,L7+keep_end<10,36348,6bba_78a7bd97,37177,40613.0,945,1
0.9713894148724781,0,0,0.0,0,23,16,0.9664948453608248,1125,10,13,1125,9,L7+keep_end<10,10125,6bba_91951b3a,11304,11907.0,1164,2
0.9636902407579446,0,1,0.0,0,28,11,0.9498714652956298,739,8,20,739,21,L7+keep_end<10,4022,6bba_971fa5e0,4793,5609.0,778,0
0.9507428714850139,2,1,0.0,0,36,33,0.9502164502164502,1317,14,22,1317,17,L7+keep_end<10,16746,6bba_9a41d029,18130,18231.0,1386,2
0.9847088823239325,1,0,0.0,0,11,3,0.9818417639429312,757,1,10,757,9,L7+keep_end<10,4101,6bba_aeee7805,4887,5034.0,771,3
0.9519675183422966,0,0,0.0,0,23,18,0.9569779643231899,912,12,11,912,10,L7+keep_end<10,4876,6bba_b693381b,5849,5558.0,953,2
0.9930002451060301,0,0,1.0,1,7,7,0.9852476290832455,935,7,0,935,0,L7+keep_end<10,4902,6bba_e16ffc58,5866,6367.0,949,1
0.9828385268519355,0,0,0.0,0,11,0,0.9783464566929134,497,0,11,497,10,L7+keep_end<10,3718,6bba_ed9377fd,4239,4443.0,508,1
0.8701587894638521,0,0,0.0,0,4,3,0.8679245283018868,46,2,2,46,3,L7+keep_end<12,25043,44b6_0113de3b,25092,25755.0,53,0
0.9376884380025013,1,0,0.0,0,32,39,0.9125615763546798,741,24,8,741,6,L7+keep_end<12,41735,44b6_12dfb391,42517,58672.0,812,0
0.7995368098261643,1,0,0.0,0,24,37,0.8057324840764332,253,22,2,253,1,L7+keep_end<12,20322,44b6_267148e4,20601,19130.0,314,1
0.8766061413433163,0,1,0.5,1,13,23,0.8454935622317596,197,13,0,197,0,L7+keep_end<12,35411,44b6_2a2eff9f,35625,56367.0,233,0
0.9576167667444813,1,0,0.0,0,7,0,0.9665071770334929,202,0,7,202,8,L7+keep_end<12,7912,44b6_341df25f,8120,7436.0,209,0
0.9164920505803721,0,0,0.0,0,28,27,0.8699763593380615,368,13,15,368,13,L7+keep_end<12,14474,44b6_3bb3690f,14861,31937.0,423,0
0.9337491572811636,0,1,0.5,1,18,7,0.9338624338624338,353,4,14,353,15,L7+keep_end<12,17793,44b6_587a1e22,18159,18137.0,378,0
0.9676635089429443,1,0,0.0,0,15,22,0.9300567107750473,492,15,0,492,0,L7+keep_end<12,39308,44b6_7a302da0,39824,66858.0,529,0
1.0079532460932537,0,0,0.0,0,0,0,1.0,179,0,0,179,0,L7+keep_end<12,14309,44b6_808952d6,14490,15742.0,179,0
0.8317200341304545,0,0,0.0,0,27,45,0.8297872340425532,351,23,4,351,3,L7+keep_end<12,35928,44b6_949adeb1,36313,37179.0,423,0
0.9249387289175203,1,1,0.0,0,14,16,0.8728813559322034,206,9,5,206,4,L7+keep_end<12,23142,44b6_9be80b04,23360,57877.0,236,0
0.8557998999842995,0,1,0.0,0,35,43,0.8278145695364238,375,26,9,375,7,L7+keep_end<12,39713,44b6_a2bb48bb,40122,60613.0,453,4
0.8309432797956771,0,0,0.0,0,20,34,0.7898832684824902,203,20,0,203,0,L7+keep_end<12,25388,44b6_c771cb04,25615,53345.0,257,0
0.7159636932163641,0,0,0.0,0,16,13,0.6704545454545454,59,6,10,59,9,L7+keep_end<12,18424,44b6_cf2536e8,18491,57565.0,88,0
0.8984504104827461,0,0,0.0,0,10,12,0.89,178,6,4,178,3,L7+keep_end<12,39389,44b6_cf8fed6b,39577,43729.0,200,0
0.828896748608326,0,0,0.0,0,40,44,0.8303030303030303,411,20,20,411,17,L7+keep_end<12,22190,44b6_d78e09d9,22636,22259.0,495,0
0.8098426341897615,0,0,0.0,0,4,7,0.8070175438596491,46,4,0,46,0,L7+keep_end<12,12464,44b6_e29f0176,12515,12969.0,57,0
0.9551594233900198,0,3,0.25,1,15,13,0.9285714285714286,364,8,7,364,8,L7+keep_end<12,33934,44b6_eb2880fc,34316,48084.0,392,0
0.9963213559306972,0,0,0.0,0,7,4,0.9870435806831567,838,2,5,838,4,L7+keep_end<12,4907,6bba_05b6850b,5764,6362.0,849,0
0.9928615238662564,0,1,0.5,1,11,4,0.983370288248337,887,2,9,887,10,L7+keep_end<12,4528,6bba_062c8d37,5448,6030.0,902,0
0.9725557037048972,0,0,0.0,0,9,14,0.9626623376623377,593,7,2,593,1,L7+keep_end<12,3727,6bba_07477033,4339,4836.0,616,0
0.8128834070281592,2,0,0.0,0,41,21,0.8306010928961749,304,8,33,304,27,L7+keep_end<12,25736,6bba_07e24132,26068,21485.0,366,2
1.0024985067958996,1,0,0.0,0,4,0,0.9965753424657534,1164,0,4,1164,4,L7+keep_end<12,6766,6bba_085bf656,7960,8463.0,1168,0
0.9061101574030658,3,0,0.25,1,89,111,0.8990918264379415,1782,59,30,1782,27,L7+keep_end<12,26765,6bba_09961292,28688,31117.0,1982,0
0.9052314948799577,3,1,0.0,0,69,23,0.9012875536480687,840,11,58,840,60,L7+keep_end<12,8439,6bba_20852818,9331,9758.0,932,3
0.7903673727660517,1,0,0.0,0,46,23,0.7766990291262136,240,7,39,240,34,L7+keep_end<12,23056,6bba_474be664,23314,28293.0,309,1
0.9511677032559476,4,0,0.2,1,23,20,0.9541577825159915,895,12,11,895,8,L7+keep_end<12,23789,6bba_48816121,24716,23965.0,938,0
0.648865564178865,3,1,0.0,0,344,322,0.6520376175548589,1248,142,202,1248,164,L7+keep_end<12,67203,6bba_57b7cc1e,68698,65511.0,1914,0
0.7466203528182194,2,0,0.0,0,134,114,0.7378435517970402,698,54,80,698,74,L7+keep_end<12,34970,6bba_78a7bd97,35782,40613.0,946,1
0.960519844949562,0,0,0.0,0,38,16,0.9536082474226805,1110,9,29,1110,26,L7+keep_end<12,9882,6bba_91951b3a,11044,11907.0,1164,2
0.9551675350989801,0,1,0.0,0,36,11,0.9395886889460154,731,8,28,731,30,L7+keep_end<12,3917,6bba_971fa5e0,4679,5609.0,778,0
0.9520146218763957,2,1,0.0,0,36,33,0.9502164502164502,1317,14,22,1317,17,L7+keep_end<12,16502,6bba_9a41d029,17886,18231.0,1386,2
0.985294008524137,1,0,0.0,0,11,3,0.9818417639429312,757,1,10,757,9,L7+keep_end<12,4071,6bba_aeee7805,4857,5034.0,771,3
0.945292738561245,0,0,0.0,0,33,18,0.9464847848898216,902,11,22,902,21,L7+keep_end<12,4666,6bba_b693381b,5628,5558.0,953,2
0.9941453420834475,0,0,1.0,1,7,7,0.9852476290832455,935,7,0,935,0,L7+keep_end<12,4828,6bba_e16ffc58,5792,6367.0,949,1
0.9676898190730885,0,0,0.0,0,19,0,0.9625984251968503,489,0,19,489,19,L7+keep_end<12,3696,6bba_ed9377fd,4208,4443.0,508,1
0.8683390292414369,0,0,0.0,0,4,3,0.8679245283018868,46,2,2,46,3,L6+interior<7,25583,44b6_0113de3b,25632,25755.0,53,0
0.9347736909441283,1,0,0.0,0,32,39,0.9125615763546798,741,24,8,741,6,L6+interior<7,43609,44b6_12dfb391,44391,58672.0,812,0
0.7799107880498861,1,0,0.0,0,26,40,0.7917981072555205,251,24,2,251,1,L6+interior<7,21723,44b6_267148e4,22002,19130.0,317,1
0.8720297032529991,0,1,0.5,1,13,23,0.8454935622317596,197,13,0,197,0,L6+interior<7,38462,44b6_2a2eff9f,38676,56367.0,233,0
0.9818047980727407,1,0,0.0,0,1,0,0.9952153110047847,208,1,0,208,0,L6+interior<7,8222,44b6_341df25f,8438,7436.0,209,0
0.9457358807854386,0,0,0.0,0,16,26,0.9004739336492891,380,16,0,380,0,L6+interior<7,15484,44b6_3bb3690f,15884,31937.0,422,0
0.9619775179680345,0,1,0.5,1,6,7,0.9656084656084656,365,4,2,365,1,L6+interior<7,18439,44b6_587a1e22,18819,18137.0,378,0
0.9630409081324123,1,0,0.0,0,15,22,0.9300567107750473,492,15,0,492,0,L6+interior<7,42631,44b6_7a302da0,43147,66858.0,529,0
1.0045928090458647,0,0,0.0,0,0,0,1.0,179,0,0,179,0,L6+interior<7,14838,44b6_808952d6,15019,15742.0,179,0
0.8269728450000086,0,0,0.0,0,27,45,0.8297872340425532,351,23,4,351,3,L6+interior<7,38055,44b6_949adeb1,38440,37179.0,423,0
0.9217987268734426,1,1,0.0,0,14,16,0.8728813559322034,206,9,5,206,4,L6+interior<7,25224,44b6_9be80b04,25442,57877.0,236,0
0.848177848911025,0,1,0.0,0,34,45,0.8263736263736263,376,27,7,376,5,L6+interior<7,44209,44b6_a2bb48bb,44620,60613.0,455,4
0.8268550471510426,0,0,0.0,0,20,34,0.7898832684824902,203,20,0,203,0,L6+interior<7,28149,44b6_c771cb04,28376,53345.0,257,0
0.8407452041069852,0,0,0.0,0,7,11,0.7906976744186046,68,7,0,68,0,L6+interior<7,21053,44b6_cf2536e8,21129,57565.0,86,0
0.8949538292666195,0,0,0.0,0,10,12,0.89,178,6,4,178,3,L6+interior<7,41107,44b6_cf8fed6b,41295,43729.0,200,0
0.8516279103166227,0,0,0.0,0,33,37,0.8565573770491803,418,19,14,418,12,L6+interior<7,23089,44b6_d78e09d9,23540,22259.0,488,0
0.8034644016162698,0,0,0.0,0,4,7,0.8070175438596491,46,4,0,46,0,L6+interior<7,13489,44b6_e29f0176,13540,12969.0,57,0
0.9693728311763937,0,3,0.25,1,8,13,0.9464285714285714,371,8,0,371,0,L6+interior<7,36037,44b6_eb2880fc,36427,48084.0,392,0
0.9831821634389122,0,0,0.0,0,9,8,0.9800703399765534,836,4,5,836,4,L6+interior<7,5303,6bba_05b6850b,6160,6362.0,853,0
0.9956379227292951,0,1,0.5,1,2,4,0.9933481152993349,896,2,0,896,0,L6+interior<7,4961,6bba_062c8d37,5891,6030.0,902,0
0.9461657759114335,0,0,0.0,0,14,22,0.9423076923076923,588,12,2,588,1,L6+interior<7,4026,6bba_07477033,4638,4836.0,624,0
0.831219005422002,2,0,0.0,0,35,17,0.856353591160221,310,6,29,310,23,L6+interior<7,27455,6bba_07e24132,27791,21485.0,362,0
0.9973407613155734,1,0,0.0,0,4,0,0.9965753424657534,1164,0,4,1164,4,L6+interior<7,7204,6bba_085bf656,8398,8463.0,1168,0
0.9060517416965314,3,0,0.25,1,82,113,0.9017137096774194,1789,63,19,1789,15,L6+interior<7,27685,6bba_09961292,29620,31117.0,1984,0
0.9164682758656933,3,1,0.0,0,49,27,0.9188034188034188,860,14,35,860,34,L6+interior<7,9088,6bba_20852818,10006,9758.0,936,3
0.7878560271771491,1,0,0.0,0,43,26,0.7788461538461539,243,11,32,243,28,L6+interior<7,24756,6bba_474be664,25020,28293.0,312,1
0.9501099551273468,4,0,0.2,1,22,20,0.9552238805970149,896,13,9,896,6,L6+interior<7,24319,6bba_48816121,25248,23965.0,938,0
0.6583732055187014,3,1,0.0,0,301,341,0.6678737713398862,1291,168,133,1291,102,L6+interior<7,73273,6bba_57b7cc1e,74830,65511.0,1933,0
0.7782931964469895,2,0,0.0,0,99,113,0.7756613756613756,733,58,41,733,36,L6+interior<7,38385,6bba_78a7bd97,39235,40613.0,945,1
0.9695874340572427,0,0,0.0,0,23,16,0.9664948453608248,1125,10,13,1125,9,L6+interior<7,10347,6bba_91951b3a,11526,11907.0,1164,2
0.9742020834125837,0,1,0.0,0,17,11,0.9640102827763496,750,8,9,750,8,L6+interior<7,4232,6bba_971fa5e0,5016,5609.0,778,0
0.9490228812015877,2,1,0.0,0,36,33,0.9502164502164502,1317,14,22,1317,17,L6+interior<7,17076,6bba_9a41d029,18460,18231.0,1386,2
0.9886348478017871,1,0,0.0,0,6,4,0.9870466321243523,762,2,4,762,3,L6+interior<7,4161,6bba_aeee7805,4953,5034.0,772,3
0.9478007557052651,0,0,0.0,0,23,18,0.9569779643231899,912,12,11,912,10,L6+interior<7,5118,6bba_b693381b,6091,5558.0,953,2
0.9749097806681448,0,0,1.0,1,13,17,0.9687174139728885,929,13,0,929,0,L6+interior<7,4996,6bba_e16ffc58,5960,6367.0,959,1
0.9700842108323169,0,0,0.0,0,13,3,0.9686888454011742,495,2,11,495,10,L6+interior<7,3858,6bba_ed9377fd,4379,4443.0,511,1
0.8685513346007188,0,0,0.0,0,4,3,0.8679245283018868,46,2,2,46,3,L6+interior<8,25520,44b6_0113de3b,25569,25755.0,53,0
0.935220079634498,1,0,0.0,0,32,39,0.9125615763546798,741,24,8,741,6,L6+interior<8,43322,44b6_12dfb391,44104,58672.0,812,0
0.7806930663680841,1,0,0.0,0,26,40,0.7917981072555205,251,24,2,251,1,L6+interior<8,21534,44b6_267148e4,21813,19130.0,317,1
0.8727751931680721,0,1,0.5,1,13,23,0.8454935622317596,197,13,0,197,0,L6+interior<8,37965,44b6_2a2eff9f,38179,56367.0,233,0
0.9822732291631813,1,0,0.0,0,1,0,0.9952153110047847,208,1,0,208,0,L6+interior<8,8187,44b6_341df25f,8403,7436.0,209,0
0.9462095621608122,0,0,0.0,0,16,26,0.9004739336492891,380,16,0,380,0,L6+interior<8,15316,44b6_3bb3690f,15716,31937.0,422,0
0.9466040509432471,0,1,0.5,1,12,7,0.9497354497354498,359,4,8,359,8,L6+interior<8,18362,44b6_587a1e22,18735,18137.0,378,0
0.9639854600283954,1,0,0.0,0,15,22,0.9300567107750473,492,15,0,492,0,L6+interior<8,41952,44b6_7a302da0,42468,66858.0,529,0
1.0051264134163385,0,0,0.0,0,0,0,1.0,179,0,0,179,0,L6+interior<8,14754,44b6_808952d6,14935,15742.0,179,0
0.8275977688159581,0,0,0.0,0,27,45,0.8297872340425532,351,23,4,351,3,L6+interior<8,37775,44b6_949adeb1,38160,37179.0,423,0
0.9224638281709633,1,1,0.0,0,14,16,0.8728813559322034,206,9,5,206,4,L6+interior<8,24783,44b6_9be80b04,25001,57877.0,236,0
0.8495234856048541,0,1,0.0,0,34,45,0.8263736263736263,376,27,7,376,5,L6+interior<8,43222,44b6_a2bb48bb,43633,60613.0,455,4
0.8276013235917872,0,0,0.0,0,20,34,0.7898832684824902,203,20,0,203,0,L6+interior<8,27645,44b6_c771cb04,27872,53345.0,257,0
0.8413413350731932,0,0,0.0,0,7,11,0.7906976744186046,68,7,0,68,0,L6+interior<8,20619,44b6_cf2536e8,20695,57565.0,86,0
0.8956661711907429,0,0,0.0,0,10,12,0.89,178,6,4,178,3,L6+interior<8,40757,44b6_cf8fed6b,40945,43729.0,200,0
0.8520050279901518,0,0,0.0,0,33,37,0.8565573770491803,418,19,14,418,12,L6+interior<8,22991,44b6_d78e09d9,23442,22259.0,488,0
0.8045533681532073,0,0,0.0,0,4,7,0.8070175438596491,46,4,0,46,0,L6+interior<8,13314,44b6_e29f0176,13365,12969.0,57,0
0.9700617297705206,0,3,0.25,1,8,13,0.9464285714285714,371,8,0,371,0,L6+interior<8,35687,44b6_eb2880fc,36077,48084.0,392,0
0.9842605181040859,0,0,0.0,0,9,8,0.9800703399765534,836,4,5,836,4,L6+interior<8,5233,6bba_05b6850b,6090,6362.0,853,0
0.9966757491184138,0,1,0.5,1,2,4,0.9933481152993349,896,2,0,896,0,L6+interior<8,4898,6bba_062c8d37,5828,6030.0,902,0
0.9626827916837313,0,0,0.0,0,10,16,0.9579288025889967,592,8,2,592,1,L6+interior<8,3984,6bba_07477033,4596,4836.0,618,0
0.8325303404533807,2,0,0.0,0,35,17,0.856353591160221,310,6,29,310,23,L6+interior<8,27126,6bba_07e24132,27462,21485.0,362,0
0.9977529099270152,1,0,0.0,0,4,0,0.9965753424657534,1164,0,4,1164,4,L6+interior<8,7169,6bba_085bf656,8363,8463.0,1168,0
0.9061531652908326,3,0,0.25,1,82,113,0.9017137096774194,1789,63,19,1789,15,L6+interior<8,27650,6bba_09961292,29585,31117.0,1984,0
0.9167319210360817,3,1,0.0,0,49,27,0.9188034188034188,860,14,35,860,34,L6+interior<8,9060,6bba_20852818,9978,9758.0,936,3
0.7888002332732478,1,0,0.0,0,43,26,0.7788461538461539,243,11,32,243,28,L6+interior<8,24413,6bba_474be664,24677,28293.0,312,1
0.9491889157829226,4,0,0.2,1,23,20,0.9541577825159915,895,12,11,895,8,L6+interior<8,24286,6bba_48816121,25213,23965.0,938,0
0.6565504106713128,3,1,0.0,0,305,343,0.6651162790697674,1287,167,138,1287,106,L6+interior<8,72395,6bba_57b7cc1e,73948,65511.0,1935,0
0.7761330363502081,2,0,0.0,0,102,113,0.7724867724867724,730,57,45,730,40,L6+interior<8,37850,6bba_78a7bd97,38696,40613.0,945,1
0.9700988069912959,0,0,0.0,0,23,16,0.9664948453608248,1125,10,13,1125,9,L6+interior<8,10284,6bba_91951b3a,11463,11907.0,1164,2
0.968663449899881,0,1,0.0,0,22,11,0.9575835475578406,745,8,14,745,14,L6+interior<8,4182,6bba_971fa5e0,4960,5609.0,778,0
0.9493877276253448,2,1,0.0,0,36,33,0.9502164502164502,1317,14,22,1317,17,L6+interior<8,17006,6bba_9a41d029,18390,18231.0,1386,2
0.9889093542151709,1,0,0.0,0,6,4,0.9870466321243523,762,2,4,762,3,L6+interior<8,4147,6bba_aeee7805,4939,5034.0,772,3
0.9480418080892257,0,0,0.0,0,23,18,0.9569779643231899,912,12,11,912,10,L6+interior<8,5104,6bba_b693381b,6077,5558.0,953,2
0.9918706224120916,0,0,1.0,1,7,7,0.9852476290832455,935,7,0,935,0,L6+interior<8,4975,6bba_e16ffc58,5939,6367.0,949,1
0.9709999193965045,0,0,0.0,0,13,3,0.9686888454011742,495,2,11,495,10,L6+interior<8,3816,6bba_ed9377fd,4337,4443.0,511,1
0.8688748475291481,0,0,0.0,0,4,3,0.8679245283018868,46,2,2,46,3,L6+interior<9,25424,44b6_0113de3b,25473,25755.0,53,0
0.9355187090022716,1,0,0.0,0,32,39,0.9125615763546798,741,24,8,741,6,L6+interior<9,43130,44b6_12dfb391,43912,58672.0,812,0
0.7815870987317391,1,0,0.0,0,26,40,0.7917981072555205,251,24,2,251,1,L6+interior<9,21318,44b6_267148e4,21597,19130.0,317,1
0.873399184726765,0,1,0.5,1,13,23,0.8454935622317596,197,13,0,197,0,L6+interior<9,37549,44b6_2a2eff9f,37763,56367.0,233,0
0.9830227189078864,1,0,0.0,0,1,0,0.9952153110047847,208,1,0,208,0,L6+interior<9,8131,44b6_341df25f,8347,7436.0,209,0
0.9465253497443945,0,0,0.0,0,16,26,0.9004739336492891,380,16,0,380,0,L6+interior<9,15204,44b6_3bb3690f,15604,31937.0,422,0
0.9471905336601814,0,1,0.5,1,12,7,0.9497354497354498,359,4,8,359,8,L6+interior<9,18250,44b6_587a1e22,18623,18137.0,378,0
0.9647756006424133,1,0,0.0,0,15,22,0.9300567107750473,492,15,0,492,0,L6+interior<9,41384,44b6_7a302da0,41900,66858.0,529,0
1.0058887053741583,0,0,0.0,0,0,0,1.0,179,0,0,179,0,L6+interior<9,14634,44b6_808952d6,14815,15742.0,179,0
0.8281334178010579,0,0,0.0,0,27,45,0.8297872340425532,351,23,4,351,3,L6+interior<9,37535,44b6_949adeb1,37920,37179.0,423,0
0.9229102453683923,1,1,0.0,0,14,16,0.8728813559322034,206,9,5,206,4,L6+interior<9,24487,44b6_9be80b04,24705,57877.0,236,0
0.8505705463757367,0,1,0.0,0,34,45,0.8263736263736263,376,27,7,376,5,L6+interior<9,42454,44b6_a2bb48bb,42865,60613.0,455,4
0.8283002174013734,0,0,0.0,0,20,34,0.7898832684824902,203,20,0,203,0,L6+interior<9,27173,44b6_c771cb04,27400,53345.0,257,0
0.8418907645351362,0,0,0.0,0,7,11,0.7906976744186046,68,7,0,68,0,L6+interior<9,20219,44b6_cf2536e8,20295,57565.0,86,0
0.8963663015390244,0,0,0.0,0,10,12,0.89,178,6,4,178,3,L6+interior<9,40413,44b6_cf8fed6b,40601,43729.0,200,0
0.8306913368858411,0,0,0.0,0,37,45,0.8346774193548387,414,21,16,414,13,L6+interior<9,22872,44b6_d78e09d9,23322,22259.0,496,0
0.8052503067368475,0,0,0.0,0,4,7,0.8070175438596491,46,4,0,46,0,L6+interior<9,13202,44b6_e29f0176,13253,12969.0,57,0
0.9707073261673024,0,3,0.25,1,8,13,0.9464285714285714,371,8,0,371,0,L6+interior<9,35359,44b6_eb2880fc,35749,48084.0,392,0
0.9928770982301053,0,0,0.0,0,7,4,0.9870435806831567,838,2,5,838,4,L6+interior<9,5129,6bba_05b6850b,5986,6362.0,849,0
0.9972028990303472,0,1,0.5,1,2,4,0.9933481152993349,896,2,0,896,0,L6+interior<9,4866,6bba_062c8d37,5796,6030.0,902,0
0.9633166568963625,0,0,0.0,0,10,16,0.9579288025889967,592,8,2,592,1,L6+interior<9,3952,6bba_07477033,4564,4836.0,618,0
0.8335188240028698,2,0,0.0,0,35,17,0.856353591160221,310,6,29,310,23,L6+interior<9,26878,6bba_07e24132,27214,21485.0,362,0
0.9981297315146187,1,0,0.0,0,4,0,0.9965753424657534,1164,0,4,1164,4,L6+interior<9,7137,6bba_085bf656,8331,8463.0,1168,0
0.9063084779436824,3,0,0.25,1,84,111,0.9016145307769929,1787,61,23,1787,19,L6+interior<9,27566,6bba_09961292,29497,31117.0,1982,0
0.9097184339652058,3,1,0.0,0,56,27,0.9113247863247863,853,13,43,853,42,L6+interior<9,9020,6bba_20852818,9930,9758.0,936,3
0.7798449738859027,1,0,0.0,0,46,26,0.7692307692307693,240,9,37,240,32,L6+interior<9,24129,6bba_474be664,24389,28293.0,312,1
0.9496029880106783,4,0,0.2,1,23,20,0.9541577825159915,895,12,11,895,8,L6+interior<9,24182,6bba_48816121,25109,23965.0,938,0
0.6611385257216227,3,1,0.0,0,301,338,0.6689119170984456,1291,163,138,1291,106,L6+interior<9,71571,6bba_57b7cc1e,73124,65511.0,1930,0
0.7698511032709441,2,0,0.0,0,109,113,0.765079365079365,723,57,52,723,48,L6+interior<9,37242,6bba_78a7bd97,38080,40613.0,945,1
0.9703585519736723,0,0,0.0,0,23,16,0.9664948453608248,1125,10,13,1125,9,L6+interior<9,10252,6bba_91951b3a,11431,11907.0,1164,2
0.9619459590513044,0,1,0.0,0,28,11,0.9498714652956298,739,8,20,739,21,L6+interior<9,4125,6bba_971fa5e0,4896,5609.0,778,0
0.9500965721057871,2,1,0.0,0,36,33,0.9502164502164502,1317,14,22,1317,17,L6+interior<9,16870,6bba_9a41d029,18254,18231.0,1386,2
0.9893799366381146,1,0,0.0,0,6,4,0.9870466321243523,762,2,4,762,3,L6+interior<9,4123,6bba_aeee7805,4915,5034.0,772,3
0.9494192502832856,0,0,0.0,0,23,18,0.9569779643231899,912,12,11,912,10,L6+interior<9,5024,6bba_b693381b,5997,5558.0,953,2
0.9919944166799205,0,0,1.0,1,7,7,0.9852476290832455,935,7,0,935,0,L6+interior<9,4967,6bba_e16ffc58,5931,6367.0,949,1
0.9711743400753973,0,0,0.0,0,13,3,0.9686888454011742,495,2,11,495,10,L6+interior<9,3808,6bba_ed9377fd,4329,4443.0,511,1
0.868547964674381,0,0,0.0,0,4,3,0.8679245283018868,46,2,2,46,3,L7+prob0.5<9,25521,44b6_0113de3b,25570,25755.0,53,0
0.934932337795758,1,0,0.0,0,32,39,0.9125615763546798,741,24,8,741,6,L7+prob0.5<9,43507,44b6_12dfb391,44289,58672.0,812,0
0.7801301571020792,1,0,0.0,0,26,40,0.7917981072555205,251,24,2,251,1,L7+prob0.5<9,21670,44b6_267148e4,21949,19130.0,317,1
0.8724751972263929,0,1,0.5,1,13,23,0.8454935622317596,197,13,0,197,0,L7+prob0.5<9,38165,44b6_2a2eff9f,38379,56367.0,233,0
0.9820457054906815,1,0,0.0,0,1,0,0.9952153110047847,208,1,0,208,0,L7+prob0.5<9,8204,44b6_341df25f,8420,7436.0,209,0
0.9458402034693005,0,0,0.0,0,16,26,0.9004739336492891,380,16,0,380,0,L7+prob0.5<9,15447,44b6_3bb3690f,15847,31937.0,422,0
0.9622756602962811,0,1,0.5,1,6,7,0.9656084656084656,365,4,2,365,1,L7+prob0.5<9,18383,44b6_587a1e22,18763,18137.0,378,0
0.9633205177511054,1,0,0.0,0,15,22,0.9300567107750473,492,15,0,492,0,L7+prob0.5<9,42430,44b6_7a302da0,42946,66858.0,529,0
1.0049104306949561,0,0,0.0,0,0,0,1.0,179,0,0,179,0,L7+prob0.5<9,14788,44b6_808952d6,14969,15742.0,179,0
0.8273411036772645,0,0,0.0,0,27,45,0.8297872340425532,351,23,4,351,3,L7+prob0.5<9,37890,44b6_949adeb1,38275,37179.0,423,0
0.9219374781645355,1,1,0.0,0,14,16,0.8728813559322034,206,9,5,206,4,L7+prob0.5<9,25132,44b6_9be80b04,25350,57877.0,236,0
0.8486195776737409,0,1,0.0,0,34,45,0.8263736263736263,376,27,7,376,5,L7+prob0.5<9,43885,44b6_a2bb48bb,44296,60613.0,455,4
0.8269853493867283,0,0,0.0,0,20,34,0.7898832684824902,203,20,0,203,0,L7+prob0.5<9,28061,44b6_c771cb04,28288,53345.0,257,0
0.8409306365503908,0,0,0.0,0,7,11,0.7906976744186046,68,7,0,68,0,L7+prob0.5<9,20918,44b6_cf2536e8,20994,57565.0,86,0
0.8950881566008827,0,0,0.0,0,10,12,0.89,178,6,4,178,3,L7+prob0.5<9,41041,44b6_cf8fed6b,41229,43729.0,200,0
0.8518895838043775,0,0,0.0,0,33,37,0.8565573770491803,418,19,14,418,12,L7+prob0.5<9,23021,44b6_d78e09d9,23472,22259.0,488,0
0.8035764096029262,0,0,0.0,0,4,7,0.8070175438596491,46,4,0,46,0,L7+prob0.5<9,13471,44b6_e29f0176,13522,12969.0,57,0
0.9697015342198771,0,3,0.25,1,8,13,0.9464285714285714,371,8,0,371,0,L7+prob0.5<9,35870,44b6_eb2880fc,36260,48084.0,392,0
0.9836905306382083,0,0,0.0,0,9,8,0.9800703399765534,836,4,5,836,4,L7+prob0.5<9,5270,6bba_05b6850b,6127,6362.0,853,0
0.9958356039462701,0,1,0.5,1,2,4,0.9933481152993349,896,2,0,896,0,L7+prob0.5<9,4949,6bba_062c8d37,5879,6030.0,902,0
0.9518993734025888,0,0,0.0,0,13,20,0.9469453376205788,589,11,2,589,1,L7+prob0.5<9,3971,6bba_07477033,4583,4836.0,622,0
0.8317889777912639,2,0,0.0,0,35,17,0.856353591160221,310,6,29,310,23,L7+prob0.5<9,27312,6bba_07e24132,27648,21485.0,362,0
0.9978588909985286,1,0,0.0,0,4,0,0.9965753424657534,1164,0,4,1164,4,L7+prob0.5<9,7160,6bba_085bf656,8354,8463.0,1168,0
0.9065211880472972,3,0,0.25,1,82,113,0.9017137096774194,1789,63,19,1789,15,L7+prob0.5<9,27523,6bba_09961292,29458,31117.0,1984,0
0.9016046598768096,3,1,0.0,0,63,28,0.9028815368196371,846,13,50,846,50,L7+prob0.5<9,8994,6bba_20852818,9896,9758.0,937,3
0.790820141961875,1,0,0.0,0,43,25,0.7813504823151125,243,10,33,243,29,L7+prob0.5<9,24601,6bba_474be664,24864,28293.0,311,1
0.950277363443579,4,0,0.2,1,22,20,0.9552238805970149,896,13,9,896,6,L7+prob0.5<9,24277,6bba_48816121,25206,23965.0,938,0
0.6548906505452138,3,1,0.0,0,310,340,0.6635610766045549,1282,166,144,1282,114,L7+prob0.5<9,72526,6bba_57b7cc1e,74071,65511.0,1932,0
0.7785624901558222,2,0,0.0,0,99,113,0.7756613756613756,733,58,41,733,36,L7+prob0.5<9,38244,6bba_78a7bd97,39094,40613.0,945,1
0.9697335406098292,0,0,0.0,0,23,16,0.9664948453608248,1125,10,13,1125,9,L7+prob0.5<9,10329,6bba_91951b3a,11508,11907.0,1164,2
0.9743052044982793,0,1,0.0,0,17,11,0.9640102827763496,750,8,9,750,8,L7+prob0.5<9,4226,6bba_971fa5e0,5010,5609.0,778,0
0.9492313648723061,2,1,0.0,0,36,33,0.9502164502164502,1317,14,22,1317,17,L7+prob0.5<9,17036,6bba_9a41d029,18420,18231.0,1386,2
0.9890269998209069,1,0,0.0,0,6,4,0.9870466321243523,762,2,4,762,3,L7+prob0.5<9,4141,6bba_aeee7805,4933,5034.0,772,3
0.9479040638698196,0,0,0.0,0,23,18,0.9569779643231899,912,12,11,912,10,L7+prob0.5<9,5112,6bba_b693381b,6085,5558.0,953,2
0.9752749325125825,0,0,1.0,1,13,17,0.9687174139728885,929,13,0,929,0,L7+prob0.5<9,4972,6bba_e16ffc58,5936,6367.0,959,1
0.9712615504148437,0,0,0.0,0,13,3,0.9686888454011742,495,2,11,495,10,L7+prob0.5<9,3804,6bba_ed9377fd,4325,4443.0,511,1
0.8687467903283115,0,0,0.0,0,4,3,0.8679245283018868,46,2,2,46,3,L7+prob0.8<9,25462,44b6_0113de3b,25511,25755.0,53,0
0.9352885155312795,1,0,0.0,0,32,39,0.9125615763546798,741,24,8,741,6,L7+prob0.8<9,43278,44b6_12dfb391,44060,58672.0,812,0
0.781433954299076,1,0,0.0,0,26,40,0.7917981072555205,251,24,2,251,1,L7+prob0.8<9,21355,44b6_267148e4,21634,19130.0,317,1
0.8735911821294398,0,1,0.5,1,13,23,0.8454935622317596,197,13,0,197,0,L7+prob0.8<9,37421,44b6_2a2eff9f,37635,56367.0,233,0
0.9831565563622979,1,0,0.0,0,1,0,0.9952153110047847,208,1,0,208,0,L7+prob0.8<9,8121,44b6_341df25f,8337,7436.0,209,0
0.9249409775495506,0,0,0.0,0,22,29,0.88,374,16,6,374,5,L7+prob0.8<9,15232,44b6_3bb3690f,15627,31937.0,425,0
0.9627548176095344,0,1,0.5,1,6,7,0.9656084656084656,365,4,2,365,1,L7+prob0.8<9,18293,44b6_587a1e22,18673,18137.0,378,0
0.9645571990994541,1,0,0.0,0,15,22,0.9300567107750473,492,15,0,492,0,L7+prob0.8<9,41541,44b6_7a302da0,42057,66858.0,529,0
1.0056854275187397,0,0,0.0,0,0,0,1.0,179,0,0,179,0,L7+prob0.8<9,14666,44b6_808952d6,14847,15742.0,179,0
0.8305521998162088,0,0,0.0,0,27,44,0.8317535545023697,351,22,5,351,4,L7+prob0.8<9,37332,44b6_949adeb1,37716,37179.0,422,0
0.9226523489469046,1,1,0.0,0,14,16,0.8728813559322034,206,9,5,206,4,L7+prob0.8<9,24658,44b6_9be80b04,24876,57877.0,236,0
0.850585543339903,0,1,0.0,0,34,45,0.8263736263736263,376,27,7,376,5,L7+prob0.8<9,42443,44b6_a2bb48bb,42854,60613.0,455,4
0.8076561024649399,0,0,0.0,0,25,34,0.7704280155642024,198,20,5,198,6,L7+prob0.8<9,27347,44b6_c771cb04,27568,53345.0,257,0
0.8420033975748346,0,0,0.0,0,7,11,0.7906976744186046,68,7,0,68,0,L7+prob0.8<9,20137,44b6_cf2536e8,20213,57565.0,86,0
0.8957190880193922,0,0,0.0,0,10,12,0.89,178,6,4,178,3,L7+prob0.8<9,40731,44b6_cf8fed6b,40919,43729.0,200,0
0.8524090826403613,0,0,0.0,0,33,37,0.8565573770491803,418,19,14,418,12,L7+prob0.8<9,22886,44b6_d78e09d9,23337,22259.0,488,0
0.8048707241154006,0,0,0.0,0,4,7,0.8070175438596491,46,4,0,46,0,L7+prob0.8<9,13263,44b6_e29f0176,13314,12969.0,57,0
0.9708549472946154,0,3,0.25,1,8,13,0.9464285714285714,371,8,0,371,0,L7+prob0.8<9,35284,44b6_eb2880fc,35674,48084.0,392,0
0.9927840101841434,0,0,0.0,0,7,4,0.9870435806831567,838,2,5,838,4,L7+prob0.8<9,5135,6bba_05b6850b,5992,6362.0,849,0
0.9965604350751784,0,1,0.5,1,2,4,0.9933481152993349,896,2,0,896,0,L7+prob0.8<9,4905,6bba_062c8d37,5835,6030.0,902,0
0.968912874759649,0,0,0.0,0,9,14,0.9626623376623377,593,7,2,593,1,L7+prob0.8<9,3910,6bba_07477033,4522,4836.0,616,0
0.8335546963897464,2,0,0.0,0,35,17,0.856353591160221,310,6,29,310,23,L7+prob0.8<9,26869,6bba_07e24132,27205,21485.0,362,0
0.9994250557220066,1,0,0.0,0,4,0,0.9965753424657534,1164,0,4,1164,4,L7+prob0.8<9,7027,6bba_085bf656,8221,8463.0,1168,0
0.9050979641402244,3,0,0.25,1,88,111,0.8995963673057518,1783,61,27,1783,25,L7+prob0.8<9,27289,6bba_09961292,29214,31117.0,1982,0
0.902650218532893,3,1,0.0,0,63,28,0.9028815368196371,846,13,50,846,50,L7+prob0.8<9,8881,6bba_20852818,9783,9758.0,937,3
0.7850924028854737,1,0,0.0,0,46,24,0.7741935483870968,240,9,37,240,33,L7+prob0.8<9,24051,6bba_474be664,24310,28293.0,310,1
0.9507716165676935,4,0,0.2,1,22,20,0.9552238805970149,896,13,9,896,6,L7+prob0.8<9,24153,6bba_48816121,25082,23965.0,938,0
0.6536771574330997,3,1,0.0,0,314,342,0.6608066184074457,1278,165,149,1278,118,L7+prob0.8<9,71038,6bba_57b7cc1e,72579,65511.0,1934,0
0.7770270081894438,2,0,0.0,0,102,113,0.7724867724867724,730,57,45,730,40,L7+prob0.8<9,37380,6bba_78a7bd97,38226,40613.0,945,1
0.9702773816666798,0,0,0.0,0,23,16,0.9664948453608248,1125,10,13,1125,9,L7+prob0.8<9,10262,6bba_91951b3a,11441,11907.0,1164,2
0.9756973391551678,0,1,0.0,0,17,11,0.9640102827763496,750,8,9,750,8,L7+prob0.8<9,4145,6bba_971fa5e0,4929,5609.0,778,0
0.9499402093527484,2,1,0.0,0,36,33,0.9502164502164502,1317,14,22,1317,17,L7+prob0.8<9,16900,6bba_9a41d029,18284,18231.0,1386,2
0.9897720886572344,1,0,0.0,0,6,4,0.9870466321243523,762,2,4,762,3,L7+prob0.8<9,4103,6bba_aeee7805,4895,5034.0,772,3
0.9489199274879389,0,0,0.0,0,23,18,0.9569779643231899,912,12,11,912,10,L7+prob0.8<9,5053,6bba_b693381b,6026,5558.0,953,2
0.992257479499057,0,0,1.0,1,7,7,0.9852476290832455,935,7,0,935,0,L7+prob0.8<9,4950,6bba_e16ffc58,5914,6367.0,949,1
0.9720246408850001,0,0,0.0,0,13,3,0.9686888454011742,495,2,11,495,10,L7+prob0.8<9,3769,6bba_ed9377fd,4290,4443.0,511,1
0.868547964674381,0,0,0.0,0,4,3,0.8679245283018868,46,2,2,46,3,L7+prob0.5<12,25521,44b6_0113de3b,25570,25755.0,53,0
0.934932337795758,1,0,0.0,0,32,39,0.9125615763546798,741,24,8,741,6,L7+prob0.5<12,43507,44b6_12dfb391,44289,58672.0,812,0
0.7801674084505649,1,0,0.0,0,26,40,0.7917981072555205,251,24,2,251,1,L7+prob0.5<12,21661,44b6_267148e4,21940,19130.0,317,1
0.8725051968205607,0,1,0.5,1,13,23,0.8454935622317596,197,13,0,197,0,L7+prob0.5<12,38145,44b6_2a2eff9f,38359,56367.0,233,0
0.9820457054906815,1,0,0.0,0,1,0,0.9952153110047847,208,1,0,208,0,L7+prob0.5<12,8204,44b6_341df25f,8420,7436.0,209,0
0.9458402034693005,0,0,0.0,0,16,26,0.9004739336492891,380,16,0,380,0,L7+prob0.5<12,15447,44b6_3bb3690f,15847,31937.0,422,0
0.9622756602962811,0,1,0.5,1,6,7,0.9656084656084656,365,4,2,365,1,L7+prob0.5<12,18383,44b6_587a1e22,18763,18137.0,378,0
0.9633358197700389,1,0,0.0,0,15,22,0.9300567107750473,492,15,0,492,0,L7+prob0.5<12,42419,44b6_7a302da0,42935,66858.0,529,0
1.0049803074577563,0,0,0.0,0,0,0,1.0,179,0,0,179,0,L7+prob0.5<12,14777,44b6_808952d6,14958,15742.0,179,0
0.8274035960588596,0,0,0.0,0,27,45,0.8297872340425532,351,23,4,351,3,L7+prob0.5<12,37862,44b6_949adeb1,38247,37179.0,423,0
0.9219374781645355,1,1,0.0,0,14,16,0.8728813559322034,206,9,5,206,4,L7+prob0.5<12,25132,44b6_9be80b04,25350,57877.0,236,0
0.8486891090530573,0,1,0.0,0,34,45,0.8263736263736263,376,27,7,376,5,L7+prob0.5<12,43834,44b6_a2bb48bb,44245,60613.0,455,4
0.8269853493867283,0,0,0.0,0,20,34,0.7898832684824902,203,20,0,203,0,L7+prob0.5<12,28061,44b6_c771cb04,28288,53345.0,257,0
0.8409842059229304,0,0,0.0,0,7,11,0.7906976744186046,68,7,0,68,0,L7+prob0.5<12,20879,44b6_cf2536e8,20955,57565.0,86,0
0.8951064739646458,0,0,0.0,0,10,12,0.89,178,6,4,178,3,L7+prob0.5<12,41032,44b6_cf8fed6b,41220,43729.0,200,0
0.8518895838043775,0,0,0.0,0,33,37,0.8565573770491803,418,19,14,418,12,L7+prob0.5<12,23021,44b6_d78e09d9,23472,22259.0,488,0
0.8036324135962545,0,0,0.0,0,4,7,0.8070175438596491,46,4,0,46,0,L7+prob0.5<12,13462,44b6_e29f0176,13513,12969.0,57,0
0.9697015342198771,0,3,0.25,1,8,13,0.9464285714285714,371,8,0,371,0,L7+prob0.5<12,35870,44b6_eb2880fc,36260,48084.0,392,0
0.9838291762380164,0,0,0.0,0,9,8,0.9800703399765534,836,4,5,836,4,L7+prob0.5<12,5261,6bba_05b6850b,6118,6362.0,853,0
0.9958356039462701,0,1,0.5,1,2,4,0.9933481152993349,896,2,0,896,0,L7+prob0.5<12,4949,6bba_062c8d37,5879,6030.0,902,0
0.9518993734025888,0,0,0.0,0,13,20,0.9469453376205788,589,11,2,589,1,L7+prob0.5<12,3971,6bba_07477033,4583,4836.0,622,0
0.832083928527805,2,0,0.0,0,35,17,0.856353591160221,310,6,29,310,23,L7+prob0.5<12,27238,6bba_07e24132,27574,21485.0,362,0
0.9978588909985286,1,0,0.0,0,4,0,0.9965753424657534,1164,0,4,1164,4,L7+prob0.5<12,7160,6bba_085bf656,8354,8463.0,1168,0
0.9065820422038777,3,0,0.25,1,82,113,0.9017137096774194,1789,63,19,1789,15,L7+prob0.5<12,27502,6bba_09961292,29437,31117.0,1984,0
0.9016046598768096,3,1,0.0,0,63,28,0.9028815368196371,846,13,50,846,50,L7+prob0.5<12,8994,6bba_20852818,9896,9758.0,937,3
0.7909278458773676,1,0,0.0,0,43,25,0.7813504823151125,243,10,33,243,29,L7+prob0.5<12,24562,6bba_474be664,24825,28293.0,311,1
0.950277363443579,4,0,0.2,1,22,20,0.9552238805970149,896,13,9,896,6,L7+prob0.5<12,24277,6bba_48816121,25206,23965.0,938,0
0.6549625664622947,3,1,0.0,0,310,340,0.6635610766045549,1282,166,144,1282,114,L7+prob0.5<12,72455,6bba_57b7cc1e,74000,65511.0,1932,0
0.7785815890004204,2,0,0.0,0,99,113,0.7756613756613756,733,58,41,733,36,L7+prob0.5<12,38234,6bba_78a7bd97,39084,40613.0,945,1
0.9697335406098292,0,0,0.0,0,23,16,0.9664948453608248,1125,10,13,1125,9,L7+prob0.5<12,10329,6bba_91951b3a,11508,11907.0,1164,2
0.9743052044982793,0,1,0.0,0,17,11,0.9640102827763496,750,8,9,750,8,L7+prob0.5<12,4226,6bba_971fa5e0,5010,5609.0,778,0
0.9492834857899857,2,1,0.0,0,36,33,0.9502164502164502,1317,14,22,1317,17,L7+prob0.5<12,17026,6bba_9a41d029,18410,18231.0,1386,2
0.9890269998209069,1,0,0.0,0,6,4,0.9870466321243523,762,2,4,762,3,L7+prob0.5<12,4141,6bba_aeee7805,4933,5034.0,772,3
0.9479040638698196,0,0,0.0,0,23,18,0.9569779643231899,912,12,11,912,10,L7+prob0.5<12,5112,6bba_b693381b,6085,5558.0,953,2
0.9752749325125825,0,0,1.0,1,13,17,0.9687174139728885,929,13,0,929,0,L7+prob0.5<12,4972,6bba_e16ffc58,5936,6367.0,959,1
0.9712615504148437,0,0,0.0,0,13,3,0.9686888454011742,495,2,11,495,10,L7+prob0.5<12,3804,6bba_ed9377fd,4325,4443.0,511,1
0.8689489859085797,0,0,0.0,0,4,3,0.8679245283018868,46,2,2,46,3,L7+prob0.8<12,25402,44b6_0113de3b,25451,25755.0,53,0
0.9360428657571659,1,0,0.0,0,32,39,0.9125615763546798,741,24,8,741,6,L7+prob0.8<12,42793,44b6_12dfb391,43575,58672.0,812,0
0.7970602248777223,1,0,0.0,0,24,37,0.8057324840764332,253,22,2,253,1,L7+prob0.8<12,20910,44b6_267148e4,21189,19130.0,314,1
0.8756881537617778,0,1,0.5,1,13,23,0.8454935622317596,197,13,0,197,0,L7+prob0.8<12,36023,44b6_2a2eff9f,36237,56367.0,233,0
0.9847224545789139,1,0,0.0,0,1,0,0.9952153110047847,208,1,0,208,0,L7+prob0.8<12,8004,44b6_341df25f,8220,7436.0,209,0
0.9303523907255056,0,0,0.0,0,22,27,0.8841607565011821,374,14,8,374,6,L7+prob0.8<12,14858,44b6_3bb3690f,15252,31937.0,423,0
0.9637929917882502,0,1,0.5,1,6,7,0.9656084656084656,365,4,2,365,1,L7+prob0.8<12,18098,44b6_587a1e22,18478,18137.0,378,0
0.9662612875715882,1,0,0.0,0,15,22,0.9300567107750473,492,15,0,492,0,L7+prob0.8<12,40316,44b6_7a302da0,40832,66858.0,529,0
1.0064667767755051,0,0,0.0,0,0,0,1.0,179,0,0,179,0,L7+prob0.8<12,14543,44b6_808952d6,14724,15742.0,179,0
0.8137034691525016,0,0,0.0,0,35,44,0.8127962085308057,343,22,13,343,13,L7+prob0.8<12,36389,44b6_949adeb1,36764,37179.0,422,0
0.9237925225997975,1,1,0.0,0,14,16,0.8728813559322034,206,9,5,206,4,L7+prob0.8<12,23902,44b6_9be80b04,24120,57877.0,236,0
0.8547469162463016,0,1,0.0,0,35,43,0.8278145695364238,375,26,9,375,7,L7+prob0.8<12,40484,44b6_a2bb48bb,40893,60613.0,453,4
0.809314086084525,0,0,0.0,0,25,34,0.7704280155642024,198,20,5,198,6,L7+prob0.8<12,26199,44b6_c771cb04,26420,53345.0,257,0
0.8438536012879272,0,0,0.0,0,7,11,0.7906976744186046,68,7,0,68,0,L7+prob0.8<12,18790,44b6_cf2536e8,18866,57565.0,86,0
0.8967285782890073,0,0,0.0,0,10,12,0.89,178,6,4,178,3,L7+prob0.8<12,40235,44b6_cf8fed6b,40423,43729.0,200,0
0.8533749656613387,0,0,0.0,0,33,37,0.8565573770491803,418,19,14,418,12,L7+prob0.8<12,22635,44b6_d78e09d9,23086,22259.0,488,0
0.807502911801827,0,0,0.0,0,4,7,0.8070175438596491,46,4,0,46,0,L7+prob0.8<12,12840,44b6_e29f0176,12891,12969.0,57,0
0.9723803656101823,0,3,0.25,1,8,13,0.9464285714285714,371,8,0,371,0,L7+prob0.8<12,34509,44b6_eb2880fc,34899,48084.0,392,0
0.9944906243601122,0,0,0.0,0,7,4,0.9870435806831567,838,2,5,838,4,L7+prob0.8<12,5025,6bba_05b6850b,5882,6362.0,849,0
0.9978783098550118,0,1,0.5,1,2,4,0.9933481152993349,896,2,0,896,0,L7+prob0.8<12,4825,6bba_062c8d37,5755,6030.0,902,0
0.9714807705735126,0,0,0.0,0,9,14,0.9626623376623377,593,7,2,593,1,L7+prob0.8<12,3781,6bba_07477033,4393,4836.0,616,0
0.8367871970294064,2,0,0.0,0,35,17,0.856353591160221,310,6,29,310,23,L7+prob0.8<12,26058,6bba_07e24132,26394,21485.0,362,0
1.001073650167773,1,0,0.0,0,4,0,0.9965753424657534,1164,0,4,1164,4,L7+prob0.8<12,6887,6bba_085bf656,8081,8463.0,1168,0
0.9060404342232711,3,0,0.25,1,88,111,0.8995963673057518,1783,61,27,1783,25,L7+prob0.8<12,26963,6bba_09961292,28888,31117.0,1982,0
0.9036982530895745,3,1,0.0,0,69,23,0.9012875536480687,840,11,58,840,60,L7+prob0.8<12,8605,6bba_20852818,9497,9758.0,932,3
0.7899665737760103,1,0,0.0,0,46,23,0.7766990291262136,240,7,39,240,34,L7+prob0.8<12,23202,6bba_474be664,23460,28293.0,309,1
0.9408103404259006,4,0,0.2,1,31,21,0.9446219382321619,887,13,18,887,15,L7+prob0.8<12,24012,6bba_48816121,24932,23965.0,939,0
0.6411854204320203,3,1,0.0,0,350,333,0.6451948051948052,1242,151,199,1242,162,L7+prob0.8<12,68085,6bba_57b7cc1e,69582,65511.0,1925,0
0.7509234942756229,2,0,0.0,0,129,113,0.7439153439153439,703,55,74,703,68,L7+prob0.8<12,35969,6bba_78a7bd97,36787,40613.0,945,1
0.971665393916253,0,0,0.0,0,23,16,0.9664948453608248,1125,10,13,1125,9,L7+prob0.8<12,10091,6bba_91951b3a,11270,11907.0,1164,2
0.9661230734116718,0,1,0.0,0,25,11,0.9537275064267352,742,8,17,742,17,L7+prob0.8<12,4105,6bba_971fa5e0,4880,5609.0,778,0
0.9488163802628176,2,1,0.0,0,39,33,0.948051948051948,1314,13,26,1314,21,L7+prob0.8<12,16704,6bba_9a41d029,18084,18231.0,1386,2
0.985333016937484,1,0,0.0,0,11,3,0.9818417639429312,757,1,10,757,9,L7+prob0.8<12,4069,6bba_aeee7805,4855,5034.0,771,3
0.9584249688320876,0,0,0.0,0,22,12,0.9640971488912354,913,10,12,913,12,L7+prob0.8<12,4914,6bba_b693381b,5885,5558.0,947,2
0.992412222333843,0,0,1.0,1,7,7,0.9852476290832455,935,7,0,935,0,L7+prob0.8<12,4940,6bba_e16ffc58,5904,6367.0,949,1
0.9831468061765745,0,0,0.0,0,11,0,0.9783464566929134,497,0,11,497,10,L7+prob0.8<12,3704,6bba_ed9377fd,4225,4443.0,508,1
0.8687333106229602,0,0,0.0,0,4,3,0.8679245283018868,46,2,2,46,3,L7+interior_min7<8,25466,44b6_0113de3b,25515,25755.0,53,0
0.9353787264861277,1,0,0.0,0,32,39,0.9125615763546798,741,24,8,741,6,L7+interior_min7<8,43220,44b6_12dfb391,44002,58672.0,812,0
0.7808172375297029,1,0,0.0,0,26,40,0.7917981072555205,251,24,2,251,1,L7+interior_min7<8,21504,44b6_267148e4,21783,19130.0,317,1
0.873153188054588,0,1,0.5,1,13,23,0.8454935622317596,197,13,0,197,0,L7+interior_min7<8,37713,44b6_2a2eff9f,37927,56367.0,233,0
0.9825141365811222,1,0,0.0,0,1,0,0.9952153110047847,208,1,0,208,0,L7+interior_min7<8,8169,44b6_341df25f,8385,7436.0,209,0
0.9462941481207002,0,0,0.0,0,16,26,0.9004739336492891,380,16,0,380,0,L7+interior_min7<8,15286,44b6_3bb3690f,15686,31937.0,422,0
0.9468554006790761,0,1,0.5,1,12,7,0.9497354497354498,359,4,8,359,8,L7+interior_min7<8,18314,44b6_587a1e22,18687,18137.0,378,0
0.9642024704787242,1,0,0.0,0,15,22,0.9300567107750473,492,15,0,492,0,L7+interior_min7<8,41796,44b6_7a302da0,42312,66858.0,529,0
1.0053551010036843,0,0,0.0,0,0,0,1.0,179,0,0,179,0,L7+interior_min7<8,14718,44b6_808952d6,14899,15742.0,179,0
0.827919158207018,0,0,0.0,0,27,45,0.8297872340425532,351,23,4,351,3,L7+interior_min7<8,37631,44b6_949adeb1,38016,37179.0,423,0
0.9225905141323959,1,1,0.0,0,14,16,0.8728813559322034,206,9,5,206,4,L7+interior_min7<8,24699,44b6_9be80b04,24917,57877.0,236,0
0.8496870888503046,0,1,0.0,0,34,45,0.8263736263736263,376,27,7,376,5,L7+interior_min7<8,43102,44b6_a2bb48bb,43513,60613.0,455,4
0.8277079345118935,0,0,0.0,0,20,34,0.7898832684824902,203,20,0,203,0,L7+interior_min7<8,27573,44b6_c771cb04,27800,53345.0,257,0
0.8414979224698469,0,0,0.0,0,7,11,0.7906976744186046,68,7,0,68,0,L7+interior_min7<8,20505,44b6_cf2536e8,20581,57565.0,86,0
0.8957516522216379,0,0,0.0,0,10,12,0.89,178,6,4,178,3,L7+interior_min7<8,40715,44b6_cf8fed6b,40903,43729.0,200,0
0.8522359163617002,0,0,0.0,0,33,37,0.8565573770491803,418,19,14,418,12,L7+interior_min7<8,22931,44b6_d78e09d9,23382,22259.0,488,0
0.8046653761398639,0,0,0.0,0,4,7,0.8070175438596491,46,4,0,46,0,L7+interior_min7<8,13296,44b6_e29f0176,13347,12969.0,57,0
0.9703333526447764,0,3,0.25,1,8,13,0.9464285714285714,371,8,0,371,0,L7+interior_min7<8,35549,44b6_eb2880fc,35939,48084.0,392,0
0.9845378093037022,0,0,0.0,0,9,8,0.9800703399765534,836,4,5,836,4,L7+interior_min7<8,5215,6bba_05b6850b,6072,6362.0,853,0
0.9968734303353888,0,1,0.5,1,2,4,0.9933481152993349,896,2,0,896,0,L7+interior_min7<8,4886,6bba_062c8d37,5816,6030.0,902,0
0.9683953143630564,0,0,0.0,0,9,14,0.9626623376623377,593,7,2,593,1,L7+interior_min7<8,3936,6bba_07477033,4548,4836.0,616,0
0.8328890643221469,2,0,0.0,0,35,17,0.856353591160221,310,6,29,310,23,L7+interior_min7<8,27036,6bba_07e24132,27372,21485.0,362,0
0.9981768342130694,1,0,0.0,0,4,0,0.9965753424657534,1164,0,4,1164,4,L7+interior_min7<8,7133,6bba_085bf656,8327,8463.0,1168,0
0.9066226116415984,3,0,0.25,1,82,113,0.9017137096774194,1789,63,19,1789,15,L7+interior_min7<8,27488,6bba_09961292,29423,31117.0,1984,0
0.9092513315293059,3,1,0.0,0,56,28,0.9103521878335112,853,14,42,853,42,L7+interior_min7<8,8966,6bba_20852818,9876,9758.0,937,3
0.7890314674192312,1,0,0.0,0,43,26,0.7788461538461539,243,11,32,243,28,L7+interior_min7<8,24329,6bba_474be664,24593,28293.0,312,1
0.9493561372595163,4,0,0.2,1,23,20,0.9541577825159915,895,12,11,895,8,L7+interior_min7<8,24244,6bba_48816121,25171,23965.0,938,0
0.6529438356831917,3,1,0.0,0,314,342,0.6608066184074457,1278,165,149,1278,118,L7+interior_min7<8,71765,6bba_57b7cc1e,73306,65511.0,1934,0
0.7763726968858331,2,0,0.0,0,102,113,0.7724867724867724,730,57,45,730,40,L7+interior_min7<8,37724,6bba_78a7bd97,38570,40613.0,945,1
0.9702449135438826,0,0,0.0,0,23,16,0.9664948453608248,1125,10,13,1125,9,L7+interior_min7<8,10266,6bba_91951b3a,11445,11907.0,1164,2
0.9687658835116717,0,1,0.0,0,22,11,0.9575835475578406,745,8,14,745,14,L7+interior_min7<8,4176,6bba_971fa5e0,4954,5609.0,778,0
0.9495128178277759,2,1,0.0,0,36,33,0.9502164502164502,1317,14,22,1317,17,L7+interior_min7<8,16982,6bba_9a41d029,18366,18231.0,1386,2
0.9891446454266429,1,0,0.0,0,6,4,0.9870466321243523,762,2,4,762,3,L7+interior_min7<8,4135,6bba_aeee7805,4927,5034.0,772,3
0.9481451162537802,0,0,0.0,0,23,18,0.9569779643231899,912,12,11,912,10,L7+interior_min7<8,5098,6bba_b693381b,6071,5558.0,953,2
0.9922420052155781,0,0,1.0,1,7,7,0.9852476290832455,935,7,0,935,0,L7+interior_min7<8,4951,6bba_e16ffc58,5915,6367.0,949,1
0.9721772589790312,0,0,0.0,0,13,3,0.9686888454011742,495,2,11,495,10,L7+interior_min7<8,3762,6bba_ed9377fd,4283,4443.0,511,1
0.8690568235513896,0,0,0.0,0,4,3,0.8679245283018868,46,2,2,46,3,L7+interior_min7<9,25370,44b6_0113de3b,25419,25755.0,53,0
0.9356773558539012,1,0,0.0,0,32,39,0.9125615763546798,741,24,8,741,6,L7+interior_min7<9,43028,44b6_12dfb391,43810,58672.0,812,0
0.7817112698933578,1,0,0.0,0,26,40,0.7917981072555205,251,24,2,251,1,L7+interior_min7<9,21288,44b6_267148e4,21567,19130.0,317,1
0.8737771796132809,0,1,0.5,1,13,23,0.8454935622317596,197,13,0,197,0,L7+interior_min7<9,37297,44b6_2a2eff9f,37511,56367.0,233,0
0.9832636263258272,1,0,0.0,0,1,0,0.9952153110047847,208,1,0,208,0,L7+interior_min7<9,8113,44b6_341df25f,8329,7436.0,209,0
0.9466099357042826,0,0,0.0,0,16,26,0.9004739336492891,380,16,0,380,0,L7+interior_min7<9,15174,44b6_3bb3690f,15574,31937.0,422,0
0.9474418833960104,0,1,0.5,1,12,7,0.9497354497354498,359,4,8,359,8,L7+interior_min7<9,18202,44b6_587a1e22,18575,18137.0,378,0
0.9649926110927424,1,0,0.0,0,15,22,0.9300567107750473,492,15,0,492,0,L7+interior_min7<9,41228,44b6_7a302da0,41744,66858.0,529,0
1.0061173929615042,0,0,0.0,0,0,0,1.0,179,0,0,179,0,L7+interior_min7<9,14598,44b6_808952d6,14779,15742.0,179,0
0.8284548071921177,0,0,0.0,0,27,45,0.8297872340425532,351,23,4,351,3,L7+interior_min7<9,37391,44b6_949adeb1,37776,37179.0,423,0
0.9230369313298249,1,1,0.0,0,14,16,0.8728813559322034,206,9,5,206,4,L7+interior_min7<9,24403,44b6_9be80b04,24621,57877.0,236,0
0.850734149621187,0,1,0.0,0,34,45,0.8263736263736263,376,27,7,376,5,L7+interior_min7<9,42334,44b6_a2bb48bb,42745,60613.0,455,4
0.8284068283214797,0,0,0.0,0,20,34,0.7898832684824902,203,20,0,203,0,L7+interior_min7<9,27101,44b6_c771cb04,27328,53345.0,257,0
0.8420473519317899,0,0,0.0,0,7,11,0.7906976744186046,68,7,0,68,0,L7+interior_min7<9,20105,44b6_cf2536e8,20181,57565.0,86,0
0.8964517825699193,0,0,0.0,0,10,12,0.89,178,6,4,178,3,L7+interior_min7<9,40371,44b6_cf8fed6b,40559,43729.0,200,0
0.8309163274297168,0,0,0.0,0,37,45,0.8346774193548387,414,21,16,414,13,L7+interior_min7<9,22812,44b6_d78e09d9,23262,22259.0,496,0
0.805362314723504,0,0,0.0,0,4,7,0.8070175438596491,46,4,0,46,0,L7+interior_min7<9,13184,44b6_e29f0176,13235,12969.0,57,0
0.9709789490415581,0,3,0.25,1,8,13,0.9464285714285714,371,8,0,371,0,L7+interior_min7<9,35221,44b6_eb2880fc,35611,48084.0,392,0
0.993156362367991,0,0,0.0,0,7,4,0.9870435806831567,838,2,5,838,4,L7+interior_min7<9,5111,6bba_05b6850b,5968,6362.0,849,0
0.9974005802473223,0,1,0.5,1,2,4,0.9933481152993349,896,2,0,896,0,L7+interior_min7<9,4854,6bba_062c8d37,5784,6030.0,902,0
0.9690323117742473,0,0,0.0,0,9,14,0.9626623376623377,593,7,2,593,1,L7+interior_min7<9,3904,6bba_07477033,4516,4836.0,616,0
0.833877547871636,2,0,0.0,0,35,17,0.856353591160221,310,6,29,310,23,L7+interior_min7<9,26788,6bba_07e24132,27124,21485.0,362,0
0.9985536558006731,1,0,0.0,0,4,0,0.9965753424657534,1164,0,4,1164,4,L7+interior_min7<9,7101,6bba_085bf656,8295,8463.0,1168,0
0.9067778726603513,3,0,0.25,1,84,111,0.9016145307769929,1787,61,23,1787,19,L7+interior_min7<9,27404,6bba_09961292,29335,31117.0,1982,0
0.9022338456167536,3,1,0.0,0,63,28,0.9028815368196371,846,13,50,846,50,L7+interior_min7<9,8926,6bba_20852818,9828,9758.0,937,3
0.7800733532893432,1,0,0.0,0,46,26,0.7692307692307693,240,9,37,240,32,L7+interior_min7<9,24045,6bba_474be664,24305,28293.0,312,1
0.949770209487272,4,0,0.2,1,23,20,0.9541577825159915,895,12,11,895,8,L7+interior_min7<9,24140,6bba_48816121,25067,23965.0,938,0
0.6575211445936301,3,1,0.0,0,310,337,0.6645930533955418,1282,161,149,1282,118,L7+interior_min7<9,70941,6bba_57b7cc1e,72482,65511.0,1929,0
0.7700884656918439,2,0,0.0,0,109,113,0.765079365079365,723,57,52,723,48,L7+interior_min7<9,37116,6bba_78a7bd97,37954,40613.0,945,1
0.9705046585262589,0,0,0.0,0,23,16,0.9664948453608248,1125,10,13,1125,9,L7+interior_min7<9,10234,6bba_91951b3a,11413,11907.0,1164,2
0.9620475676944096,0,1,0.0,0,28,11,0.9498714652956298,739,8,20,739,21,L7+interior_min7<9,4119,6bba_971fa5e0,4890,5609.0,778,0
0.950221662308218,2,1,0.0,0,36,33,0.9502164502164502,1317,14,22,1317,17,L7+interior_min7<9,16846,6bba_9a41d029,18230,18231.0,1386,2
0.9896152278495866,1,0,0.0,0,6,4,0.9870466321243523,762,2,4,762,3,L7+interior_min7<9,4111,6bba_aeee7805,4903,5034.0,772,3
0.9495225584478402,0,0,0.0,0,23,18,0.9569779643231899,912,12,11,912,10,L7+interior_min7<9,5018,6bba_b693381b,5991,5558.0,953,2
0.9923657994834071,0,0,1.0,1,7,7,0.9852476290832455,935,7,0,935,0,L7+interior_min7<9,4943,6bba_e16ffc58,5907,6367.0,949,1
0.9723516796579241,0,0,0.0,0,13,3,0.9686888454011742,495,2,11,495,10,L7+interior_min7<9,3754,6bba_ed9377fd,4275,4443.0,511,1
0.8692994582477116,0,0,0.0,0,4,3,0.8679245283018868,46,2,2,46,3,L7+interior_min7<10,25298,44b6_0113de3b,25347,25755.0,53,0
0.936027312144261,1,0,0.0,0,32,39,0.9125615763546798,741,24,8,741,6,L7+interior_min7<10,42803,44b6_12dfb391,43585,58672.0,812,0
0.7969465041402939,1,0,0.0,0,24,37,0.8057324840764332,253,22,2,253,1,L7+interior_min7<10,20937,44b6_267148e4,21216,19130.0,314,1
0.8745061697515615,0,1,0.5,1,13,23,0.8454935622317596,197,13,0,197,0,L7+interior_min7<10,36811,44b6_2a2eff9f,37025,56367.0,233,0
0.984227255997591,1,0,0.0,0,1,0,0.9952153110047847,208,1,0,208,0,L7+interior_min7<10,8041,44b6_341df25f,8257,7436.0,209,0
0.9471428272515781,0,0,0.0,0,16,26,0.9004739336492891,380,16,0,380,0,L7+interior_min7<10,14985,44b6_3bb3690f,15385,31937.0,422,0
0.9480074203016255,0,1,0.5,1,12,7,0.9497354497354498,359,4,8,359,8,L7+interior_min7<10,18094,44b6_587a1e22,18467,18137.0,378,0
0.9656186027763835,1,0,0.0,0,15,22,0.9300567107750473,492,15,0,492,0,L7+interior_min7<10,40778,44b6_7a302da0,41294,66858.0,529,0
1.0063460805488502,0,0,0.0,0,0,0,1.0,179,0,0,179,0,L7+interior_min7<10,14562,44b6_808952d6,14743,15742.0,179,0
0.8291779333220023,0,0,0.0,0,27,45,0.8297872340425532,351,23,4,351,3,L7+interior_min7<10,37067,44b6_949adeb1,37452,37179.0,423,0
0.9234577097017257,1,1,0.0,0,14,16,0.8728813559322034,206,9,5,206,4,L7+interior_min7<10,24124,44b6_9be80b04,24342,57877.0,236,0
0.8516789583636628,0,1,0.0,0,34,45,0.8263736263736263,376,27,7,376,5,L7+interior_min7<10,41641,44b6_a2bb48bb,42052,60613.0,455,4
0.8291797574922509,0,0,0.0,0,20,34,0.7898832684824902,203,20,0,203,0,L7+interior_min7<10,26579,44b6_c771cb04,26806,53345.0,257,0
0.8425294762846447,0,0,0.0,0,7,11,0.7906976744186046,68,7,0,68,0,L7+interior_min7<10,19754,44b6_cf2536e8,19830,57565.0,86,0
0.8970745729378674,0,0,0.0,0,10,12,0.89,178,6,4,178,3,L7+interior_min7<10,40065,44b6_cf8fed6b,40253,43729.0,200,0
0.8313888075718557,0,0,0.0,0,37,45,0.8346774193548387,414,21,16,414,13,L7+interior_min7<10,22686,44b6_d78e09d9,23136,22259.0,496,0
0.8063143826100837,0,0,0.0,0,4,7,0.8070175438596491,46,4,0,46,0,L7+interior_min7<10,13031,44b6_e29f0176,13082,12969.0,57,0
0.9715989577762725,0,3,0.25,1,8,13,0.9464285714285714,371,8,0,371,0,L7+interior_min7<10,34906,44b6_eb2880fc,35296,48084.0,392,0
0.9935752585748198,0,0,0.0,0,7,4,0.9870435806831567,838,2,5,838,4,L7+interior_min7<10,5084,6bba_05b6850b,5941,6362.0,849,0
0.9981418848109783,0,1,0.5,1,2,4,0.9933481152993349,896,2,0,896,0,L7+interior_min7<10,4809,6bba_062c8d37,5739,6030.0,902,0
0.9701072449056319,0,0,0.0,0,9,14,0.9626623376623377,593,7,2,593,1,L7+interior_min7<10,3850,6bba_07477033,4462,4836.0,616,0
0.8352048261860711,2,0,0.0,0,35,17,0.856353591160221,310,6,29,310,23,L7+interior_min7<10,26455,6bba_07e24132,26791,21485.0,362,0
0.9989775800867273,1,0,0.0,0,4,0,0.9965753424657534,1164,0,4,1164,4,L7+interior_min7<10,7065,6bba_085bf656,8259,8463.0,1168,0
0.9070386475029452,3,0,0.25,1,84,111,0.9016145307769929,1787,61,23,1787,19,L7+interior_min7<10,27314,6bba_09961292,29245,31117.0,1982,0
0.9033996897819438,3,1,0.0,0,63,28,0.9028815368196371,846,13,50,846,50,L7+interior_min7<10,8800,6bba_20852818,9702,9758.0,937,3
0.7834653521720288,1,0,0.0,0,46,25,0.7717041800643086,240,7,39,240,33,L7+interior_min7<10,23722,6bba_474be664,23981,28293.0,311,1
0.9499852085286067,4,0,0.2,1,23,20,0.9541577825159915,895,12,11,895,8,L7+interior_min7<10,24086,6bba_48816121,25013,23965.0,938,0
0.6644558958466327,3,1,0.0,0,305,327,0.6706618030224075,1287,154,151,1287,119,L7+interior_min7<10,70033,6bba_57b7cc1e,71573,65511.0,1919,0
0.7628249458008403,2,0,0.0,0,117,113,0.7566137566137566,715,56,61,715,57,L7+interior_min7<10,36450,6bba_78a7bd97,37279,40613.0,945,1
0.9706507650788456,0,0,0.0,0,23,16,0.9664948453608248,1125,10,13,1125,9,L7+interior_min7<10,10216,6bba_91951b3a,11395,11907.0,1164,2
0.9623523936237254,0,1,0.0,0,28,11,0.9498714652956298,739,8,20,739,21,L7+interior_min7<10,4101,6bba_971fa5e0,4872,5609.0,778,0
0.9505969329155112,2,1,0.0,0,36,33,0.9502164502164502,1317,14,22,1317,17,L7+interior_min7<10,16774,6bba_9a41d029,18158,18231.0,1386,2
0.9845723528772183,1,0,0.0,0,11,3,0.9818417639429312,757,1,10,757,9,L7+interior_min7<10,4108,6bba_aeee7805,4894,5034.0,771,3
0.9504523319288307,0,0,0.0,0,23,18,0.9569779643231899,912,12,11,912,10,L7+interior_min7<10,4964,6bba_b693381b,5937,5558.0,953,2
0.992644336586022,0,0,1.0,1,7,7,0.9852476290832455,935,7,0,935,0,L7+interior_min7<10,4925,6bba_e16ffc58,5889,6367.0,949,1
0.9828385268519355,0,0,0.0,0,11,0,0.9783464566929134,497,0,11,497,10,L7+interior_min7<10,3718,6bba_ed9377fd,4239,4443.0,508,1
