adjusted_edge_jaccard,div_fn,div_fp,div_jaccard,div_tp,edge_fn,edge_fp,edge_jaccard,edge_tp,edges_fragmented,edges_lost_to_detection,edges_recovered,missed_gt_nodes,rule,spurious_pred_nodes,stem,t_pred,t_true,weight,wrong_association_edges
1.0404726330233267,0,0,0.0,0,0,0,1.0,49,0,0,49,0,L6,19471,44b6_0b24845f,19522,32795.0,49,0
0.9654436233342674,0,0,0.0,0,4,5,0.9556650246305419,194,4,0,194,0,L6,29137,44b6_40c45f5a,29337,32681.0,203,0
0.8067175794937855,0,0,0.0,0,25,34,0.7713178294573644,199,20,5,199,5,L6,30956,44b6_551a5dba,31179,57627.0,258,0
1.0302556738187756,0,0,0.0,0,1,1,0.9883040935672515,169,1,0,169,0,L6,11182,44b6_5740d24b,11355,19730.0,171,0
0.8738529375949343,1,0,0.0,0,21,23,0.8513513513513513,252,15,6,252,6,L6,21445,44b6_5f15d135,21717,29519.0,296,0
0.9526909065109018,0,0,0.0,0,16,24,0.9389312977099237,615,15,1,615,1,L6,33241,44b6_668e0cc7,33883,39701.0,655,0
0.977882703777336,1,1,0.0,0,4,5,0.9375,135,4,0,135,0,L6,8450,44b6_74d0c52e,8590,15090.0,144,0
0.9683566410708049,0,0,0.0,0,16,13,0.9493891797556719,544,9,7,544,6,L6,44296,44b6_7e557709,44860,56060.0,573,0
0.5538099304913054,0,1,0.0,0,39,49,0.5555555555555556,110,26,13,110,10,L6,28842,44b6_87bba6c4,28985,28102.0,198,0
0.9499036949720612,0,0,0.0,0,15,22,0.9114832535885168,381,12,3,381,3,L6,18214,44b6_8cc6506c,18611,32172.0,418,0
1.0068010075566751,0,0,0.0,0,0,0,1.0,198,0,0,198,0,L6,4610,44b6_95029e92,4810,5161.0,198,0
0.8890828336558216,0,0,0.0,0,12,14,0.8571428571428571,156,4,8,156,5,L6,37307,44b6_b2c44266,37472,59729.0,182,0
0.9536760220815387,0,0,0.0,0,24,16,0.9367088607594937,592,8,16,592,13,L6,37245,44b6_c96cfa10,37861,46236.0,632,0
0.9316109355307989,0,0,0.0,0,43,57,0.927797833935018,1285,35,8,1285,7,L6,35145,44b6_d29c9ab2,36491,38055.0,1385,4
0.9081187937864111,0,0,0.0,0,8,7,0.9112426035502958,154,6,2,154,3,L6,15376,44b6_db3c847b,15538,15023.0,169,0
0.8684907348140134,0,0,0.0,0,7,10,0.8617886178861789,106,5,2,106,1,L6,67075,44b6_e31261b4,67190,72856.0,123,0
0.8919567184840166,0,0,0.0,0,26,12,0.8633093525179856,240,6,20,240,17,L6,18884,44b6_e35b117d,19137,28641.0,278,0
0.8072946001126443,0,0,0.0,0,6,6,0.8208955223880597,55,4,2,55,1,L6,21685,44b6_f28707c6,21747,18656.0,67,0
0.8724208264804015,3,0,0.0,0,69,94,0.8723570869224746,1114,54,15,1114,12,L6,68532,6bba_05db0fb1,69749,69800.0,1277,0
0.7474347709202521,0,1,0.0,0,36,49,0.7557471264367817,263,21,15,263,10,L6,31775,6bba_1f58c2f6,32082,28903.0,348,0
0.7344796643256768,1,1,0.0,0,116,121,0.7457081545064378,695,50,66,695,52,L6,43723,6bba_32db13fc,44533,38705.0,932,0
0.8039068450193327,0,1,0.5,1,87,117,0.8060836501901141,848,62,25,848,19,L6,52493,6bba_3abfe10a,53471,52065.0,1052,2
0.9862415100619287,0,0,0.0,0,8,1,0.9875862068965517,716,0,8,716,9,L6,5153,6bba_5b28472a,5881,5802.0,725,0
0.9702661270279304,0,0,0.0,0,9,10,0.9656419529837251,534,3,6,534,4,L6,9089,6bba_61dd1e0d,9643,10128.0,553,0
0.7743967600794697,1,2,0.0,0,47,68,0.7727272727272727,391,27,20,391,13,L6,15265,6bba_67ebd073,15714,16061.0,506,2
0.9929682539682539,0,0,0.0,0,12,7,0.9859259259259259,1331,4,8,1331,8,L6,5600,6bba_6feeb0b1,6981,7518.0,1350,0
0.9081076923076923,1,2,0.0,0,26,23,0.9162393162393162,536,8,18,536,15,L6,5516,6bba_705ec2c9,6097,5600.0,585,1
0.9736133663579317,0,0,0.0,0,9,8,0.9698046181172292,546,5,4,546,3,L6,4991,6bba_7b5d3b2c,5553,5780.0,563,0
0.9783232471577242,0,1,0.0,0,7,9,0.9780821917808219,714,2,5,714,3,L6,4102,6bba_96833384,4857,4869.0,730,0
0.9674242680943345,3,0,0.0,0,8,5,0.9803921568627451,650,4,4,650,3,L6,15049,6bba_969618f6,15725,13888.0,663,1
0.9340647523335653,0,0,0.0,0,27,24,0.9293628808864266,671,13,14,671,13,L6,7285,6bba_a5e926bb,8013,8440.0,722,3
0.9540985702318416,0,0,0.0,0,48,28,0.9434944237918216,1269,11,37,1269,31,L6,6610,6bba_af149c94,7929,8933.0,1345,0
0.9256987115956393,3,0,0.25,1,28,24,0.92,598,15,13,598,12,L6,5037,6bba_afb141ff,5679,6054.0,650,4
0.9805584253597994,3,2,0.16666666666666666,1,13,19,0.9765910753474762,1335,13,0,1335,0,L6,27156,6bba_cdcfe533,28575,29785.0,1367,2
0.9124183418269279,0,0,0.0,0,18,29,0.9159212880143113,512,17,1,512,1,L6,28232,6bba_d82a4fc6,28776,27716.0,559,0
0.630755476451209,0,0,0.0,0,258,299,0.6436340371081254,1006,149,109,1006,82,L6,48683,6bba_ebff6e76,49919,41596.0,1563,4
1.042884586064949,0,0,0.0,0,0,0,1.0,49,0,0,49,0,L7,18680,44b6_0b24845f,18731,32795.0,49,0
0.9666191606186267,0,0,0.0,0,4,5,0.9556650246305419,194,4,0,194,0,L7,28735,44b6_40c45f5a,28935,32681.0,203,0
0.807520659122561,0,0,0.0,0,25,34,0.7713178294573644,199,20,5,199,5,L7,30356,44b6_551a5dba,30579,57627.0,258,0
1.031157319722689,0,0,0.0,0,1,1,0.9883040935672515,169,1,0,169,0,L7,11002,44b6_5740d24b,11175,19730.0,171,0
0.8750123374500893,1,0,0.0,0,21,23,0.8513513513513513,252,15,6,252,6,L7,21043,44b6_5f15d135,21315,29519.0,296,0
0.9534997387917431,0,0,0.0,0,16,24,0.9389312977099237,615,15,1,615,1,L7,32899,44b6_668e0cc7,33541,39701.0,655,0
0.9787773359840956,1,1,0.0,0,4,5,0.9375,135,4,0,135,0,L7,8306,44b6_74d0c52e,8446,15090.0,144,0
0.9689561483302296,0,0,0.0,0,16,13,0.9493891797556719,544,9,7,544,6,L7,43942,44b6_7e557709,44506,56060.0,573,0
0.5547351315446113,0,1,0.0,0,39,49,0.5555555555555556,110,26,13,110,10,L7,28374,44b6_87bba6c4,28517,28102.0,198,0
0.9509576293570385,0,0,0.0,0,15,22,0.9114832535885168,381,12,3,381,3,L7,17842,44b6_8cc6506c,18239,32172.0,418,0
1.0076148033326875,0,0,0.0,0,0,0,1.0,198,0,0,198,0,L7,4568,44b6_95029e92,4768,5161.0,198,0
0.8897372178625841,0,0,0.0,0,12,14,0.8571428571428571,156,4,8,156,5,L7,36851,44b6_b2c44266,37016,59729.0,182,0
0.9544053567771729,0,0,0.0,0,24,16,0.9367088607594937,592,8,16,592,13,L7,36885,44b6_c96cfa10,37501,46236.0,632,0
0.9318888726036371,0,0,0.0,0,43,57,0.927797833935018,1285,35,8,1285,7,L7,35031,44b6_d29c9ab2,36377,38055.0,1385,4
0.9089194595899699,0,0,0.0,0,8,7,0.9112426035502958,154,6,2,154,3,L7,15244,44b6_db3c847b,15406,15023.0,169,0
0.8692288429966764,0,0,0.0,0,7,10,0.8617886178861789,106,5,2,106,1,L7,66451,44b6_e31261b4,66566,72856.0,123,0
0.8935120678988389,0,0,0.0,0,26,12,0.8633093525179856,240,6,20,240,17,L7,18368,44b6_e35b117d,18621,28641.0,278,0
0.8083506406646016,0,0,0.0,0,6,6,0.8208955223880597,55,4,2,55,1,L7,21445,44b6_f28707c6,21507,18656.0,67,0
0.8731107134603174,3,0,0.0,0,69,94,0.8723570869224746,1114,54,15,1114,12,L7,67980,6bba_05db0fb1,69197,69800.0,1277,0
0.7483447110648738,0,1,0.0,0,36,49,0.7557471264367817,263,21,15,263,10,L7,31427,6bba_1f58c2f6,31734,28903.0,348,0
0.7358321694915818,1,1,0.0,0,116,121,0.7457081545064378,695,50,66,695,52,L7,43021,6bba_32db13fc,43831,38705.0,932,0
0.7990990914434613,0,1,0.5,1,94,116,0.8001902949571836,841,60,34,841,28,L7,51806,6bba_3abfe10a,52775,52065.0,1051,2
0.9870585410500541,0,0,0.0,0,8,1,0.9875862068965517,716,0,8,716,9,L7,5105,6bba_5b28472a,5833,5802.0,725,0
0.9719823153329963,0,0,0.0,0,9,10,0.9656419529837251,534,3,6,534,4,L7,8909,6bba_61dd1e0d,9463,10128.0,553,0
0.7754648470886563,1,2,0.0,0,47,68,0.7727272727272727,391,27,20,391,13,L7,15043,6bba_67ebd073,15492,16061.0,506,2
0.9943059028701485,0,0,0.0,0,12,7,0.9859259259259259,1331,4,8,1331,8,L7,5498,6bba_6feeb0b1,6879,7518.0,1350,0
0.9096783882783882,1,2,0.0,0,26,23,0.9162393162393162,536,8,18,536,15,L7,5420,6bba_705ec2c9,6001,5600.0,585,1
0.9696655030207675,0,0,0.0,0,12,8,0.9644760213143873,543,3,9,543,8,L7,4912,6bba_7b5d3b2c,5469,5780.0,563,0
0.9794079963537841,0,1,0.0,0,7,9,0.9780821917808219,714,2,5,714,3,L7,4048,6bba_96833384,4803,4869.0,730,0
0.9683560924369747,3,0,0.0,0,8,5,0.9803921568627451,650,4,4,650,3,L7,14917,6bba_969618f6,15593,13888.0,663,1
0.9375869042917325,0,0,0.0,0,27,22,0.9319444444444445,671,12,15,671,14,L7,7202,6bba_a5e926bb,7929,8440.0,720,3
0.9548798462629202,0,0,0.0,0,49,27,0.9434523809523809,1268,9,40,1268,33,L7,6534,6bba_af149c94,7851,8933.0,1344,0
0.9214087062590531,3,0,0.25,1,32,24,0.9138461538461539,594,15,17,594,17,L7,4916,6bba_afb141ff,5553,6054.0,650,4
0.977689486184763,3,2,0.16666666666666666,1,18,19,0.9729334308705194,1330,13,5,1330,6,L7,26916,6bba_cdcfe533,28329,29785.0,1367,2
0.9060376509916194,0,0,0.0,0,22,29,0.9087656529516994,508,16,6,508,5,L7,28008,6bba_d82a4fc6,28548,27716.0,559,0
0.6339719331616479,0,0,0.0,0,259,293,0.6454720616570327,1005,143,116,1005,89,L7,47778,6bba_ebff6e76,49007,41596.0,1557,4
1.0450922396706814,0,0,0.0,0,0,0,1.0,49,0,0,49,0,L8,17956,44b6_0b24845f,18007,32795.0,49,0
0.9680929685572265,0,0,0.0,0,4,5,0.9556650246305419,194,4,0,194,0,L8,28231,44b6_40c45f5a,28431,32681.0,203,0
0.8083076771587608,0,0,0.0,0,25,34,0.7713178294573644,199,20,5,199,5,L8,29768,44b6_551a5dba,29991,57627.0,258,0
1.031928727884926,0,0,0.0,0,1,1,0.9883040935672515,169,1,0,169,0,L8,10848,44b6_5740d24b,11021,19730.0,171,0
0.8761428965128277,1,0,0.0,0,21,23,0.8513513513513513,252,15,6,252,6,L8,20651,44b6_5f15d135,20923,29519.0,296,0
0.9540295002856275,0,0,0.0,0,16,24,0.9389312977099237,615,15,1,615,1,L8,32675,44b6_668e0cc7,33317,39701.0,655,0
0.97956013916501,1,1,0.0,0,4,5,0.9375,135,4,0,135,0,L8,8180,44b6_74d0c52e,8320,15090.0,144,0
0.9781513228308015,0,0,0.0,0,14,10,0.9578947368421052,546,7,7,546,6,L8,43641,44b6_7e557709,44205,56060.0,570,0
0.5555792786594865,0,1,0.0,0,39,49,0.5555555555555556,110,26,13,110,10,L8,27947,44b6_87bba6c4,28090,28102.0,198,0
0.9518500737959308,0,0,0.0,0,15,22,0.9114832535885168,381,12,3,381,3,L8,17527,44b6_8cc6506c,17924,32172.0,418,0
1.0078860685913582,0,0,0.0,0,0,0,1.0,198,0,0,198,0,L8,4554,44b6_95029e92,4754,5161.0,198,0
0.8906312559345424,0,0,0.0,0,12,14,0.8571428571428571,156,4,8,156,5,L8,36228,44b6_b2c44266,36393,59729.0,182,0
0.9550577061438235,0,0,0.0,0,24,16,0.9367088607594937,592,8,16,592,13,L8,36563,44b6_c96cfa10,37179,46236.0,632,0
0.9322643314564184,0,0,0.0,0,43,57,0.927797833935018,1285,35,8,1285,7,L8,34877,44b6_d29c9ab2,36223,38055.0,1385,4
0.8751753977234906,0,0,0.0,0,13,8,0.8764705882352941,149,5,8,149,8,L8,15088,44b6_db3c847b,15245,15023.0,170,0
0.8699326480746965,0,0,0.0,0,7,10,0.8617886178861789,106,5,2,106,1,L8,65856,44b6_e31261b4,65971,72856.0,123,0
0.8944563831834825,0,0,0.0,0,27,11,0.8628158844765343,239,6,21,239,19,L8,17887,44b6_e35b117d,18138,28641.0,277,0
0.8093054773303295,0,0,0.0,0,6,6,0.8208955223880597,55,4,2,55,1,L8,21228,44b6_f28707c6,21290,18656.0,67,0
0.8741780386067812,3,0,0.0,0,69,94,0.8723570869224746,1114,54,15,1114,12,L8,67126,6bba_05db0fb1,68343,69800.0,1277,0
0.735875882447237,0,1,0.0,0,40,50,0.7421203438395415,259,20,20,259,14,L8,31032,6bba_1f58c2f6,31335,28903.0,349,0
0.7317802456685738,1,1,0.0,0,123,119,0.7397849462365591,688,48,75,688,62,L8,42093,6bba_32db13fc,42893,38705.0,930,0
0.8001103758266012,0,1,0.5,1,94,116,0.8001902949571836,841,60,34,841,28,L8,51148,6bba_3abfe10a,52117,52065.0,1051,2
0.9882500445744037,0,0,0.0,0,8,1,0.9875862068965517,716,0,8,716,9,L8,5035,6bba_5b28472a,5763,5802.0,725,0
0.9727164625523856,0,0,0.0,0,9,10,0.9656419529837251,534,3,6,534,4,L8,8832,6bba_61dd1e0d,9386,10128.0,553,0
0.776374164407288,1,2,0.0,0,47,68,0.7727272727272727,391,27,20,391,13,L8,14854,6bba_67ebd073,15303,16061.0,506,2
0.9948566994768112,0,0,0.0,0,12,7,0.9859259259259259,1331,4,8,1331,8,L8,5456,6bba_6feeb0b1,6837,7518.0,1350,0
0.9033483516483517,1,2,0.0,0,31,23,0.9076923076923077,531,7,24,531,21,L8,5293,6bba_705ec2c9,5868,5600.0,585,1
0.9709503586200962,0,0,0.0,0,12,8,0.9644760213143873,543,3,9,543,8,L8,4835,6bba_7b5d3b2c,5392,5780.0,563,0
0.9842137068107494,0,1,0.0,0,7,7,0.9807692307692307,714,0,7,714,4,L8,3944,6bba_96833384,4698,4869.0,728,0
0.9693443909821993,3,0,0.0,0,8,5,0.9803921568627451,650,4,4,650,3,L8,14777,6bba_969618f6,15453,13888.0,663,1
0.9363335801737757,0,0,0.0,0,29,22,0.9291666666666667,669,11,18,669,17,L8,7065,6bba_a5e926bb,7789,8440.0,720,3
0.9555452162394119,0,0,0.0,0,49,27,0.9434523809523809,1268,9,40,1268,33,L8,6471,6bba_af149c94,7788,8933.0,1344,0
0.9232050011435542,3,0,0.25,1,32,24,0.9138461538461539,594,15,17,594,17,L8,4797,6bba_afb141ff,5434,6054.0,650,4
0.9728494853389664,3,2,0.16666666666666666,1,29,16,0.967008797653959,1319,10,19,1319,21,L8,26588,6bba_cdcfe533,27986,29785.0,1364,2
0.9067032572390907,0,0,0.0,0,22,29,0.9087656529516994,508,16,6,508,5,L8,27805,6bba_d82a4fc6,28345,27716.0,559,0
0.6388146872972047,0,0,0.0,0,263,278,0.6491569390402075,1001,132,131,1001,104,L8,47009,6bba_ebff6e76,48223,41596.0,1542,4
1.0470437566702242,0,0,0.0,0,0,0,1.0,49,0,0,49,0,L9,17316,44b6_0b24845f,17367,32795.0,49,0
0.9690521134061566,0,0,0.0,0,4,5,0.9556650246305419,194,4,0,194,0,L9,27903,44b6_40c45f5a,28103,32681.0,203,0
0.8090893413307689,0,0,0.0,0,25,34,0.7713178294573644,199,20,5,199,5,L9,29184,44b6_551a5dba,29407,57627.0,258,0
1.032850410364482,0,0,0.0,0,1,1,0.9883040935672515,169,1,0,169,0,L9,10664,44b6_5740d24b,10837,19730.0,171,0
0.8738841360076837,1,0,0.0,0,22,23,0.847972972972973,251,15,7,251,8,L9,20229,44b6_5f15d135,20499,29519.0,296,0
0.9547295422596889,0,0,0.0,0,16,24,0.9389312977099237,615,15,1,615,1,L9,32379,44b6_668e0cc7,33021,39701.0,655,0
0.9805044731610337,1,1,0.0,0,4,5,0.9375,135,4,0,135,0,L9,8028,44b6_74d0c52e,8168,15090.0,144,0
0.9625751930787192,0,0,0.0,0,22,11,0.9422066549912435,538,6,16,538,15,L9,43386,44b6_7e557709,43941,56060.0,571,0
0.5565123874141027,0,1,0.0,0,39,49,0.5555555555555556,110,26,13,110,10,L9,27475,44b6_87bba6c4,27618,28102.0,198,0
0.9526660229972035,0,0,0.0,0,15,22,0.9114832535885168,381,12,3,381,3,L9,17239,44b6_8cc6506c,17636,32172.0,418,0
1.00850610346832,0,0,0.0,0,0,0,1.0,198,0,0,198,0,L9,4522,44b6_95029e92,4722,5161.0,198,0
0.8915152486349057,0,0,0.0,0,12,14,0.8571428571428571,156,4,8,156,5,L9,35612,44b6_b2c44266,35777,59729.0,182,0
0.9559329077785844,0,0,0.0,0,24,16,0.9367088607594937,592,8,16,592,13,L9,36131,44b6_c96cfa10,36747,46236.0,632,0
0.9340617572864482,0,0,0.0,0,43,55,0.9291395516992046,1285,35,8,1285,8,L9,34694,44b6_d29c9ab2,36039,38055.0,1383,4
0.8761088683626282,0,0,0.0,0,13,8,0.8764705882352941,149,5,8,149,8,L9,14928,44b6_db3c847b,15085,15023.0,170,0
0.8706991450336157,0,0,0.0,0,7,10,0.8617886178861789,106,5,2,106,1,L9,65208,44b6_e31261b4,65323,72856.0,123,0
0.9065867680789336,0,0,0.0,0,24,11,0.8736462093862816,242,7,17,242,15,L9,17587,44b6_e35b117d,17842,28641.0,277,0
0.8100799070684315,0,0,0.0,0,6,6,0.8208955223880597,55,4,2,55,1,L9,21052,44b6_f28707c6,21114,18656.0,67,0
0.8740126606278594,3,0,0.0,0,70,94,0.8715740015661707,1113,54,16,1113,14,L9,66632,6bba_05db0fb1,67847,69800.0,1277,0
0.7367180630955413,0,1,0.0,0,40,50,0.7421203438395415,259,20,20,259,14,L9,30704,6bba_1f58c2f6,31007,28903.0,349,0
0.7153346600501583,1,1,0.0,0,141,117,0.7219827586206896,670,46,95,670,83,L9,41490,6bba_32db13fc,42269,38705.0,928,0
0.7987211376267043,0,1,0.5,1,99,113,0.7977099236641222,836,55,44,836,36,L9,50444,6bba_3abfe10a,51405,52065.0,1048,2
0.9896117628879458,0,0,0.0,0,8,1,0.9875862068965517,716,0,8,716,9,L9,4955,6bba_5b28472a,5683,5802.0,725,0
0.9731741127670697,0,0,0.0,0,9,10,0.9656419529837251,534,3,6,534,4,L9,8784,6bba_61dd1e0d,9338,10128.0,553,0
0.7681939876946415,1,2,0.0,0,52,68,0.7628458498023716,386,26,26,386,19,L9,14492,6bba_67ebd073,14935,16061.0,506,2
0.9958009222310897,0,0,0.0,0,12,7,0.9859259259259259,1331,4,8,1331,8,L9,5384,6bba_6feeb0b1,6765,7518.0,1350,0
0.9051637362637363,1,2,0.0,0,31,23,0.9076923076923077,531,7,24,531,21,L9,5181,6bba_705ec2c9,5756,5600.0,585,1
0.9717513075651325,0,0,0.0,0,12,8,0.9644760213143873,543,3,9,543,8,L9,4787,6bba_7b5d3b2c,5344,5780.0,563,0
0.9846971420446466,0,1,0.0,0,7,7,0.9807692307692307,714,0,7,714,4,L9,3920,6bba_96833384,4674,4869.0,728,0
0.9699656072106262,3,0,0.0,0,8,5,0.9803921568627451,650,4,4,650,3,L9,14689,6bba_969618f6,15365,13888.0,663,1
0.939592268957346,0,0,0.0,0,29,22,0.9291666666666667,669,11,18,669,17,L9,6769,6bba_a5e926bb,7493,8440.0,720,3
0.9495656429503904,0,0,0.0,0,57,28,0.9368029739776952,1260,8,49,1260,42,L9,6408,6bba_af149c94,7716,8933.0,1345,0
0.9254131040100791,3,0,0.25,1,37,18,0.9145962732919255,589,9,28,589,26,L9,4710,6bba_afb141ff,5338,6054.0,644,3
0.9695099951411312,3,2,0.16666666666666666,1,35,16,0.9626099706744868,1313,10,25,1313,28,L9,26259,6bba_cdcfe533,27650,29785.0,1364,2
0.9074377193052662,0,0,0.0,0,22,29,0.9087656529516994,508,16,6,508,5,L9,27581,6bba_d82a4fc6,28121,27716.0,559,0
0.6284656762243764,0,0,0.0,0,285,272,0.6373697916666666,979,122,163,979,134,L9,46223,6bba_ebff6e76,47407,41596.0,1536,4
1.0493215429181277,0,0,0.0,0,0,0,1.0,49,0,0,49,0,L10,16569,44b6_0b24845f,16620,32795.0,49,0
0.9701574693601065,0,0,0.0,0,4,5,0.9556650246305419,194,4,0,194,0,L10,27525,44b6_40c45f5a,27725,32681.0,203,0
0.8097251127035494,0,0,0.0,0,25,34,0.7713178294573644,199,20,5,199,5,L10,28709,44b6_551a5dba,28932,57627.0,258,0
1.0341127146299605,0,0,0.0,0,1,1,0.9883040935672515,169,1,0,169,0,L10,10412,44b6_5740d24b,10585,19730.0,171,0
0.85070090678343,1,0,0.0,0,28,24,0.8249158249158249,245,15,13,245,14,L10,20028,44b6_5f15d135,20292,29519.0,297,0
0.9555596596005522,0,0,0.0,0,16,24,0.9389312977099237,615,15,1,615,1,L10,32028,44b6_668e0cc7,32670,39701.0,655,0
0.9805666003976145,1,1,0.0,0,4,5,0.9375,135,4,0,135,0,L10,8018,44b6_74d0c52e,8158,15090.0,144,0
0.9630441114817562,0,0,0.0,0,22,11,0.9422066549912435,538,6,16,538,15,L10,43107,44b6_7e557709,43662,56060.0,571,0
0.5763231013761225,0,1,0.0,0,37,46,0.5743589743589743,112,24,13,112,10,L10,26998,44b6_87bba6c4,27141,28102.0,195,0
0.9532779848981581,0,0,0.0,0,15,22,0.9114832535885168,381,12,3,381,3,L10,17023,44b6_8cc6506c,17420,32172.0,418,0
1.00850610346832,0,0,0.0,0,0,0,1.0,198,0,0,198,0,L10,4522,44b6_95029e92,4722,5161.0,198,0
0.8920835296565679,0,0,0.0,0,12,14,0.8571428571428571,156,4,8,156,5,L10,35216,44b6_b2c44266,35381,59729.0,182,0
0.9567169425763913,0,0,0.0,0,24,16,0.9367088607594937,592,8,16,592,13,L10,35744,44b6_c96cfa10,36360,46236.0,632,0
0.9345671623244242,0,0,0.0,0,43,55,0.9291395516992046,1285,35,8,1285,8,L10,34487,44b6_d29c9ab2,35832,38055.0,1383,4
0.8772640382785611,0,0,0.0,0,13,8,0.8764705882352941,149,5,8,149,8,L10,14730,44b6_db3c847b,14887,15023.0,170,0
0.7935421400275359,0,0,0.0,0,11,17,0.7846153846153846,102,7,4,102,2,L10,64453,44b6_e31261b4,64567,72856.0,130,0
0.8892626598636652,0,0,0.0,0,29,11,0.855595667870036,237,5,24,237,21,L10,17122,44b6_e35b117d,17371,28641.0,277,0
0.8108719374823994,0,0,0.0,0,6,6,0.8208955223880597,55,4,2,55,1,L10,20872,44b6_f28707c6,20934,18656.0,67,0
0.874563325577273,3,0,0.0,0,70,94,0.8715740015661707,1113,54,16,1113,14,L10,66191,6bba_05db0fb1,67406,69800.0,1277,0
0.7445717520223911,0,1,0.0,0,39,48,0.7492795389048992,260,19,20,260,14,L10,30416,6bba_1f58c2f6,30719,28903.0,347,0
0.7206856503097299,1,1,0.0,0,140,113,0.7261904761904762,671,43,97,671,85,L10,40862,6bba_32db13fc,41639,38705.0,924,0
0.7945633672195471,0,1,0.5,1,103,115,0.7923809523809524,832,54,49,832,40,L10,49674,6bba_3abfe10a,50631,52065.0,1050,2
0.991450082611228,0,0,0.0,0,8,1,0.9875862068965517,716,0,8,716,9,L10,4847,6bba_5b28472a,5575,5802.0,725,0
0.9684874190077158,0,0,0.0,0,13,9,0.9601449275362319,530,3,10,530,9,L10,8699,6bba_61dd1e0d,9248,10128.0,552,0
0.7693054124431239,1,2,0.0,0,52,68,0.7628458498023716,386,26,26,386,19,L10,14258,6bba_67ebd073,14701,16061.0,506,2
0.9968631728296532,0,0,0.0,0,12,7,0.9859259259259259,1331,4,8,1331,8,L10,5303,6bba_6feeb0b1,6684,7518.0,1350,0
0.8932348290598291,1,2,0.0,0,39,23,0.8940170940170941,523,6,33,523,30,L10,5083,6bba_705ec2c9,5649,5600.0,585,1
0.9731029089098809,0,0,0.0,0,12,8,0.9644760213143873,543,3,9,543,8,L10,4706,6bba_7b5d3b2c,5263,5780.0,563,0
0.9856035831082041,0,1,0.0,0,7,7,0.9807692307692307,714,0,7,714,4,L10,3875,6bba_96833384,4629,4869.0,728,0
0.9711727432908647,3,0,0.0,0,8,5,0.9803921568627451,650,4,4,650,3,L10,14518,6bba_969618f6,15194,13888.0,663,1
0.94078125,0,0,0.0,0,29,22,0.9291666666666667,669,11,18,669,17,L10,6661,6bba_a5e926bb,7385,8440.0,720,3
0.9497544088020816,0,0,0.0,0,57,28,0.9368029739776952,1260,8,49,1260,42,L10,6390,6bba_af149c94,7698,8933.0,1345,0
0.9300450687205509,3,0,0.25,1,35,17,0.9191290824261276,591,10,25,591,24,L10,4705,6bba_afb141ff,5335,6054.0,643,3
0.9704407712752734,3,2,0.16666666666666666,1,35,16,0.9626099706744868,1313,10,25,1313,28,L10,25971,6bba_cdcfe533,27362,29785.0,1364,2
0.9083525180394757,0,0,0.0,0,22,29,0.9087656529516994,508,16,6,508,5,L10,27302,6bba_d82a4fc6,27842,27716.0,559,0
0.6218584528077903,0,0,0.0,0,296,273,0.6297983083929733,968,119,177,968,147,L10,45669,6bba_ebff6e76,46840,41596.0,1537,4
1.0516389693550847,0,0,0.0,0,0,0,1.0,49,0,0,49,0,L11,15809,44b6_0b24845f,15860,32795.0,49,0
0.9716488226313086,0,0,0.0,0,4,5,0.9556650246305419,194,4,0,194,0,L11,27015,44b6_40c45f5a,27215,32681.0,203,0
0.8104626074959749,0,0,0.0,0,25,34,0.7713178294573644,199,20,5,199,5,L11,28158,44b6_551a5dba,28381,57627.0,258,0
1.0343781992572239,0,0,0.0,0,1,1,0.9883040935672515,169,1,0,169,0,L11,10359,44b6_5740d24b,10532,19730.0,171,0
0.8518718127444711,1,0,0.0,0,28,24,0.8249158249158249,245,15,13,245,14,L11,19609,44b6_5f15d135,19873,29519.0,297,0
0.956340111801364,0,0,0.0,0,16,24,0.9389312977099237,615,15,1,615,1,L11,31698,44b6_668e0cc7,32340,39701.0,655,0
0.9814550198807157,1,1,0.0,0,4,5,0.9375,135,4,0,135,0,L11,7875,44b6_74d0c52e,8015,15090.0,144,0
0.9636995888193348,0,0,0.0,0,22,11,0.9422066549912435,538,6,16,538,15,L11,42717,44b6_7e557709,43272,56060.0,571,0
0.5718255475931087,0,1,0.0,0,38,46,0.5692307692307692,111,24,14,111,12,L11,26680,44b6_87bba6c4,26821,28102.0,195,0
0.9537624547364139,0,0,0.0,0,15,22,0.9114832535885168,381,12,3,381,3,L11,16852,44b6_8cc6506c,17249,32172.0,418,0
1.0086998643673706,0,0,0.0,0,0,0,1.0,198,0,0,198,0,L11,4512,44b6_95029e92,4712,5161.0,198,0
0.8929876131001212,0,0,0.0,0,12,14,0.8571428571428571,156,4,8,156,5,L11,34586,44b6_b2c44266,34751,59729.0,182,0
0.9575070551633282,0,0,0.0,0,24,16,0.9367088607594937,592,8,16,592,13,L11,35354,44b6_c96cfa10,35970,46236.0,632,0
0.9349822292638247,0,0,0.0,0,43,55,0.9291395516992046,1285,35,8,1285,8,L11,34317,44b6_d29c9ab2,35662,38055.0,1383,4
0.8788392699821059,0,0,0.0,0,13,8,0.8764705882352941,149,5,8,149,8,L11,14460,44b6_db3c847b,14617,15023.0,170,0
0.7944252308030171,0,0,0.0,0,11,17,0.7846153846153846,102,7,4,102,2,L11,63633,44b6_e31261b4,63747,72856.0,130,0
0.8909325665650351,0,0,0.0,0,29,11,0.855595667870036,237,5,24,237,21,L11,16563,44b6_e35b117d,16812,28641.0,277,0
0.8117959729653619,0,0,0.0,0,6,6,0.8208955223880597,55,4,2,55,1,L11,20662,44b6_f28707c6,20724,18656.0,67,0
0.8751252285868788,3,0,0.0,0,70,94,0.8715740015661707,1113,54,16,1113,14,L11,65741,6bba_05db0fb1,66956,69800.0,1277,0
0.7457124052318094,0,1,0.0,0,39,48,0.7492795389048992,260,19,20,260,14,L11,29976,6bba_1f58c2f6,30279,28903.0,347,0
0.7216049975086275,1,1,0.0,0,140,113,0.7261904761904762,671,43,97,671,85,L11,40372,6bba_32db13fc,41149,38705.0,924,0
0.7918157735935657,0,1,0.5,1,110,112,0.7879656160458453,825,52,58,825,49,L11,48573,6bba_3abfe10a,49521,52065.0,1047,2
0.9923011565571919,0,0,0.0,0,8,1,0.9875862068965517,716,0,8,716,9,L11,4797,6bba_5b28472a,5525,5802.0,725,0
0.9688666231655105,0,0,0.0,0,13,9,0.9601449275362319,530,3,10,530,9,L11,8659,6bba_61dd1e0d,9208,10128.0,552,0
0.7703503416938338,1,2,0.0,0,52,68,0.7628458498023716,386,26,26,386,19,L11,14038,6bba_67ebd073,14481,16061.0,506,2
0.9977811671740908,0,0,0.0,0,12,7,0.9859259259259259,1331,4,8,1331,8,L11,5233,6bba_6feeb0b1,6614,7518.0,1350,0
0.8961084554334554,1,2,0.0,0,39,23,0.8940170940170941,523,6,33,523,30,L11,4903,6bba_705ec2c9,5469,5600.0,585,1
0.9741040950911763,0,0,0.0,0,12,8,0.9644760213143873,543,3,9,543,8,L11,4646,6bba_7b5d3b2c,5203,5780.0,563,0
0.9862078771505759,0,1,0.0,0,7,7,0.9807692307692307,714,0,7,714,4,L11,3845,6bba_96833384,4599,4869.0,728,0
0.9715962998102465,3,0,0.0,0,8,5,0.9803921568627451,650,4,4,650,3,L11,14458,6bba_969618f6,15134,13888.0,663,1
0.8972101370243313,0,0,0.0,0,64,19,0.8842398884239888,634,8,56,634,59,L11,6520,6bba_a5e926bb,7202,8440.0,717,2
0.9501738884725072,0,0,0.0,0,57,28,0.9368029739776952,1260,8,49,1260,42,L11,6350,6bba_af149c94,7658,8933.0,1345,0
0.9135704784467015,3,0,0.25,1,47,17,0.9004665629860031,579,9,38,579,37,L11,4556,6bba_afb141ff,5173,6054.0,643,3
0.9649443494604785,3,2,0.16666666666666666,1,44,16,0.9560117302052786,1304,10,34,1304,38,L11,25621,6bba_cdcfe533,27002,29785.0,1364,2
0.8932221238644371,0,0,0.0,0,29,31,0.893048128342246,501,15,14,501,12,L11,27129,6bba_d82a4fc6,27662,27716.0,561,0
0.6276911638209131,0,0,0.0,0,295,263,0.6345776031434185,969,114,181,969,152,L11,44944,6bba_ebff6e76,46110,41596.0,1527,4
1.0534502210702852,0,0,0.0,0,0,0,1.0,49,0,0,49,0,L12,15215,44b6_0b24845f,15266,32795.0,49,0
0.9725231650393271,0,0,0.0,0,4,5,0.9556650246305419,194,4,0,194,0,L12,26716,44b6_40c45f5a,26916,32681.0,203,0
0.8113178873006207,0,0,0.0,0,25,34,0.7713178294573644,199,20,5,199,5,L12,27519,44b6_551a5dba,27742,57627.0,258,0
1.035309900024601,0,0,0.0,0,1,1,0.9883040935672515,169,1,0,169,0,L12,10173,44b6_5740d24b,10346,19730.0,171,0
0.8531628832790795,1,0,0.0,0,28,24,0.8249158249158249,245,15,13,245,14,L12,19147,44b6_5f15d135,19411,29519.0,297,0
0.9569384584886531,0,0,0.0,0,16,24,0.9389312977099237,615,15,1,615,1,L12,31445,44b6_668e0cc7,32087,39701.0,655,0
0.98220675944334,1,1,0.0,0,4,5,0.9375,135,4,0,135,0,L12,7754,44b6_74d0c52e,7894,15090.0,144,0
0.946367570897581,0,0,0.0,0,32,11,0.9246935201401051,528,6,26,528,26,L12,42376,44b6_7e557709,42920,56060.0,571,0
0.5730348236917164,0,1,0.0,0,38,46,0.5692307692307692,111,24,14,111,12,L12,26083,44b6_87bba6c4,26224,28102.0,195,0
0.9544169139916013,0,0,0.0,0,15,22,0.9114832535885168,381,12,3,381,3,L12,16621,44b6_8cc6506c,17018,32172.0,418,0
1.0093392753342376,0,0,0.0,0,0,0,1.0,198,0,0,198,0,L12,4479,44b6_95029e92,4679,5161.0,198,0
0.9034102920412753,0,0,0.0,0,12,12,0.8666666666666667,156,4,8,156,6,L12,34242,44b6_b2c44266,34406,59729.0,180,0
0.9585098903698254,0,0,0.0,0,24,16,0.9367088607594937,592,8,16,592,13,L12,34859,44b6_c96cfa10,35475,46236.0,632,0
0.9354925174422641,0,0,0.0,0,43,55,0.9291395516992046,1285,35,8,1285,8,L12,34108,44b6_d29c9ab2,35453,38055.0,1383,4
0.8790681901163777,0,0,0.0,0,14,7,0.8757396449704142,148,4,10,148,10,L12,14297,44b6_db3c847b,14452,15023.0,169,0
0.7951715502022958,0,0,0.0,0,11,17,0.7846153846153846,102,7,4,102,2,L12,62940,44b6_e31261b4,63054,72856.0,130,0
0.892536752430215,0,0,0.0,0,29,11,0.855595667870036,237,5,24,237,21,L12,16026,44b6_e35b117d,16275,28641.0,277,0
0.8126188045620952,0,0,0.0,0,6,6,0.8208955223880597,55,4,2,55,1,L12,20475,44b6_f28707c6,20537,18656.0,67,0
0.8759081467802626,3,0,0.0,0,70,94,0.8715740015661707,1113,54,16,1113,14,L12,65114,6bba_05db0fb1,66329,69800.0,1277,0
0.7514981394539557,0,1,0.0,0,39,46,0.7536231884057971,260,17,22,260,15,L12,29416,6bba_1f58c2f6,29718,28903.0,345,0
0.7122129902565246,1,1,0.0,0,150,113,0.7153679653679653,661,43,107,661,96,L12,39646,6bba_32db13fc,40412,38705.0,924,0
0.8000615958061257,0,1,0.5,1,104,110,0.7952153110047847,831,50,54,831,44,L12,47939,6bba_3abfe10a,48892,52065.0,1045,2
0.9939862829702005,0,0,0.0,0,8,1,0.9875862068965517,716,0,8,716,9,L12,4698,6bba_5b28472a,5426,5802.0,725,0
0.9695965911692652,0,0,0.0,0,13,9,0.9601449275362319,530,3,10,530,9,L12,8582,6bba_61dd1e0d,9131,10128.0,552,0
0.7717229987549936,1,2,0.0,0,52,68,0.7628458498023716,386,26,26,386,19,L12,13749,6bba_67ebd073,14192,16061.0,506,2
0.9944598840494844,0,0,0.0,0,16,9,0.981508875739645,1327,3,13,1327,12,L12,5149,6bba_6feeb0b1,6526,7518.0,1352,0
0.8677701691409102,1,2,0.0,0,55,25,0.8637137989778535,507,6,49,507,47,L12,4788,6bba_705ec2c9,5337,5600.0,587,1
0.9755725014904092,0,0,0.0,0,12,8,0.9644760213143873,543,3,9,543,8,L12,4558,6bba_7b5d3b2c,5115,5780.0,563,0
0.9771973790227024,0,1,0.0,0,14,7,0.9711538461538461,707,0,14,707,12,L12,3820,6bba_96833384,4566,4869.0,728,0
0.9445526721854994,3,0,0.0,0,27,5,0.951734539969834,631,3,24,631,25,L12,14282,6bba_969618f6,14936,13888.0,663,0
0.8985930714469849,0,0,0.0,0,64,19,0.8842398884239888,634,8,56,634,59,L12,6388,6bba_a5e926bb,7070,8440.0,717,2
0.9464529040436093,0,0,0.0,0,63,28,0.9323420074349442,1254,7,56,1254,49,L12,6280,6bba_af149c94,7581,8933.0,1345,0
0.9008031654970481,3,0,0.25,1,57,17,0.8849144634525661,569,8,49,569,48,L12,4361,6bba_afb141ff,4967,6054.0,643,3
0.9529278619761782,3,2,0.16666666666666666,1,60,18,0.9428989751098097,1288,9,51,1288,55,L12,25253,6bba_cdcfe533,26617,29785.0,1366,2
0.8940373251072953,0,0,0.0,0,29,31,0.893048128342246,501,15,14,501,12,L12,26876,6bba_d82a4fc6,27409,27716.0,561,0
0.6220709927169639,0,0,0.0,0,302,268,0.6279373368146214,962,113,189,962,156,L12,44320,6bba_ebff6e76,45482,41596.0,1532,4
1.0450678457081872,0,0,0.0,0,0,0,1.0,49,0,0,49,0,L7+interior<8,17964,44b6_0b24845f,18015,32795.0,49,0
0.9677245165725766,0,0,0.0,0,4,5,0.9556650246305419,194,4,0,194,0,L7+interior<8,28357,44b6_40c45f5a,28557,32681.0,203,0
0.8081296611743823,0,0,0.0,0,25,34,0.7713178294573644,199,20,5,199,5,L7+interior<8,29901,44b6_551a5dba,30124,57627.0,258,0
1.0316482158259308,0,0,0.0,0,1,1,0.9883040935672515,169,1,0,169,0,L7+interior<8,10904,44b6_5740d24b,11077,19730.0,171,0
0.8757996910830679,1,0,0.0,0,21,23,0.8513513513513513,252,15,6,252,6,L7+interior<8,20770,44b6_5f15d135,21042,29519.0,296,0
0.9539301700055242,0,0,0.0,0,16,24,0.9389312977099237,615,15,1,615,1,L7+interior<8,32717,44b6_668e0cc7,33359,39701.0,655,0
0.979429671968191,1,1,0.0,0,4,5,0.9375,135,4,0,135,0,L7+interior<8,8201,44b6_74d0c52e,8341,15090.0,144,0
0.9779719097958953,0,0,0.0,0,14,10,0.9578947368421052,546,7,7,546,6,L7+interior<8,43746,44b6_7e557709,44310,56060.0,570,0
0.555371701500091,0,1,0.0,0,39,49,0.5555555555555556,110,26,13,110,10,L7+interior<8,28052,44b6_87bba6c4,28195,28102.0,198,0
0.9516517528095102,0,0,0.0,0,15,22,0.9114832535885168,381,12,3,381,3,L7+interior<8,17597,44b6_8cc6506c,17994,32172.0,418,0
1.0076148033326875,0,0,0.0,0,0,0,1.0,198,0,0,198,0,L7+interior<8,4568,44b6_95029e92,4768,5161.0,198,0
0.8904403938742367,0,0,0.0,0,12,14,0.8571428571428571,156,4,8,156,5,L7+interior<8,36361,44b6_b2c44266,36526,59729.0,182,0
0.9548591650322341,0,0,0.0,0,24,16,0.9367088607594937,592,8,16,592,13,L7+interior<8,36661,44b6_c96cfa10,37277,46236.0,632,0
0.9321448672759881,0,0,0.0,0,43,57,0.927797833935018,1285,35,8,1285,7,L7+interior<8,34926,44b6_d29c9ab2,36272,38055.0,1385,4
0.9096412719431782,0,0,0.0,0,8,7,0.9112426035502958,154,6,2,154,3,L7+interior<8,15125,44b6_db3c847b,15287,15023.0,169,0
0.8697670468798682,0,0,0.0,0,7,10,0.8617886178861789,106,5,2,106,1,L7+interior<8,65996,44b6_e31261b4,66111,72856.0,123,0
0.8946936511752156,0,0,0.0,0,26,12,0.8633093525179856,240,6,20,240,17,L7+interior<8,17976,44b6_e35b117d,18229,28641.0,278,0
0.8090282666854408,0,0,0.0,0,6,6,0.8208955223880597,55,4,2,55,1,L7+interior<8,21291,44b6_f28707c6,21353,18656.0,67,0
0.8735043989651605,3,0,0.0,0,69,94,0.8723570869224746,1114,54,15,1114,12,L7+interior<8,67665,6bba_05db0fb1,68882,69800.0,1277,0
0.7357680422422712,0,1,0.0,0,40,50,0.7421203438395415,259,20,20,259,14,L7+interior<8,31074,6bba_1f58c2f6,31377,28903.0,349,0
0.7345753201973994,1,1,0.0,0,118,121,0.7435622317596566,693,50,68,693,55,L7+interior<8,42576,6bba_32db13fc,43383,38705.0,932,0
0.7998306588695624,0,1,0.5,1,94,116,0.8001902949571836,841,60,34,841,28,L7+interior<8,51330,6bba_3abfe10a,52299,52065.0,1051,2
0.9878925935170988,0,0,0.0,0,8,1,0.9875862068965517,716,0,8,716,9,L7+interior<8,5056,6bba_5b28472a,5784,5802.0,725,0
0.9724494999271531,0,0,0.0,0,9,10,0.9656419529837251,534,3,6,534,4,L7+interior<8,8860,6bba_61dd1e0d,9414,10128.0,553,0
0.7761720938920366,1,2,0.0,0,47,68,0.7727272727272727,391,27,20,391,13,L7+interior<8,14896,6bba_67ebd073,15345,16061.0,506,2
0.99458130117348,0,0,0.0,0,12,7,0.9859259259259259,1331,4,8,1331,8,L7+interior<8,5477,6bba_6feeb0b1,6858,7518.0,1350,0
0.9031214285714286,1,2,0.0,0,31,23,0.9076923076923077,531,7,24,531,21,L7+interior<8,5307,6bba_705ec2c9,5882,5600.0,585,1
0.9709503586200962,0,0,0.0,0,12,8,0.9644760213143873,543,3,9,543,8,L7+interior<8,4835,6bba_7b5d3b2c,5392,5780.0,563,0
0.9833676951514289,0,1,0.0,0,7,7,0.9807692307692307,714,0,7,714,4,L7+interior<8,3986,6bba_96833384,4740,4869.0,728,0
0.9689984864913707,3,0,0.0,0,8,5,0.9803921568627451,650,4,4,650,3,L7+interior<8,14826,6bba_969618f6,15502,13888.0,663,1
0.9356400078988942,0,0,0.0,0,29,22,0.9291666666666667,669,11,18,669,17,L7+interior<8,7128,6bba_a5e926bb,7852,8440.0,720,3
0.9554712862420239,0,0,0.0,0,49,27,0.9434523809523809,1268,9,40,1268,33,L7+interior<8,6478,6bba_af149c94,7795,8933.0,1344,0
0.9228880079286422,3,0,0.25,1,32,24,0.9138461538461539,594,15,17,594,17,L7+interior<8,4818,6bba_afb141ff,5455,6054.0,650,4
0.9780782022441004,3,2,0.16666666666666666,1,18,19,0.9729334308705194,1330,13,5,1330,6,L7+interior<8,26797,6bba_cdcfe533,28210,29785.0,1367,2
0.9065425936621149,0,0,0.0,0,22,29,0.9087656529516994,508,16,6,508,5,L7+interior<8,27854,6bba_d82a4fc6,28394,27716.0,559,0
0.6396256839163988,0,0,0.0,0,260,280,0.6502590673575129,1004,134,126,1004,99,L7+interior<8,47179,6bba_ebff6e76,48398,41596.0,1544,4
1.0467266351577984,0,0,0.0,0,0,0,1.0,49,0,0,49,0,L7+interior<9,17420,44b6_0b24845f,17471,32795.0,49,0
0.9684965112070814,0,0,0.0,0,4,5,0.9556650246305419,194,4,0,194,0,L7+interior<9,28093,44b6_40c45f5a,28293,32681.0,203,0
0.808729293963868,0,0,0.0,0,25,34,0.7713178294573644,199,20,5,199,5,L7+interior<9,29453,44b6_551a5dba,29676,57627.0,258,0
1.0324096057003467,0,0,0.0,0,1,1,0.9883040935672515,169,1,0,169,0,L7+interior<9,10752,44b6_5740d24b,10925,19730.0,171,0
0.8767687417082722,1,0,0.0,0,21,23,0.8513513513513513,252,15,6,252,6,L7+interior<9,20434,44b6_5f15d135,20706,29519.0,296,0
0.9544599314994086,0,0,0.0,0,16,24,0.9389312977099237,615,15,1,615,1,L7+interior<9,32493,44b6_668e0cc7,33135,39701.0,655,0
0.9800757952286283,1,1,0.0,0,4,5,0.9375,135,4,0,135,0,L7+interior<9,8097,44b6_74d0c52e,8237,15090.0,144,0
0.9782453010871809,0,0,0.0,0,14,10,0.9578947368421052,546,7,7,546,6,L7+interior<9,43586,44b6_7e557709,44150,56060.0,570,0
0.5561150254232596,0,1,0.0,0,39,49,0.5555555555555556,110,26,13,110,10,L7+interior<9,27676,44b6_87bba6c4,27819,28102.0,198,0
0.9522183841992831,0,0,0.0,0,15,22,0.9114832535885168,381,12,3,381,3,L7+interior<9,17397,44b6_8cc6506c,17794,32172.0,418,0
1.0079248207711684,0,0,0.0,0,0,0,1.0,198,0,0,198,0,L7+interior<9,4552,44b6_95029e92,4752,5161.0,198,0
0.891060336806959,0,0,0.0,0,12,14,0.8571428571428571,156,4,8,156,5,L7+interior<9,35929,44b6_b2c44266,36094,59729.0,182,0
0.9555560848525069,0,0,0.0,0,24,16,0.9367088607594937,592,8,16,592,13,L7+interior<9,36317,44b6_c96cfa10,36933,46236.0,632,0
0.9323789195478519,0,0,0.0,0,43,57,0.927797833935018,1285,35,8,1285,7,L7+interior<9,34830,44b6_d29c9ab2,36176,38055.0,1385,4
0.9101750491455507,0,0,0.0,0,8,7,0.9112426035502958,154,6,2,154,3,L7+interior<9,15037,44b6_db3c847b,15199,15023.0,169,0
0.8702969707033186,0,0,0.0,0,7,10,0.8617886178861789,106,5,2,106,1,L7+interior<9,65548,44b6_e31261b4,65663,72856.0,123,0
0.8958028926183448,0,0,0.0,0,26,12,0.8633093525179856,240,6,20,240,17,L7+interior<9,17608,44b6_e35b117d,17861,28641.0,278,0
0.8094506829062236,0,0,0.0,0,6,6,0.8208955223880597,55,4,2,55,1,L7+interior<9,21195,44b6_f28707c6,21257,18656.0,67,0
0.8730199653108893,3,0,0.0,0,70,94,0.8715740015661707,1113,54,16,1113,14,L7+interior<9,67427,6bba_05db0fb1,68642,69800.0,1277,0
0.7364664359506211,0,1,0.0,0,40,50,0.7421203438395415,259,20,20,259,14,L7+interior<9,30802,6bba_1f58c2f6,31105,28903.0,349,0
0.7252885501442535,1,1,0.0,0,129,119,0.7333333333333333,682,50,79,682,68,L7+interior<9,42157,6bba_32db13fc,42951,38705.0,930,0
0.7981236021033603,0,1,0.5,1,99,113,0.7977099236641222,836,55,44,836,36,L7+interior<9,50834,6bba_3abfe10a,51795,52065.0,1048,2
0.9889819681679326,0,0,0.0,0,8,1,0.9875862068965517,716,0,8,716,9,L7+interior<9,4992,6bba_5b28472a,5720,5802.0,725,0
0.9727546000702759,0,0,0.0,0,9,10,0.9656419529837251,534,3,6,534,4,L7+interior<9,8828,6bba_61dd1e0d,9382,10128.0,553,0
0.7675385320737417,1,2,0.0,0,52,68,0.7628458498023716,386,26,26,386,19,L7+interior<9,14630,6bba_67ebd073,15073,16061.0,506,2
0.9954206102883942,0,0,0.0,0,12,7,0.9859259259259259,1331,4,8,1331,8,L7+interior<9,5413,6bba_6feeb0b1,6794,7518.0,1350,0
0.9038994505494505,1,2,0.0,0,31,23,0.9076923076923077,531,7,24,531,21,L7+interior<9,5259,6bba_705ec2c9,5834,5600.0,585,1
0.9717513075651325,0,0,0.0,0,12,8,0.9644760213143873,543,3,9,543,8,L7+interior<9,4787,6bba_7b5d3b2c,5344,5780.0,563,0
0.9833676951514289,0,1,0.0,0,7,7,0.9807692307692307,714,0,7,714,4,L7+interior<9,3986,6bba_96833384,4740,4869.0,728,0
0.9695067543146291,3,0,0.0,0,8,5,0.9803921568627451,650,4,4,650,3,L7+interior<9,14754,6bba_969618f6,15430,13888.0,663,1
0.936784952606635,0,0,0.0,0,29,22,0.9291666666666667,669,11,18,669,17,L7+interior<9,7024,6bba_a5e926bb,7748,8440.0,720,3
0.9506632481292996,0,0,0.0,0,55,28,0.9382899628252788,1262,8,47,1262,39,L7+interior<9,6444,6bba_af149c94,7755,8933.0,1345,0
0.9248541337076047,3,0,0.25,1,37,18,0.9145962732919255,589,9,28,589,26,L7+interior<9,4747,6bba_afb141ff,5375,6054.0,644,3
0.9784440526528883,3,2,0.16666666666666666,1,18,19,0.9729334308705194,1330,13,5,1330,6,L7+interior<9,26685,6bba_cdcfe533,28098,29785.0,1367,2
0.9071459017879019,0,0,0.0,0,22,29,0.9087656529516994,508,16,6,508,5,L7+interior<9,27670,6bba_d82a4fc6,28210,27716.0,559,0
0.6273767531523347,0,0,0.0,0,282,278,0.6368352788586251,982,127,155,982,126,L7+interior<9,46582,6bba_ebff6e76,47774,41596.0,1542,4
1.0484555572495808,0,0,0.0,0,0,0,1.0,49,0,0,49,0,L7+interior<10,16853,44b6_0b24845f,16904,32795.0,49,0
0.9693386871719955,0,0,0.0,0,4,5,0.9556650246305419,194,4,0,194,0,L7+interior<10,27805,44b6_40c45f5a,28005,32681.0,203,0
0.8094038808520392,0,0,0.0,0,25,34,0.7713178294573644,199,20,5,199,5,L7+interior<10,28949,44b6_551a5dba,29172,57627.0,258,0
1.0334464984898468,0,0,0.0,0,1,1,0.9883040935672515,169,1,0,169,0,L7+interior<10,10545,44b6_5740d24b,10718,19730.0,171,0
0.8772878759717744,1,0,0.0,0,21,23,0.8513513513513513,252,15,6,252,6,L7+interior<10,20254,44b6_5f15d135,20526,29519.0,296,0
0.9550984833000726,0,0,0.0,0,16,24,0.9389312977099237,615,15,1,615,1,L7+interior<10,32223,44b6_668e0cc7,32865,39701.0,655,0
0.9805790258449305,1,1,0.0,0,4,5,0.9375,135,4,0,135,0,L7+interior<10,8016,44b6_74d0c52e,8156,15090.0,144,0
0.9786143793304167,0,0,0.0,0,14,10,0.9578947368421052,546,7,7,546,6,L7+interior<10,43370,44b6_7e557709,43934,56060.0,570,0
0.5756547667927641,0,1,0.0,0,37,46,0.5743589743589743,112,24,13,112,10,L7+interior<10,27325,44b6_87bba6c4,27468,28102.0,195,0
0.952779349275158,0,0,0.0,0,15,22,0.9114832535885168,381,12,3,381,3,L7+interior<10,17199,44b6_8cc6506c,17596,32172.0,418,0
1.0079248207711684,0,0,0.0,0,0,0,1.0,198,0,0,198,0,L7+interior<10,4552,44b6_95029e92,4752,5161.0,198,0
0.8914478011399105,0,0,0.0,0,12,14,0.8571428571428571,156,4,8,156,5,L7+interior<10,35659,44b6_b2c44266,35824,59729.0,182,0
0.956157785976405,0,0,0.0,0,24,16,0.9367088607594937,592,8,16,592,13,L7+interior<10,36020,44b6_c96cfa10,36636,46236.0,632,0
0.9327080555551603,0,0,0.0,0,43,57,0.927797833935018,1285,35,8,1285,7,L7+interior<10,34695,44b6_d29c9ab2,36041,38055.0,1385,4
0.9109393210489478,0,0,0.0,0,8,7,0.9112426035502958,154,6,2,154,3,L7+interior<10,14911,44b6_db3c847b,15073,15023.0,169,0
0.7929239764846989,0,0,0.0,0,11,17,0.7846153846153846,102,7,4,102,2,L7+interior<10,65027,44b6_e31261b4,65141,72856.0,130,0
0.8894677575212272,0,0,0.0,0,28,12,0.8561151079136691,238,5,23,238,19,L7+interior<10,17232,44b6_e35b117d,17483,28641.0,278,0
0.8101635102787947,0,0,0.0,0,6,6,0.8208955223880597,55,4,2,55,1,L7+interior<10,21033,44b6_f28707c6,21095,18656.0,67,0
0.873368345176845,3,0,0.0,0,70,94,0.8715740015661707,1113,54,16,1113,14,L7+interior<10,67148,6bba_05db0fb1,68363,69800.0,1277,0
0.7370210427190166,0,1,0.0,0,40,50,0.7421203438395415,259,20,20,259,14,L7+interior<10,30586,6bba_1f58c2f6,30889,28903.0,349,0
0.7304500593317732,1,1,0.0,0,128,115,0.7375809935205183,683,47,81,683,70,L7+interior<10,41655,6bba_32db13fc,42447,38705.0,926,0
0.793641091492777,0,1,0.5,1,103,115,0.7923809523809524,832,54,49,832,40,L7+interior<10,50280,6bba_3abfe10a,51237,52065.0,1050,2
0.9900543213398472,0,0,0.0,0,8,1,0.9875862068965517,716,0,8,716,9,L7+interior<10,4929,6bba_5b28472a,5657,5802.0,725,0
0.9678143316276302,0,0,0.0,0,13,9,0.9601449275362319,530,3,10,530,9,L7+interior<10,8770,6bba_61dd1e0d,9319,10128.0,552,0
0.7684362212936697,1,2,0.0,0,52,68,0.7628458498023716,386,26,26,386,19,L7+interior<10,14441,6bba_67ebd073,14884,16061.0,506,2
0.9963648330426728,0,0,0.0,0,12,7,0.9859259259259259,1331,4,8,1331,8,L7+interior<10,5341,6bba_6feeb0b1,6722,7518.0,1350,0
0.892580280830281,1,2,0.0,0,39,23,0.8940170940170941,523,6,33,523,30,L7+interior<10,5124,6bba_705ec2c9,5690,5600.0,585,1
0.9726523751282983,0,0,0.0,0,12,8,0.9644760213143873,543,3,9,543,8,L7+interior<10,4733,6bba_7b5d3b2c,5290,5780.0,563,0
0.9835489833641405,0,1,0.0,0,7,7,0.9807692307692307,714,0,7,714,4,L7+interior<10,3977,6bba_96833384,4731,4869.0,728,0
0.9703326895274238,3,0,0.0,0,8,5,0.9803921568627451,650,4,4,650,3,L7+interior<10,14637,6bba_969618f6,15313,13888.0,663,1
0.9377757701421802,0,0,0.0,0,29,22,0.9291666666666667,669,11,18,669,17,L7+interior<10,6934,6bba_a5e926bb,7658,8440.0,720,3
0.9507577808693134,0,0,0.0,0,55,28,0.9382899628252788,1262,8,47,1262,39,L7+interior<10,6435,6bba_af149c94,7746,8933.0,1345,0
0.9252636073164229,3,0,0.25,1,38,17,0.9144634525660964,588,8,30,588,28,L7+interior<10,4713,6bba_afb141ff,5339,6054.0,643,3
0.9787086408949582,3,2,0.16666666666666666,1,18,19,0.9729334308705194,1330,13,5,1330,6,L7+interior<10,26604,6bba_cdcfe533,28017,29785.0,1367,2
0.9077951137928248,0,0,0.0,0,22,29,0.9087656529516994,508,16,6,508,5,L7+interior<10,27472,6bba_d82a4fc6,28012,27716.0,559,0
0.6259622588916651,0,0,0.0,0,287,275,0.6348278102664068,977,123,164,977,134,L7+interior<10,46221,6bba_ebff6e76,47405,41596.0,1539,4
1.051574935203537,0,0,0.0,0,0,0,1.0,49,0,0,49,0,L7+interior<12,15830,44b6_0b24845f,15881,32795.0,49,0
0.9713213097560641,0,0,0.0,0,4,5,0.9556650246305419,194,4,0,194,0,L7+interior<12,27127,44b6_40c45f5a,27327,32681.0,203,0
0.8106406234803535,0,0,0.0,0,25,34,0.7713178294573644,199,20,5,199,5,L7+interior<12,28025,44b6_551a5dba,28248,57627.0,258,0
1.0348741045043763,0,0,0.0,0,1,1,0.9883040935672515,169,1,0,169,0,L7+interior<12,10260,44b6_5740d24b,10433,19730.0,171,0
0.8791971364297662,1,0,0.0,0,21,23,0.8513513513513513,252,15,6,252,6,L7+interior<12,19592,44b6_5f15d135,19864,29519.0,296,0
0.9561036111344513,0,0,0.0,0,16,24,0.9389312977099237,615,15,1,615,1,L7+interior<12,31798,44b6_668e0cc7,32440,39701.0,655,0
0.9816848906560636,1,1,0.0,0,4,5,0.9375,135,4,0,135,0,L7+interior<12,7838,44b6_74d0c52e,7978,15090.0,144,0
0.9794533488555496,0,0,0.0,0,14,10,0.9578947368421052,546,7,7,546,6,L7+interior<12,42879,44b6_7e557709,43443,56060.0,570,0
0.5772510032135681,0,1,0.0,0,37,46,0.5743589743589743,112,24,13,112,10,L7+interior<12,26544,44b6_87bba6c4,26687,28102.0,195,0
0.9538701147004706,0,0,0.0,0,15,22,0.9114832535885168,381,12,3,381,3,L7+interior<12,16814,44b6_8cc6506c,17211,32172.0,418,0
1.0083510947490797,0,0,0.0,0,0,0,1.0,198,0,0,198,0,L7+interior<12,4530,44b6_95029e92,4730,5161.0,198,0
0.8926417653066349,0,0,0.0,0,12,14,0.8571428571428571,156,4,8,156,5,L7+interior<12,34827,44b6_b2c44266,34992,59729.0,182,0
0.9573064881220289,0,0,0.0,0,24,16,0.9367088607594937,592,8,16,592,13,L7+interior<12,35453,44b6_c96cfa10,36069,46236.0,632,0
0.933320004724304,0,0,0.0,0,43,57,0.927797833935018,1285,35,8,1285,7,L7+interior<12,34444,44b6_d29c9ab2,35790,38055.0,1385,4
0.9120418929070664,0,0,0.0,0,9,6,0.9107142857142857,153,5,4,153,5,L7+interior<12,14644,44b6_db3c847b,14804,15023.0,168,0
0.7938706067184161,0,0,0.0,0,11,17,0.7846153846153846,102,7,4,102,2,L7+interior<12,64148,44b6_e31261b4,64262,72856.0,130,0
0.8920623174656044,0,0,0.0,0,28,12,0.8561151079136691,238,5,23,238,19,L7+interior<12,16364,44b6_e35b117d,16615,28641.0,278,0
0.8114527597859759,0,0,0.0,0,6,6,0.8208955223880597,55,4,2,55,1,L7+interior<12,20740,44b6_f28707c6,20802,18656.0,67,0
0.8741962156109973,3,0,0.0,0,70,94,0.8715740015661707,1113,54,16,1113,14,L7+interior<12,66485,6bba_05db0fb1,67700,69800.0,1277,0
0.7428055442526084,0,1,0.0,0,40,48,0.7463976945244957,259,18,22,259,15,L7+interior<12,29992,6bba_1f58c2f6,30294,28903.0,347,0
0.7320660486936268,1,1,0.0,0,128,115,0.7375809935205183,683,47,81,683,70,L7+interior<12,40807,6bba_32db13fc,41599,38705.0,926,0
0.7887020738170064,0,1,0.5,1,112,113,0.7853053435114504,823,51,61,823,51,L7+interior<12,48867,6bba_3abfe10a,49813,52065.0,1048,2
0.9920458343734028,0,0,0.0,0,8,1,0.9875862068965517,716,0,8,716,9,L7+interior<12,4812,6bba_5b28472a,5540,5802.0,725,0
0.9685063792156055,0,0,0.0,0,13,9,0.9601449275362319,530,3,10,530,9,L7+interior<12,8697,6bba_61dd1e0d,9246,10128.0,552,0
0.7703503416938338,1,2,0.0,0,52,68,0.7628458498023716,386,26,26,386,19,L7+interior<12,14038,6bba_67ebd073,14481,16061.0,506,2
0.9934285033473904,0,0,0.0,0,16,9,0.981508875739645,1327,3,13,1327,12,L7+interior<12,5228,6bba_6feeb0b1,6605,7518.0,1352,0
0.8655491908006814,1,2,0.0,0,55,25,0.8637137989778535,507,6,49,507,47,L7+interior<12,4932,6bba_705ec2c9,5481,5600.0,587,1
0.9743877645092099,0,0,0.0,0,12,8,0.9644760213143873,543,3,9,543,8,L7+interior<12,4629,6bba_7b5d3b2c,5186,5780.0,563,0
0.9745446071693762,0,1,0.0,0,14,7,0.9711538461538461,707,0,14,707,12,L7+interior<12,3953,6bba_96833384,4699,4869.0,728,0
0.9579554666159268,3,0,0.0,0,17,5,0.9668174962292609,641,3,14,641,14,L7+interior<12,14496,6bba_969618f6,15161,13888.0,663,0
0.9310781496840442,0,0,0.0,0,35,22,0.9208333333333333,663,10,25,663,25,L7+interior<12,6785,6bba_a5e926bb,7501,8440.0,720,2
0.9470111116336112,0,0,0.0,0,61,28,0.9338289962825279,1256,7,54,1256,46,L7+interior<12,6368,6bba_af149c94,7672,8933.0,1345,0
0.9094436232538567,3,0,0.25,1,50,17,0.895800933125972,576,7,43,576,41,L7+interior<12,4519,6bba_afb141ff,5132,6054.0,643,3
0.9731313394888838,3,2,0.16666666666666666,1,25,21,0.9663988312636961,1323,12,13,1323,13,L7+interior<12,26304,6bba_cdcfe533,27710,29785.0,1369,2
0.8929063542130533,0,0,0.0,0,29,31,0.893048128342246,501,15,14,501,12,L7+interior<12,27227,6bba_d82a4fc6,27760,27716.0,561,0
0.6237334798282429,0,0,0.0,0,294,273,0.631099544567339,970,119,175,970,143,L7+interior<12,45276,6bba_ebff6e76,46451,41596.0,1537,4
1.0452447019362707,0,0,0.0,0,0,0,1.0,49,0,0,49,0,L7+keep_start<8,17906,44b6_0b24845f,17957,32795.0,49,0
0.9679701512290099,0,0,0.0,0,4,5,0.9556650246305419,194,4,0,194,0,L7+keep_start<8,28273,44b6_40c45f5a,28473,32681.0,203,0
0.8082233537977394,0,0,0.0,0,25,34,0.7713178294573644,199,20,5,199,5,L7+keep_start<8,29831,44b6_551a5dba,30054,57627.0,258,0
1.031753407848054,0,0,0.0,0,1,1,0.9883040935672515,169,1,0,169,0,L7+keep_start<8,10883,44b6_5740d24b,11056,19730.0,171,0
0.8759208224112184,1,0,0.0,0,21,23,0.8513513513513513,252,15,6,252,6,L7+keep_start<8,20728,44b6_5f15d135,21000,29519.0,296,0
0.9540295002856275,0,0,0.0,0,16,24,0.9389312977099237,615,15,1,615,1,L7+keep_start<8,32675,44b6_668e0cc7,33317,39701.0,655,0
0.9794731610337971,1,1,0.0,0,4,5,0.9375,135,4,0,135,0,L7+keep_start<8,8194,44b6_74d0c52e,8334,15090.0,144,0
0.9780795576168391,0,0,0.0,0,14,10,0.9578947368421052,546,7,7,546,6,L7+keep_start<8,43683,44b6_7e557709,44247,56060.0,570,0
0.5555239247503143,0,1,0.0,0,39,49,0.5555555555555556,110,26,13,110,10,L7+keep_start<8,27975,44b6_87bba6c4,28118,28102.0,198,0
0.9517509133027203,0,0,0.0,0,15,22,0.9114832535885168,381,12,3,381,3,L7+keep_start<8,17562,44b6_8cc6506c,17959,32172.0,418,0
1.0078860685913582,0,0,0.0,0,0,0,1.0,198,0,0,198,0,L7+keep_start<8,4554,44b6_95029e92,4754,5161.0,198,0
0.8905308022185919,0,0,0.0,0,12,14,0.8571428571428571,156,4,8,156,5,L7+keep_start<8,36298,44b6_b2c44266,36463,59729.0,182,0
0.9550009801119408,0,0,0.0,0,24,16,0.9367088607594937,592,8,16,592,13,L7+keep_start<8,36591,44b6_c96cfa10,37207,46236.0,632,0
0.9322643314564184,0,0,0.0,0,43,57,0.927797833935018,1285,35,8,1285,7,L7+keep_start<8,34877,44b6_d29c9ab2,36223,38055.0,1385,4
0.9096412719431782,0,0,0.0,0,8,7,0.9112426035502958,154,6,2,154,3,L7+keep_start<8,15125,44b6_db3c847b,15287,15023.0,169,0
0.8698498474772824,0,0,0.0,0,7,10,0.8617886178861789,106,5,2,106,1,L7+keep_start<8,65926,44b6_e31261b4,66041,72856.0,123,0
0.8948202493833989,0,0,0.0,0,26,12,0.8633093525179856,240,6,20,240,17,L7+keep_start<8,17934,44b6_e35b117d,18187,28641.0,278,0
0.8090898690509716,0,0,0.0,0,6,6,0.8208955223880597,55,4,2,55,1,L7+keep_start<8,21277,44b6_f28707c6,21339,18656.0,67,0
0.8741080500725869,3,0,0.0,0,69,94,0.8723570869224746,1114,54,15,1114,12,L7+keep_start<8,67182,6bba_05db0fb1,68399,69800.0,1277,0
0.7358219623447542,0,1,0.0,0,40,50,0.7421203438395415,259,20,20,259,14,L7+keep_start<8,31053,6bba_1f58c2f6,31356,28903.0,349,0
0.734682901866379,1,1,0.0,0,118,121,0.7435622317596566,693,50,68,693,55,L7+keep_start<8,42520,6bba_32db13fc,43327,38705.0,932,0
0.7999705173480818,0,1,0.5,1,94,116,0.8001902949571836,841,60,34,841,28,L7+keep_start<8,51239,6bba_3abfe10a,52208,52065.0,1051,2
0.9878925935170988,0,0,0.0,0,8,1,0.9875862068965517,716,0,8,716,9,L7+keep_start<8,5056,6bba_5b28472a,5784,5802.0,725,0
0.9727164625523856,0,0,0.0,0,9,10,0.9656419529837251,534,3,6,534,4,L7+keep_start<8,8832,6bba_61dd1e0d,9386,10128.0,553,0
0.7761720938920366,1,2,0.0,0,47,68,0.7727272727272727,391,27,20,391,13,L7+keep_start<8,14896,6bba_67ebd073,15345,16061.0,506,2
0.9946731006079237,0,0,0.0,0,12,7,0.9859259259259259,1331,4,8,1331,8,L7+keep_start<8,5470,6bba_6feeb0b1,6851,7518.0,1350,0
0.9032348901098901,1,2,0.0,0,31,23,0.9076923076923077,531,7,24,531,21,L7+keep_start<8,5300,6bba_705ec2c9,5875,5600.0,585,1
0.9709503586200962,0,0,0.0,0,12,8,0.9644760213143873,543,3,9,543,8,L7+keep_start<8,4835,6bba_7b5d3b2c,5392,5780.0,563,0
0.9836496990378691,0,1,0.0,0,7,7,0.9807692307692307,714,0,7,714,4,L7+keep_start<8,3972,6bba_96833384,4726,4869.0,728,0
0.9691961462004156,3,0,0.0,0,8,5,0.9803921568627451,650,4,4,650,3,L7+keep_start<8,14798,6bba_969618f6,15474,13888.0,663,1
0.9363335801737757,0,0,0.0,0,29,22,0.9291666666666667,669,11,18,669,17,L7+keep_start<8,7065,6bba_a5e926bb,7789,8440.0,720,3
0.9555452162394119,0,0,0.0,0,49,27,0.9434523809523809,1268,9,40,1268,33,L7+keep_start<8,6471,6bba_af149c94,7788,8933.0,1344,0
0.922993672333613,3,0,0.25,1,32,24,0.9138461538461539,594,15,17,594,17,L7+keep_start<8,4811,6bba_afb141ff,5448,6054.0,650,4
0.9725540419930322,3,2,0.16666666666666666,1,29,16,0.967008797653959,1319,10,19,1319,21,L7+keep_start<8,26679,6bba_cdcfe533,28077,29785.0,1364,2
0.9066344014203868,0,0,0.0,0,22,29,0.9087656529516994,508,16,6,508,5,L7+keep_start<8,27826,6bba_d82a4fc6,28366,27716.0,559,0
0.6422024649327648,0,0,0.0,0,258,277,0.6528228423101882,1006,132,126,1006,99,L7+keep_start<8,47144,6bba_ebff6e76,48363,41596.0,1541,4
1.0469766732733647,0,0,0.0,0,0,0,1.0,49,0,0,49,0,L7+keep_start<9,17338,44b6_0b24845f,17389,32795.0,49,0
0.9689059023011367,0,0,0.0,0,4,5,0.9556650246305419,194,4,0,194,0,L7+keep_start<9,27953,44b6_40c45f5a,28153,32681.0,203,0
0.8089514793278292,0,0,0.0,0,25,34,0.7713178294573644,199,20,5,199,5,L7+keep_start<9,29287,44b6_551a5dba,29510,57627.0,258,0
1.0325147977224696,0,0,0.0,0,1,1,0.9883040935672515,169,1,0,169,0,L7+keep_start<9,10731,44b6_5740d24b,10904,19730.0,171,0
0.8735020756214734,1,0,0.0,0,22,23,0.847972972972973,251,15,7,251,8,L7+keep_start<9,20362,44b6_5f15d135,20632,29519.0,296,0
0.9546349419929238,0,0,0.0,0,16,24,0.9389312977099237,615,15,1,615,1,L7+keep_start<9,32419,44b6_668e0cc7,33061,39701.0,655,0
0.9802683896620278,1,1,0.0,0,4,5,0.9375,135,4,0,135,0,L7+keep_start<9,8066,44b6_74d0c52e,8206,15090.0,144,0
0.9730861389113168,0,0,0.0,0,17,10,0.9526315789473684,543,6,11,543,10,L7+keep_start<9,43463,44b6_7e557709,44023,56060.0,570,0
0.5563621410892068,0,1,0.0,0,39,49,0.5555555555555556,110,26,13,110,10,L7+keep_start<9,27551,44b6_87bba6c4,27694,28102.0,198,0
0.952385540459266,0,0,0.0,0,15,22,0.9114832535885168,381,12,3,381,3,L7+keep_start<9,17338,44b6_8cc6506c,17735,32172.0,418,0
1.0083510947490797,0,0,0.0,0,0,0,1.0,198,0,0,198,0,L7+keep_start<9,4530,44b6_95029e92,4730,5161.0,198,0
0.891311471096835,0,0,0.0,0,12,14,0.8571428571428571,156,4,8,156,5,L7+keep_start<9,35754,44b6_b2c44266,35919,59729.0,182,0
0.9558113519959788,0,0,0.0,0,24,16,0.9367088607594937,592,8,16,592,13,L7+keep_start<9,36191,44b6_c96cfa10,36807,46236.0,632,0
0.9325764011522368,0,0,0.0,0,43,57,0.927797833935018,1285,35,8,1285,7,L7+keep_start<9,34749,44b6_d29c9ab2,36095,38055.0,1385,4
0.9102235743457665,0,0,0.0,0,8,7,0.9112426035502958,154,6,2,154,3,L7+keep_start<9,15029,44b6_db3c847b,15191,15023.0,169,0
0.8705122522565952,0,0,0.0,0,7,10,0.8617886178861789,106,5,2,106,1,L7+keep_start<9,65366,44b6_e31261b4,65481,72856.0,123,0
0.8960500605486071,0,0,0.0,0,26,12,0.8633093525179856,240,6,20,240,17,L7+keep_start<9,17526,44b6_e35b117d,17779,28641.0,278,0
0.8096178893269502,0,0,0.0,0,6,6,0.8208955223880597,55,4,2,55,1,L7+keep_start<9,21157,44b6_f28707c6,21219,18656.0,67,0
0.8736330639280369,3,0,0.0,0,70,94,0.8715740015661707,1113,54,16,1113,14,L7+keep_start<9,66936,6bba_05db0fb1,68151,69800.0,1277,0
0.7366025200187922,0,1,0.0,0,40,50,0.7421203438395415,259,20,20,259,14,L7+keep_start<9,30749,6bba_1f58c2f6,31052,28903.0,349,0
0.7254401240149851,1,1,0.0,0,129,119,0.7333333333333333,682,50,79,682,68,L7+keep_start<9,42077,6bba_32db13fc,42871,38705.0,930,0
0.7984346270039725,0,1,0.5,1,99,113,0.7977099236641222,836,55,44,836,36,L7+keep_start<9,50631,6bba_3abfe10a,51592,52065.0,1048,2
0.9889819681679326,0,0,0.0,0,8,1,0.9875862068965517,716,0,8,716,9,L7+keep_start<9,4992,6bba_5b28472a,5720,5802.0,725,0
0.9730978377312891,0,0,0.0,0,9,10,0.9656419529837251,534,3,6,534,4,L7+keep_start<9,8792,6bba_61dd1e0d,9346,10128.0,553,0
0.7676145269283386,1,2,0.0,0,52,68,0.7628458498023716,386,26,26,386,19,L7+keep_start<9,14614,6bba_67ebd073,15057,16061.0,506,2
0.9956173233622022,0,0,0.0,0,12,7,0.9859259259259259,1331,4,8,1331,8,L7+keep_start<9,5398,6bba_6feeb0b1,6779,7518.0,1350,0
0.9044019230769231,1,2,0.0,0,31,23,0.9076923076923077,531,7,24,531,21,L7+keep_start<9,5228,6bba_705ec2c9,5803,5600.0,585,1
0.9717513075651325,0,0,0.0,0,12,8,0.9644760213143873,543,3,9,543,8,L7+keep_start<9,4787,6bba_7b5d3b2c,5344,5780.0,563,0
0.9838108441158347,0,1,0.0,0,7,7,0.9807692307692307,714,0,7,714,4,L7+keep_start<9,3964,6bba_96833384,4718,4869.0,728,0
0.9697044140236739,3,0,0.0,0,8,5,0.9803921568627451,650,4,4,650,3,L7+keep_start<9,14726,6bba_969618f6,15402,13888.0,663,1
0.9375665975513429,0,0,0.0,0,29,22,0.9291666666666667,669,11,18,669,17,L7+keep_start<9,6953,6bba_a5e926bb,7677,8440.0,720,3
0.9493978510822202,0,0,0.0,0,57,28,0.9368029739776952,1260,8,49,1260,42,L7+keep_start<9,6424,6bba_af149c94,7732,8933.0,1345,0
0.9250807432896889,3,0,0.25,1,37,18,0.9145962732919255,589,9,28,589,26,L7+keep_start<9,4732,6bba_afb141ff,5360,6054.0,644,3
0.9688797821336391,3,2,0.16666666666666666,1,35,16,0.9626099706744868,1313,10,25,1313,28,L7+keep_start<9,26454,6bba_cdcfe533,27845,29785.0,1364,2
0.9073164019104069,0,0,0.0,0,22,29,0.9087656529516994,508,16,6,508,5,L7+keep_start<9,27618,6bba_d82a4fc6,28158,27716.0,559,0
0.6300075337128495,0,0,0.0,0,280,275,0.6393762183235867,984,125,155,984,126,L7+keep_start<9,46499,6bba_ebff6e76,47691,41596.0,1539,4
1.0487879249885654,0,0,0.0,0,0,0,1.0,49,0,0,49,0,L7+keep_start<10,16744,44b6_0b24845f,16795,32795.0,49,0
0.9699586222572795,0,0,0.0,0,4,5,0.9556650246305419,194,4,0,194,0,L7+keep_start<10,27593,44b6_40c45f5a,27793,32681.0,203,0
0.8096501586048638,0,0,0.0,0,25,34,0.7713178294573644,199,20,5,199,5,L7+keep_start<10,28765,44b6_551a5dba,28988,57627.0,258,0
1.0336418551023616,0,0,0.0,0,1,1,0.9883040935672515,169,1,0,169,0,L7+keep_start<10,10506,44b6_5740d24b,10679,19730.0,171,0
0.8741225646697547,1,0,0.0,0,22,23,0.847972972972973,251,15,7,251,8,L7+keep_start<10,20146,44b6_5f15d135,20416,29519.0,296,0
0.9554012041537209,0,0,0.0,0,16,24,0.9389312977099237,615,15,1,615,1,L7+keep_start<10,32095,44b6_668e0cc7,32737,39701.0,655,0
0.9809393638170973,1,1,0.0,0,4,5,0.9375,135,4,0,135,0,L7+keep_start<10,7958,44b6_74d0c52e,8098,15090.0,144,0
0.9735296580731171,0,0,0.0,0,17,10,0.9526315789473684,543,6,11,543,10,L7+keep_start<10,43202,44b6_7e557709,43762,56060.0,570,0
0.5760757971419134,0,1,0.0,0,37,46,0.5743589743589743,112,24,13,112,10,L7+keep_start<10,27119,44b6_87bba6c4,27262,28102.0,195,0
0.9529720039476809,0,0,0.0,0,15,22,0.9114832535885168,381,12,3,381,3,L7+keep_start<10,17131,44b6_8cc6506c,17528,32172.0,418,0
1.0083510947490797,0,0,0.0,0,0,0,1.0,198,0,0,198,0,L7+keep_start<10,4530,44b6_95029e92,4730,5161.0,198,0
0.8918022592519068,0,0,0.0,0,12,14,0.8571428571428571,156,4,8,156,5,L7+keep_start<10,35412,44b6_b2c44266,35577,59729.0,182,0
0.956540686691613,0,0,0.0,0,24,16,0.9367088607594937,592,8,16,592,13,L7+keep_start<10,35831,44b6_c96cfa10,36447,46236.0,632,0
0.9329933067614942,0,0,0.0,0,43,57,0.927797833935018,1285,35,8,1285,7,L7+keep_start<10,34578,44b6_d29c9ab2,35924,38055.0,1385,4
0.9109878462491635,0,0,0.0,0,8,7,0.9112426035502958,154,6,2,154,3,L7+keep_start<10,14903,44b6_db3c847b,15065,15023.0,169,0
0.7932944438344132,0,0,0.0,0,11,17,0.7846153846153846,102,7,4,102,2,L7+keep_start<10,64683,44b6_e31261b4,64797,72856.0,130,0
0.8897666699572152,0,0,0.0,0,28,12,0.8561151079136691,238,5,23,238,19,L7+keep_start<10,17132,44b6_e35b117d,17383,28641.0,278,0
0.8103703182202198,0,0,0.0,0,6,6,0.8208955223880597,55,4,2,55,1,L7+keep_start<10,20986,44b6_f28707c6,21048,18656.0,67,0
0.874026396034761,3,0,0.0,0,70,94,0.8715740015661707,1113,54,16,1113,14,L7+keep_start<10,66621,6bba_05db0fb1,67836,69800.0,1277,0
0.744338436593192,0,1,0.0,0,39,48,0.7492795389048992,260,19,20,260,14,L7+keep_start<10,30506,6bba_1f58c2f6,30809,28903.0,347,0
0.7306711144803286,1,1,0.0,0,128,115,0.7375809935205183,683,47,81,683,70,L7+keep_start<10,41539,6bba_32db13fc,42331,38705.0,926,0
0.7942239819273527,0,1,0.5,1,103,115,0.7923809523809524,832,54,49,832,40,L7+keep_start<10,49897,6bba_3abfe10a,50854,52065.0,1050,2
0.9902075146501207,0,0,0.0,0,8,1,0.9875862068965517,716,0,8,716,9,L7+keep_start<10,4920,6bba_5b28472a,5648,5802.0,725,0
0.968326257240653,0,0,0.0,0,13,9,0.9601449275362319,530,3,10,530,9,L7+keep_start<10,8716,6bba_61dd1e0d,9265,10128.0,552,0
0.7685549632539777,1,2,0.0,0,52,68,0.7628458498023716,386,26,26,386,19,L7+keep_start<10,14416,6bba_67ebd073,14859,16061.0,506,2
0.9966795739607657,0,0,0.0,0,12,7,0.9859259259259259,1331,4,8,1331,8,L7+keep_start<10,5317,6bba_6feeb0b1,6698,7518.0,1350,0
0.8930751831501832,1,2,0.0,0,39,23,0.8940170940170941,523,6,33,523,30,L7+keep_start<10,5093,6bba_705ec2c9,5659,5600.0,585,1
0.9726523751282983,0,0,0.0,0,12,8,0.9644760213143873,543,3,9,543,8,L7+keep_start<10,4733,6bba_7b5d3b2c,5290,5780.0,563,0
0.9843547087539694,0,1,0.0,0,7,7,0.9807692307692307,714,0,7,714,4,L7+keep_start<10,3937,6bba_96833384,4691,4869.0,728,0
0.9707209496701905,3,0,0.0,0,8,5,0.9803921568627451,650,4,4,650,3,L7+keep_start<10,14582,6bba_969618f6,15258,13888.0,663,1
0.9386564968404423,0,0,0.0,0,29,22,0.9291666666666667,669,11,18,669,17,L7+keep_start<10,6854,6bba_a5e926bb,7578,8440.0,720,3
0.9495866169339117,0,0,0.0,0,57,28,0.9368029739776952,1260,8,49,1260,42,L7+keep_start<10,6406,6bba_af149c94,7714,8933.0,1345,0
0.9256261299933567,3,0,0.25,1,38,17,0.9144634525660964,588,8,30,588,28,L7+keep_start<10,4689,6bba_afb141ff,5315,6054.0,643,3
0.9693160834465182,3,2,0.16666666666666666,1,35,16,0.9626099706744868,1313,10,25,1313,28,L7+keep_start<10,26319,6bba_cdcfe533,27710,29785.0,1364,2
0.9081426717348542,0,0,0.0,0,22,29,0.9087656529516994,508,16,6,508,5,L7+keep_start<10,27366,6bba_d82a4fc6,27906,27716.0,559,0
0.6287338263194377,0,0,0.0,0,285,272,0.6373697916666666,979,121,164,979,134,L7+keep_start<10,46048,6bba_ebff6e76,47232,41596.0,1536,4
1.0523098033236773,0,0,0.0,0,0,0,1.0,49,0,0,49,0,L7+keep_start<12,15589,44b6_0b24845f,15640,32795.0,49,0
0.972426665710014,0,0,0.0,0,4,5,0.9556650246305419,194,4,0,194,0,L7+keep_start<12,26749,44b6_40c45f5a,26949,32681.0,203,0
0.8110421632947411,0,0,0.0,0,25,34,0.7713178294573644,199,20,5,199,5,L7+keep_start<12,27725,44b6_551a5dba,27948,57627.0,258,0
1.0352247445781204,0,0,0.0,0,1,1,0.9883040935672515,169,1,0,169,0,L7+keep_start<12,10190,44b6_5740d24b,10363,19730.0,171,0
0.8762626773594288,1,0,0.0,0,22,23,0.847972972972973,251,15,7,251,8,L7+keep_start<12,19401,44b6_5f15d135,19671,29519.0,296,0
0.9567539879684612,0,0,0.0,0,16,24,0.9389312977099237,615,15,1,615,1,L7+keep_start<12,31523,44b6_668e0cc7,32165,39701.0,655,0
0.9823682902584494,1,1,0.0,0,4,5,0.9375,135,4,0,135,0,L7+keep_start<12,7728,44b6_74d0c52e,7868,15090.0,144,0
0.9745254520532511,0,0,0.0,0,17,10,0.9526315789473684,543,6,11,543,10,L7+keep_start<12,42616,44b6_7e557709,43176,56060.0,570,0
0.5780215296292444,0,1,0.0,0,37,46,0.5743589743589743,112,24,13,112,10,L7+keep_start<12,26167,44b6_87bba6c4,26310,28102.0,195,0
0.9541477640814594,0,0,0.0,0,15,22,0.9114832535885168,381,12,3,381,3,L7+keep_start<12,16716,44b6_8cc6506c,17113,32172.0,418,0
1.008777368726991,0,0,0.0,0,0,0,1.0,198,0,0,198,0,L7+keep_start<12,4508,44b6_95029e92,4708,5161.0,198,0
0.8932200916998921,0,0,0.0,0,12,14,0.8571428571428571,156,4,8,156,5,L7+keep_start<12,34424,44b6_b2c44266,34589,59729.0,182,0
0.9579689671372299,0,0,0.0,0,24,16,0.9367088607594937,592,8,16,592,13,L7+keep_start<12,35126,44b6_c96cfa10,35742,46236.0,632,0
0.9338124897130174,0,0,0.0,0,43,57,0.927797833935018,1285,35,8,1285,7,L7+keep_start<12,34242,44b6_d29c9ab2,35588,38055.0,1385,4
0.9122843782390809,0,0,0.0,0,9,6,0.9107142857142857,153,5,4,153,5,L7+keep_start<12,14604,44b6_db3c847b,14764,15023.0,168,0
0.7945824640386515,0,0,0.0,0,11,17,0.7846153846153846,102,7,4,102,2,L7+keep_start<12,63487,44b6_e31261b4,63601,72856.0,130,0
0.8926631314619407,0,0,0.0,0,28,12,0.8561151079136691,238,5,23,238,19,L7+keep_start<12,16163,44b6_e35b117d,16414,28641.0,278,0
0.8118399746550268,0,0,0.0,0,6,6,0.8208955223880597,55,4,2,55,1,L7+keep_start<12,20652,44b6_f28707c6,20714,18656.0,67,0
0.8749291868701939,3,0,0.0,0,70,94,0.8715740015661707,1113,54,16,1113,14,L7+keep_start<12,65898,6bba_05db0fb1,67113,69800.0,1277,0
0.7504864597075576,0,1,0.0,0,39,46,0.7536231884057971,260,17,22,260,15,L7+keep_start<12,29804,6bba_1f58c2f6,30106,28903.0,345,0
0.7324852912167491,1,1,0.0,0,128,115,0.7375809935205183,683,47,81,683,70,L7+keep_start<12,40587,6bba_32db13fc,41379,38705.0,926,0
0.7902808465444081,0,1,0.5,1,113,111,0.7858508604206501,822,50,63,822,53,L7+keep_start<12,48186,6bba_3abfe10a,49130,52065.0,1046,2
0.9921990276836763,0,0,0.0,0,8,1,0.9875862068965517,716,0,8,716,9,L7+keep_start<12,4803,6bba_5b28472a,5531,5802.0,725,0
0.9693311482588091,0,0,0.0,0,13,9,0.9601449275362319,530,3,10,530,9,L7+keep_start<12,8610,6bba_61dd1e0d,9159,10128.0,552,0
0.7705640772223881,1,2,0.0,0,52,68,0.7628458498023716,386,26,26,386,19,L7+keep_start<12,13993,6bba_67ebd073,14436,16061.0,506,2
0.9937418341935962,0,0,0.0,0,16,9,0.981508875739645,1327,3,13,1327,12,L7+keep_start<12,5204,6bba_6feeb0b1,6581,7518.0,1352,0
0.8668293380384522,1,2,0.0,0,55,25,0.8637137989778535,507,6,49,507,47,L7+keep_start<12,4849,6bba_705ec2c9,5398,5600.0,587,1
0.9751219677088263,0,0,0.0,0,12,8,0.9644760213143873,543,3,9,543,8,L7+keep_start<12,4585,6bba_7b5d3b2c,5142,5780.0,563,0
0.9755418898210025,0,1,0.0,0,14,7,0.9711538461538461,707,0,14,707,12,L7+keep_start<12,3903,6bba_96833384,4649,4869.0,728,0
0.9584845430107527,3,0,0.0,0,17,5,0.9668174962292609,641,3,14,641,14,L7+keep_start<12,14420,6bba_969618f6,15085,13888.0,663,0
0.9323110189573459,0,0,0.0,0,35,22,0.9208333333333333,663,10,25,663,25,L7+keep_start<12,6672,6bba_a5e926bb,7388,8440.0,720,2
0.9460667330565377,0,0,0.0,0,63,28,0.9323420074349442,1254,7,56,1254,49,L7+keep_start<12,6317,6bba_af149c94,7618,8933.0,1345,0
0.9102426528275073,3,0,0.25,1,50,17,0.895800933125972,576,7,43,576,41,L7+keep_start<12,4465,6bba_afb141ff,5078,6054.0,643,3
0.9507403743421313,3,2,0.16666666666666666,1,60,18,0.9428989751098097,1288,9,51,1288,55,L7+keep_start<12,25944,6bba_cdcfe533,27308,29785.0,1366,2
0.8935314492372212,0,0,0.0,0,29,31,0.893048128342246,501,15,14,501,12,L7+keep_start<12,27033,6bba_d82a4fc6,27566,27716.0,561,0
0.6248197915578603,0,0,0.0,0,297,267,0.6316133246244284,967,114,183,967,150,L7+keep_start<12,44902,6bba_ebff6e76,46070,41596.0,1531,4
1.0452812928800121,0,0,0.0,0,0,0,1.0,49,0,0,49,0,L7+keep_end<8,17894,44b6_0b24845f,17945,32795.0,49,0
0.9678473339007934,0,0,0.0,0,4,5,0.9556650246305419,194,4,0,194,0,L7+keep_end<8,28315,44b6_40c45f5a,28515,32681.0,203,0
0.8082139845354037,0,0,0.0,0,25,34,0.7713178294573644,199,20,5,199,5,L7+keep_end<8,29838,44b6_551a5dba,30061,57627.0,258,0
1.031823535862803,0,0,0.0,0,1,1,0.9883040935672515,169,1,0,169,0,L7+keep_end<8,10869,44b6_5740d24b,11042,19730.0,171,0
0.8760217651846772,1,0,0.0,0,21,23,0.8513513513513513,252,15,6,252,6,L7+keep_end<8,20693,44b6_5f15d135,20965,29519.0,296,0
0.9539301700055242,0,0,0.0,0,16,24,0.9389312977099237,615,15,1,615,1,L7+keep_end<8,32717,44b6_668e0cc7,33359,39701.0,655,0
0.9795166500994036,1,1,0.0,0,4,5,0.9375,135,4,0,135,0,L7+keep_end<8,8187,44b6_74d0c52e,8327,15090.0,144,0
0.9780436750098578,0,0,0.0,0,14,10,0.9578947368421052,546,7,7,546,6,L7+keep_end<8,43704,44b6_7e557709,44268,56060.0,570,0
0.5554270554092632,0,1,0.0,0,39,49,0.5555555555555556,110,26,13,110,10,L7+keep_end<8,28024,44b6_87bba6c4,28167,28102.0,198,0
0.9517509133027203,0,0,0.0,0,15,22,0.9114832535885168,381,12,3,381,3,L7+keep_end<8,17562,44b6_8cc6506c,17959,32172.0,418,0
1.0076148033326875,0,0,0.0,0,0,0,1.0,198,0,0,198,0,L7+keep_end<8,4568,44b6_95029e92,4768,5161.0,198,0
0.890540847590187,0,0,0.0,0,12,14,0.8571428571428571,156,4,8,156,5,L7+keep_end<8,36291,44b6_b2c44266,36456,59729.0,182,0
0.9549158910641168,0,0,0.0,0,24,16,0.9367088607594937,592,8,16,592,13,L7+keep_end<8,36633,44b6_c96cfa10,37249,46236.0,632,0
0.9321448672759881,0,0,0.0,0,43,57,0.927797833935018,1285,35,8,1285,7,L7+keep_end<8,34926,44b6_d29c9ab2,36272,38055.0,1385,4
0.8751753977234906,0,0,0.0,0,13,8,0.8764705882352941,149,5,8,149,8,L7+keep_end<8,15088,44b6_db3c847b,15245,15023.0,170,0
0.8698498474772824,0,0,0.0,0,7,10,0.8617886178861789,106,5,2,106,1,L7+keep_end<8,65926,44b6_e31261b4,66041,72856.0,123,0
0.8943298573388961,0,0,0.0,0,27,11,0.8628158844765343,239,6,21,239,19,L7+keep_end<8,17929,44b6_e35b117d,18180,28641.0,277,0
0.8092438749647987,0,0,0.0,0,6,6,0.8208955223880597,55,4,2,55,1,L7+keep_end<8,21242,44b6_f28707c6,21304,18656.0,67,0
0.8735743874993549,3,0,0.0,0,69,94,0.8723570869224746,1114,54,15,1114,12,L7+keep_end<8,67609,6bba_05db0fb1,68826,69800.0,1277,0
0.7358219623447542,0,1,0.0,0,40,50,0.7421203438395415,259,20,20,259,14,L7+keep_end<8,31053,6bba_1f58c2f6,31356,28903.0,349,0
0.731673210512937,1,1,0.0,0,123,119,0.7397849462365591,688,48,75,688,62,L7+keep_end<8,42149,6bba_32db13fc,42949,38705.0,930,0
0.7999705173480818,0,1,0.5,1,94,116,0.8001902949571836,841,60,34,841,28,L7+keep_end<8,51239,6bba_3abfe10a,52208,52065.0,1051,2
0.9882500445744037,0,0,0.0,0,8,1,0.9875862068965517,716,0,8,716,9,L7+keep_end<8,5035,6bba_5b28472a,5763,5802.0,725,0
0.9724494999271531,0,0,0.0,0,9,10,0.9656419529837251,534,3,6,534,4,L7+keep_end<8,8860,6bba_61dd1e0d,9414,10128.0,553,0
0.776374164407288,1,2,0.0,0,47,68,0.7727272727272727,391,27,20,391,13,L7+keep_end<8,14854,6bba_67ebd073,15303,16061.0,506,2
0.9947649000423674,0,0,0.0,0,12,7,0.9859259259259259,1331,4,8,1331,8,L7+keep_end<8,5463,6bba_6feeb0b1,6844,7518.0,1350,0
0.9032348901098901,1,2,0.0,0,31,23,0.9076923076923077,531,7,24,531,21,L7+keep_end<8,5300,6bba_705ec2c9,5875,5600.0,585,1
0.9709503586200962,0,0,0.0,0,12,8,0.9644760213143873,543,3,9,543,8,L7+keep_end<8,4835,6bba_7b5d3b2c,5392,5780.0,563,0
0.9839317029243091,0,1,0.0,0,7,7,0.9807692307692307,714,0,7,714,4,L7+keep_end<8,3958,6bba_96833384,4712,4869.0,728,0
0.9691467312731543,3,0,0.0,0,8,5,0.9803921568627451,650,4,4,650,3,L7+keep_end<8,14805,6bba_969618f6,15481,13888.0,663,1
0.9356400078988942,0,0,0.0,0,29,22,0.9291666666666667,669,11,18,669,17,L7+keep_end<8,7128,6bba_a5e926bb,7852,8440.0,720,3
0.9554712862420239,0,0,0.0,0,49,27,0.9434523809523809,1268,9,40,1268,33,L7+keep_end<8,6478,6bba_af149c94,7795,8933.0,1344,0
0.9230993367385835,3,0,0.25,1,32,24,0.9138461538461539,594,15,17,594,17,L7+keep_end<8,4804,6bba_afb141ff,5441,6054.0,650,4
0.9783754557012406,3,2,0.16666666666666666,1,18,19,0.9729334308705194,1330,13,5,1330,6,L7+keep_end<8,26706,6bba_cdcfe533,28119,29785.0,1367,2
0.9066114494808188,0,0,0.0,0,22,29,0.9087656529516994,508,16,6,508,5,L7+keep_end<8,27833,6bba_d82a4fc6,28373,27716.0,559,0
0.6362459889253728,0,0,0.0,0,265,281,0.6466019417475728,999,134,131,999,104,L7+keep_end<8,47044,6bba_ebff6e76,48258,41596.0,1545,4
1.047159627992072,0,0,0.0,0,0,0,1.0,49,0,0,49,0,L7+keep_end<9,17278,44b6_0b24845f,17329,32795.0,49,0
0.968642722312101,0,0,0.0,0,4,5,0.9556650246305419,194,4,0,194,0,L7+keep_end<9,28043,44b6_40c45f5a,28243,32681.0,203,0
0.8088671559668077,0,0,0.0,0,25,34,0.7713178294573644,199,20,5,199,5,L7+keep_end<9,29350,44b6_551a5dba,29573,57627.0,258,0
1.0327452183423587,0,0,0.0,0,1,1,0.9883040935672515,169,1,0,169,0,L7+keep_end<9,10685,44b6_5740d24b,10858,19730.0,171,0
0.8771523242474155,1,0,0.0,0,21,23,0.8513513513513513,252,15,6,252,6,L7+keep_end<9,20301,44b6_5f15d135,20573,29519.0,296,0
0.9545545317661734,0,0,0.0,0,16,24,0.9389312977099237,615,15,1,615,1,L7+keep_end<9,32453,44b6_668e0cc7,33095,39701.0,655,0
0.9803118787276343,1,1,0.0,0,4,5,0.9375,135,4,0,135,0,L7+keep_end<9,8059,44b6_74d0c52e,8199,15090.0,144,0
0.9677280721868551,0,0,0.0,0,19,11,0.9474605954465849,541,7,12,541,11,L7+keep_end<9,43509,44b6_7e557709,44068,56060.0,571,0
0.5562652717481555,0,1,0.0,0,39,49,0.5555555555555556,110,26,13,110,10,L7+keep_end<9,27600,44b6_87bba6c4,27743,28102.0,198,0
0.9524988667372205,0,0,0.0,0,15,22,0.9114832535885168,381,12,3,381,3,L7+keep_end<9,17298,44b6_8cc6506c,17695,32172.0,418,0
1.0080798294904088,0,0,0.0,0,0,0,1.0,198,0,0,198,0,L7+keep_end<9,4544,44b6_95029e92,4744,5161.0,198,0
0.8912641143450298,0,0,0.0,0,12,14,0.8571428571428571,156,4,8,156,5,L7+keep_end<9,35787,44b6_b2c44266,35952,59729.0,182,0
0.9556776406351126,0,0,0.0,0,24,16,0.9367088607594937,592,8,16,592,13,L7+keep_end<9,36257,44b6_c96cfa10,36873,46236.0,632,0
0.9338639900976752,0,0,0.0,0,43,55,0.9291395516992046,1285,35,8,1285,8,L7+keep_end<9,34775,44b6_d29c9ab2,36120,38055.0,1383,4
0.8760621948306714,0,0,0.0,0,13,8,0.8764705882352941,149,5,8,149,8,L7+keep_end<9,14936,44b6_db3c847b,15093,15023.0,170,0
0.870483863480339,0,0,0.0,0,7,10,0.8617886178861789,106,5,2,106,1,L7+keep_end<9,65390,44b6_e31261b4,65505,72856.0,123,0
0.895462564899956,0,0,0.0,0,27,11,0.8628158844765343,239,6,21,239,19,L7+keep_end<9,17553,44b6_e35b117d,17804,28641.0,277,0
0.8099127006477049,0,0,0.0,0,6,6,0.8208955223880597,55,4,2,55,1,L7+keep_end<9,21090,44b6_f28707c6,21152,18656.0,67,0
0.873399562010712,3,0,0.0,0,70,94,0.8715740015661707,1113,54,16,1113,14,L7+keep_end<9,67123,6bba_05db0fb1,68338,69800.0,1277,0
0.7365819790273701,0,1,0.0,0,40,50,0.7421203438395415,259,20,20,259,14,L7+keep_end<9,30757,6bba_1f58c2f6,31060,28903.0,349,0
0.7151854322483506,1,1,0.0,0,141,117,0.7219827586206896,670,46,95,670,83,L7+keep_end<9,41570,6bba_32db13fc,42349,38705.0,928,0
0.7984101127260919,0,1,0.5,1,99,113,0.7977099236641222,836,55,44,836,36,L7+keep_end<9,50647,6bba_3abfe10a,51608,52065.0,1048,2
0.9896117628879458,0,0,0.0,0,8,1,0.9875862068965517,716,0,8,716,9,L7+keep_end<9,4955,6bba_5b28472a,5683,5802.0,725,0
0.9728308751060566,0,0,0.0,0,9,10,0.9656419529837251,534,3,6,534,4,L7+keep_end<9,8820,6bba_61dd1e0d,9374,10128.0,553,0
0.7681179928400443,1,2,0.0,0,52,68,0.7628458498023716,386,26,26,386,19,L7+keep_end<9,14508,6bba_67ebd073,14951,16061.0,506,2
0.9956042091572816,0,0,0.0,0,12,7,0.9859259259259259,1331,4,8,1331,8,L7+keep_end<9,5399,6bba_6feeb0b1,6780,7518.0,1350,0
0.9046612637362637,1,2,0.0,0,31,23,0.9076923076923077,531,7,24,531,21,L7+keep_end<9,5212,6bba_705ec2c9,5787,5600.0,585,1
0.9717513075651325,0,0,0.0,0,12,8,0.9644760213143873,543,3,9,543,8,L7+keep_end<9,4787,6bba_7b5d3b2c,5344,5780.0,563,0
0.9842539930802408,0,1,0.0,0,7,7,0.9807692307692307,714,0,7,714,4,L7+keep_end<9,3942,6bba_96833384,4696,4869.0,728,0
0.9697679475015812,3,0,0.0,0,8,5,0.9803921568627451,650,4,4,650,3,L7+keep_end<9,14717,6bba_969618f6,15393,13888.0,663,1
0.9388106240126382,0,0,0.0,0,29,22,0.9291666666666667,669,11,18,669,17,L7+keep_end<9,6840,6bba_a5e926bb,7564,8440.0,720,3
0.9508313063337686,0,0,0.0,0,55,28,0.9382899628252788,1262,8,47,1262,39,L7+keep_end<9,6428,6bba_af149c94,7739,8933.0,1345,0
0.9251864944279948,3,0,0.25,1,37,18,0.9145962732919255,589,9,28,589,26,L7+keep_end<9,4725,6bba_afb141ff,5353,6054.0,644,3
0.9790810243467601,3,2,0.16666666666666666,1,18,19,0.9729334308705194,1330,13,5,1330,6,L7+keep_end<9,26490,6bba_cdcfe533,27903,29785.0,1367,2
0.9072672191827611,0,0,0.0,0,22,29,0.9087656529516994,508,16,6,508,5,L7+keep_end<9,27633,6bba_d82a4fc6,28173,27716.0,559,0
0.6258325340049629,0,0,0.0,0,287,275,0.6348278102664068,977,124,163,977,134,L7+keep_end<9,46306,6bba_ebff6e76,47490,41596.0,1539,4
1.0493550846165574,0,0,0.0,0,0,0,1.0,49,0,0,49,0,L7+keep_end<10,16558,44b6_0b24845f,16609,32795.0,49,0
0.9695375342748225,0,0,0.0,0,4,5,0.9556650246305419,194,4,0,194,0,L7+keep_end<10,27737,44b6_40c45f5a,27937,32681.0,203,0
0.809638112410432,0,0,0.0,0,25,34,0.7713178294573644,199,20,5,199,5,L7+keep_end<10,28774,44b6_551a5dba,28997,57627.0,258,0
1.033917358017446,0,0,0.0,0,1,1,0.9883040935672515,169,1,0,169,0,L7+keep_end<10,10451,44b6_5740d24b,10624,19730.0,171,0
0.8541927969008832,1,0,0.0,0,27,24,0.8282828282828283,246,15,12,246,12,L7+keep_end<10,20019,44b6_5f15d135,20285,29519.0,297,0
0.9552569387469042,0,0,0.0,0,16,24,0.9389312977099237,615,15,1,615,1,L7+keep_end<10,32156,44b6_668e0cc7,32798,39701.0,655,0
0.9808710238568588,1,1,0.0,0,4,5,0.9375,135,4,0,135,0,L7+keep_end<10,7969,44b6_74d0c52e,8109,15090.0,144,0
0.9681235516362565,0,0,0.0,0,19,11,0.9474605954465849,541,7,12,541,11,L7+keep_end<10,43275,44b6_7e557709,43834,56060.0,571,0
0.5759020710269731,0,1,0.0,0,37,46,0.5743589743589743,112,24,13,112,10,L7+keep_end<10,27204,44b6_87bba6c4,27347,28102.0,195,0
0.9530853302256354,0,0,0.0,0,15,22,0.9114832535885168,381,12,3,381,3,L7+keep_end<10,17091,44b6_8cc6506c,17488,32172.0,418,0
1.0080798294904088,0,0,0.0,0,0,0,1.0,198,0,0,198,0,L7+keep_end<10,4544,44b6_95029e92,4744,5161.0,198,0
0.8917290715445715,0,0,0.0,0,12,14,0.8571428571428571,156,4,8,156,5,L7+keep_end<10,35463,44b6_b2c44266,35628,59729.0,182,0
0.9563340418611833,0,0,0.0,0,24,16,0.9367088607594937,592,8,16,592,13,L7+keep_end<10,35933,44b6_c96cfa10,36549,46236.0,632,0
0.9342814986073075,0,0,0.0,0,43,55,0.9291395516992046,1285,35,8,1285,8,L7+keep_end<10,34604,44b6_d29c9ab2,35949,38055.0,1383,4
0.8772173647466043,0,0,0.0,0,13,8,0.8764705882352941,149,5,8,149,8,L7+keep_end<10,14738,44b6_db3c847b,14895,15023.0,170,0
0.7931716726778217,0,0,0.0,0,11,17,0.7846153846153846,102,7,4,102,2,L7+keep_end<10,64797,44b6_e31261b4,64911,72856.0,130,0
0.8893134441461755,0,0,0.0,0,29,11,0.855595667870036,237,5,24,237,21,L7+keep_end<10,17105,44b6_e35b117d,17354,28641.0,277,0
0.8106651295409744,0,0,0.0,0,6,6,0.8208955223880597,55,4,2,55,1,L7+keep_end<10,20919,44b6_f28707c6,20981,18656.0,67,0
0.8739052747193571,3,0,0.0,0,70,94,0.8715740015661707,1113,54,16,1113,14,L7+keep_end<10,66718,6bba_05db0fb1,67933,69800.0,1277,0
0.7372521288725147,0,1,0.0,0,40,50,0.7421203438395415,259,20,20,259,14,L7+keep_end<10,30496,6bba_1f58c2f6,30799,28903.0,349,0
0.7204680089320317,1,1,0.0,0,140,113,0.7261904761904762,671,43,97,671,85,L7+keep_end<10,40978,6bba_32db13fc,41755,38705.0,924,0
0.7939804767849712,0,1,0.5,1,103,115,0.7923809523809524,832,54,49,832,40,L7+keep_end<10,50057,6bba_3abfe10a,51014,52065.0,1050,2
0.9912968893009545,0,0,0.0,0,8,1,0.9875862068965517,716,0,8,716,9,L7+keep_end<10,4856,6bba_5b28472a,5584,5802.0,725,0
0.9679754933946929,0,0,0.0,0,13,9,0.9601449275362319,530,3,10,530,9,L7+keep_end<10,8753,6bba_61dd1e0d,9302,10128.0,552,0
0.769186670482816,1,2,0.0,0,52,68,0.7628458498023716,386,26,26,386,19,L7+keep_end<10,14283,6bba_67ebd073,14726,16061.0,506,2
0.9965484319115604,0,0,0.0,0,12,7,0.9859259259259259,1331,4,8,1331,8,L7+keep_end<10,5327,6bba_6feeb0b1,6708,7518.0,1350,0
0.8936179792429793,1,2,0.0,0,39,23,0.8940170940170941,523,6,33,523,30,L7+keep_end<10,5059,6bba_705ec2c9,5625,5600.0,585,1
0.9731029089098809,0,0,0.0,0,12,8,0.9644760213143873,543,3,9,543,8,L7+keep_end<10,4706,6bba_7b5d3b2c,5263,5780.0,563,0
0.9847978577183752,0,1,0.0,0,7,7,0.9807692307692307,714,0,7,714,4,L7+keep_end<10,3915,6bba_96833384,4669,4869.0,728,0
0.9707844831480978,3,0,0.0,0,8,5,0.9803921568627451,650,4,4,650,3,L7+keep_end<10,14573,6bba_969618f6,15249,13888.0,663,1
0.9399005233017378,0,0,0.0,0,29,22,0.9291666666666667,669,11,18,669,17,L7+keep_end<10,6741,6bba_a5e926bb,7465,8440.0,720,3
0.9509258390737823,0,0,0.0,0,55,28,0.9382899628252788,1262,8,47,1262,39,L7+keep_end<10,6419,6bba_af149c94,7730,8933.0,1345,0
0.9260037577818296,3,0,0.25,1,38,17,0.9144634525660964,588,8,30,588,28,L7+keep_end<10,4664,6bba_afb141ff,5290,6054.0,643,3
0.9798453903794064,3,2,0.16666666666666666,1,18,19,0.9729334308705194,1330,13,5,1330,6,L7+keep_end<10,26256,6bba_cdcfe533,27669,29785.0,1367,2
0.9080049600974462,0,0,0.0,0,22,29,0.9087656529516994,508,16,6,508,5,L7+keep_end<10,27408,6bba_d82a4fc6,27948,27716.0,559,0
0.6191038255426659,0,0,0.0,0,298,276,0.6272727272727273,966,121,177,966,147,L7+keep_end<10,45842,6bba_ebff6e76,47013,41596.0,1540,4
1.0530812623875592,0,0,0.0,0,0,0,1.0,49,0,0,49,0,L7+keep_end<12,15336,44b6_0b24845f,15387,32795.0,49,0
0.9717657915153243,0,0,0.0,0,4,5,0.9556650246305419,194,4,0,194,0,L7+keep_end<12,26975,44b6_40c45f5a,27175,32681.0,203,0
0.8110729480138441,0,0,0.0,0,25,34,0.7713178294573644,199,20,5,199,5,L7+keep_end<12,27702,44b6_551a5dba,27925,57627.0,258,0
1.0355503389323113,0,0,0.0,0,1,1,0.9883040935672515,169,1,0,169,0,L7+keep_end<12,10125,44b6_5740d24b,10298,19730.0,171,0
0.8564347359225234,1,0,0.0,0,27,24,0.8282828282828283,246,15,12,246,12,L7+keep_end<12,19220,44b6_5f15d135,19486,29519.0,297,0
0.9562880816546432,0,0,0.0,0,16,24,0.9389312977099237,615,15,1,615,1,L7+keep_end<12,31720,44b6_668e0cc7,32362,39701.0,655,0
0.9821694831013916,1,1,0.0,0,4,5,0.9375,135,4,0,135,0,L7+keep_end<12,7760,44b6_74d0c52e,7900,15090.0,144,0
0.9513017482519667,0,0,0.0,0,29,11,0.9299474605954466,531,7,22,531,22,L7+keep_end<12,42639,44b6_7e557709,43187,56060.0,571,0
0.5725081707844499,0,1,0.0,0,38,46,0.5692307692307692,111,24,14,111,12,L7+keep_end<12,26343,44b6_87bba6c4,26484,28102.0,195,0
0.9544764102875275,0,0,0.0,0,15,22,0.9114832535885168,381,12,3,381,3,L7+keep_end<12,16600,44b6_8cc6506c,16997,32172.0,418,0
1.0089130013563263,0,0,0.0,0,0,0,1.0,198,0,0,198,0,L7+keep_end<12,4501,44b6_95029e92,4701,5161.0,198,0
0.9029953065791604,0,0,0.0,0,12,12,0.8666666666666667,156,4,8,156,6,L7+keep_end<12,34528,44b6_b2c44266,34692,59729.0,180,0
0.9578474113546241,0,0,0.0,0,24,16,0.9367088607594937,592,8,16,592,13,L7+keep_end<12,35186,44b6_c96cfa10,35802,46236.0,632,0
0.9349993202554472,0,0,0.0,0,43,55,0.9291395516992046,1285,35,8,1285,8,L7+keep_end<12,34310,44b6_d29c9ab2,35655,38055.0,1383,4
0.8788350170763802,0,0,0.0,0,14,7,0.8757396449704142,148,4,10,148,10,L7+keep_end<12,14337,44b6_db3c847b,14492,15023.0,169,0
0.7944596928820602,0,0,0.0,0,11,17,0.7846153846153846,102,7,4,102,2,L7+keep_end<12,63601,44b6_e31261b4,63715,72856.0,130,0
0.8922947802606068,0,0,0.0,0,29,11,0.855595667870036,237,5,24,237,21,L7+keep_end<12,16107,44b6_e35b117d,16356,28641.0,277,0
0.8122315896930443,0,0,0.0,0,6,6,0.8208955223880597,55,4,2,55,1,L7+keep_end<12,20563,44b6_f28707c6,20625,18656.0,67,0
0.8751751755210659,3,0,0.0,0,70,94,0.8715740015661707,1113,54,16,1113,14,L7+keep_end<12,65701,6bba_05db0fb1,66916,69800.0,1277,0
0.7438075243428257,0,1,0.0,0,40,48,0.7463976945244957,259,18,22,259,15,L7+keep_end<12,29604,6bba_1f58c2f6,29906,28903.0,347,0
0.712028164532363,1,1,0.0,0,150,113,0.7153679653679653,661,43,107,661,96,L7+keep_end<12,39746,6bba_32db13fc,40512,38705.0,924,0
0.7892405430528341,0,1,0.5,1,112,113,0.7853053435114504,823,51,61,823,51,L7+keep_end<12,48510,6bba_3abfe10a,49456,52065.0,1048,2
0.993833089659927,0,0,0.0,0,8,1,0.9875862068965517,716,0,8,716,9,L7+keep_end<12,4707,6bba_5b28472a,5435,5802.0,725,0
0.9687718221260618,0,0,0.0,0,13,9,0.9601449275362319,530,3,10,530,9,L7+keep_end<12,8669,6bba_61dd1e0d,9218,10128.0,552,0
0.7720649756006805,1,2,0.0,0,52,68,0.7628458498023716,386,26,26,386,19,L7+keep_end<12,13677,6bba_67ebd073,14120,16061.0,506,2
0.9941465532032785,0,0,0.0,0,16,9,0.981508875739645,1327,3,13,1327,12,L7+keep_end<12,5173,6bba_6feeb0b1,6550,7518.0,1352,0
0.8673383122414213,1,2,0.0,0,55,25,0.8637137989778535,507,6,49,507,47,L7+keep_end<12,4816,6bba_705ec2c9,5365,5600.0,587,1
0.9748382982907926,0,0,0.0,0,12,8,0.9644760213143873,543,3,9,543,8,L7+keep_end<12,4602,6bba_7b5d3b2c,5159,5780.0,563,0
0.9762000963710761,0,1,0.0,0,14,7,0.9711538461538461,707,0,14,707,12,L7+keep_end<12,3870,6bba_96833384,4616,4869.0,728,0
0.9440318497125897,3,0,0.0,0,27,5,0.951734539969834,631,3,24,631,25,L7+keep_end<12,14358,6bba_969618f6,15012,13888.0,663,0
0.8955912933695558,0,0,0.0,0,66,19,0.8814504881450488,632,7,59,632,62,L7+keep_end<12,6407,6bba_a5e926bb,7086,8440.0,717,2
0.9473978985233732,0,0,0.0,0,61,28,0.9338289962825279,1256,7,54,1256,46,L7+keep_end<12,6331,6bba_af149c94,7635,8933.0,1345,0
0.896286403190364,3,0,0.25,1,60,17,0.880248833592535,566,6,54,566,52,L7+keep_end<12,4349,6bba_afb141ff,4951,6054.0,643,3
0.9753733458424283,3,2,0.16666666666666666,1,25,21,0.9663988312636961,1323,12,13,1323,13,L7+keep_end<12,25613,6bba_cdcfe533,27019,29785.0,1369,2
0.8934122300831272,0,0,0.0,0,29,31,0.893048128342246,501,15,14,501,12,L7+keep_end<12,27070,6bba_d82a4fc6,27603,27716.0,561,0
0.6173205783015797,0,0,0.0,0,305,274,0.6235370611183355,959,118,187,959,156,L7+keep_end<12,44581,6bba_ebff6e76,45743,41596.0,1538,4
1.0428327488946485,0,0,0.0,0,0,0,1.0,49,0,0,49,0,L6+interior<7,18697,44b6_0b24845f,18748,32795.0,49,0
0.9662507086339768,0,0,0.0,0,4,5,0.9556650246305419,194,4,0,194,0,L6+interior<7,28861,44b6_40c45f5a,29061,32681.0,203,0
0.8074001971782445,0,0,0.0,0,25,34,0.7713178294573644,199,20,5,199,5,L6+interior<7,30446,44b6_551a5dba,30669,57627.0,258,0
1.0309168808149787,0,0,0.0,0,1,1,0.9883040935672515,169,1,0,169,0,L6+interior<7,11050,44b6_5740d24b,11223,19730.0,171,0
0.8746662479410878,1,0,0.0,0,21,23,0.8513513513513513,252,15,6,252,6,L6+interior<7,21163,44b6_5f15d135,21435,29519.0,296,0
0.9531591778313889,0,0,0.0,0,16,24,0.9389312977099237,615,15,1,615,1,L6+interior<7,33043,44b6_668e0cc7,33685,39701.0,655,0
0.9785536779324054,1,1,0.0,0,4,5,0.9375,135,4,0,135,0,L6+interior<7,8342,44b6_74d0c52e,8482,15090.0,144,0
0.9688646980703174,0,0,0.0,0,16,13,0.9493891797556719,544,9,7,544,6,L6+interior<7,43996,44b6_7e557709,44560,56060.0,573,0
0.5545690698170949,0,1,0.0,0,39,49,0.5555555555555556,110,26,13,110,10,L6+interior<7,28458,44b6_87bba6c4,28601,28102.0,198,0
0.9506176505231749,0,0,0.0,0,15,22,0.9114832535885168,381,12,3,381,3,L6+interior<7,17962,44b6_8cc6506c,18359,32172.0,418,0
1.0070335206355356,0,0,0.0,0,0,0,1.0,198,0,0,198,0,L6+interior<7,4598,44b6_95029e92,4798,5161.0,198,0
0.8895908424479134,0,0,0.0,0,12,14,0.8571428571428571,156,4,8,156,5,L6+interior<7,36953,44b6_b2c44266,37118,59729.0,182,0
0.954259489838046,0,0,0.0,0,24,16,0.9367088607594937,592,8,16,592,13,L6+interior<7,36957,44b6_c96cfa10,37573,46236.0,632,0
0.9318011030016882,0,0,0.0,0,43,57,0.927797833935018,1285,35,8,1285,7,L6+interior<7,35067,44b6_d29c9ab2,36413,38055.0,1385,4
0.9088102778894847,0,0,0.0,0,8,7,0.9112426035502958,154,6,2,154,3,L6+interior<7,15262,44b6_db3c847b,15424,15023.0,169,0
0.8689946355925623,0,0,0.0,0,7,10,0.8617886178861789,106,5,2,106,1,L6+interior<7,66649,44b6_e31261b4,66764,72856.0,123,0
0.893186529649225,0,0,0.0,0,26,12,0.8633093525179856,240,6,20,240,17,L6+interior<7,18476,44b6_e35b117d,18729,28641.0,278,0
0.8081394325542101,0,0,0.0,0,6,6,0.8208955223880597,55,4,2,55,1,L6+interior<7,21493,44b6_f28707c6,21555,18656.0,67,0
0.8727882662849219,3,0,0.0,0,69,94,0.8723570869224746,1114,54,15,1114,12,L6+interior<7,68238,6bba_05db0fb1,69455,69800.0,1277,0
0.7481721362098593,0,1,0.0,0,36,49,0.7557471264367817,263,21,15,263,10,L6+interior<7,31493,6bba_1f58c2f6,31800,28903.0,348,0
0.7353697745630673,1,1,0.0,0,116,121,0.7457081545064378,695,50,66,695,52,L6+interior<7,43261,6bba_32db13fc,44071,38705.0,932,0
0.7989331055568668,0,1,0.5,1,94,116,0.8001902949571836,841,60,34,841,28,L6+interior<7,51914,6bba_3abfe10a,52883,52065.0,1051,2
0.9865478966824757,0,0,0.0,0,8,1,0.9875862068965517,716,0,8,716,9,L6+interior<7,5135,6bba_5b28472a,5863,5802.0,725,0
0.9710670149036277,0,0,0.0,0,9,10,0.9656419529837251,534,3,6,534,4,L6+interior<7,9005,6bba_61dd1e0d,9559,10128.0,553,0
0.7751473077075468,1,2,0.0,0,47,68,0.7727272727272727,391,27,20,391,13,L6+interior<7,15109,6bba_67ebd073,15558,16061.0,506,2
0.994069847181579,0,0,0.0,0,12,7,0.9859259259259259,1331,4,8,1331,8,L6+interior<7,5516,6bba_6feeb0b1,6897,7518.0,1350,0
0.9094820512820512,1,2,0.0,0,26,23,0.9162393162393162,536,8,18,536,15,L6+interior<7,5432,6bba_705ec2c9,6013,5600.0,585,1
0.9694652657845084,0,0,0.0,0,12,8,0.9644760213143873,543,3,9,543,8,L6+interior<7,4924,6bba_7b5d3b2c,5481,5780.0,563,0
0.9791669409768821,0,1,0.0,0,7,9,0.9780821917808219,714,2,5,714,3,L6+interior<7,4060,6bba_96833384,4815,4869.0,730,0
0.9681443141772837,3,0,0.0,0,8,5,0.9803921568627451,650,4,4,650,3,L6+interior<7,14947,6bba_969618f6,15623,13888.0,663,1
0.9374544003422856,0,0,0.0,0,27,22,0.9319444444444445,671,12,15,671,14,L6+interior<7,7214,6bba_a5e926bb,7941,8440.0,720,3
0.9548164776937306,0,0,0.0,0,49,27,0.9434523809523809,1268,9,40,1268,33,L6+interior<7,6540,6bba_af149c94,7857,8933.0,1344,0
0.9207747198292292,3,0,0.25,1,32,24,0.9138461538461539,594,15,17,594,17,L6+interior<7,4958,6bba_afb141ff,5595,6054.0,650,4
0.980794499079541,3,2,0.16666666666666666,1,13,19,0.9765910753474762,1335,13,0,1335,0,L6+interior<7,27084,6bba_cdcfe533,28503,29785.0,1367,2
0.9128743857645307,0,0,0.0,0,18,29,0.9159212880143113,512,17,1,512,1,L6+interior<7,28094,6bba_d82a4fc6,28638,27716.0,559,0
0.6313192720016505,0,0,0.0,0,260,297,0.6431774503523382,1004,146,114,1004,87,L6+interior<7,48034,6bba_ebff6e76,49265,41596.0,1561,4
1.0447324287238908,0,0,0.0,0,0,0,1.0,49,0,0,49,0,L6+interior<8,18074,44b6_0b24845f,18125,32795.0,49,0
0.9673560645879267,0,0,0.0,0,4,5,0.9556650246305419,194,4,0,194,0,L6+interior<8,28483,44b6_40c45f5a,28683,32681.0,203,0
0.808009199230066,0,0,0.0,0,25,34,0.7713178294573644,199,20,5,199,5,L6+interior<8,29991,44b6_551a5dba,30214,57627.0,258,0
1.0314077769182206,0,0,0.0,0,1,1,0.9883040935672515,169,1,0,169,0,L6+interior<8,10952,44b6_5740d24b,11125,19730.0,171,0
0.8754536015740664,1,0,0.0,0,21,23,0.8513513513513513,252,15,6,252,6,L6+interior<8,20890,44b6_5f15d135,21162,29519.0,296,0
0.95358960904517,0,0,0.0,0,16,24,0.9389312977099237,615,15,1,615,1,L6+interior<8,32861,44b6_668e0cc7,33503,39701.0,655,0
0.9792060139165009,1,1,0.0,0,4,5,0.9375,135,4,0,135,0,L6+interior<8,8237,44b6_74d0c52e,8377,15090.0,144,0
0.9778796402350864,0,0,0.0,0,14,10,0.9578947368421052,546,7,7,546,6,L6+interior<8,43800,44b6_7e557709,44364,56060.0,570,0
0.5552056397725745,0,1,0.0,0,39,49,0.5555555555555556,110,26,13,110,10,L6+interior<8,28136,44b6_87bba6c4,28279,28102.0,198,0
0.9513117739756465,0,0,0.0,0,15,22,0.9114832535885168,381,12,3,381,3,L6+interior<8,17717,44b6_8cc6506c,18114,32172.0,418,0
1.0070335206355356,0,0,0.0,0,0,0,1.0,198,0,0,198,0,L6+interior<8,4598,44b6_95029e92,4798,5161.0,198,0
0.8902940184595662,0,0,0.0,0,12,14,0.8571428571428571,156,4,8,156,5,L6+interior<8,36463,44b6_b2c44266,36628,59729.0,182,0
0.9547132980931072,0,0,0.0,0,24,16,0.9367088607594937,592,8,16,592,13,L6+interior<8,36733,44b6_c96cfa10,37349,46236.0,632,0
0.9320570976740391,0,0,0.0,0,43,57,0.927797833935018,1285,35,8,1285,7,L6+interior<8,34962,44b6_d29c9ab2,36308,38055.0,1385,4
0.909532090242693,0,0,0.0,0,8,7,0.9112426035502958,154,6,2,154,3,L6+interior<8,15143,44b6_db3c847b,15305,15023.0,169,0
0.869532839475754,0,0,0.0,0,7,10,0.8617886178861789,106,5,2,106,1,L6+interior<8,66194,44b6_e31261b4,66309,72856.0,123,0
0.8943681129256018,0,0,0.0,0,26,12,0.8633093525179856,240,6,20,240,17,L6+interior<8,18084,44b6_e35b117d,18337,28641.0,278,0
0.8088170585750493,0,0,0.0,0,6,6,0.8208955223880597,55,4,2,55,1,L6+interior<8,21339,44b6_f28707c6,21401,18656.0,67,0
0.8731819517897652,3,0,0.0,0,69,94,0.8723570869224746,1114,54,15,1114,12,L6+interior<8,67923,6bba_05db0fb1,69140,69800.0,1277,0
0.7355985790630393,0,1,0.0,0,40,50,0.7421203438395415,259,20,20,259,14,L6+interior<8,31140,6bba_1f58c2f6,31443,28903.0,349,0
0.7341142559017727,1,1,0.0,0,118,121,0.7435622317596566,693,50,68,693,55,L6+interior<8,42816,6bba_32db13fc,43623,38705.0,932,0
0.7996646729829681,0,1,0.5,1,94,116,0.8001902949571836,841,60,34,841,28,L6+interior<8,51438,6bba_3abfe10a,52407,52065.0,1051,2
0.9873819491495205,0,0,0.0,0,8,1,0.9875862068965517,716,0,8,716,9,L6+interior<8,5086,6bba_5b28472a,5814,5802.0,725,0
0.9715341994977845,0,0,0.0,0,9,10,0.9656419529837251,534,3,6,534,4,L6+interior<8,8956,6bba_61dd1e0d,9510,10128.0,553,0
0.7758545545109271,1,2,0.0,0,47,68,0.7727272727272727,391,27,20,391,13,L6+interior<8,14962,6bba_67ebd073,15411,16061.0,506,2
0.9943452454849102,0,0,0.0,0,12,7,0.9859259259259259,1331,4,8,1331,8,L6+interior<8,5495,6bba_6feeb0b1,6876,7518.0,1350,0
0.9029269230769231,1,2,0.0,0,31,23,0.9076923076923077,531,7,24,531,21,L6+interior<8,5319,6bba_705ec2c9,5894,5600.0,585,1
0.9707501213838372,0,0,0.0,0,12,8,0.9644760213143873,543,3,9,543,8,L6+interior<8,4847,6bba_7b5d3b2c,5404,5780.0,563,0
0.9831259775344803,0,1,0.0,0,7,7,0.9807692307692307,714,0,7,714,4,L6+interior<8,3998,6bba_96833384,4752,4869.0,728,0
0.9687867082316797,3,0,0.0,0,8,5,0.9803921568627451,650,4,4,650,3,L6+interior<8,14856,6bba_969618f6,15532,13888.0,663,1
0.9355078988941549,0,0,0.0,0,29,22,0.9291666666666667,669,11,18,669,17,L6+interior<8,7140,6bba_a5e926bb,7864,8440.0,720,3
0.9554079176728343,0,0,0.0,0,49,27,0.9434523809523809,1268,9,40,1268,33,L6+interior<8,6484,6bba_af149c94,7801,8933.0,1344,0
0.9222540214988184,3,0,0.25,1,32,24,0.9138461538461539,594,15,17,594,17,L6+interior<8,4860,6bba_afb141ff,5497,6054.0,650,4
0.981184676477447,3,2,0.16666666666666666,1,13,19,0.9765910753474762,1335,13,0,1335,0,L6+interior<8,26965,6bba_cdcfe533,28384,29785.0,1367,2
0.9133833043615656,0,0,0.0,0,18,29,0.9159212880143113,512,17,1,512,1,L6+interior<8,27940,6bba_d82a4fc6,28484,27716.0,559,0
0.6369355916005639,0,0,0.0,0,261,284,0.6479328165374677,1003,137,124,1003,97,L6+interior<8,47435,6bba_ebff6e76,48656,41596.0,1548,4
1.046391218173502,0,0,0.0,0,0,0,1.0,49,0,0,49,0,L6+interior<9,17530,44b6_0b24845f,17581,32795.0,49,0
0.9681280592224312,0,0,0.0,0,4,5,0.9556650246305419,194,4,0,194,0,L6+interior<9,28219,44b6_40c45f5a,28419,32681.0,203,0
0.8086088320195516,0,0,0.0,0,25,34,0.7713178294573644,199,20,5,199,5,L6+interior<9,29543,44b6_551a5dba,29766,57627.0,258,0
1.0321691667926363,0,0,0.0,0,1,1,0.9883040935672515,169,1,0,169,0,L6+interior<9,10800,44b6_5740d24b,10973,19730.0,171,0
0.8764226521992707,1,0,0.0,0,21,23,0.8513513513513513,252,15,6,252,6,L6+interior<9,20554,44b6_5f15d135,20826,29519.0,296,0
0.9541193705390543,0,0,0.0,0,16,24,0.9389312977099237,615,15,1,615,1,L6+interior<9,32637,44b6_668e0cc7,33279,39701.0,655,0
0.9798521371769383,1,1,0.0,0,4,5,0.9375,135,4,0,135,0,L6+interior<9,8133,44b6_74d0c52e,8273,15090.0,144,0
0.978153031526372,0,0,0.0,0,14,10,0.9578947368421052,546,7,7,546,6,L6+interior<9,43640,44b6_7e557709,44204,56060.0,570,0
0.5559489636957433,0,1,0.0,0,39,49,0.5555555555555556,110,26,13,110,10,L6+interior<9,27760,44b6_87bba6c4,27903,28102.0,198,0
0.9518784053654192,0,0,0.0,0,15,22,0.9114832535885168,381,12,3,381,3,L6+interior<9,17517,44b6_8cc6506c,17914,32172.0,418,0
1.0073435380740166,0,0,0.0,0,0,0,1.0,198,0,0,198,0,L6+interior<9,4582,44b6_95029e92,4782,5161.0,198,0
0.8909139613922885,0,0,0.0,0,12,14,0.8571428571428571,156,4,8,156,5,L6+interior<9,36031,44b6_b2c44266,36196,59729.0,182,0
0.9554102179133801,0,0,0.0,0,24,16,0.9367088607594937,592,8,16,592,13,L6+interior<9,36389,44b6_c96cfa10,37005,46236.0,632,0
0.9322911499459029,0,0,0.0,0,43,57,0.927797833935018,1285,35,8,1285,7,L6+interior<9,34866,44b6_d29c9ab2,36212,38055.0,1385,4
0.9100658674450656,0,0,0.0,0,8,7,0.9112426035502958,154,6,2,154,3,L6+interior<9,15055,44b6_db3c847b,15217,15023.0,169,0
0.8700627632992043,0,0,0.0,0,7,10,0.8617886178861789,106,5,2,106,1,L6+interior<9,65746,44b6_e31261b4,65861,72856.0,123,0
0.8954773543687308,0,0,0.0,0,26,12,0.8633093525179856,240,6,20,240,17,L6+interior<9,17716,44b6_e35b117d,17969,28641.0,278,0
0.8092394747958322,0,0,0.0,0,6,6,0.8208955223880597,55,4,2,55,1,L6+interior<9,21243,44b6_f28707c6,21305,18656.0,67,0
0.8726978075853821,3,0,0.0,0,70,94,0.8715740015661707,1113,54,16,1113,14,L6+interior<9,67685,6bba_05db0fb1,68900,69800.0,1277,0
0.7362969727713892,0,1,0.0,0,40,50,0.7421203438395415,259,20,20,259,14,L6+interior<9,30868,6bba_1f58c2f6,31171,28903.0,349,0
0.7248338285320587,1,1,0.0,0,129,119,0.7333333333333333,682,50,79,682,68,L6+interior<9,42397,6bba_32db13fc,43191,38705.0,930,0
0.797958130727665,0,1,0.5,1,99,113,0.7977099236641222,836,55,44,836,36,L6+interior<9,50942,6bba_3abfe10a,51903,52065.0,1048,2
0.9884713238003543,0,0,0.0,0,8,1,0.9875862068965517,716,0,8,716,9,L6+interior<9,5022,6bba_5b28472a,5750,5802.0,725,0
0.9718392996409075,0,0,0.0,0,9,10,0.9656419529837251,534,3,6,534,4,L6+interior<9,8924,6bba_61dd1e0d,9478,10128.0,553,0
0.7672250532985287,1,2,0.0,0,52,68,0.7628458498023716,386,26,26,386,19,L6+interior<9,14696,6bba_67ebd073,15139,16061.0,506,2
0.9951845545998247,0,0,0.0,0,12,7,0.9859259259259259,1331,4,8,1331,8,L6+interior<9,5431,6bba_6feeb0b1,6812,7518.0,1350,0
0.9037049450549451,1,2,0.0,0,31,23,0.9076923076923077,531,7,24,531,21,L6+interior<9,5271,6bba_705ec2c9,5846,5600.0,585,1
0.9715510703288734,0,0,0.0,0,12,8,0.9644760213143873,543,3,9,543,8,L6+interior<9,4799,6bba_7b5d3b2c,5356,5780.0,563,0
0.9831259775344803,0,1,0.0,0,7,7,0.9807692307692307,714,0,7,714,4,L6+interior<9,3998,6bba_96833384,4752,4869.0,728,0
0.9692949760549381,3,0,0.0,0,8,5,0.9803921568627451,650,4,4,650,3,L6+interior<9,14784,6bba_969618f6,15460,13888.0,663,1
0.9366528436018957,0,0,0.0,0,29,22,0.9291666666666667,669,11,18,669,17,L6+interior<9,7036,6bba_a5e926bb,7760,8440.0,720,3
0.9506002263026239,0,0,0.0,0,55,28,0.9382899628252788,1262,8,47,1262,39,L6+interior<9,6450,6bba_af149c94,7761,8933.0,1345,0
0.9242196268777688,3,0,0.25,1,37,18,0.9145962732919255,589,9,28,589,26,L6+interior<9,4789,6bba_afb141ff,5417,6054.0,644,3
0.9815519022637117,3,2,0.16666666666666666,1,13,19,0.9765910753474762,1335,13,0,1335,0,L6+interior<9,26853,6bba_cdcfe533,28272,29785.0,1367,2
0.9139913629450359,0,0,0.0,0,18,29,0.9159212880143113,512,17,1,512,1,L6+interior<9,27756,6bba_d82a4fc6,28300,27716.0,559,0
0.6247227287129684,0,0,0.0,0,283,282,0.6345407503234153,981,130,153,981,124,L6+interior<9,46838,6bba_ebff6e76,48032,41596.0,1546,4
1.0429943588961732,0,0,0.0,0,0,0,1.0,49,0,0,49,0,L7+prob0.5<9,18644,44b6_0b24845f,18695,32795.0,49,0
0.9668063108330522,0,0,0.0,0,4,5,0.9556650246305419,194,4,0,194,0,L7+prob0.5<9,28671,44b6_40c45f5a,28871,32681.0,203,0
0.8075313668509446,0,0,0.0,0,25,34,0.7713178294573644,199,20,5,199,5,L7+prob0.5<9,30348,44b6_551a5dba,30571,57627.0,258,0
1.031157319722689,0,0,0.0,0,1,1,0.9883040935672515,169,1,0,169,0,L7+prob0.5<9,11002,44b6_5740d24b,11175,19730.0,171,0
0.8750354100840227,1,0,0.0,0,21,23,0.8513513513513513,252,15,6,252,6,L7+prob0.5<9,21035,44b6_5f15d135,21307,29519.0,296,0
0.9534997387917431,0,0,0.0,0,16,24,0.9389312977099237,615,15,1,615,1,L7+prob0.5<9,32899,44b6_668e0cc7,33541,39701.0,655,0
0.9788208250497017,1,1,0.0,0,4,5,0.9375,135,4,0,135,0,L7+prob0.5<9,8299,44b6_74d0c52e,8439,15090.0,144,0
0.9689680029935516,0,0,0.0,0,16,13,0.9493891797556719,544,9,7,544,6,L7+prob0.5<9,43935,44b6_7e557709,44499,56060.0,573,0
0.5548517701389384,0,1,0.0,0,39,49,0.5555555555555556,110,26,13,110,10,L7+prob0.5<9,28315,44b6_87bba6c4,28458,28102.0,198,0
0.9509774614556805,0,0,0.0,0,15,22,0.9114832535885168,381,12,3,381,3,L7+prob0.5<9,17835,44b6_8cc6506c,18232,32172.0,418,0
1.0076148033326875,0,0,0.0,0,0,0,1.0,198,0,0,198,0,L7+prob0.5<9,4568,44b6_95029e92,4768,5161.0,198,0
0.8897673539773693,0,0,0.0,0,12,14,0.8571428571428571,156,4,8,156,5,L7+prob0.5<9,36830,44b6_b2c44266,36995,59729.0,182,0
0.954449927230795,0,0,0.0,0,24,16,0.9367088607594937,592,8,16,592,13,L7+prob0.5<9,36863,44b6_c96cfa10,37479,46236.0,632,0
0.9318888726036371,0,0,0.0,0,43,57,0.927797833935018,1285,35,8,1285,7,L7+prob0.5<9,35031,44b6_d29c9ab2,36377,38055.0,1385,4
0.9090953634407517,0,0,0.0,0,8,7,0.9112426035502958,154,6,2,154,3,L7+prob0.5<9,15215,44b6_db3c847b,15377,15023.0,169,0
0.8692371230564179,0,0,0.0,0,7,10,0.8617886178861789,106,5,2,106,1,L7+prob0.5<9,66444,44b6_e31261b4,66559,72856.0,123,0
0.8936235948917622,0,0,0.0,0,26,12,0.8633093525179856,240,6,20,240,17,L7+prob0.5<9,18331,44b6_e35b117d,18584,28641.0,278,0
0.8084430442128978,0,0,0.0,0,6,6,0.8208955223880597,55,4,2,55,1,L7+prob0.5<9,21424,44b6_f28707c6,21486,18656.0,67,0
0.8731569558846958,3,0,0.0,0,69,94,0.8723570869224746,1114,54,15,1114,12,L7+prob0.5<9,67943,6bba_05db0fb1,69160,69800.0,1277,0
0.7483447110648738,0,1,0.0,0,36,49,0.7557471264367817,263,21,15,263,10,L7+prob0.5<9,31427,6bba_1f58c2f6,31734,28903.0,348,0
0.7358726290478268,1,1,0.0,0,116,121,0.7457081545064378,695,50,66,695,52,L7+prob0.5<9,43000,6bba_32db13fc,43810,38705.0,932,0
0.799132903383323,0,1,0.5,1,94,116,0.8001902949571836,841,60,34,841,28,L7+prob0.5<9,51784,6bba_3abfe10a,52753,52065.0,1051,2
0.9875691854176324,0,0,0.0,0,8,1,0.9875862068965517,716,0,8,716,9,L7+prob0.5<9,5075,6bba_5b28472a,5803,5802.0,725,0
0.9720490559893044,0,0,0.0,0,9,10,0.9656419529837251,534,3,6,534,4,L7+prob0.5<9,8902,6bba_61dd1e0d,9456,10128.0,553,0
0.7756091831709788,1,2,0.0,0,47,68,0.7727272727272727,391,27,20,391,13,L7+prob0.5<9,15013,6bba_67ebd073,15462,16061.0,506,2
0.9943059028701485,0,0,0.0,0,12,7,0.9859259259259259,1331,4,8,1331,8,L7+prob0.5<9,5498,6bba_6feeb0b1,6879,7518.0,1350,0
0.909940170940171,1,2,0.0,0,26,23,0.9162393162393162,536,8,18,536,15,L7+prob0.5<9,5404,6bba_705ec2c9,5985,5600.0,585,1
0.9697823080752519,0,0,0.0,0,12,8,0.9644760213143873,543,3,9,543,8,L7+prob0.5<9,4905,6bba_7b5d3b2c,5462,5780.0,563,0
0.9794079963537841,0,1,0.0,0,7,9,0.9780821917808219,714,2,5,714,3,L7+prob0.5<9,4048,6bba_96833384,4803,4869.0,730,0
0.9684055073642359,3,0,0.0,0,8,5,0.9803921568627451,650,4,4,650,3,L7+prob0.5<9,14910,6bba_969618f6,15586,13888.0,663,1
0.9376752402580305,0,0,0.0,0,27,22,0.9319444444444445,671,12,15,671,14,L7+prob0.5<9,7194,6bba_a5e926bb,7921,8440.0,720,3
0.9548798462629202,0,0,0.0,0,49,27,0.9434523809523809,1268,9,40,1268,33,L7+prob0.5<9,6534,6bba_af149c94,7851,8933.0,1344,0
0.9272355303813664,3,0,0.25,1,32,20,0.9195046439628483,594,11,21,594,19,L7+prob0.5<9,4910,6bba_afb141ff,5545,6054.0,646,4
0.977689486184763,3,2,0.16666666666666666,1,18,19,0.9729334308705194,1330,13,5,1330,6,L7+prob0.5<9,26916,6bba_cdcfe533,28329,29785.0,1367,2
0.9060606029311872,0,0,0.0,0,22,29,0.9087656529516994,508,16,6,508,5,L7+prob0.5<9,28001,6bba_d82a4fc6,28541,27716.0,559,0
0.6415175884907137,0,0,0.0,0,254,283,0.6528765352294764,1010,136,118,1010,91,L7+prob0.5<9,47606,6bba_ebff6e76,48833,41596.0,1547,4
1.0461442293032475,0,0,0.0,0,0,0,1.0,49,0,0,49,0,L7+prob0.8<9,17611,44b6_0b24845f,17662,32795.0,49,0
0.9680257114489176,0,0,0.0,0,4,5,0.9556650246305419,194,4,0,194,0,L7+prob0.8<9,28254,44b6_40c45f5a,28454,32681.0,203,0
0.808266184711274,0,0,0.0,0,25,34,0.7713178294573644,199,20,5,199,5,L7+prob0.8<9,29799,44b6_551a5dba,30022,57627.0,258,0
1.0320990387778874,0,0,0.0,0,1,1,0.9883040935672515,169,1,0,169,0,L7+prob0.8<9,10814,44b6_5740d24b,10987,19730.0,171,0
0.8763822750898871,1,0,0.0,0,21,23,0.8513513513513513,252,15,6,252,6,L7+prob0.8<9,20568,44b6_5f15d135,20840,29519.0,296,0
0.9539207099788476,0,0,0.0,0,16,24,0.9389312977099237,615,15,1,615,1,L7+prob0.8<9,32721,44b6_668e0cc7,33363,39701.0,655,0
0.9794669483101391,1,1,0.0,0,4,5,0.9375,135,4,0,135,0,L7+prob0.8<9,8195,44b6_74d0c52e,8335,15090.0,144,0
0.9780180445762999,0,0,0.0,0,14,10,0.9578947368421052,546,7,7,546,6,L7+prob0.8<9,43719,44b6_7e557709,44283,56060.0,570,0
0.5557295249843823,0,1,0.0,0,39,49,0.5555555555555556,110,26,13,110,10,L7+prob0.8<9,27871,44b6_87bba6c4,28014,28102.0,198,0
0.951906736934908,0,0,0.0,0,15,22,0.9114832535885168,381,12,3,381,3,L7+prob0.8<9,17507,44b6_8cc6506c,17904,32172.0,418,0
1.0079054446812634,0,0,0.0,0,0,0,1.0,198,0,0,198,0,L7+prob0.8<9,4553,44b6_95029e92,4753,5161.0,198,0
0.8906728724740076,0,0,0.0,0,12,14,0.8571428571428571,156,4,8,156,5,L7+prob0.8<9,36199,44b6_b2c44266,36364,59729.0,182,0
0.9553089214278753,0,0,0.0,0,24,16,0.9367088607594937,592,8,16,592,13,L7+prob0.8<9,36439,44b6_c96cfa10,37055,46236.0,632,0
0.9320156509175633,0,0,0.0,0,43,57,0.927797833935018,1285,35,8,1285,7,L7+prob0.8<9,34979,44b6_d29c9ab2,36325,38055.0,1385,4
0.9102781651960091,0,0,0.0,0,8,7,0.9112426035502958,154,6,2,154,3,L7+prob0.8<9,15020,44b6_db3c847b,15182,15023.0,169,0
0.8699669511793394,0,0,0.0,0,7,10,0.8617886178861789,106,5,2,106,1,L7+prob0.8<9,65827,44b6_e31261b4,65942,72856.0,123,0
0.8950076743634665,0,0,0.0,0,27,11,0.8628158844765343,239,6,21,239,19,L7+prob0.8<9,17704,44b6_e35b117d,17955,28641.0,277,0
0.8090282666854408,0,0,0.0,0,6,6,0.8208955223880597,55,4,2,55,1,L7+prob0.8<9,21291,44b6_f28707c6,21353,18656.0,67,0
0.8731460813197119,3,0,0.0,0,70,94,0.8715740015661707,1113,54,16,1113,14,L7+prob0.8<9,67326,6bba_05db0fb1,68541,69800.0,1277,0
0.7496442520185432,0,1,0.0,0,36,49,0.7557471264367817,263,21,15,263,10,L7+prob0.8<9,30930,6bba_1f58c2f6,31237,28903.0,348,0
0.7326582100892747,1,1,0.0,0,122,119,0.7408602150537634,689,50,72,689,60,L7+prob0.8<9,42188,6bba_32db13fc,42990,38705.0,930,0
0.7978861200363903,0,1,0.5,1,99,113,0.7977099236641222,836,55,44,836,36,L7+prob0.8<9,50989,6bba_3abfe10a,51950,52065.0,1048,2
0.9893394192252375,0,0,0.0,0,8,1,0.9875862068965517,716,0,8,716,9,L7+prob0.8<9,4971,6bba_5b28472a,5699,5802.0,725,0
0.9728880813828922,0,0,0.0,0,9,10,0.9656419529837251,534,3,6,534,4,L7+prob0.8<9,8814,6bba_61dd1e0d,9368,10128.0,553,0
0.7773315937533607,1,2,0.0,0,47,68,0.7727272727272727,391,27,20,391,13,L7+prob0.8<9,14655,6bba_67ebd073,15104,16061.0,506,2
0.9949091562964932,0,0,0.0,0,12,7,0.9859259259259259,1331,4,8,1331,8,L7+prob0.8<9,5452,6bba_6feeb0b1,6833,7518.0,1350,0
0.9126070818070817,1,2,0.0,0,26,23,0.9162393162393162,536,8,18,536,15,L7+prob0.8<9,5241,6bba_705ec2c9,5822,5600.0,585,1
0.9712840873471947,0,0,0.0,0,12,8,0.9644760213143873,543,3,9,543,8,L7+prob0.8<9,4815,6bba_7b5d3b2c,5372,5780.0,563,0
0.983951846059055,0,1,0.0,0,7,7,0.9807692307692307,714,0,7,714,4,L7+prob0.8<9,3957,6bba_96833384,4711,4869.0,728,0
0.9692385018523538,3,0,0.0,0,8,5,0.9803921568627451,650,4,4,650,3,L7+prob0.8<9,14792,6bba_969618f6,15468,13888.0,663,1
0.9386800618746709,0,0,0.0,0,27,22,0.9319444444444445,671,12,15,671,14,L7+prob0.8<9,7103,6bba_a5e926bb,7830,8440.0,720,3
0.95050569356261,0,0,0.0,0,55,28,0.9382899628252788,1262,8,47,1262,39,L7+prob0.8<9,6459,6bba_af149c94,7770,8933.0,1345,0
0.9290429478348118,3,0,0.25,1,32,20,0.9195046439628483,594,11,21,594,19,L7+prob0.8<9,4791,6bba_afb141ff,5426,6054.0,646,4
0.9802916010489643,3,2,0.16666666666666666,1,18,16,0.9750733137829912,1330,10,8,1330,8,L7+prob0.8<9,26780,6bba_cdcfe533,28191,29785.0,1364,2
0.9067885073003432,0,0,0.0,0,22,29,0.9087656529516994,508,16,6,508,5,L7+prob0.8<9,27779,6bba_d82a4fc6,28319,27716.0,559,0
0.6417054077130558,0,0,0.0,0,263,273,0.6512687052700065,1001,128,135,1001,108,L7+prob0.8<9,46494,6bba_ebff6e76,47704,41596.0,1537,4
1.0430553438024088,0,0,0.0,0,0,0,1.0,49,0,0,49,0,L7+prob0.5<12,18624,44b6_0b24845f,18675,32795.0,49,0
0.9669554461601723,0,0,0.0,0,4,5,0.9556650246305419,194,4,0,194,0,L7+prob0.5<12,28620,44b6_40c45f5a,28820,32681.0,203,0
0.8075313668509446,0,0,0.0,0,25,34,0.7713178294573644,199,20,5,199,5,L7+prob0.5<12,30348,44b6_551a5dba,30571,57627.0,258,0
1.031157319722689,0,0,0.0,0,1,1,0.9883040935672515,169,1,0,169,0,L7+prob0.5<12,11002,44b6_5740d24b,11175,19730.0,171,0
0.8750671349556812,1,0,0.0,0,21,23,0.8513513513513513,252,15,6,252,6,L7+prob0.5<12,21024,44b6_5f15d135,21296,29519.0,296,0
0.9534997387917431,0,0,0.0,0,16,24,0.9389312977099237,615,15,1,615,1,L7+prob0.5<12,32899,44b6_668e0cc7,33541,39701.0,655,0
0.9788208250497017,1,1,0.0,0,4,5,0.9375,135,4,0,135,0,L7+prob0.5<12,8299,44b6_74d0c52e,8439,15090.0,144,0
0.9689984864135224,0,0,0.0,0,16,13,0.9493891797556719,544,9,7,544,6,L7+prob0.5<12,43917,44b6_7e557709,44481,56060.0,573,0
0.5549624779572826,0,1,0.0,0,39,49,0.5555555555555556,110,26,13,110,10,L7+prob0.5<12,28259,44b6_87bba6c4,28402,28102.0,198,0
0.9509774614556805,0,0,0.0,0,15,22,0.9114832535885168,381,12,3,381,3,L7+prob0.5<12,17835,44b6_8cc6506c,18232,32172.0,418,0
1.0076148033326875,0,0,0.0,0,0,0,1.0,198,0,0,198,0,L7+prob0.5<12,4568,44b6_95029e92,4768,5161.0,198,0
0.8897974900921543,0,0,0.0,0,12,14,0.8571428571428571,156,4,8,156,5,L7+prob0.5<12,36809,44b6_b2c44266,36974,59729.0,182,0
0.9544863939655767,0,0,0.0,0,24,16,0.9367088607594937,592,8,16,592,13,L7+prob0.5<12,36845,44b6_c96cfa10,37461,46236.0,632,0
0.9318888726036371,0,0,0.0,0,43,57,0.927797833935018,1285,35,8,1285,7,L7+prob0.5<12,35031,44b6_d29c9ab2,36377,38055.0,1385,4
0.9090953634407517,0,0,0.0,0,8,7,0.9112426035502958,154,6,2,154,3,L7+prob0.5<12,15215,44b6_db3c847b,15377,15023.0,169,0
0.8692371230564179,0,0,0.0,0,7,10,0.8617886178861789,106,5,2,106,1,L7+prob0.5<12,66444,44b6_e31261b4,66559,72856.0,123,0
0.8936868939958539,0,0,0.0,0,26,12,0.8633093525179856,240,6,20,240,17,L7+prob0.5<12,18310,44b6_e35b117d,18563,28641.0,278,0
0.8084914460715292,0,0,0.0,0,6,6,0.8208955223880597,55,4,2,55,1,L7+prob0.5<12,21413,44b6_f28707c6,21475,18656.0,67,0
0.8731807019945118,3,0,0.0,0,69,94,0.8723570869224746,1114,54,15,1114,12,L7+prob0.5<12,67924,6bba_05db0fb1,69141,69800.0,1277,0
0.7526993317692685,0,1,0.0,0,36,47,0.7601156069364162,263,19,17,263,11,L7+prob0.5<12,31417,6bba_1f58c2f6,31723,28903.0,346,0
0.7358726290478268,1,1,0.0,0,116,121,0.7457081545064378,695,50,66,695,52,L7+prob0.5<12,43000,6bba_32db13fc,43810,38705.0,932,0
0.8041230201283001,0,1,0.5,1,92,112,0.8051575931232091,843,58,34,843,28,L7+prob0.5<12,51765,6bba_3abfe10a,52734,52065.0,1047,2
0.9875691854176324,0,0,0.0,0,8,1,0.9875862068965517,716,0,8,716,9,L7+prob0.5<12,5075,6bba_5b28472a,5803,5802.0,725,0
0.9720490559893044,0,0,0.0,0,9,10,0.9656419529837251,534,3,6,534,4,L7+prob0.5<12,8902,6bba_61dd1e0d,9456,10128.0,553,0
0.7756091831709788,1,2,0.0,0,47,68,0.7727272727272727,391,27,20,391,13,L7+prob0.5<12,15013,6bba_67ebd073,15462,16061.0,506,2
0.9943059028701485,0,0,0.0,0,12,7,0.9859259259259259,1331,4,8,1331,8,L7+prob0.5<12,5498,6bba_6feeb0b1,6879,7518.0,1350,0
0.9101201465201465,1,2,0.0,0,26,23,0.9162393162393162,536,8,18,536,15,L7+prob0.5<12,5393,6bba_705ec2c9,5974,5600.0,585,1
0.9700826639296404,0,0,0.0,0,12,8,0.9644760213143873,543,3,9,543,8,L7+prob0.5<12,4887,6bba_7b5d3b2c,5444,5780.0,563,0
0.9794079963537841,0,1,0.0,0,7,9,0.9780821917808219,714,2,5,714,3,L7+prob0.5<12,4048,6bba_96833384,4803,4869.0,730,0
0.9684055073642359,3,0,0.0,0,8,5,0.9803921568627451,650,4,4,650,3,L7+prob0.5<12,14910,6bba_969618f6,15586,13888.0,663,1
0.9376752402580305,0,0,0.0,0,27,22,0.9319444444444445,671,12,15,671,14,L7+prob0.5<12,7194,6bba_a5e926bb,7921,8440.0,720,3
0.9548798462629202,0,0,0.0,0,49,27,0.9434523809523809,1268,9,40,1268,33,L7+prob0.5<12,6534,6bba_af149c94,7851,8933.0,1344,0
0.9272355303813664,3,0,0.25,1,32,20,0.9195046439628483,594,11,21,594,19,L7+prob0.5<12,4910,6bba_afb141ff,5545,6054.0,646,4
0.9777188848783264,3,2,0.16666666666666666,1,18,19,0.9729334308705194,1330,13,5,1330,6,L7+prob0.5<12,26907,6bba_cdcfe533,28320,29785.0,1367,2
0.9060933914162844,0,0,0.0,0,22,29,0.9087656529516994,508,16,6,508,5,L7+prob0.5<12,27991,6bba_d82a4fc6,28531,27716.0,559,0
0.6440206406007557,0,0,0.0,0,253,279,0.6552171095268956,1011,133,120,1011,92,L7+prob0.5<12,47478,6bba_ebff6e76,48704,41596.0,1543,4
1.051023021802104,0,0,0.0,0,0,0,1.0,49,0,0,49,0,L7+prob0.8<12,16011,44b6_0b24845f,16062,32795.0,49,0
0.9701340755833033,0,0,0.0,0,4,5,0.9556650246305419,194,4,0,194,0,L7+prob0.8<12,27533,44b6_40c45f5a,27733,32681.0,203,0
0.8093061728305383,0,0,0.0,0,25,34,0.7713178294573644,199,20,5,199,5,L7+prob0.8<12,29022,44b6_551a5dba,29245,57627.0,258,0
1.0338171751392335,0,0,0.0,0,1,1,0.9883040935672515,169,1,0,169,0,L7+prob0.8<12,10471,44b6_5740d24b,10644,19730.0,171,0
0.8547203119647985,1,0,0.0,0,27,24,0.8282828282828283,246,15,12,246,12,L7+prob0.8<12,19831,44b6_5f15d135,20097,29519.0,297,0
0.9547035271863286,0,0,0.0,0,16,24,0.9389312977099237,615,15,1,615,1,L7+prob0.8<12,32390,44b6_668e0cc7,33032,39701.0,655,0
0.9807032803180914,1,1,0.0,0,4,5,0.9375,135,4,0,135,0,L7+prob0.8<12,7996,44b6_74d0c52e,8136,15090.0,144,0
0.9786365923728337,0,0,0.0,0,14,10,0.9578947368421052,546,7,7,546,6,L7+prob0.8<12,43357,44b6_7e557709,43921,56060.0,570,0
0.5711469755779769,0,1,0.0,0,38,46,0.5692307692307692,111,24,14,111,12,L7+prob0.8<12,27015,44b6_87bba6c4,27156,28102.0,195,0
0.9532099891313854,0,0,0.0,0,15,22,0.9114832535885168,381,12,3,381,3,L7+prob0.8<12,17047,44b6_8cc6506c,17444,32172.0,418,0
1.008118581670219,0,0,0.0,0,0,0,1.0,198,0,0,198,0,L7+prob0.8<12,4542,44b6_95029e92,4742,5161.0,198,0
0.9017909781401553,0,0,0.0,0,12,12,0.8666666666666667,156,4,8,156,6,L7+prob0.8<12,35358,44b6_b2c44266,35522,59729.0,180,0
0.956775694537984,0,0,0.0,0,24,16,0.9367088607594937,592,8,16,592,13,L7+prob0.8<12,35715,44b6_c96cfa10,36331,46236.0,632,0
0.932186314032464,0,0,0.0,0,43,57,0.927797833935018,1285,35,8,1285,7,L7+prob0.8<12,34909,44b6_d29c9ab2,36255,38055.0,1385,4
0.9125450499709968,0,0,0.0,0,9,6,0.9107142857142857,153,5,4,153,5,L7+prob0.8<12,14561,44b6_db3c847b,14721,15023.0,168,0
0.7932729050350111,0,0,0.0,0,11,17,0.7846153846153846,102,7,4,102,2,L7+prob0.8<12,64703,44b6_e31261b4,64817,72856.0,130,0
0.8910729701696225,0,0,0.0,0,29,11,0.855595667870036,237,5,24,237,21,L7+prob0.8<12,16516,44b6_e35b117d,16765,28641.0,277,0
0.8099963038580682,0,0,0.0,0,6,6,0.8208955223880597,55,4,2,55,1,L7+prob0.8<12,21071,44b6_f28707c6,21133,18656.0,67,0
0.8741250412297805,3,0,0.0,0,70,94,0.8715740015661707,1113,54,16,1113,14,L7+prob0.8<12,66542,6bba_05db0fb1,67757,69800.0,1277,0
0.7632943872407225,0,1,0.0,0,35,45,0.7674418604651163,264,18,17,264,11,L7+prob0.8<12,30159,6bba_1f58c2f6,30465,28903.0,344,0
0.7285393781338211,1,1,0.0,0,131,115,0.734341252699784,680,47,84,680,73,L7+prob0.8<12,40974,6bba_32db13fc,41763,38705.0,926,0
0.7974658229266903,0,1,0.5,1,103,112,0.7946513849092646,832,51,52,832,42,L7+prob0.8<12,49266,6bba_3abfe10a,50221,52065.0,1047,2
0.9918926410631292,0,0,0.0,0,8,1,0.9875862068965517,716,0,8,716,9,L7+prob0.8<12,4821,6bba_5b28472a,5549,5802.0,725,0
0.968468458799826,0,0,0.0,0,13,9,0.9601449275362319,530,3,10,530,9,L7+prob0.8<12,8701,6bba_61dd1e0d,9250,10128.0,552,0
0.7800210560873034,1,2,0.0,0,47,68,0.7727272727272727,391,27,20,391,13,L7+prob0.8<12,14096,6bba_67ebd073,14545,16061.0,506,2
0.9962074625836264,0,0,0.0,0,12,7,0.9859259259259259,1331,4,8,1331,8,L7+prob0.8<12,5353,6bba_6feeb0b1,6734,7518.0,1350,0
0.9029466110975907,1,2,0.0,0,33,25,0.9011925042589438,529,8,25,529,22,L7+prob0.8<12,4917,6bba_705ec2c9,5491,5600.0,587,1
0.9730361631644612,0,0,0.0,0,12,8,0.9644760213143873,543,3,9,543,8,L7+prob0.8<12,4710,6bba_7b5d3b2c,5267,5780.0,563,0
0.9843547087539694,0,1,0.0,0,7,7,0.9807692307692307,714,0,7,714,4,L7+prob0.8<12,3937,6bba_96833384,4691,4869.0,728,0
0.9709750835818198,3,0,0.0,0,8,5,0.9803921568627451,650,4,4,650,3,L7+prob0.8<12,14546,6bba_969618f6,15222,13888.0,663,1
0.9268750742584061,0,0,0.0,0,39,20,0.9178272980501393,659,10,29,659,30,L7+prob0.8<12,6897,6bba_a5e926bb,7608,8440.0,718,2
0.9466347784435724,0,0,0.0,0,61,28,0.9338289962825279,1256,7,54,1256,46,L7+prob0.8<12,6404,6bba_af149c94,7708,8933.0,1345,0
0.9130950130991619,3,0,0.25,1,45,19,0.9007751937984496,581,9,36,581,34,L7+prob0.8<12,4606,6bba_afb141ff,5226,6054.0,645,4
0.9809790792960499,3,2,0.16666666666666666,1,18,16,0.9750733137829912,1330,10,8,1330,8,L7+prob0.8<12,26570,6bba_cdcfe533,27981,29785.0,1364,2
0.8922715927709859,0,0,0.0,0,29,31,0.893048128342246,501,15,14,501,12,L7+prob0.8<12,27424,6bba_d82a4fc6,27957,27716.0,561,0
0.6322751880339741,0,0,0.0,0,284,269,0.639269406392694,980,120,164,980,134,L7+prob0.8<12,44963,6bba_ebff6e76,46147,41596.0,1533,4
1.0447842658941913,0,0,0.0,0,0,0,1.0,49,0,0,49,0,L7+interior_min7<8,18057,44b6_0b24845f,18108,32795.0,49,0
0.9677245165725766,0,0,0.0,0,4,5,0.9556650246305419,194,4,0,194,0,L7+interior_min7<8,28357,44b6_40c45f5a,28557,32681.0,203,0
0.8081296611743823,0,0,0.0,0,25,34,0.7713178294573644,199,20,5,199,5,L7+interior_min7<8,29901,44b6_551a5dba,30124,57627.0,258,0
1.0316482158259308,0,0,0.0,0,1,1,0.9883040935672515,169,1,0,169,0,L7+interior_min7<8,10904,44b6_5740d24b,11077,19730.0,171,0
0.8757996910830679,1,0,0.0,0,21,23,0.8513513513513513,252,15,6,252,6,L7+interior_min7<8,20770,44b6_5f15d135,21042,29519.0,296,0
0.9539301700055242,0,0,0.0,0,16,24,0.9389312977099237,615,15,1,615,1,L7+interior_min7<8,32717,44b6_668e0cc7,33359,39701.0,655,0
0.979429671968191,1,1,0.0,0,4,5,0.9375,135,4,0,135,0,L7+interior_min7<8,8201,44b6_74d0c52e,8341,15090.0,144,0
0.9779719097958953,0,0,0.0,0,14,10,0.9578947368421052,546,7,7,546,6,L7+interior_min7<8,43746,44b6_7e557709,44310,56060.0,570,0
0.555371701500091,0,1,0.0,0,39,49,0.5555555555555556,110,26,13,110,10,L7+interior_min7<8,28052,44b6_87bba6c4,28195,28102.0,198,0
0.9516517528095102,0,0,0.0,0,15,22,0.9114832535885168,381,12,3,381,3,L7+interior_min7<8,17597,44b6_8cc6506c,17994,32172.0,418,0
1.0076148033326875,0,0,0.0,0,0,0,1.0,198,0,0,198,0,L7+interior_min7<8,4568,44b6_95029e92,4768,5161.0,198,0
0.8904403938742367,0,0,0.0,0,12,14,0.8571428571428571,156,4,8,156,5,L7+interior_min7<8,36361,44b6_b2c44266,36526,59729.0,182,0
0.9548591650322341,0,0,0.0,0,24,16,0.9367088607594937,592,8,16,592,13,L7+interior_min7<8,36661,44b6_c96cfa10,37277,46236.0,632,0
0.9321448672759881,0,0,0.0,0,43,57,0.927797833935018,1285,35,8,1285,7,L7+interior_min7<8,34926,44b6_d29c9ab2,36272,38055.0,1385,4
0.9096412719431782,0,0,0.0,0,8,7,0.9112426035502958,154,6,2,154,3,L7+interior_min7<8,15125,44b6_db3c847b,15287,15023.0,169,0
0.8697670468798682,0,0,0.0,0,7,10,0.8617886178861789,106,5,2,106,1,L7+interior_min7<8,65996,44b6_e31261b4,66111,72856.0,123,0
0.8946936511752156,0,0,0.0,0,26,12,0.8633093525179856,240,6,20,240,17,L7+interior_min7<8,17976,44b6_e35b117d,18229,28641.0,278,0
0.8090282666854408,0,0,0.0,0,6,6,0.8208955223880597,55,4,2,55,1,L7+interior_min7<8,21291,44b6_f28707c6,21353,18656.0,67,0
0.8735043989651605,3,0,0.0,0,69,94,0.8723570869224746,1114,54,15,1114,12,L7+interior_min7<8,67665,6bba_05db0fb1,68882,69800.0,1277,0
0.7357680422422712,0,1,0.0,0,40,50,0.7421203438395415,259,20,20,259,14,L7+interior_min7<8,31074,6bba_1f58c2f6,31377,28903.0,349,0
0.7345753201973994,1,1,0.0,0,118,121,0.7435622317596566,693,50,68,693,55,L7+interior_min7<8,42576,6bba_32db13fc,43383,38705.0,932,0
0.7998306588695624,0,1,0.5,1,94,116,0.8001902949571836,841,60,34,841,28,L7+interior_min7<8,51330,6bba_3abfe10a,52299,52065.0,1051,2
0.9878925935170988,0,0,0.0,0,8,1,0.9875862068965517,716,0,8,716,9,L7+interior_min7<8,5056,6bba_5b28472a,5784,5802.0,725,0
0.9724494999271531,0,0,0.0,0,9,10,0.9656419529837251,534,3,6,534,4,L7+interior_min7<8,8860,6bba_61dd1e0d,9414,10128.0,553,0
0.7761720938920366,1,2,0.0,0,47,68,0.7727272727272727,391,27,20,391,13,L7+interior_min7<8,14896,6bba_67ebd073,15345,16061.0,506,2
0.99458130117348,0,0,0.0,0,12,7,0.9859259259259259,1331,4,8,1331,8,L7+interior_min7<8,5477,6bba_6feeb0b1,6858,7518.0,1350,0
0.9031214285714286,1,2,0.0,0,31,23,0.9076923076923077,531,7,24,531,21,L7+interior_min7<8,5307,6bba_705ec2c9,5882,5600.0,585,1
0.9709503586200962,0,0,0.0,0,12,8,0.9644760213143873,543,3,9,543,8,L7+interior_min7<8,4835,6bba_7b5d3b2c,5392,5780.0,563,0
0.9833676951514289,0,1,0.0,0,7,7,0.9807692307692307,714,0,7,714,4,L7+interior_min7<8,3986,6bba_96833384,4740,4869.0,728,0
0.9689984864913707,3,0,0.0,0,8,5,0.9803921568627451,650,4,4,650,3,L7+interior_min7<8,14826,6bba_969618f6,15502,13888.0,663,1
0.9356400078988942,0,0,0.0,0,29,22,0.9291666666666667,669,11,18,669,17,L7+interior_min7<8,7128,6bba_a5e926bb,7852,8440.0,720,3
0.9554712862420239,0,0,0.0,0,49,27,0.9434523809523809,1268,9,40,1268,33,L7+interior_min7<8,6478,6bba_af149c94,7795,8933.0,1344,0
0.9228880079286422,3,0,0.25,1,32,24,0.9138461538461539,594,15,17,594,17,L7+interior_min7<8,4818,6bba_afb141ff,5455,6054.0,650,4
0.9780782022441004,3,2,0.16666666666666666,1,18,19,0.9729334308705194,1330,13,5,1330,6,L7+interior_min7<8,26797,6bba_cdcfe533,28210,29785.0,1367,2
0.9065425936621149,0,0,0.0,0,22,29,0.9087656529516994,508,16,6,508,5,L7+interior_min7<8,27854,6bba_d82a4fc6,28394,27716.0,559,0
0.6396256839163988,0,0,0.0,0,260,280,0.6502590673575129,1004,134,126,1004,99,L7+interior_min7<8,47179,6bba_ebff6e76,48398,41596.0,1544,4
1.0464430553438024,0,0,0.0,0,0,0,1.0,49,0,0,49,0,L7+interior_min7<9,17513,44b6_0b24845f,17564,32795.0,49,0
0.9684965112070814,0,0,0.0,0,4,5,0.9556650246305419,194,4,0,194,0,L7+interior_min7<9,28093,44b6_40c45f5a,28293,32681.0,203,0
0.808729293963868,0,0,0.0,0,25,34,0.7713178294573644,199,20,5,199,5,L7+interior_min7<9,29453,44b6_551a5dba,29676,57627.0,258,0
1.0324096057003467,0,0,0.0,0,1,1,0.9883040935672515,169,1,0,169,0,L7+interior_min7<9,10752,44b6_5740d24b,10925,19730.0,171,0
0.8767687417082722,1,0,0.0,0,21,23,0.8513513513513513,252,15,6,252,6,L7+interior_min7<9,20434,44b6_5f15d135,20706,29519.0,296,0
0.9544599314994086,0,0,0.0,0,16,24,0.9389312977099237,615,15,1,615,1,L7+interior_min7<9,32493,44b6_668e0cc7,33135,39701.0,655,0
0.9800757952286283,1,1,0.0,0,4,5,0.9375,135,4,0,135,0,L7+interior_min7<9,8097,44b6_74d0c52e,8237,15090.0,144,0
0.9782453010871809,0,0,0.0,0,14,10,0.9578947368421052,546,7,7,546,6,L7+interior_min7<9,43586,44b6_7e557709,44150,56060.0,570,0
0.5561150254232596,0,1,0.0,0,39,49,0.5555555555555556,110,26,13,110,10,L7+interior_min7<9,27676,44b6_87bba6c4,27819,28102.0,198,0
0.9522183841992831,0,0,0.0,0,15,22,0.9114832535885168,381,12,3,381,3,L7+interior_min7<9,17397,44b6_8cc6506c,17794,32172.0,418,0
1.0079248207711684,0,0,0.0,0,0,0,1.0,198,0,0,198,0,L7+interior_min7<9,4552,44b6_95029e92,4752,5161.0,198,0
0.891060336806959,0,0,0.0,0,12,14,0.8571428571428571,156,4,8,156,5,L7+interior_min7<9,35929,44b6_b2c44266,36094,59729.0,182,0
0.9555560848525069,0,0,0.0,0,24,16,0.9367088607594937,592,8,16,592,13,L7+interior_min7<9,36317,44b6_c96cfa10,36933,46236.0,632,0
0.9323789195478519,0,0,0.0,0,43,57,0.927797833935018,1285,35,8,1285,7,L7+interior_min7<9,34830,44b6_d29c9ab2,36176,38055.0,1385,4
0.9101750491455507,0,0,0.0,0,8,7,0.9112426035502958,154,6,2,154,3,L7+interior_min7<9,15037,44b6_db3c847b,15199,15023.0,169,0
0.8702969707033186,0,0,0.0,0,7,10,0.8617886178861789,106,5,2,106,1,L7+interior_min7<9,65548,44b6_e31261b4,65663,72856.0,123,0
0.8958028926183448,0,0,0.0,0,26,12,0.8633093525179856,240,6,20,240,17,L7+interior_min7<9,17608,44b6_e35b117d,17861,28641.0,278,0
0.8094506829062236,0,0,0.0,0,6,6,0.8208955223880597,55,4,2,55,1,L7+interior_min7<9,21195,44b6_f28707c6,21257,18656.0,67,0
0.8730199653108893,3,0,0.0,0,70,94,0.8715740015661707,1113,54,16,1113,14,L7+interior_min7<9,67427,6bba_05db0fb1,68642,69800.0,1277,0
0.7364664359506211,0,1,0.0,0,40,50,0.7421203438395415,259,20,20,259,14,L7+interior_min7<9,30802,6bba_1f58c2f6,31105,28903.0,349,0
0.7252885501442535,1,1,0.0,0,129,119,0.7333333333333333,682,50,79,682,68,L7+interior_min7<9,42157,6bba_32db13fc,42951,38705.0,930,0
0.7981236021033603,0,1,0.5,1,99,113,0.7977099236641222,836,55,44,836,36,L7+interior_min7<9,50834,6bba_3abfe10a,51795,52065.0,1048,2
0.9889819681679326,0,0,0.0,0,8,1,0.9875862068965517,716,0,8,716,9,L7+interior_min7<9,4992,6bba_5b28472a,5720,5802.0,725,0
0.9727546000702759,0,0,0.0,0,9,10,0.9656419529837251,534,3,6,534,4,L7+interior_min7<9,8828,6bba_61dd1e0d,9382,10128.0,553,0
0.7675385320737417,1,2,0.0,0,52,68,0.7628458498023716,386,26,26,386,19,L7+interior_min7<9,14630,6bba_67ebd073,15073,16061.0,506,2
0.9954206102883942,0,0,0.0,0,12,7,0.9859259259259259,1331,4,8,1331,8,L7+interior_min7<9,5413,6bba_6feeb0b1,6794,7518.0,1350,0
0.9038994505494505,1,2,0.0,0,31,23,0.9076923076923077,531,7,24,531,21,L7+interior_min7<9,5259,6bba_705ec2c9,5834,5600.0,585,1
0.9717513075651325,0,0,0.0,0,12,8,0.9644760213143873,543,3,9,543,8,L7+interior_min7<9,4787,6bba_7b5d3b2c,5344,5780.0,563,0
0.9833676951514289,0,1,0.0,0,7,7,0.9807692307692307,714,0,7,714,4,L7+interior_min7<9,3986,6bba_96833384,4740,4869.0,728,0
0.9695067543146291,3,0,0.0,0,8,5,0.9803921568627451,650,4,4,650,3,L7+interior_min7<9,14754,6bba_969618f6,15430,13888.0,663,1
0.936784952606635,0,0,0.0,0,29,22,0.9291666666666667,669,11,18,669,17,L7+interior_min7<9,7024,6bba_a5e926bb,7748,8440.0,720,3
0.9506632481292996,0,0,0.0,0,55,28,0.9382899628252788,1262,8,47,1262,39,L7+interior_min7<9,6444,6bba_af149c94,7755,8933.0,1345,0
0.9248541337076047,3,0,0.25,1,37,18,0.9145962732919255,589,9,28,589,26,L7+interior_min7<9,4747,6bba_afb141ff,5375,6054.0,644,3
0.9784440526528883,3,2,0.16666666666666666,1,18,19,0.9729334308705194,1330,13,5,1330,6,L7+interior_min7<9,26685,6bba_cdcfe533,28098,29785.0,1367,2
0.9071459017879019,0,0,0.0,0,22,29,0.9087656529516994,508,16,6,508,5,L7+interior_min7<9,27670,6bba_d82a4fc6,28210,27716.0,559,0
0.6273767531523347,0,0,0.0,0,282,278,0.6368352788586251,982,127,155,982,126,L7+interior_min7<9,46582,6bba_ebff6e76,47774,41596.0,1542,4
1.0481719774355847,0,0,0.0,0,0,0,1.0,49,0,0,49,0,L7+interior_min7<10,16946,44b6_0b24845f,16997,32795.0,49,0
0.9693386871719955,0,0,0.0,0,4,5,0.9556650246305419,194,4,0,194,0,L7+interior_min7<10,27805,44b6_40c45f5a,28005,32681.0,203,0
0.8094038808520392,0,0,0.0,0,25,34,0.7713178294573644,199,20,5,199,5,L7+interior_min7<10,28949,44b6_551a5dba,29172,57627.0,258,0
1.0334464984898468,0,0,0.0,0,1,1,0.9883040935672515,169,1,0,169,0,L7+interior_min7<10,10545,44b6_5740d24b,10718,19730.0,171,0
0.8772878759717744,1,0,0.0,0,21,23,0.8513513513513513,252,15,6,252,6,L7+interior_min7<10,20254,44b6_5f15d135,20526,29519.0,296,0
0.9550984833000726,0,0,0.0,0,16,24,0.9389312977099237,615,15,1,615,1,L7+interior_min7<10,32223,44b6_668e0cc7,32865,39701.0,655,0
0.9805790258449305,1,1,0.0,0,4,5,0.9375,135,4,0,135,0,L7+interior_min7<10,8016,44b6_74d0c52e,8156,15090.0,144,0
0.9786143793304167,0,0,0.0,0,14,10,0.9578947368421052,546,7,7,546,6,L7+interior_min7<10,43370,44b6_7e557709,43934,56060.0,570,0
0.5756547667927641,0,1,0.0,0,37,46,0.5743589743589743,112,24,13,112,10,L7+interior_min7<10,27325,44b6_87bba6c4,27468,28102.0,195,0
0.952779349275158,0,0,0.0,0,15,22,0.9114832535885168,381,12,3,381,3,L7+interior_min7<10,17199,44b6_8cc6506c,17596,32172.0,418,0
1.0079248207711684,0,0,0.0,0,0,0,1.0,198,0,0,198,0,L7+interior_min7<10,4552,44b6_95029e92,4752,5161.0,198,0
0.8914478011399105,0,0,0.0,0,12,14,0.8571428571428571,156,4,8,156,5,L7+interior_min7<10,35659,44b6_b2c44266,35824,59729.0,182,0
0.956157785976405,0,0,0.0,0,24,16,0.9367088607594937,592,8,16,592,13,L7+interior_min7<10,36020,44b6_c96cfa10,36636,46236.0,632,0
0.9327080555551603,0,0,0.0,0,43,57,0.927797833935018,1285,35,8,1285,7,L7+interior_min7<10,34695,44b6_d29c9ab2,36041,38055.0,1385,4
0.9109393210489478,0,0,0.0,0,8,7,0.9112426035502958,154,6,2,154,3,L7+interior_min7<10,14911,44b6_db3c847b,15073,15023.0,169,0
0.7929239764846989,0,0,0.0,0,11,17,0.7846153846153846,102,7,4,102,2,L7+interior_min7<10,65027,44b6_e31261b4,65141,72856.0,130,0
0.8894677575212272,0,0,0.0,0,28,12,0.8561151079136691,238,5,23,238,19,L7+interior_min7<10,17232,44b6_e35b117d,17483,28641.0,278,0
0.8101635102787947,0,0,0.0,0,6,6,0.8208955223880597,55,4,2,55,1,L7+interior_min7<10,21033,44b6_f28707c6,21095,18656.0,67,0
0.873368345176845,3,0,0.0,0,70,94,0.8715740015661707,1113,54,16,1113,14,L7+interior_min7<10,67148,6bba_05db0fb1,68363,69800.0,1277,0
0.7370210427190166,0,1,0.0,0,40,50,0.7421203438395415,259,20,20,259,14,L7+interior_min7<10,30586,6bba_1f58c2f6,30889,28903.0,349,0
0.7304500593317732,1,1,0.0,0,128,115,0.7375809935205183,683,47,81,683,70,L7+interior_min7<10,41655,6bba_32db13fc,42447,38705.0,926,0
0.793641091492777,0,1,0.5,1,103,115,0.7923809523809524,832,54,49,832,40,L7+interior_min7<10,50280,6bba_3abfe10a,51237,52065.0,1050,2
0.9900543213398472,0,0,0.0,0,8,1,0.9875862068965517,716,0,8,716,9,L7+interior_min7<10,4929,6bba_5b28472a,5657,5802.0,725,0
0.9678143316276302,0,0,0.0,0,13,9,0.9601449275362319,530,3,10,530,9,L7+interior_min7<10,8770,6bba_61dd1e0d,9319,10128.0,552,0
0.7684362212936697,1,2,0.0,0,52,68,0.7628458498023716,386,26,26,386,19,L7+interior_min7<10,14441,6bba_67ebd073,14884,16061.0,506,2
0.9963648330426728,0,0,0.0,0,12,7,0.9859259259259259,1331,4,8,1331,8,L7+interior_min7<10,5341,6bba_6feeb0b1,6722,7518.0,1350,0
0.892580280830281,1,2,0.0,0,39,23,0.8940170940170941,523,6,33,523,30,L7+interior_min7<10,5124,6bba_705ec2c9,5690,5600.0,585,1
0.9726523751282983,0,0,0.0,0,12,8,0.9644760213143873,543,3,9,543,8,L7+interior_min7<10,4733,6bba_7b5d3b2c,5290,5780.0,563,0
0.9835489833641405,0,1,0.0,0,7,7,0.9807692307692307,714,0,7,714,4,L7+interior_min7<10,3977,6bba_96833384,4731,4869.0,728,0
0.9703326895274238,3,0,0.0,0,8,5,0.9803921568627451,650,4,4,650,3,L7+interior_min7<10,14637,6bba_969618f6,15313,13888.0,663,1
0.9377757701421802,0,0,0.0,0,29,22,0.9291666666666667,669,11,18,669,17,L7+interior_min7<10,6934,6bba_a5e926bb,7658,8440.0,720,3
0.9507577808693134,0,0,0.0,0,55,28,0.9382899628252788,1262,8,47,1262,39,L7+interior_min7<10,6435,6bba_af149c94,7746,8933.0,1345,0
0.9252636073164229,3,0,0.25,1,38,17,0.9144634525660964,588,8,30,588,28,L7+interior_min7<10,4713,6bba_afb141ff,5339,6054.0,643,3
0.9787086408949582,3,2,0.16666666666666666,1,18,19,0.9729334308705194,1330,13,5,1330,6,L7+interior_min7<10,26604,6bba_cdcfe533,28017,29785.0,1367,2
0.9077951137928248,0,0,0.0,0,22,29,0.9087656529516994,508,16,6,508,5,L7+interior_min7<10,27472,6bba_d82a4fc6,28012,27716.0,559,0
0.6259622588916651,0,0,0.0,0,287,275,0.6348278102664068,977,123,164,977,134,L7+interior_min7<10,46221,6bba_ebff6e76,47405,41596.0,1539,4
