Rank,TeamId,TeamName,LastSubmissionDate,Score,SubmissionCount,TeamMemberUserNames
1,16454292,"Sergio Alvarez","2026-09-25 23:54:29",0.975,101,sersasj
2,16847212,Gabriel,"2026-09-25 07:15:14",0.975,23,"shawsebastian,tvtdddd"
3,16454395,yu4u,"2026-09-25 16:59:36",0.973,116,ren4yu
4,16893781,ymg_aq,"2026-09-26 00:01:24",0.971,41,ymgpalaqs
5,16512330,tatsutaka,"2026-09-24 17:50:35",0.971,104,tatsutaka
6,16455316,Tang,"2026-09-25 03:56:21",0.970,185,hirotetsu
7,16675792,unicellular,"2026-09-26 01:54:33",0.969,173,aliozanmemetoglu
8,16907051,"Burhan Ul Tayyab","2026-09-25 16:18:53",0.969,34,babychick
9,16494792,z7777,"2026-09-25 21:27:26",0.969,126,songqizhou
10,16685695,"VOXEL ART","2026-09-25 15:55:17",0.968,298,"asimandia,ignatgotin,mikhisor,ogurtsov,zoli800"
11,16531860,"Soheil Ayati","2026-09-24 19:08:44",0.968,70,soheilayati
12,16535813,slime,"2026-09-26 03:01:56",0.968,157,"eijixxx,gaopengren"
13,16893229,"Kayla L.","2026-09-25 00:04:02",0.967,55,kaylal915
14,16557477,"Takahiro Katsumata (tkatsuma)","2026-09-26 00:06:01",0.966,47,alextfkd
15,16719036,"The Boys","2026-09-26 03:39:11",0.966,297,"lowasitgoes,sggpls,tonylica"
16,16545035,Zyy7390,"2026-09-25 00:12:17",0.966,106,zyy7390
17,16552030,"Ryo Hasegawa","2026-09-26 00:14:30",0.966,112,ryohasegawa926
18,16679305,Corwin,"2026-09-25 13:54:11",0.965,95,"corwin1979,mathisbaguette"
19,16800114,"Syed Asad Ali","2026-09-25 20:42:20",0.965,19,syed3000
20,16738619,Shoko,"2026-09-25 12:10:59",0.965,34,abreyton
21,16453453,OzanM.,"2026-09-25 21:13:29",0.965,148,analyticaobscura
22,16839023,"Ad Space available","2026-09-25 19:39:45",0.965,70,"rainchen0411,richardsilence"
23,16943367,Yaroslav,"2026-09-26 00:07:07",0.964,22,yaroslavrogoza
24,16712536,Yizhou,"2026-09-25 13:29:25",0.964,51,yaphellee
25,16671090,"tomohito shimura","2026-09-25 17:19:36",0.964,47,tomohitoshimura
26,16779186,Quantizr,"2026-09-25 23:20:56",0.964,8,quantizr
27,16734921,SoichiOzaki,"2026-09-26 00:00:49",0.964,127,soichiozaki
28,16557044,"que la cuenten como quieran","2026-09-26 00:04:13",0.964,23,germanjurado1
29,16778653,"Nabil Hanif","2026-09-25 19:27:51",0.964,21,nmh12345
30,16943822,"Noah Öksüz","2026-09-26 00:10:49",0.963,20,noahksz
31,16918262,Ascent,"2026-09-26 00:04:20",0.963,12,ishaangangwani
32,16756161,"Jeff Horon","2026-09-26 00:02:29",0.963,85,jeffhoron
33,16600445,goh,"2026-09-25 12:03:04",0.963,37,bungohatayama
34,16667756,LeeDongHyuk,"2026-09-26 00:02:14",0.963,243,odyssey189
35,16549666,"Makoto Nagatomo","2026-09-25 12:42:47",0.963,71,makotonagatomo0926
36,16846037,"cheng ren01","2026-09-25 07:32:34",0.962,24,"chengren01,zsuzifan"
37,16454235,"Vibes & Edges Trade-Off","2026-09-25 13:49:16",0.962,396,"dorainren,i2nfinit3y,tahaalshatiri,tom99763,weishanshan033"
38,16472193,"LIN mimosa","2026-09-25 14:52:20",0.962,28,"achenyyc,linmimosa"
39,16459877,laughingmen,"2026-09-25 15:01:46",0.962,41,laughingmen
40,16533694,yuto083,"2026-09-25 22:04:54",0.962,203,yuto0712
41,16655121,"Roronoa Zoro","2026-09-25 06:08:54",0.962,29,fevziyeniyol
42,16750423,"Deniz Özaydın","2026-09-25 13:02:14",0.962,73,"deniz143wow,seymenaltnel"
43,16454955,RicardoLópez,"2026-09-25 22:06:50",0.961,97,richi2489
44,16809138,"Boris Matsakov","2026-09-26 00:49:36",0.961,15,borismatsakov
45,16461152,"Abnormal Guys","2026-09-25 06:04:39",0.961,112,"gwey1025,koushikrudra,liuyangmei,lxorbade,xinranju"
46,16673305,"Samuel Sundararaman ","2026-09-26 00:03:12",0.961,69,neopok919
47,16461350,TWEAK,"2026-09-25 12:43:24",0.961,361,"antonoof,l1ghtsource,markdjadchenko,tweakai,varianceofx"
48,16555250,"syouya tobita","2026-09-25 16:53:38",0.961,53,syouyatobita
49,16943742,"Reuben Ernser","2026-09-25 23:21:14",0.961,15,reubenernser
50,16667430,LMM開発室のシルバーウィーク,"2026-09-25 05:48:06",0.961,139,"konbu17,yuki0731"
51,16596911,"Michael Hernandez","2026-09-26 00:01:35",0.961,148,michaelhernandez4
52,16863417,rode1234,"2026-09-26 00:01:57",0.960,65,rode1234
53,16610773,Choruru,"2026-09-26 00:20:26",0.960,149,choruru
54,16718308,Artalmaz31,"2026-09-25 02:24:25",0.960,147,"andronhl,artalmaz31,isy640"
55,16855245,BorisV,"2026-09-25 18:42:22",0.960,44,bvoskresenskii
56,16533430,Bio-Pirates,"2026-09-25 21:37:11",0.960,179,"akankshatiwari2803,ankitlade12,indarkarhana,jsaikrishna"
57,16933058,mmtyeu,"2026-09-25 18:08:49",0.960,18,"guaijf,mmtyeu,turtti"
58,16812172,"Xie Zejian","2026-09-25 14:33:38",0.960,84,xiezejian
59,16588726,kusui26,"2026-09-25 20:10:32",0.960,11,kusui26
60,16466353,"Zhu Chen 96","2026-09-26 00:08:38",0.960,81,zhuchen96
61,16575737,"Bioinformatics is not solution","2026-09-25 13:45:48",0.959,45,"dfgtde,yuyizhu"
62,16892218,DrFranklinH,"2026-09-26 00:39:18",0.959,61,drfranklinh
63,16564752,taiseiu,"2026-09-26 00:11:12",0.959,86,taiseiu
64,16805586,Jivansh,"2026-09-25 21:03:54",0.959,13,jivanshc
65,16618295,"Jiman Kwon","2026-09-25 18:56:23",0.959,147,jimankwon
66,16703128,"Teddy Tennant","2026-09-24 23:55:38",0.959,40,thtennant
67,16462662,Amin,"2026-09-25 20:11:47",0.959,161,aminvafaei
68,16458589,xanderr,"2026-09-26 00:06:13",0.959,293,"arulprasadsp,joshnaacshas21cs,shalwinsanju"
69,16486532,enddl22,"2026-09-25 04:19:34",0.959,222,enddl22
70,16691780,r3takahashi,"2026-09-25 19:47:56",0.959,121,r3takahashi
71,16455935,mige551,"2026-09-25 12:44:40",0.959,85,mige551
72,16758580,MTADA,"2026-09-26 01:43:18",0.959,66,"masarutada,tokitamago"
73,16514796,Mositaku,"2026-09-25 15:21:12",0.958,16,versavice
74,16575814,"Umesh Arampath","2026-09-20 15:15:59",0.958,138,uarampath
75,16925869,Rio,"2026-09-26 00:44:55",0.958,3,ryosukehada
76,16707369,辛弃疾lhx,"2026-09-25 08:33:03",0.958,28,"chaohong03,hsnononolhx,jacobwu2028,yindujuxi123"
77,16885171,thisray,"2026-09-24 01:35:12",0.958,18,thisray
78,16843878,T1,"2026-09-26 01:36:25",0.958,51,weense
79,16931466,RyotaroAbe,"2026-09-25 23:15:01",0.958,10,ryotaro45123
80,16848330,Daikon99,"2026-09-25 18:03:21",0.958,27,daikon99
81,16458101,"Knight of Favonius","2026-09-25 11:49:13",0.958,97,ladyfaye
82,16482033,zentropy,"2026-09-26 00:00:29",0.957,375,jessky
83,16734265,"Takumu Hata","2026-09-18 15:53:41",0.957,1,takumuhata
84,16454661,"Matt Goldfield","2026-09-26 00:01:40",0.957,274,mgoldfield
85,16489438,"Alfonso Sánchez","2026-09-25 14:04:35",0.957,112,alfonso1799
86,16461589,Pai,"2026-09-25 18:48:26",0.957,46,rajathrpai
87,16817845,"Vijay Mariappan","2026-09-25 20:31:31",0.957,72,vijay75
88,16667924,"Adil Khabibullin","2026-09-25 17:02:29",0.957,55,adilkhabibullin
89,16594300,Brothers,"2026-09-26 00:40:22",0.957,58,"talhabacak,tarikbacak"
90,16690735,"Ivan Gevorkov","2026-09-25 17:02:59",0.957,147,"alexeyshmelev,ivangevorkov"
91,16758945,Miz,"2026-09-25 13:46:52",0.957,47,ryota040
92,16854211,Guest21222,"2026-09-26 00:01:15",0.957,26,guest21222
93,16479761,codebeforework,"2026-09-24 20:34:06",0.957,115,codebeforework
94,16734955,Jongwon,"2026-09-25 00:02:28",0.957,137,impala9397
95,16671210,nonca,"2026-09-22 10:14:32",0.957,39,quoteriskmst
96,16714204,andrei6184,"2026-09-25 12:19:08",0.957,28,andrei6184
97,16774680,rogerrogerroger3r,"2026-09-25 18:15:26",0.957,77,rogerrogerroger3r
98,16670748,"To The Moon","2026-09-26 00:07:58",0.956,211,"andrey4522,ispromashka,pavelsavchenkov,williamwu88"
99,16475949,Naladweppo,"2026-09-25 08:38:17",0.956,12,naladwepo
100,16844234,y3uanm,"2026-09-25 03:30:47",0.956,62,"delta47x,lunpaixo,y3uanm,zhaozhangwen"
101,16480462,maesaer,"2026-09-25 14:14:31",0.956,93,maesaer
102,16518070,"Anvith Pothula","2026-09-26 01:08:28",0.956,133,anvithpothula
103,16799729,yeming151,"2026-09-25 00:59:38",0.956,8,"chenenhao,jiangxinyao1,lplooo,yeming151"
104,16875605,kkkk,"2026-09-26 00:21:12",0.956,57,kkkk4649
105,16927822,"William Zhao","2026-09-25 11:05:43",0.956,3,willzhaoo
106,16561614,"Justin CH123","2026-09-26 00:10:30",0.956,69,justinch123
107,16942268,Tiagomgfernandes,"2026-09-25 15:27:17",0.956,1,tiagomgfernandes
108,16796493,T-Hans7,"2026-09-26 01:04:42",0.956,53,"asd242538a,eiffellu,sowsowa,thans7"
109,16728526,tedo,"2026-09-24 16:25:34",0.956,51,takuroedo
110,16533366,RFeng12,"2026-09-25 15:49:28",0.956,51,rfeng12
111,16756059,Thomas,"2026-09-26 00:07:02",0.956,45,tommurakami
112,16693040,"Carl Makt","2026-09-25 02:01:52",0.956,23,carlmakt
113,16854730,Korokke3,"2026-09-26 00:36:20",0.956,11,korokke3
114,16747091,heliosli,"2026-09-25 10:34:12",0.956,69,heliosli
115,16710283,Maaax,"2026-09-26 00:00:25",0.956,53,maaax
116,16484369,"Médéric Hurier (Fmind)","2026-09-25 08:35:24",0.956,147,freaxmind
117,16900521,Machine_e1,"2026-09-24 13:05:30",0.956,12,"arcanee1,machinee1,mymilk"
118,16710230,"Deep Thought","2026-09-25 15:25:58",0.956,68,deepakjnath
119,16731820,Faustine,"2026-09-25 21:17:46",0.956,34,faustine649
120,16785643,CrazyML,"2026-09-25 13:55:47",0.956,42,"janhvikhattri,sorcererbi,vedanshipathak"
121,16728523,aca-ta,"2026-09-25 17:31:27",0.956,21,seljydef
122,16481288,TakamaruEX,"2026-09-26 00:04:05",0.956,135,takamaruex
123,16937825,"Teju Olarewaju","2026-09-25 01:29:03",0.956,20,tejuolarewaju
124,16461729,tc-al,"2026-09-26 01:05:06",0.955,20,bobmyersthesecond
125,16497717,kkunizaw,"2026-09-26 00:02:21",0.955,147,kkunizaw
126,16741774,msd0110,"2026-09-25 19:12:50",0.955,40,msd0110
127,16840258,Noir,"2026-09-26 00:01:00",0.955,35,nuitnoir
128,16505038,datnt114,"2026-09-25 12:35:53",0.955,20,kingkong153
129,16876492,Adam,"2026-09-25 18:52:39",0.955,12,potonglantie93
130,16877600,Rabotyagi,"2026-09-25 21:30:13",0.955,46,"kkonst,lonansyayf,roflanvglorius,seva1232"
131,16468866,"Filip Strzałka","2026-09-24 06:11:09",0.955,149,snufkin77
132,16917691,Aristotle.Chen,"2026-09-25 07:02:29",0.955,25,aristotlechen
133,16479551,Lien,"2026-09-25 23:18:23",0.955,74,lien151322
134,16866534,d1amp0,"2026-09-25 19:59:33",0.955,25,d1amp0
135,16709193,MKhlystun,"2026-09-26 00:06:16",0.955,62,mkhlystun
136,16685275,CurveCowboy,"2026-09-19 21:48:52",0.955,19,curvecowboy
137,16741203,farmer,"2026-09-25 09:11:51",0.955,136,trnhip
138,16568564,t-enstar,"2026-09-25 13:21:51",0.955,42,tstustatama
139,16780888,"Arda Özcan","2026-09-25 15:25:44",0.955,18,ardozcnn
140,16458361,"Komil Parmar","2026-09-26 00:03:40",0.955,103,komilparmar
141,16651943,xxxx0314,"2026-09-26 00:50:39",0.955,143,"kirklandsan,xxxx0314,yunfeiyang223"
142,16845369,Satwik,"2026-09-25 13:26:36",0.955,25,p4rallax
143,16474152,"zhuo wamg","2026-09-26 00:09:46",0.955,121,"xsmaxpc,zhuowamg"
144,16897440,"Boris Bezmenov","2026-09-24 20:15:25",0.955,23,borisbezmenov
145,16459327,"Ryo Takaki","2026-09-26 00:30:43",0.955,10,ryotakaki
146,16462523,hikarimaru,"2026-09-21 18:47:52",0.955,84,hikarimaru
147,16773424,4kut4,"2026-09-26 01:24:08",0.955,134,naokwmr
148,16853440,"Subramanya N","2026-09-26 00:10:34",0.955,56,subramanya1997
149,16541909,"Ryu Sonoda","2026-09-26 01:05:20",0.955,24,ryusonoda
150,16696849,"fromage _","2026-09-25 12:06:33",0.955,154,fromagesea
151,16738423,Vodolay,"2026-09-22 14:12:26",0.955,59,lacsirjohn
152,16456961,"minghao mei","2026-09-26 01:20:29",0.955,21,minghaomei
153,16876164,"Kirill Labzin","2026-09-25 13:48:49",0.955,29,kirilllabzin
154,16458140,automatylicza,"2026-09-25 20:15:27",0.955,97,automatylicza
155,16506372,tizawa3,"2026-09-26 00:49:14",0.955,76,tizawa
156,16533594,"Fayner Costa","2026-09-26 00:07:13",0.955,99,faynercosta
157,16492248,marchq,"2026-09-25 18:40:25",0.955,37,petrovmarko
158,16891035,"Ndabenhle Ngema","2026-09-21 19:32:20",0.955,15,"ndabenhlengema,nokubongangema"
159,16488535,"Mitsuhiro Iizuka","2026-09-26 00:48:04",0.955,133,mitsuhiroiizuka
160,16607156,"Madiyar Khamzanov","2026-09-25 07:23:39",0.955,110,mkhamzanov
161,16602564,VSG,"2026-09-26 00:02:26",0.955,98,"chingizkhankishiyev,dzinski,ellightened,muradnuraliyev,skyweel08"
162,16705896,yamashu,"2026-09-26 00:01:57",0.955,22,yamashuuu
163,16530936,HiroyukiSasaki,"2026-09-25 23:49:22",0.955,71,hiroyukisasaki815
164,16493652,InSociEUP,"2026-09-24 14:03:34",0.955,18,santanubanerjee9
165,16454626,Suuuiiii4,"2026-09-25 18:19:25",0.955,113,bharath111l
166,16720356,youill0317,"2026-09-26 01:17:09",0.955,128,youill0317
167,16896571,latentm,"2026-09-24 06:35:06",0.955,25,"latentm,quannt9,xanvior,xeloria"
168,16933174,darkvector4,"2026-09-25 14:59:10",0.955,11,"darkvector4,sha1ng,valtrix"
169,16495010,winstonton,"2026-09-25 02:51:49",0.955,30,winstonton
170,16942239,Isabe11aM00re,"2026-09-23 08:07:56",0.955,22,"dan1e1c1ark,handawang,henryy0ung,isabe11am00re,s0ph1amart1n"
171,16867825,"Oleksandr Parfionov","2026-09-23 16:34:30",0.954,34,parfyon
172,16455622,ChenWenSheng,"2026-09-26 00:34:43",0.954,138,chenwensheng
173,16805786,Mthem77,"2026-09-25 17:07:55",0.954,33,mthem77
174,16590155,Yam,"2026-09-26 00:25:48",0.954,37,minyam
175,16749192,"qr Z1201","2026-09-25 23:43:52",0.954,67,qrz1201
176,16820124,Euphor_M,"2026-09-26 00:11:11",0.954,20,euphor
177,16887540,"Arturo Gutiérrez Aguilar","2026-09-26 00:01:09",0.954,23,jarturo
178,16809422,Fanch,"2026-09-25 08:53:59",0.954,39,fanch123
179,16483723,Homii_N,"2026-09-23 19:28:50",0.954,21,homeshwarrao
180,16705950,hana87hana,"2026-09-26 00:35:36",0.954,36,hana87hana
181,16810638,"D: Discipline","2026-09-26 00:02:18",0.954,40,"gsfatakhov,sasyami,vitaliineibauer"
182,16555768,Taisei,"2026-09-25 12:21:42",0.954,31,taikiara
183,16717141,"Hai Dang","2026-09-25 03:05:47",0.954,36,haidang2405
184,16739029,sleter,"2026-09-25 07:54:12",0.954,128,szymonjanowski
185,16460127,AkiraIshikawa,"2026-09-25 15:46:13",0.954,142,akiraishikawa
186,16532033,SBWH,"2026-09-20 07:43:29",0.954,101,"adityaravi2,aikyatansinha,r1cksync,vamshikrishnaemmadi,yash9439"
187,16632057,"Any Things","2026-09-25 21:16:13",0.954,21,anythingsj3fare767
188,16454055,"MOHAMMADJAFAR ZAMANI","2026-09-25 22:52:47",0.954,135,mohammadjafarzamani
189,16698595,Kito,"2026-09-24 07:45:52",0.954,11,ovallid
190,16663122,Primes,"2026-09-26 00:46:53",0.954,69,lucasprime1
191,16670346,To-i,"2026-09-25 23:45:20",0.954,52,"rannn12226,rikitokanda"
192,16795364,xinwang,"2026-09-25 02:54:41",0.954,54,xxxtetantion
193,16645330,easonyanyan,"2026-09-25 02:42:06",0.954,111,"easonyanyan,georgexue666,snowy615"
194,16876143,Taeyang,"2026-09-26 00:32:03",0.954,199,"lucas040,taeyangg4,yw8837"
195,16737441,junicus,"2026-09-26 00:00:44",0.954,36,junicus
196,16467705,itsuki-data,"2026-09-24 12:50:18",0.954,28,itsuki89
197,16857336,koucha,"2026-09-26 00:02:25",0.954,17,momotakaaoki
198,16459411,Cyrus,"2026-09-25 21:52:46",0.954,64,jamalsaeedi
199,16846788,Luck^2,"2026-09-25 06:26:44",0.954,20,rlhjansen
200,16610471,"The Originals","2026-09-25 19:04:50",0.954,161,"akkigupta2005,arunendratripathi03,eeshsaxena,swapiy"
201,16878593,한밭대학교컴퓨터공학과정우민,"2026-09-25 06:54:59",0.954,39,woominyo
202,16851976,"Weixuan Liu","2026-09-25 08:27:55",0.954,16,flyfish666
203,16923902,signalior,"2026-09-25 13:36:36",0.954,15,"convexla,probflun,signalior,synaptivox"
204,16454016,S.Aoki,"2026-09-26 00:01:41",0.954,61,soyaoki
205,16839709,kk.sky.9k,"2026-09-25 15:22:35",0.954,85,kksky9k
206,16609242,xiaoyukun1,"2026-09-25 20:09:26",0.954,76,"nizhenghong,xiaoyukun1"
207,16798008,Dragibus,"2026-09-25 08:11:09",0.954,24,alexandremoritz
208,16508219,"Biomed Foresight","2026-09-26 00:30:53",0.954,49,"tsukasamiyaji,yudaiyamauchi"
209,16827214,"Gaiar Baimuratov","2026-09-25 13:22:26",0.954,10,baimuratov
210,16471152,"Akhil Chinta","2026-09-25 22:48:11",0.954,43,akhilchinta1505
211,16463001,"Albert | Zhiye | Hannah","2026-09-26 00:29:05",0.954,58,"diamayer,hannahhuang68,mianwang1024"
212,16906802,BobtheBot369,"2026-09-25 13:59:41",0.954,10,bobthebot369
213,16457732,"Kita Renji","2026-09-25 23:26:48",0.954,18,champpattara
214,16667255,"Dmitriy Gerasimov","2026-09-25 16:43:58",0.954,55,dmitriygerasimov
215,16455247,MAIDANG,"2026-09-25 17:31:46",0.954,190,"daifanhao,dylonwilliam"
216,16857172,"Ivo Georgiev","2026-09-26 01:02:07",0.954,21,ivogeorg
217,16494800,"Mikhail Karchevskiy","2026-09-26 00:02:18",0.954,53,suvalex
218,16790581,wzyxp_123,"2026-09-26 00:21:23",0.954,39,cloudssdut
219,16924432,stochar,"2026-09-24 06:23:01",0.954,10,"bayerfe,quantforge12,spectior,stochar"
220,16923459,ssaakura,"2026-09-26 03:27:28",0.954,3,"horizon0,mexriva,solstfice,ssaakura"
221,16633299,"Abdelghani Charouiti","2026-09-26 01:03:39",0.954,30,abdelghanicharouiti
222,16683690,"Julie Pedeches","2026-09-26 00:15:42",0.954,83,juliep
223,16814927,"zhehao liang","2026-09-25 01:23:11",0.954,50,"pengyuzhongzju,zhehaoliang"
224,16936750,statma,"2026-09-25 05:40:42",0.954,20,"fractalbyte,statma,valqeth"
225,16887083,"TK BTW","2026-09-25 02:52:21",0.954,45,"fatihkatipoglu,seyitkaangunes"
226,16796396,"Satoshi Nguyen","2026-09-26 00:54:42",0.954,58,satoshinguyenai
227,16577431,mi6,"2026-09-26 02:32:19",0.954,193,"aimixo,elisami6,meikintom,pauboncompte,zhongbapapapa"
228,16676329,Soham,"2026-09-24 16:33:10",0.954,9,soham308
229,16459225,"Jerry Park","2026-09-26 00:54:00",0.954,81,mecome
230,16934441,jianingwuu,"2026-09-25 09:06:12",0.954,3,jianingwuu
231,16931222,"Oikantik Basu","2026-09-26 00:55:50",0.954,11,oikantikbasu007
232,16739885,"James Y","2026-09-26 00:41:36",0.954,62,redoctopusk
233,16905988,ba1Water,"2026-09-25 08:58:39",0.954,35,ba1water
234,16712163,cf696666,"2026-09-25 22:06:09",0.954,47,cf33333
235,16582210,zhuzhenghao-max,"2026-09-25 14:29:12",0.954,109,zhuzhenghaomax
236,16729173,Amaze-Rocky,"2026-09-25 00:04:29",0.954,21,smallikao
237,16514513,harmo-miu,"2026-09-25 08:46:15",0.954,75,harmomiu
238,16606871,"Leonid Kozinkin","2026-09-26 01:02:05",0.954,15,leon7archer
239,16454847,Lonnie,"2026-09-25 16:24:47",0.954,263,lonnieqin
240,16627260,X.X,"2026-09-25 09:40:53",0.954,25,mikeintokyo
241,16462399,"Jessica Crisp","2026-09-25 15:54:47",0.954,9,jessicacrisp
242,16848632,田口雄大,"2026-09-25 05:41:52",0.954,38,"shiiin9,ydi102143"
243,16701734,Kirderf,"2026-09-25 22:02:51",0.954,98,kirderf
244,16454682,"Hiểu Vy","2026-09-25 19:12:20",0.954,28,thangnm1
245,16792722,NP,"2026-09-26 00:46:37",0.954,27,nikolce
246,16533628,"Joseph Adamski","2026-09-26 00:01:02",0.954,146,josephadamski91
247,16927145,"Nikitas Rafael Nikitas","2026-09-25 11:18:07",0.954,8,rafanikitas
248,16493172,"ISGlobal Offensive","2026-09-25 22:08:16",0.954,123,"albertalegret,davidsarrat,didaccayuela,ramonmatnav,victornc"
249,16832772,LIH.YUN,"2026-09-24 16:59:15",0.954,95,"fxlcee,guming886,remusswift"
250,16743149,zy,"2026-09-25 08:42:26",0.954,59,justforwin
251,16875702,Royboy,"2026-09-25 16:01:04",0.954,15,royboi1
252,16681989,"Hirotaka Sugawara","2026-09-25 10:05:24",0.954,42,hirotakasugawara
253,16465176,taopy2,"2026-09-25 17:43:01",0.954,120,taopy2
254,16674723,HongchenDai,"2026-09-25 19:41:04",0.953,94,hongchendai
255,16941276,snappi,"2026-09-25 12:08:34",0.953,13,snappi
256,16459913,"Rishabh Roy","2026-09-25 17:07:49",0.953,128,"rishabhr0y,themechanicalcoder"
257,16459596,"Fernando Couto","2026-09-26 00:01:35",0.953,63,fernandocouto
258,16927940,"Ryota Kawamura","2026-09-25 07:22:42",0.953,25,ryotakawamura94
259,16939681,tokawa2997,"2026-09-25 13:00:19",0.953,17,tokawa2997
260,16690818,"Takauchi Suguru","2026-09-25 07:23:06",0.953,48,gurusut
261,16885762,shuinno,"2026-09-25 14:53:33",0.953,6,"astralisa,hemlock1,metaforge,shuinno"
262,16673568,bighead514188,"2026-09-25 11:24:32",0.953,19,"bighead514188,qinlucao"
263,16507983,BostonKaggle,"2026-09-25 16:01:11",0.953,47,"isthereanycode,lynnkim0"
264,16915265,eiactorx,"2026-09-25 04:21:47",0.953,67,"eiactorx,fossillla,lilyyexizhan,wlimetric"
265,16796675,"Jiacheng Zhao","2026-09-25 12:46:37",0.953,30,glorysing
266,16532323,curiousiam,"2026-09-25 16:36:23",0.953,81,curiousiam
267,16563421,NorthStar,"2026-09-25 09:53:04",0.953,80,"khushineha28,nehak76044,rishavutkarsh"
268,16935351,"Bon Ho","2026-09-24 11:16:18",0.953,3,bon513
269,16661495,abcfd,"2026-09-25 15:55:22",0.953,70,matsunagaxxx
270,16487273,"Tagir Analyzes","2026-09-25 22:58:57",0.953,25,tagirkhairutdinov
271,16507845,"yarden and yaeli","2026-09-25 18:53:13",0.953,151,yarneo
272,16879430,yefenfei,"2026-09-24 03:43:15",0.953,5,yefenfei
273,16499748,Med-AI,"2026-09-24 04:04:55",0.953,74,"hanhhdungg,quchingnguyn,richarddoan,thienphannhat,thinhnguyennhu"
274,16564970,YEEE,"2026-09-25 17:38:39",0.953,34,"luckyappley,yemaoye"
275,16539325,Ikeda0516,"2026-09-25 11:41:26",0.953,7,ikeda0516
276,16924085,isk54_34,"2026-09-25 07:24:48",0.953,18,isk5434
277,16571240,"wennan cao","2026-09-25 00:44:33",0.953,195,wennancao
278,16632959,xixi,"2026-09-24 04:41:16",0.953,3,huangcarry26
279,16823628,"Md Boktiar Mahbub Murad","2026-09-25 16:10:05",0.953,4,mbmmurad
280,16754467,alphago700,"2026-09-25 05:56:33",0.953,18,alphago700
281,16858988,"3D Research","2026-09-24 05:51:35",0.953,92,"infocode,knnzeta,mlemin"
282,16889016,"Astra Team","2026-09-24 14:53:01",0.953,89,"bujiabao,elz1008,siyuwangceliya,yinghli"
283,16889402,"0.948+ pls","2026-09-24 05:28:27",0.953,87,"iprofen,janetsun0810,tierneywang,xianqiyu"
284,16889354,Biooooohub,"2026-09-24 06:09:57",0.953,128,"congyingma,jennieshiwang,makabaka322,zhanshuozhang67,zihanhe22"
285,16606438,"PHILL FEI","2026-09-25 18:02:42",0.953,29,phillfei
286,16857776,"Tracking Experts","2026-09-24 05:32:55",0.953,90,"bayesnet,gptkernel,normbox"
287,16860095,UNETPLUS,"2026-09-24 14:56:40",0.953,114,"gptconver,gradgen,indexdev,knnrun"
288,16784713,prairieee,"2026-09-26 00:42:18",0.953,16,"haideptry,prairieee"
289,16555254,生如夏花,"2026-09-24 08:07:32",0.953,21,"duoliya,linyeping,ychsun"
290,16808392,Dr_F,"2026-09-24 14:02:55",0.953,9,algebraictopology
291,16586040,panda__MB__maximus,"2026-09-24 05:47:57",0.953,7,tanishmohokar09
292,16651051,"Barathan Aslan","2026-09-25 07:51:49",0.953,34,"barathanaslan,batuhankalem,merfarukelik"
293,16884848,"draw a lottery","2026-09-24 07:53:39",0.953,59,"livessd,macroave,skycoding"
294,16718365,"Kunal Desale","2026-09-24 06:13:53",0.953,8,kunaldesale2408
295,16455128,"Go Go Go","2026-09-25 00:05:33",0.953,168,"caoyupeng,lingyu07,lixin73,pedianeko,theunforgiven7"
296,16458905,0.0,"2026-09-26 00:19:38",0.953,17,sylvestervan
297,16832191,"No Name","2026-09-25 14:57:47",0.953,52,ivanj0
298,16635485,"WeiJun Dou","2026-09-24 06:58:51",0.953,38,wayjunedou
299,16490846,"Ángel Jacinto Sánchez Ruiz","2026-09-25 17:53:42",0.953,9,sacuscreed
300,16510459,"cy zhang","2026-09-25 13:49:55",0.953,8,zcy20051117
301,16826101,"Isabella Wang","2026-09-24 07:27:31",0.953,1,isabellacwang
302,16455757,Pirhosseinlou,"2026-09-25 13:55:03",0.953,31,pirhosseinlou
303,16935658,barbosi,"2026-09-25 19:22:59",0.953,16,"despairdr,tupperq"
304,16897924,"Misha Shikhov","2026-09-24 07:37:24",0.953,10,mishashikhov
305,16682037,"Satkar sarvankar","2026-09-24 07:41:40",0.953,9,satkar003
306,16915168,manase0,"2026-09-24 12:02:19",0.953,20,"hperia3ds,jackeyguo66,manase0,spectrah"
307,16888964,MakerFly,"2026-09-24 07:46:19",0.953,10,makerfly
308,16715977,Etcorn7797,"2026-09-25 20:41:16",0.953,33,"bruceche7797,dongyiqun,jyxxxx"
309,16896242,mexlora,"2026-09-24 07:51:10",0.953,5,"mexlora,nolzixo,qizlona"
310,16730252,ibyyue,"2026-09-25 14:23:02",0.953,93,ibyyue
311,16483448,"Grigoryan Sergey","2026-09-24 18:59:26",0.953,55,hertryggr
312,16887305,lizs,"2026-09-24 08:20:21",0.953,6,chiila
313,16460928,juliencst,"2026-09-24 08:28:08",0.953,11,juliencst
314,16673690,"Vadim Linkov","2026-09-24 08:33:45",0.953,17,trizyx
315,16454641,Haraguchi-T,"2026-09-25 13:05:52",0.953,86,haraguchit
316,16457338,AWN,"2026-09-25 17:01:15",0.953,109,"arunodhayan,nablaoperator123,peilwang"
317,16614729,OpPrime,"2026-09-25 11:15:49",0.953,88,farshidamira
318,16877644,MaksKhan,"2026-09-24 10:07:13",0.953,36,"ilyausmanov,ivanvorfolomeev,kolesnikovia,makskhan"
319,16795710,"Train is all you need","2026-09-24 10:17:10",0.953,85,"faykudbq,shenbyu,wujunye1"
320,16531069,"Ishraq Tanvir","2026-09-24 10:34:02",0.953,16,ishraqtanvir
321,16455285,"MMKPC Studios","2026-09-24 10:42:10",0.953,21,matthewemitchell
322,16492619,tanadai,"2026-09-24 10:46:41",0.953,9,da0516
323,16464035,"Biel Escola Rodrigo","2026-09-24 18:04:23",0.953,58,"bielescolarodrigo,omarrgg"
324,16766199,"Xu Suyi","2026-09-25 17:13:33",0.953,25,xuyuhaosuyi
325,16458914,"Code by Nadiia","2026-09-24 11:04:53",0.953,2,codebynadiia
326,16550699,cm391,"2026-09-25 18:07:31",0.953,20,mccocoful
327,16554977,kokinnwakashuu,"2026-09-24 22:10:20",0.953,65,kokinnwakashuu
328,16453539,4418,"2026-09-25 15:17:28",0.953,164,"biohack44,merkiraz"
329,16532991,"Mehmet Özer","2026-09-24 20:10:32",0.953,3,ozermehmet
330,16454360,alban,"2026-09-24 21:05:37",0.953,8,albantiacoh
331,16927832,Baimakanov,"2026-09-26 00:03:45",0.953,11,baimakanov
332,16757019,"Big Cells","2026-09-24 11:49:10",0.953,100,"arsgorynich,dmitriigluzdov"
333,16941670,"Thomas Tschinkel","2026-09-24 12:04:56",0.953,2,thomastschinkel
334,16751802,tax_free,"2026-09-25 03:16:16",0.953,39,taxfreepython
335,16460415,"Дворкин Евгений Владимирович","2026-09-24 12:20:00",0.953,33,evgendvorkin
336,16754299,"Jacques Buis","2026-09-25 22:21:21",0.953,25,jacquesbuis
337,16827167,RDavin,"2026-09-24 16:21:30",0.953,10,rdavin
338,16570510,关注塔菲喵，关注塔菲谢谢喵,"2026-09-26 05:04:03",0.953,60,"fangwangg,jiuchukuangren,ltcsmokeboi"
339,16732045,add_oils,"2026-09-25 21:55:48",0.953,3,addoils
340,16486522,"K.THARUN KUMAR","2026-09-25 17:21:33",0.953,35,tharunkumar369
341,16923913,"Md Arafat","2026-09-25 16:44:58",0.953,14,arafat362
342,16802533,Volt,"2026-09-25 04:18:36",0.953,21,"filipplotsmanov,oleksiikrasnoshtanov"
343,16833282,skomuro,"2026-09-24 22:43:22",0.953,28,skomuro
344,16462012,DataLover,"2026-09-24 13:43:05",0.953,5,paulknidler
345,16545609,Chloe,"2026-09-25 22:42:58",0.953,59,baytree1238
346,16925115,corelattice,"2026-09-25 04:04:42",0.953,10,"corelattice,darklumen,metashift2,tyrelon"
347,16465261,yukiZ,"2026-09-25 16:16:12",0.953,140,hideyukizushi
348,16518078,"Marcus Henriksboe","2026-09-24 13:47:42",0.953,85,marcushenriksboe
349,16823035,めめっち,"2026-09-26 01:18:58",0.953,21,mechi22
350,16596995,"Jackson Bom","2026-09-24 14:03:43",0.953,45,jacksonbom
351,16704643,"Yohanes Lengkong","2026-09-24 14:04:27",0.953,41,yohanesfc
352,16457929,"Howon Kang","2026-09-24 14:15:57",0.953,119,howonkang
353,16664737,"kevin zhou","2026-09-24 14:23:11",0.953,6,kevinzhou66
354,16816954,"Ömer Faruk Yüce","2026-09-25 16:06:25",0.953,30,merfarukyce
355,16797950,Aamod06,"2026-09-25 13:34:48",0.953,22,aamod06
356,16470584,github/shepsci/kaggle-skill,"2026-09-25 16:04:14",0.953,50,shepscientific
357,16475406,"Shubham Sahu2003","2026-09-25 18:59:02",0.953,93,shubhamsahu2003
358,16532701,Robson,"2026-09-24 15:04:48",0.953,18,robsonsan
359,16465231,spbforce,"2026-09-24 15:10:35",0.953,89,spbforce
360,16791172,darasty,"2026-09-24 15:13:12",0.953,13,darasty
361,16805468,KuziJA,"2026-09-25 18:20:31",0.953,46,kuzija
362,16544856,Ju,"2026-09-25 22:32:09",0.953,12,juziddd
363,16761532,"kwon yong deuk","2026-09-25 10:35:00",0.953,53,kwonyongdeuk
364,16456609,senkin13,"2026-09-24 15:28:59",0.953,1,senkin13
365,16561311,"Amir Ghazi","2026-09-25 18:58:54",0.953,17,amirghazi
366,16823651,"Happy New Semester","2026-09-25 12:00:30",0.953,34,"allen0427,cracker88,eugeneyeung,grace7523"
367,16467005,"Hitoshi Saito","2026-09-24 15:53:31",0.953,40,hitoshisaito
368,16698887,jjamppongmandu,"2026-09-26 01:22:20",0.953,31,jjamppongmandu
369,16563906,"C R Suthikshn Kumar","2026-09-24 16:35:15",0.953,13,crsuthikshnkumar
370,16458756,"Cell-fish Gene","2026-09-24 16:26:37",0.953,34,nihilisticneuralnet
371,16724349,Aditya2909rb,"2026-09-24 16:31:32",0.953,28,aditya2909rb
372,16550333,"Amir & Bita","2026-09-25 19:05:20",0.953,134,"amirmhm,bitabarghi"
373,16845094,"Shadow #2","2026-09-25 15:54:46",0.953,18,shadowtt
374,16750525,ShoaibSSM,"2026-09-24 16:55:29",0.953,28,"naveenlx111249971939,shoaibssm"
375,16866615,ColorGram,"2026-09-24 16:58:49",0.953,17,"colorgram,hagiwarashigechika"
376,16760621,"Akhyar Ahmad","2026-09-26 00:44:06",0.953,36,akhyar2612
377,16460310,k.mas,"2026-09-24 20:20:53",0.953,12,kgethimas
378,16454581,LP,"2026-09-24 17:19:26",0.953,5,lihu6666
379,16675867,Cellebrities,"2026-09-25 17:33:35",0.953,205,"bluepill,churkinnikita,evgenshuben,levkayumov,phoenix0501"
380,16500077,"Heysem Ismail","2026-09-24 17:56:02",0.953,10,haitham82
381,16466176,"PIB ITBA","2026-09-24 17:59:25",0.953,40,"frantassara,tobiastar,victoriaat03"
382,16512384,"Team Name","2026-09-24 21:14:51",0.953,50,amosokello451
383,16679719,"Vaibhav Gupta","2026-09-25 21:35:28",0.953,43,vaihero
384,16898822,"Ivan Aleksandrov","2026-09-25 21:09:37",0.953,8,ivanblch
385,16457193,"Leander Antony","2026-09-24 18:35:40",0.953,1,leanderantony30
386,16465317,"KUO JEN WEI","2026-09-24 18:49:41",0.953,7,kuojenwei
387,16456728,IDEA,"2026-09-25 17:56:30",0.953,125,"n10705013,vedrinjeliazkov"
388,16488595,"Kamal Das","2026-09-24 18:55:29",0.953,20,kmldas
389,16702097,"Anh-Vu Mai-Nguyen","2026-09-26 00:47:30",0.953,78,mainguyenanhvu
390,16532880,"Team Alicia","2026-09-24 19:21:29",0.953,37,"aadigupta7686,del=46a2189cba2f6d40,imamhasnat,krisdreemurr,nabidnur"
391,16513678,MJVinay,"2026-09-25 19:03:15",0.953,120,mallajayanthvinay
392,16455939,john,"2026-09-24 20:11:59",0.953,142,jaejohn
393,16877455,"Mohamed el.harery","2026-09-25 19:17:09",0.953,26,mohamedelharery
394,16809402,DataRegressor,"2026-09-25 15:08:10",0.953,6,azzamradman
395,16725788,KentaTanaka,"2026-09-24 20:39:17",0.953,27,kentatanaka1data
396,16461871,xsong2020,"2026-09-24 20:41:14",0.953,36,xstargate
397,16783539,JustinybGao,"2026-09-25 04:39:02",0.953,25,justinybgao
398,16518151,"Pratham Jain","2026-09-24 20:44:09",0.953,20,kindasomethin
399,16639070,"Defend Intelligence","2026-09-25 16:00:31",0.953,24,anisayari
400,16457066,"Anh Tuan Ha","2026-09-24 21:10:08",0.953,1,schw1eg0
401,16470577,"Mathieu W","2026-09-25 19:04:02",0.953,17,mathieuw
402,16927280,"Yassine Ben Zekri","2026-09-24 21:33:27",0.953,2,yassinebenzekri
403,16583118,Georgvm1,"2026-09-26 00:15:54",0.953,103,georgvm1
404,16553343,yoikoarmor,"2026-09-24 22:29:26",0.953,53,yoikoarmor
405,16817661,AlekseiProvorov,"2026-09-25 12:02:18",0.953,10,leoprovorov
406,16921590,"Hanh Tran","2026-09-25 11:08:36",0.953,6,honghanhhh
407,16480227,AdamJonesJohnson,"2026-09-25 22:20:44",0.953,79,adamjonesjohnson
408,16601893,"Rasheed Khoshnaw","2026-09-26 00:03:11",0.953,41,rasheeed
409,16544501,"Hai Nguyen Thien","2026-09-25 16:45:15",0.953,69,"buphmquc,hainguyenthien"
410,16777668,pycon2026,"2026-09-26 00:10:32",0.953,37,"kazeneko77,tanako"
411,16894853,"Shunsuke Hayashi","2026-09-24 23:35:21",0.953,4,shunsukehayashi1993
412,16556643,"Ali Nawed","2026-09-24 23:41:57",0.953,21,alinawed
413,16875931,寻找队友QQ2593124087,"2026-09-26 00:01:48",0.953,24,"badboiriri,xiuyang88"
414,16497966,"Takuto Inoue","2026-09-25 00:04:25",0.953,47,takutoinoue
415,16599326,DovyDigital,"2026-09-25 22:31:28",0.953,23,dovydigital
416,16454368,"Sebastian Mateus","2026-09-25 09:54:32",0.953,71,"brenorb,sebastianmateus"
417,16456177,JerryMouse,"2026-09-25 00:44:57",0.953,30,lingxd
418,16663746,Vyas,"2026-09-25 03:48:44",0.953,22,vyask21
419,16914798,vlavlalva,"2026-09-25 09:44:47",0.953,11,cppcph
420,16616766,beeyan,"2026-09-25 01:37:04",0.953,11,beeyan0821
421,16457477,atom1231,"2026-09-25 01:40:50",0.953,21,atom1231
422,16455050,anngle,"2026-09-25 02:01:17",0.953,49,anngle
423,16848782,kyomikyomi,"2026-09-25 13:14:31",0.953,18,"kyomikyomi,ryoyaotsuki,taiseitsuneki"
424,16453635,"Baidalin Adilzhan [dsml.kz]","2026-09-25 02:10:56",0.953,34,"baidalinadilzhan,qasminumber,zelza0"
425,16488570,honjousetuna,"2026-09-25 02:27:02",0.953,47,honjousetuna
426,16462900,Blacklions.,"2026-09-26 06:49:57",0.953,16,blacklions
427,16919629,"Anton Nikonov","2026-09-25 02:41:28",0.953,3,antonnikonov
428,16574913,"Freeman Hui","2026-09-26 00:06:49",0.953,72,freemanhui
429,16500573,"Jiachen Li","2026-09-25 04:13:11",0.953,65,llccqq624
430,16634028,"Mike Kim","2026-09-25 21:55:15",0.953,36,mikeskim
431,16731279,"Yoshihiko Suzuki","2026-09-25 03:13:51",0.953,31,yoshihikosuzuki
432,16802335,kojingbo,"2026-09-25 03:28:39",0.953,16,kojingbo
433,16743260,xerkey,"2026-09-25 04:17:35",0.953,21,xerkey
434,16488404,"Nuno Ferreira","2026-09-25 04:24:31",0.953,37,ngcferreira
435,16458655,"Aman Atar","2026-09-25 05:59:48",0.953,116,amanatar
436,16463235,rkd,"2026-09-25 06:11:35",0.953,28,ryookd
437,16492332,GUOHAOYANG,"2026-09-25 05:02:38",0.953,16,pkuszboi
438,16794592,"Ryosei Hara","2026-09-25 11:24:24",0.953,38,ryhara
439,16645225,Cluckin-VV,"2026-09-25 05:16:17",0.953,47,cluckinvv
440,16799049,"Mingcheng Zhao","2026-09-25 05:27:56",0.953,10,zhaonoah
441,16530415,NonCaffeine,"2026-09-25 05:28:50",0.953,23,noncaffeine
442,16473769,"Niranjan Nakkala","2026-09-26 02:58:53",0.953,4,niranjanmudhiraj
443,16600584,ちー,"2026-09-25 06:10:53",0.953,32,chiiiiii7474
444,16924467,Astra,"2026-09-25 13:14:01",0.953,11,zzdfdfhg
445,16888658,hhzzjjj,"2026-09-26 04:31:04",0.953,22,"hhzzjjj,qinghaowang1,wwwdjj,youyuany123,yyx466005036"
446,16732835,EliKal,"2026-09-25 06:21:47",0.953,8,eliork
447,16671440,久保兼,"2026-09-26 01:22:15",0.953,12,"fumiya326,kuboken"
448,16591459,nike28,"2026-09-25 06:58:22",0.953,17,koheinagai
449,16716157,"Salem Ali","2026-09-25 07:03:12",0.953,9,salemali7
450,16573302,songling,"2026-09-25 07:03:14",0.953,9,oralia
451,16838854,sudoyan,"2026-09-25 07:10:29",0.953,32,sudoyan
452,16460016,neilan,"2026-09-25 18:58:34",0.953,78,abhijithneilabraham
453,16732066,zhanghao,"2026-09-25 08:07:58",0.953,6,mendymandy
454,16453734,"Mathurin Ache","2026-09-25 07:39:59",0.953,66,mathurinache
455,16453816,Will,"2026-09-25 07:51:51",0.953,16,wguesdon
456,16501847,"T Soo","2026-09-25 07:52:42",0.953,32,ttgrcgrc
457,16456936,"Kurian George","2026-09-25 08:00:15",0.953,26,kuriangeorge
458,16803478,"Andrey Baranov","2026-09-25 08:20:39",0.953,21,baranov
459,16485755,"Johnny Hyland","2026-09-25 08:28:00",0.953,1,johnnyhyland
460,16811966,"BNBU Geniuses","2026-09-25 08:51:06",0.953,40,"andycooper747,austindengkaggle,BNBUDINGSHANLee21,yuxiang328"
461,16473761,"Raunak Dey","2026-09-25 09:09:07",0.953,4,raunakdey07
462,16921534,tofu1002,"2026-09-25 09:17:29",0.953,11,tofu1002
463,16578232,"Sailor Ren","2026-09-25 09:25:57",0.953,51,"dongdongjiaqi,sailorren"
464,16944000,"Mehrdad Naderi","2026-09-25 09:56:04",0.953,2,mehrdadnaderi
465,16604283,hikaggler,"2026-09-25 23:46:01",0.953,185,"hikarukai,hono6b"
466,16730506,no_wonderr,"2026-09-25 10:42:57",0.953,28,"aaazjs,huanghongmingliyan,nowonderr,wangyubo1212"
467,16758483,LYD,"2026-09-25 10:44:59",0.953,102,"archedfox,huanghongming,letyoudown,sraphim"
468,16466545,"Kevin E R MILLE","2026-09-25 19:05:32",0.953,145,kevinermille
469,16493736,JackGong,"2026-09-25 11:08:10",0.953,10,jackgong
470,16808942,zaki_3,"2026-09-25 22:53:37",0.953,20,ojaoja
471,16454099,"Yusuke Togashi","2026-09-25 11:46:31",0.953,223,yusuketogashi
472,16924925,"math ceo","2026-09-25 12:04:17",0.953,6,"dzagcoffee,tsebaka"
473,16928305,kminsher,"2026-09-25 12:26:03",0.953,2,kminsher
474,16618159,"GURU Prasaatha S","2026-09-25 13:00:14",0.953,17,guruprasaathas111
475,16706813,PQlete,"2026-09-25 13:04:54",0.953,22,pqlete
476,16461462,Aphrodite,"2026-09-25 14:10:27",0.953,38,aphrodite874
477,16457479,"Kim Jinseo","2026-09-25 13:36:59",0.953,37,kimjinseo1
478,16639783,"RJ Choco.py","2026-09-25 13:09:23",0.953,24,andnyu
479,16453404,"Pavel Pavlov","2026-09-25 13:14:27",0.953,23,akakii
480,16454190,kglctf,"2026-09-25 22:15:51",0.953,147,kglctf
481,16696890,yok,"2026-09-25 13:42:34",0.953,1,yokoinaba
482,16715609,ji-ma,"2026-09-25 14:13:33",0.953,8,nkjima
483,16559096,stevenleehans,"2026-09-25 14:20:23",0.953,31,"hanifnoerrofiq,stevenleehans"
484,16483697,"Dalton Omondi","2026-09-26 00:30:42",0.953,6,daltongabrielomondi
485,16722734,ykhnkf,"2026-09-25 14:25:13",0.953,6,ykhnkf
486,16806893,失忆的海_,"2026-09-25 14:37:47",0.953,24,shiyidehai
487,16467342,codelion,"2026-09-25 14:41:19",0.953,44,codelion
488,16780071,Kousuke55,"2026-09-25 14:54:50",0.953,3,kousuke555
489,16806153,hisatarosu,"2026-09-25 15:00:20",0.953,15,tomako4390
490,16889905,kerlgd,"2026-09-25 15:07:31",0.953,12,"kerlgd,kernlst92,laatentia,plasmoryx"
491,16931156,"lyre lin","2026-09-25 15:10:41",0.953,7,lyrelingg
492,16550943,"Vinayak Pathak","2026-09-25 21:37:15",0.953,85,vinayapathak
493,16808882,TheMightiestMan,"2026-09-25 16:04:51",0.953,58,themightiestman
494,16789982,"Abu Kayyisah Basyid","2026-09-25 16:06:40",0.953,23,abukayyisahbasyid
495,16457277,"Charismatic Pizza Party🍕","2026-09-25 16:10:42",0.953,31,debugendless
496,16453475,MH,"2026-09-25 16:12:02",0.953,8,makarrogovik
497,16497959,"Siddhant Rajhans","2026-09-25 16:22:58",0.953,36,siddhantrajhans
498,16457336,"Octavi Grau","2026-09-25 16:28:56",0.953,28,octaviograu
499,16548035,wodedaodun,"2026-09-25 16:34:40",0.953,51,"alisalmanrana,azhuang8,feifanque,selinaawuu"
500,16454592,4eta,"2026-09-26 03:38:39",0.953,2,bio4eta
501,16935353,"Yaroslav Polyakov","2026-09-25 17:30:46",0.953,6,"izek123,y9pameow"
502,16541517,cp11122,"2026-09-25 17:11:06",0.953,28,cp11122
503,16456001,Nf4d1l,"2026-09-25 18:18:43",0.953,10,nf4d1l
504,16500413,xaxipiruli,"2026-09-25 17:35:24",0.953,29,xaxipirulazo
505,16856120,"Alex Lenzi","2026-09-25 21:36:13",0.953,44,alexlenzi
506,16818639,zhangjh11123,"2026-09-25 17:52:44",0.953,2,zhangjh11123
507,16551924,"Jean-François DAVID","2026-09-25 18:21:00",0.953,47,"jeanfranoisdavid,voldavid"
508,16608659,"Peter Wang","2026-09-25 18:29:16",0.953,27,peterwang1018
509,16728201,Latif,"2026-09-25 22:27:19",0.953,10,abdulatifmahgoub
510,16604265,"Bocen Li","2026-09-26 01:05:40",0.953,16,bocenli
511,16876889,MBHUB,"2026-09-25 18:43:05",0.953,3,manojmandal
512,16743133,"Eddy Despradel","2026-09-25 19:01:20",0.953,1,eddydespradel
513,16784546,mimimi,"2026-09-25 21:02:49",0.953,3,"hirokimibu,ryugohanai"
514,16501671,"Ifeoluwa Adewumi","2026-09-25 19:30:56",0.953,12,ifeadewumi
515,16593137,"SAMIUL ISLAM","2026-09-25 19:33:52",0.953,6,samiulislam180041221
516,16484393,"Samuels Winstons","2026-09-25 19:41:57",0.953,11,samuelswinstons
517,16744536,"Sam Barnett","2026-09-25 19:57:55",0.953,7,sambarnett03
518,16605133,StupidXie,"2026-09-25 20:16:04",0.953,25,stupidxie
519,16751042,"Majid Aleissa","2026-09-25 21:48:30",0.953,119,majidaleissa
520,16912434,ka4869,"2026-09-25 22:38:49",0.953,7,ka4869
521,16482136,"Oliver Guanyang Wang","2026-09-25 21:30:18",0.953,10,oliverguanyangwang
522,16892913,"Yasuhiro Manai","2026-09-25 21:31:57",0.953,21,yasu01
523,16453787,"Marcus Vinicius","2026-09-26 00:30:05",0.953,13,marcux777
524,16468791,"Pathik Patel","2026-09-25 22:24:38",0.953,65,pathik1511
525,16876917,Mathemortician,"2026-09-25 23:41:53",0.953,19,mathemortician
526,16862945,"Maksim Shekhunov","2026-09-25 22:01:07",0.953,2,shexunov
527,16644705,cracker_1_war,"2026-09-25 22:09:39",0.953,10,cracker1war
528,16467015,VanKoha,"2026-09-25 22:20:04",0.953,97,kohasama
529,16454260,"Avner Gomes","2026-09-25 22:17:49",0.953,175,avnergomes
530,16587421,chocolat,"2026-09-25 23:17:15",0.953,89,chocolatnya999
531,16680190,hjyact,"2026-09-26 01:23:53",0.953,91,hjyact
532,16454687,"Vivek Sanker","2026-09-26 00:11:34",0.953,87,viveksanker
533,16682919,"Hirujan Rangaraj","2026-09-26 00:05:15",0.953,8,hirujanrangaraj
534,16453746,"Santiago Maniches","2026-09-26 00:08:07",0.953,256,santmani
535,16454827,"Seok, Jeongeum","2026-09-26 00:48:06",0.953,347,seokjeongeum
536,16914590,"Luon may Man","2026-09-26 00:16:16",0.953,32,luonmayman
537,16566294,hertz,"2026-09-26 00:24:33",0.953,50,nori117
538,16574121,"Igor V","2026-09-26 00:45:45",0.953,82,rostigor
539,16925843,Piyorin,"2026-09-26 00:25:14",0.953,4,mystakhs
540,16669581,moto,"2026-09-26 00:25:15",0.953,68,"hikari30,yamashitamotokazu"
541,16670468,Shadowfishes,"2026-09-26 01:08:39",0.953,63,"boandme,ronitagarwal1,shauryasahdev2"
542,16670956,안녕하세요이세입니다잘부탁드립니다,"2026-09-26 00:55:44",0.953,33,municef1
543,16939059,_.tushhaaarrrr,"2026-09-26 00:29:33",0.953,2,tushhaaarrrr
544,16514415,MengYe,"2026-09-26 00:30:58",0.953,13,konohayui
545,16463229,SGY2512,"2026-09-26 00:34:43",0.953,92,sgy2512
546,16913271,"Hibachi Fried Rice","2026-09-26 00:39:54",0.953,12,samvalladares
547,16479491,"Ernesto Santiesteban","2026-09-26 00:40:49",0.953,55,ernestosantiesteban
548,16933351,Matt,"2026-09-26 00:44:56",0.953,4,mclouter
549,16487928,"Yu Wu","2026-09-26 01:26:08",0.953,66,nightsh4de
550,16606479,"Ali Alghaithi","2026-09-26 01:15:43",0.953,165,alioman
551,16811869,R.,"2026-09-26 00:57:59",0.953,3,weijiemiao
552,16548237,"Ikki Katsuyama","2026-09-26 01:03:26",0.953,6,kacchanwriting
553,16805572,"Noah Ingwers","2026-09-26 01:07:53",0.953,16,noahingwers
554,16759974,"Dread Development","2026-09-26 01:14:11",0.953,35,"dreaddevelopment,seanornberg"
555,16458214,natsu,"2026-09-25 07:13:08",0.953,25,okamotonatsuo
556,16807846,Ornate_show,"2026-09-25 16:07:46",0.953,24,ornateshow
557,16607433,ikki1111,"2026-09-26 00:14:55",0.953,41,kani23
558,16936164,"Antoniu Gugu","2026-09-24 19:45:00",0.953,20,antoniu
559,16689987,"Peter KK","2026-09-25 17:22:22",0.953,77,peterty
560,16507620,"Sirui Zeng","2026-09-22 14:52:32",0.953,43,siruizeng
561,16739392,"Can Kural","2026-09-25 17:00:13",0.953,71,kamocan
562,16482471,"Pawan Rama Mali","2026-09-25 18:34:41",0.953,39,pawanmali
563,16696904,Makotu,"2026-09-25 17:58:21",0.953,102,mhyodo
564,16772401,ikevayansky,"2026-09-26 00:26:26",0.953,96,ikevayansky
565,16469112,"Erwin Erdem","2026-09-25 08:37:37",0.953,142,erwinerdem
566,16458268,PavelLiashkov,"2026-09-22 00:02:43",0.953,213,bigbag1983
567,16469126,neurlog,"2026-09-25 14:12:59",0.953,29,neurlog
568,16533889,keitarokawada,"2026-09-25 01:14:18",0.953,51,keitarokawada
569,16810028,BOB,"2026-09-24 23:48:02",0.953,63,hotpotbro
570,16932390,"Mark #2","2026-09-22 02:07:15",0.953,3,markstammler
571,16887065,"Asan Ashirov","2026-09-24 04:09:39",0.953,38,"asanashirov,sardorishiguro,zakhraluna"
572,16588537,Civitasmass,"2026-09-25 19:16:29",0.953,73,godhand
573,16454933,牛・狐・鳥,"2026-09-25 14:08:07",0.953,100,"rikutokuwayama,soutasakurai,welshonionman"
574,16470905,"Going down in 3, 2, 1…","2026-09-24 00:06:17",0.952,221,felipekitamura
575,16605065,"Lê Quang Cảnh","2026-09-20 22:52:33",0.952,63,zhincez
576,16943791,KR_no_1,"2026-09-24 00:04:13",0.952,68,"krno1legend,malikhammadfarooq,myab07,uradkr"
577,16675099,"Oleg Panichev","2026-09-24 21:20:18",0.952,125,opanichev
578,16852585,OmerZalman,"2026-09-23 23:20:48",0.952,32,omerzalman
579,16926713,"Abdur Rahim","2026-09-26 00:07:12",0.952,30,rahim3
580,16892542,"Dank Axon","2026-09-15 16:44:45",0.952,3,dankaxon
581,16508666,xthixsl_ml,"2026-09-26 00:40:08",0.952,38,xthistle999
582,16454333,aaa,"2026-09-15 17:05:51",0.952,25,liuyuq
583,16798282,"John Taylor (AI)","2026-09-22 13:51:53",0.952,31,johntaylorai
584,16790801,"Suyash Verma","2026-09-25 09:33:42",0.952,74,suyashdiamond1
585,16497562,"Matthew Huang","2026-09-12 20:09:25",0.952,21,matthewwh
586,16776896,Thirst,"2026-09-26 00:10:36",0.952,38,wahidakram
587,16771195,chris,"2026-09-25 06:08:56",0.952,45,chris62
588,16535220,"Wang Yibin","2026-09-24 20:31:08",0.952,24,wklyb1
589,16457247,"Timmy Juicehouse","2026-09-26 01:55:04",0.952,147,sweetyheehee
590,16579303,kakuteki,"2026-09-26 00:59:23",0.952,47,kakuteki
591,16933482,"D Chakraborty","2026-09-26 00:38:51",0.952,10,spoutop
592,16860520,"Marc Maldonado Lorca","2026-09-25 06:41:53",0.952,19,marcmaldonado
593,16891045,CCChikuwa,"2026-09-16 03:07:08",0.951,4,ccchikuwa
594,16611347,MustafaA,"2026-09-25 06:36:27",0.951,97,mustafaa
595,16460638,"Mark Cooper","2026-09-19 09:44:04",0.951,123,markjcooper
596,16807963,"Saravanan Jaichandaran","2026-09-22 06:15:42",0.951,12,saranchandar
597,16792456,Timass,"2026-09-14 07:59:03",0.951,13,timmass2
598,16531182,STF,"2026-09-25 06:57:36",0.951,65,"demonbill,heranlang666,shaotongyu001"
599,16456484,Lime1123,"2026-09-25 16:36:26",0.951,189,"k3v1npark,lime1123,songhow"
600,16818314,"haonan zhengh","2026-09-25 13:46:47",0.951,39,haonanzhengh
601,16609740,"Tim Krige","2026-09-24 04:22:53",0.951,42,timkrige
602,16505760,"DONG YIXUAN239","2026-09-24 17:56:54",0.951,47,dongyixuan239
603,16610493,"Will Rice","2026-09-22 21:44:33",0.951,125,willrice
604,16877715,"Nicholas Chan","2026-09-25 15:14:07",0.951,15,nicholaschan44
605,16743228,yoshino,"2026-09-24 08:38:44",0.951,23,shirayukiaya
606,16775607,"Boopathi Raja","2026-09-20 01:25:23",0.951,45,yanggod
607,16669788,"zhangzhuang li","2026-09-22 03:05:05",0.951,30,zhangzhuangli
608,16751200,NycteacoBa,"2026-09-24 13:39:04",0.951,33,nycteaowl
609,16879611,npan,"2026-09-25 06:56:38",0.951,34,niteshp9
610,16791650,Tom&Jerry,"2026-09-19 02:06:10",0.950,49,tomjerry101
611,16710390,SZ_00_zyz,"2026-09-10 03:08:09",0.950,48,sz00zyz
612,16655148,"Ben Pepper","2026-09-26 00:49:59",0.950,88,bhpepper
613,16456070,mikelou1,"2026-09-25 20:01:30",0.950,60,mikelou1
614,16887410,あかつき,"2026-09-25 07:23:41",0.950,18,akatuki25
615,16459168,yarosladovkin,"2026-09-25 14:07:33",0.950,13,"nickpudovkin,zabojeb"
616,16610783,Kudo,"2026-09-23 12:49:46",0.950,18,nguyenchicuong
617,16724324,YunlinCity,"2026-09-25 18:41:26",0.950,93,yunlincity
618,16927169,"Soetsu Shida","2026-09-23 19:41:23",0.950,4,soetsushida
619,16744532,"Jun AKita","2026-09-14 20:02:13",0.950,13,junakita
620,16717777,"Kento Okumura","2026-09-24 01:18:41",0.950,4,kentookumura
621,16864798,"Ashutosh Pal1","2026-09-25 07:51:51",0.950,13,ashutoshpal1
622,16883059,"Kaggle Agent","2026-09-25 17:31:13",0.950,53,"arc144,dott1718,jiweiliu,maxjeblick,theoviel"
623,16831917,cybergeek,"2026-09-21 15:27:39",0.950,19,godzhao
624,16470019,"Madhur Shyam Maurya","2026-09-23 10:20:58",0.949,51,madhurmaurya
625,16539147,atrei_des,"2026-09-21 07:56:06",0.949,96,dmitrygertsovsky
626,16802678,Haily_mary,"2026-09-25 16:52:17",0.949,50,hailymary
627,16599494,"Frederick Lee","2026-09-25 07:19:28",0.949,88,"frederickvlee,sjlee101"
628,16459107,Ayodeji,"2026-09-23 10:17:22",0.949,200,ayodejiibrahimlateef
629,16718685,yesterdays_rebel,"2026-09-14 16:49:55",0.949,9,irfanparaniya
630,16806007,Kifine,"2026-09-25 14:49:12",0.949,32,liaoyingxi
631,16594092,HumbleHumbert,"2026-09-25 16:17:58",0.949,234,humblehumbert
632,16548033,fheizz,"2026-09-25 03:00:47",0.949,10,fheizz
633,16578167,rekhasri,"2026-09-22 12:19:49",0.949,70,rekhasri
634,16832069,"Sohei Arisaka","2026-09-25 01:58:32",0.949,10,soheiarisaka
635,16744216,Samuel,"2026-09-23 15:45:49",0.949,39,samuelx1a
636,16554628,"[RU] Kirill Makhankov","2026-09-25 23:08:09",0.949,7,kagglercs
637,16484138,"Hide on bush","2026-09-26 01:34:14",0.949,243,playwithme
638,16473819,iota,"2026-09-20 15:18:11",0.949,3,"eeiicse,indragehlot"
639,16943527,"Akihiro Yamamoto","2026-09-24 14:49:13",0.949,2,akihiroyama
640,16833965,"Revanth Tambisetty","2026-09-25 15:59:13",0.949,14,revanthtambisetty
641,16508104,"sixue yang","2026-09-25 04:25:11",0.949,148,"guojie66,sixueyang,xildeg,yaoyangmeng"
642,16453693,"Pilkwang Kim","2026-09-16 11:09:57",0.949,175,pilkwang
643,16705972,"Nozomi Suzuki","2026-09-25 23:55:59",0.949,77,nozomisuzuki
644,16512476,QYQ1693,"2026-09-23 06:55:55",0.949,42,qyq1693
645,16592007,AlLia,"2026-09-23 04:14:16",0.949,125,"alicespall,soporta"
646,16484044,NoOneAhead,"2026-09-23 00:01:10",0.949,349,jerrlu
647,16538404,aaaa1597,"2026-09-25 20:01:44",0.949,44,aaaa1597
648,16461330,"my G1","2026-09-16 18:56:58",0.949,22,sakshigoel15
649,16872192,"Terry Luo","2026-09-24 10:43:21",0.949,10,eimhluo1764
650,16786410,"Ghazaros Ghazaros","2026-09-22 20:56:16",0.948,17,ghazarosghazaros
651,16904998,"Yudai Ueno","2026-09-20 02:08:20",0.948,25,yudaiueno
652,16454696,sectum,"2026-09-21 18:10:34",0.948,24,samuelyangalang
653,16847219,"David Fridshtand","2026-09-24 16:43:41",0.948,13,davidfridshtand
654,16806837,rutilo,"2026-09-25 19:49:55",0.948,52,rutilo
655,16506482,"인공저능연구소( Artificial Idiocy Lab )","2026-09-25 22:36:59",0.948,60,megayak
656,16535609,vdthcmus123,"2026-09-22 22:47:10",0.948,95,envyy23120093
657,16541144,Cexesti,"2026-09-14 07:26:17",0.948,62,cexesti
658,16591379,MaruanBOttoni,"2026-09-22 18:27:22",0.948,44,maruanbottoni
659,16544805,"Cellular Mind","2026-09-11 19:16:15",0.948,26,houjinghuang
660,16634718,Eusebius,"2026-09-25 18:58:28",0.948,45,protuberanzen2000
661,16573219,Agon,"2026-09-18 11:53:41",0.948,176,"chugangyi,sunyouran,xinpeng1998"
662,16479746,"Apoorva Ajay","2026-09-23 23:20:34",0.948,101,"apoorvada,jazivxt"
663,16906181,"SHALU KUMARI","2026-09-25 20:51:00",0.948,66,"adityaraj0612,shalukumari456"
664,16672667,"Takahiro Saito","2026-09-23 11:37:31",0.948,136,takahiro3110
665,16803317,tyffee,"2026-09-25 15:44:44",0.948,54,tyffee
666,16909067,"команда Андрея Гайдуляна","2026-09-23 14:57:46",0.948,13,"domager72,fylgde,kolyaflexcu"
667,16611515,Jun_value,"2026-09-23 07:41:34",0.948,95,junvalue
668,16814682,"Tian Wang","2026-09-22 04:39:51",0.948,27,"serven1,tianwang1210"
669,16637004,"Apex Blue","2026-09-25 18:48:15",0.948,41,"apexblue,dharanieesh"
670,16862594,linhaiy,"2026-09-15 08:01:54",0.948,12,linhaiy
671,16562861,"Leo Yang","2026-09-24 02:52:39",0.948,84,yxyyxy
672,16483787,"Amil Gentili","2026-09-26 00:04:29",0.948,74,agentili
673,16705680,nianyu,"2026-09-23 11:08:18",0.948,7,nianyuc
674,16847129,"Elyorjon Mannonov","2026-09-25 05:01:57",0.948,14,elmannonov92
675,16611745,"Seine A. Shintani","2026-09-25 04:07:51",0.948,13,seineashintani
676,16453676,vladikmegakid,"2026-09-25 06:54:12",0.948,74,"kehhill,niellari,vladikmegakid"
677,16479958,LeeVvin,"2026-09-23 03:58:55",0.948,106,leevvin
678,16847238,Nut_RJ,"2026-09-20 02:58:56",0.948,20,rjings
679,16583583,"Sushanth Tiruvaipati","2026-09-25 05:31:18",0.948,155,sushanthtiruvaipati
680,16857821,hubhub,"2026-09-26 00:04:26",0.948,26,hcngnga
681,16766947,"Petr Popov","2026-09-23 12:03:37",0.948,16,"bogdanyashchenko,ppaa23"
682,16793829,"Qamar usman","2026-09-25 17:12:09",0.948,64,qamarmath
683,16792666,Pjchauhan,"2026-09-21 11:53:10",0.948,6,pjchauhan
684,16508227,Nailong,"2026-09-23 17:40:14",0.948,31,"maifoquya,sitianchen3,wentaozang"
685,16790295,wanhty,"2026-09-22 09:19:29",0.948,12,wanhty
686,16897668,lojhhggg,"2026-09-22 12:31:50",0.948,14,lojhhggg
687,16618557,"forever young","2026-09-15 13:29:37",0.948,183,keisukeyokota0428
688,16483700,"Mansour A. S. Ataa","2026-09-25 03:11:03",0.948,81,profmansoor
689,16697757,bichonga,"2026-09-25 10:14:05",0.948,9,aataeboulette
690,16823784,kihiro,"2026-09-24 21:29:09",0.948,16,kihiro
691,16576076,"Amin Ayub","2026-09-21 14:01:21",0.948,3,aminayub
692,16919355,"PRASHANT SHUKLA91","2026-09-24 09:34:48",0.948,4,prashantshukla91
693,16453977,"Yunus Gümüşsoy","2026-09-22 13:19:09",0.948,198,yunusgmsoy
694,16455919,Mercury,"2026-09-22 13:05:33",0.948,7,hyndavimovva
695,16600517,"Raviksh Singh Dikola","2026-09-22 03:54:23",0.948,16,ravikshdikola
696,16613044,noynkmr,"2026-09-22 07:04:25",0.948,2,noynkmr
697,16507173,"Dmitry Kozlov","2026-09-22 15:10:12",0.948,2,dkozlov
698,16936651,"Sankalp Nagineni","2026-09-22 16:35:58",0.948,3,sankalpnagineni
699,16663451,jongha24,"2026-09-25 16:16:35",0.948,35,jongha24
700,16765268,oakzen,"2026-09-22 20:06:19",0.948,53,gyx517120273
701,16455865,"yuanzhe zhou","2026-09-22 21:25:12",0.948,15,yuanzhezhou
702,16467797,renji_starfall,"2026-09-22 23:07:41",0.948,56,degnonguidi
703,16762554,Sun,"2026-09-23 06:12:05",0.948,11,defdsax
704,16585827,"Eric Han Wang","2026-09-23 02:41:57",0.948,63,ericwang03
705,16455646,三天,"2026-09-23 03:27:57",0.948,24,gggggggxy
706,16500778,"chocolate disco","2026-09-23 08:20:58",0.948,14,"marynaborovska,yuriygreben"
707,16553046,"Seungjin Kim","2026-09-25 09:30:38",0.948,140,nforestcat
708,16849777,"Juan Leiva","2026-09-25 18:27:28",0.948,11,juank333
709,16460657,holyholy,"2026-09-25 22:54:19",0.948,35,holy5contents
710,16928462,lixiaoxin25,"2026-09-24 01:36:46",0.948,4,lixiaoxin25
711,16455506,史永刚,"2026-09-24 01:52:49",0.948,7,shizehao
712,16456120,SC,"2026-09-24 02:13:35",0.948,28,ryosketchbook2007
713,16601810,"BioInfo Huang","2026-09-26 07:16:00",0.948,11,jerryxueisme
714,16603670,Habibur_Rahman,"2026-09-20 21:44:42",0.948,34,habiburrahman15
715,16791306,woldy,"2026-09-19 14:58:23",0.948,27,woldywei
716,16739895,"Jwearia Hoque Nowrin","2026-09-19 20:00:08",0.948,20,jweariahoquenowrin
717,16487456,Ha-Mad,"2026-09-23 10:34:45",0.948,39,hamadaljamaan
718,16796263,mlhealth,"2026-09-12 14:10:50",0.948,23,"aditijain1902,eeshanbablani,ritvikshrivastava,tanishklakra,vibhanshudixit"
719,16591754,KHitomi,"2026-09-24 04:51:13",0.948,44,khitomi
720,16701015,Yahalom,"2026-09-24 23:21:06",0.948,23,yahalom
721,16543120,"Suliman Tadros","2026-09-13 12:17:16",0.948,20,sulimantadros
722,16923581,inferenis,"2026-09-19 05:09:55",0.948,2,inferenis
723,16921379,Kuriboh,"2026-09-23 20:50:27",0.948,1,cauchyeix
724,16468697,Chellick,"2026-09-24 05:46:14",0.948,20,matweyisupov
725,16861316,mrkhtinia,"2026-09-25 00:57:52",0.947,9,mrkhtinia
726,16768238,cesare,"2026-09-18 01:28:27",0.947,51,cesaremov
727,16941985,"RUSHMANTH NALLURI","2026-09-24 08:12:55",0.947,12,rushmanthnalluri
728,16458987,dddkk0,"2026-09-22 10:01:33",0.947,92,compensator
729,16848062,"Yuan Weijun","2026-09-23 02:44:30",0.947,27,yuanweijun
730,16846527,muelsyse111,"2026-09-25 02:01:49",0.947,9,muelsyse111
731,16941218,misis_big_balls,"2026-09-24 13:23:48",0.947,6,"daniilsergeevda,player77"
732,16517354,Arnav170,"2026-09-25 05:32:58",0.947,48,arnav170
733,16823884,Skyroot,"2026-09-15 15:32:17",0.947,25,litterboy
734,16669296,kiyomiya-k,"2026-09-21 06:34:54",0.947,53,kiyomiyak
735,16454066,"Mikael Kerimov","2026-09-23 21:21:42",0.947,45,"mikaelkerimov,mperminiov"
736,16875693,jwboost,"2026-09-25 04:23:56",0.947,25,kiritocui
737,16852717,shallweiwei,"2026-09-21 14:20:56",0.947,28,shallweiwei
738,16463038,"MD. Nazmus Sakib Anik","2026-09-23 05:37:36",0.947,96,"beyondlogic,turag10"
739,16552511,"Alejandro Gómez","2026-09-21 12:01:54",0.947,21,alejandrogomez1
740,16866669,MyungJu,"2026-09-20 04:36:51",0.947,13,myungjujung
741,16876868,"Mr. Architect","2026-09-24 09:41:27",0.947,22,vietnguyen130593
742,16460608,webmaking,"2026-09-23 15:34:41",0.947,184,webmaking
743,16458358,"Lakshmi Sayyapureddy","2026-09-23 15:19:35",0.947,18,lakshmisayyapureddy
744,16609245,liyansen,"2026-09-25 13:38:20",0.947,160,"ddsleep,liyansen"
745,16833478,brave-心勇-heart,"2026-09-22 21:39:23",0.947,30,braveheart
746,16867622,tatt:)ch,"2026-09-25 10:53:44",0.947,23,"awewrasdffetfe,cjcjshvivkx,tattch,yjy10086"
747,16933273,"julian andres viejo garrido","2026-09-22 20:44:34",0.947,4,salmaviejo
748,16779308,"Ari Nakos","2026-09-24 16:10:16",0.947,20,aristides
749,16875681,cqupt_sdq,"2026-09-24 02:51:36",0.947,28,sdq2237
750,16497857,InterCellar,"2026-09-23 16:08:43",0.947,69,ortimusprime
751,16460904,yhyuckgl,"2026-09-19 03:38:38",0.947,39,yhyuckgl
752,16516057,"Enrique Rodríguez","2026-09-21 21:32:28",0.947,206,enriro0
753,16612585,Bijiumi,"2026-09-16 13:09:07",0.947,70,bijiumi
754,16713274,"Patti Ginjalu","2026-09-22 02:18:05",0.947,31,"bhargavpandiri,patnayakunisaketh,tulasiramveerni,vivekjami"
755,16737435,"Vaibhav Nakrani","2026-09-25 01:50:27",0.947,18,vaibhavnakrani
756,16454736,"Athar Sayed","2026-09-25 00:01:41",0.947,105,"madarshbb,mohammadjavadvaez,nader1196,sayedathar11,yutomuroshima"
757,16592188,thisArmin,"2026-09-24 10:59:19",0.947,36,thisarmin
758,16705198,Bio-Warriors,"2026-09-23 13:17:05",0.947,52,"yunkuns,zzzhhh666nb"
759,16585597,Sophie555,"2026-09-25 05:41:56",0.947,36,sophie555
760,16642462,Skyspace,"2026-09-25 16:02:11",0.947,36,empireblue
761,16829814,mrmldjr,"2026-09-24 20:21:56",0.947,18,mrmldjr
762,16516062,tomo11111,"2026-09-23 11:12:30",0.947,33,tomo11111
763,16562909,"Vlas Veles","2026-09-22 19:44:48",0.947,11,vlasveles
764,16846777,"Mohamad Alsabbagh","2026-09-25 05:34:09",0.947,35,malsabbagh05
765,16506749,"От обезьяны к LLM","2026-09-23 13:19:38",0.947,69,ilia128
766,16871850,"Orion on earth","2026-09-23 05:25:08",0.947,25,oriononearth
767,16774478,LoveB4Sunrise,"2026-09-26 00:04:03",0.947,45,demacia1314
768,16556055,Holeneckles,"2026-09-24 02:37:24",0.947,11,holeneckles
769,16484013,"Tianrui WANG","2026-09-20 08:28:01",0.947,76,"boatlee,trwang2025"
770,16457212,"Phil Marchenko","2026-09-16 03:41:18",0.947,30,hakuryuu
771,16780761,wind0703,"2026-09-23 04:42:26",0.947,59,wind0703
772,16599809,"Aleksandr Razin","2026-09-24 10:17:55",0.947,18,alexandrrazin
773,16793107,"Charlie ESV","2026-09-19 00:01:57",0.947,46,charlieesv
774,16499610,Jimmer,"2026-09-23 21:39:37",0.947,28,przemysawonr
775,16559180,"moncef elm","2026-09-24 10:43:01",0.947,12,moncefelm
776,16915485,"Radu Pasparuga","2026-09-17 14:34:30",0.947,1,radupasparuga
777,16932972,"Francisco Angulo de Lafuente","2026-09-24 07:02:35",0.947,13,franciscoangulo
778,16914303,Ossurial,"2026-09-20 13:37:49",0.947,8,ossurial
779,16898463,"Artin yzn","2026-09-20 06:16:47",0.947,3,artinyzn
780,16859533,daoviet,"2026-09-23 02:51:36",0.947,17,daoviet
781,16762743,"Zenith Ye","2026-09-25 04:01:31",0.947,18,zenithye
782,16457207,"Van-Phuc Huynh","2026-09-12 21:40:31",0.947,27,hvanphucs112
783,16468309,"Eugene Khvedchenya","2026-09-14 20:41:47",0.947,52,bloodaxe
784,16457567,Efthimios,"2026-09-22 05:50:00",0.947,65,efthimiosfousekis
785,16475697,"Marek Nurzynski","2026-09-23 15:07:26",0.947,7,marek3000
786,16459461,YuyaSuzuki,"2026-09-23 00:56:25",0.947,117,yututapp
787,16918347,maoxin123,"2026-09-25 02:22:00",0.947,14,maoxin123
788,16906332,zoro9292,"2026-09-25 13:53:08",0.947,22,"mouhamadoudioufcisse,zoro9292"
789,16576548,"shubham kumar #2","2026-09-18 19:06:13",0.947,29,shubzk17
790,16726549,"Ezra Kho","2026-09-23 00:46:20",0.947,50,ezrakho
791,16485118,"Dimitar Terziev","2026-09-22 11:21:23",0.947,89,dimiturnt
792,16894412,"Leszek Góra","2026-09-25 02:33:00",0.947,28,leonixis
793,16897002,atsukiwi,"2026-09-26 00:20:27",0.947,31,atsuki0827
794,16531133,Praxel,"2026-09-25 14:13:03",0.947,56,praxel
795,16689671,"Sepideh Rahmati","2026-09-24 18:50:40",0.947,70,sepidehrahmati
796,16515655,Kurokawa,"2026-09-19 02:13:57",0.947,62,mkurokawa
797,16866891,truxivan,"2026-09-10 13:44:07",0.947,5,truxivan
798,16866973,cryptvector2,"2026-09-10 13:52:24",0.947,5,cryptvector2
799,16852267,alphayuan,"2026-09-14 01:51:37",0.947,12,alphayuan
800,16668198,Yusuraume,"2026-09-23 06:15:31",0.947,83,sugitatomohiko
801,16687611,"Mawra Musawar","2026-09-10 16:23:29",0.947,22,mawramusawwar
802,16534963,"Pietro Maldini","2026-09-10 17:19:34",0.947,5,pietromaldini1
803,16536489,"Igor Zharov","2026-09-23 10:54:57",0.947,65,flexonafft
804,16868748,"Anmol Singh","2026-09-12 12:27:43",0.947,4,anmolsin
805,16858883,"Nancy Adhiambo","2026-09-10 20:41:58",0.947,2,nancyadhiambo
806,16481018,greyhound,"2026-09-23 12:04:57",0.947,7,tapaskd123
807,16457422,shehai.lrs,"2026-09-20 12:58:51",0.947,41,shehailrs
808,16842809,"Evan #2","2026-09-18 09:23:32",0.947,13,evansussex
809,16723833,sami,"2026-09-13 21:11:25",0.947,4,samiklah
810,16565889,renta.k,"2026-09-20 08:34:04",0.947,15,renta0426
811,16559438,"Aaryan Agarwal","2026-09-24 10:56:41",0.947,13,aaryanagarwal
812,16719517,Ryutogrrr,"2026-09-11 02:38:17",0.947,10,ryutogrrr
813,16698602,"m-toshi desu","2026-09-17 11:20:44",0.947,24,mtoshidesu
814,16515699,"Team Flash","2026-09-11 05:23:25",0.947,43,ctfxiao
815,16458464,"Tai Tien Ta","2026-09-12 13:30:28",0.947,27,tittin
816,16871378,huaiyuyoung,"2026-09-16 01:19:18",0.947,3,huaiyuyoung
817,16542332,"Yassine Alouini","2026-09-24 21:09:08",0.947,81,yassinealouini
818,16457792,StephenNedumpally,"2026-09-12 08:22:09",0.947,54,stephennedumpally
819,16499272,"Affriza Wildan Fauzan","2026-09-24 01:54:22",0.947,16,affrizawildanfauzan
820,16875674,TSUKAM,"2026-09-11 15:28:59",0.947,1,tsukam
821,16868755,Infinity,"2026-09-25 12:43:54",0.947,6,"maaz101,syedtahahassan"
822,16457368,Zenpai1977,"2026-09-24 17:48:57",0.947,89,"ankitbhandari1,dhairyapandya24,zenpai1977"
823,16862027,"Canh Toan Le","2026-09-16 17:40:11",0.947,30,canhtoanle
824,16455492,"Yin Li","2026-09-12 01:35:33",0.947,27,kevin250304
825,16576900,"Saim Sultan","2026-09-20 03:31:31",0.947,126,saimsultan
826,16541923,"Prashant Kikani","2026-09-12 02:18:56",0.947,2,prashantkikani
827,16488061,Boiled-Sweet-Potato,"2026-09-23 05:45:25",0.947,30,boiledsweetpotato
828,16825704,"Shangshang Zhang","2026-09-23 07:10:28",0.947,29,msvzss
829,16877264,"Nikita Biryukov","2026-09-13 15:42:04",0.947,9,bnikita
830,16514255,"John Park","2026-09-16 15:40:56",0.947,122,sigint
831,16596480,yunfei,"2026-09-18 05:31:43",0.947,7,yunfeihaha
832,16605753,"Anton Kartavtsev","2026-09-18 12:44:54",0.947,24,antonkartavtsev
833,16754797,lime0001,"2026-09-23 23:57:49",0.947,14,lime0001
834,16618751,ocean240812,"2026-09-24 08:10:57",0.947,157,ocean240812
835,16472654,"Giovanni Marco Dall'Olio","2026-09-25 14:46:43",0.947,183,dalloliogm
836,16719234,nubx,"2026-09-12 17:17:36",0.947,31,manrajjitsidhu
837,16876130,"Ekaterina Bagantsova","2026-09-17 19:27:28",0.947,11,bagaek
838,16849796,"rahul agnihotri","2026-09-14 08:22:59",0.947,8,rahularast
839,16463766,"Mahmoud Abdelshafy","2026-09-23 11:33:59",0.947,45,mahmoudabdshafy
840,16601533,Nat00,"2026-09-24 09:27:15",0.947,19,"adriaft,natliablascoandreo"
841,16565839,PatrickS,"2026-09-25 23:26:43",0.947,28,patricks03
842,16768875,Asim,"2026-09-13 08:23:20",0.947,22,aiwagan
843,16881609,"dongxin wan","2026-09-18 08:28:32",0.947,2,dongxinwan
844,16607253,"Apoorv Saraogee","2026-09-25 20:08:16",0.947,155,apoorvsara
845,16492963,FWC,"2026-09-13 05:58:39",0.947,9,yuto2846
846,16884587,"Daiki Takahashi","2026-09-13 07:18:11",0.947,1,daikitakahashi
847,16734336,"Vu Duy Kien","2026-09-17 07:10:36",0.947,29,vuduykien
848,16459298,"Arya Arun","2026-09-19 15:27:33",0.947,34,aryaarun07
849,16885722,zylvento,"2026-09-13 09:59:11",0.947,2,"lorvexa,zylvento"
850,16885822,S3unburst,"2026-09-13 10:31:53",0.947,2,s3unburst
851,16885609,"Manjunadh Padarthi","2026-09-13 11:11:27",0.947,1,manjunadhpadarthi
852,16881673,Novardion,"2026-09-13 11:30:09",0.947,4,novardion
853,16585051,Zejun_,"2026-09-13 13:05:35",0.947,12,zejunfool
854,16806860,"Taewoong Kim","2026-09-25 03:58:26",0.947,40,aleaiest
855,16475828,"Bo Peng","2026-09-13 17:53:13",0.947,2,bopengiowa
856,16638301,seantangth,"2026-09-23 17:22:08",0.947,28,seantangth
857,16887958,"Kevin Krank","2026-09-17 11:21:50",0.947,19,kevinkrank
858,16883163,DancingLumberjack,"2026-09-26 00:30:20",0.947,33,jamesmcgarryiv
859,16508349,华风夏韵，洛水天依。,"2026-09-26 00:26:38",0.947,76,thedyingkai
860,16885469,static,"2026-09-14 02:35:51",0.947,3,huangshunhao
861,16458711,Cacinie,"2026-09-18 17:25:14",0.947,27,cacinie
862,16855461,tyamanashi,"2026-09-14 04:04:38",0.947,1,tyamanashi
863,16872074,Michael202609,"2026-09-14 14:09:59",0.947,3,michael202609
864,16462837,"Steve Watson","2026-09-19 21:23:55",0.947,64,stevewatson999
865,16656422,Kalypheus,"2026-09-18 07:27:04",0.947,8,kalypheus
866,16458467,"German Mora Martin","2026-09-14 08:17:03",0.947,24,germanmoramartin
867,16458115,"Vicens Gaitan","2026-09-14 10:23:16",0.947,29,vicensgaitan
868,16610415,blablaSpirit,"2026-09-23 15:14:40",0.947,22,blablaspirit
869,16472353,没落者,"2026-09-23 14:17:42",0.947,51,needless090
870,16615714,"Makar Baderko","2026-09-14 15:23:18",0.947,1,makarbaderko
871,16730730,"Le Trong Hieu","2026-09-25 04:45:40",0.947,126,backtracking
872,16469135,"john inan","2026-09-16 04:36:59",0.947,40,johninan
873,16455826,"Rishikesh Jani","2026-09-15 03:52:37",0.947,22,rishikeshjani
874,16457002,Suncrest,"2026-09-24 16:12:37",0.947,30,suncrest
875,16881743,"Berat Erol ÇELİK","2026-09-20 16:57:11",0.947,14,beraterolelk
876,16485767,sasaki,"2026-09-23 19:57:20",0.947,14,rsasaki
877,16894885,"Ali Eren Konak","2026-09-15 14:05:21",0.947,1,alierenkonak
878,16842795,"junseo lee","2026-09-22 22:30:44",0.947,8,junnseolee
879,16898322,"Mohammad Albaddawi","2026-09-15 17:26:20",0.947,2,m7mdalbaddawi
880,16850342,"Umut Kıvanç Sipahioğlu","2026-09-23 17:28:50",0.947,8,umutkvansipahiolu
881,16457348,"Maxim Ilyin","2026-09-15 20:20:09",0.947,7,fautei
882,16665644,"Nick Styles","2026-09-15 23:19:59",0.947,4,styles
883,16903771,"liu bo","2026-09-25 14:18:13",0.947,9,liuboo45586
884,16903969,qorlin,"2026-09-16 03:10:59",0.947,2,qorlin
885,16613009,"Sudhanshu Bhardwaj","2026-09-23 07:27:23",0.947,49,princecoder
886,16809777,shawloong,"2026-09-21 01:36:46",0.947,11,shawloong
887,16791105,"Aru Ohta","2026-09-16 04:55:36",0.947,1,aruohta
888,16878822,"Huihua Zhu666","2026-09-19 03:51:26",0.947,2,huihuazhu666
889,16726750,programmers,"2026-09-25 06:35:14",0.947,22,"mhahmad,mohib94"
890,16461185,"Carles Marín","2026-09-21 05:21:10",0.947,33,carlesmarn
891,16455749,"Rocker Ritesh","2026-09-16 12:38:38",0.947,46,rockerritesh
892,16855122,"Ruslan Potekhin","2026-09-21 19:29:20",0.947,20,ruslanpotekhin
893,16669281,"shoryakumar mishra","2026-09-23 07:24:58",0.947,20,shoryakumarmishra
894,16533114,AliLucky,"2026-09-24 21:03:01",0.947,15,alilucky
895,16616837,JinchengZhang1,"2026-09-17 04:01:55",0.947,9,jinchengzhang1
896,16462872,"Jeki Wan Taufik","2026-09-17 03:51:22",0.947,30,jek1wantaufik
897,16906957,"HY ISHI","2026-09-23 14:41:14",0.947,9,hyugaishioka
898,16587776,FlameZywoo,"2026-09-22 15:02:23",0.947,8,zgdllt
899,16593001,"PARAG VIJAY PAWAR","2026-09-18 04:14:24",0.947,8,paragpawar2008
900,16889591,caintly,"2026-09-22 13:47:07",0.947,6,eyesad
901,16775117,"Nguyen Kha Ho","2026-09-24 23:29:38",0.947,24,nguyenkhaho
902,16455286,Kiki,"2026-09-20 06:58:59",0.947,28,rouiou
903,16770142,"Hansika Aredla","2026-09-18 17:41:14",0.947,14,hansikaaredla
904,16889076,"Md Waquar Ahmad","2026-09-21 11:51:33",0.947,7,mohdwaquarahmad
905,16909130,Revo,"2026-09-25 23:56:25",0.947,5,maikajusu
906,16460366,"Arunava Nag","2026-09-22 05:32:21",0.947,18,arunavanag
907,16913740,Ayush_1319,"2026-09-19 13:05:37",0.947,6,ayush1319
908,16464165,"Thibaut Juill","2026-09-18 06:02:28",0.947,7,thibautjuill
909,16574233,"Cam-Luan Truong","2026-09-22 15:28:43",0.947,12,luantruong
910,16919240,Aic,"2026-09-18 07:54:21",0.947,2,gunianxue
911,16916858,"Maksym Bilychenko","2026-09-23 07:19:37",0.947,2,mbilichenko
912,16919388,K.N.,"2026-09-18 08:15:41",0.947,1,noza198
913,16479914,"Roy Lo TW","2026-09-23 16:22:48",0.947,29,roylotw
914,16630684,"Jakup Ymeraj","2026-09-18 11:46:05",0.947,14,kupedata
915,16906937,"Haonan Zhou","2026-09-25 13:08:40",0.947,2,hatsuseizuna
916,16878002,PUN,"2026-09-20 20:13:32",0.947,4,pshikk
917,16483781,"Kumar Abhijeet","2026-09-18 15:06:38",0.947,12,krabhijeet
918,16786516,"TongYi Hong","2026-09-22 03:46:17",0.947,13,"hongtongyi,hoshiiabc"
919,16541639,"SARTHAK MISHRA","2026-09-20 02:40:52",0.947,78,sarthakmukeshmishra
920,16923449,tensorlike,"2026-09-19 04:58:29",0.947,5,"echoverse1,neonflux,regressiw,tensorlike"
921,16454183,cocoaAI,"2026-09-24 05:25:45",0.947,10,cocoaai
922,16623553,tony,"2026-09-26 03:46:51",0.947,4,yuanyuan98
923,16684066,kongxuan47,"2026-09-19 09:21:08",0.947,1,kongxuan47
924,16607541,zhangzhen1996,"2026-09-24 05:01:44",0.947,8,zhangzhen1996
925,16892265,Leo,"2026-09-23 16:22:26",0.947,4,leo123321
926,16925739,Virexon,"2026-09-19 14:04:31",0.947,4,"spectrion5,synthexia,virexon,vorinaq"
927,16553117,"Hal Zweiman","2026-09-19 14:10:36",0.947,39,halzweiman
928,16531124,XiaoYan12,"2026-09-23 19:15:31",0.947,14,xiaoyan12
929,16565547,AbhilashVJ,"2026-09-19 15:51:12",0.947,5,abh001
930,16463879,ertu,"2026-09-19 17:19:12",0.947,2,ozertuu
931,16922404,Francisco,"2026-09-24 14:21:19",0.947,9,cheneblanc
932,16883338,"Alvaro Mendizabal","2026-09-23 20:35:08",0.947,2,alvaromendizabal
933,16927483,eigeness9,"2026-09-20 02:17:49",0.947,3,"eigeness9,postrflux,reciprocityj,zenoflux77"
934,16926287,Jackylw,"2026-09-20 03:39:19",0.947,1,jackylw
935,16460254,"Parth Talsania","2026-09-22 04:23:25",0.947,17,parthtalsania
936,16891454,AryanEval,"2026-09-22 07:28:56",0.947,14,aryaneval
937,16929669,"Rabeya Noor","2026-09-21 07:55:56",0.947,4,rabeya100x
938,16483981,"Akira Hirohashi","2026-09-20 11:59:29",0.947,9,akirahirohashi
939,16930261,"Mostafa Waly","2026-09-21 02:02:59",0.947,2,mostafawaly2004
940,16827206,"Never quit","2026-09-20 13:14:38",0.947,1,leonstew
941,16602485,"Leo Lin05","2026-09-20 17:37:15",0.947,26,leolin05
942,16927967,"Artem Boltaev","2026-09-20 19:22:04",0.947,1,artemboltaev
943,16463446,"Tsingtao Bro","2026-09-20 21:17:18",0.947,126,qiweiyin
944,16931529,"Asterios Terzis","2026-09-24 08:15:51",0.947,9,asteriosterzis
945,16569092,Micadee_Shafi,"2026-09-20 23:14:58",0.947,15,"adegladius,shafiullahmiakhil"
946,16453552,rakumo,"2026-09-21 00:23:34",0.947,7,sirakumo
947,16775166,"Alexey Kuznetsov","2026-09-24 10:16:24",0.947,45,legtarrr
948,16690452,tangaii,"2026-09-22 10:16:26",0.947,93,tangai1
949,16794856,"Gayaz Ali","2026-09-21 05:16:21",0.947,1,gayaz16
950,16882015,"lavesh Jadon","2026-09-23 14:01:30",0.947,3,laveshjadon
951,16930823,yangzzi2,"2026-09-25 14:04:05",0.947,9,yangzzi2
952,16531816,"kazuki morikawa","2026-09-21 15:33:55",0.947,9,kazukimorikawa
953,16665908,"Mi Nguyễn","2026-09-22 02:48:50",0.947,45,minguynthithao
954,16935778,"Veniamin Nelin","2026-09-21 10:38:15",0.947,1,veniaminnelin
955,16513676,Malla,"2026-09-24 19:39:47",0.947,101,mallaphalguni
956,16483480,"MANAS NARKAR","2026-09-21 16:48:45",0.947,25,manasnarkar
957,16663760,🔥🦫📿🗽,"2026-09-21 17:31:45",0.947,7,datafad
958,16938304,"Sritej Padmanabhan","2026-09-22 13:01:23",0.947,2,sritejpadmanabhan
959,16924403,Matterhorn3838,"2026-09-24 23:02:32",0.947,2,matterhorn3838
960,16548234,prod1gy,"2026-09-22 02:42:34",0.947,5,borealis27
961,16940475,CardPilotLab,"2026-09-25 07:31:29",0.947,8,EldieEnfiel
962,16806619,digimagi,"2026-09-22 11:32:38",0.947,1,digimagi
963,16765998,Remielle,"2026-09-22 11:50:35",0.947,27,remielle
964,16942225,guikko,"2026-09-22 14:32:17",0.947,1,"guikko,qunlilio,tkaudd"
965,16810235,王子铖,"2026-09-22 17:28:25",0.947,3,aurantium
966,16942869,Simosc,"2026-09-22 19:59:26",0.947,5,simosc
967,16852366,"Ahmed Mostafa","2026-09-24 01:01:32",0.947,6,republic966
968,16943486,VarchaswaV,"2026-09-24 14:23:30",0.947,3,varchaswav
969,16537185,Jensen_01,"2026-09-23 12:53:32",0.947,7,jensen01
970,16486297,Ace,"2026-09-24 19:25:16",0.947,50,shikhageekachad
971,16944064,"Wael El Ghazzawi","2026-09-24 19:33:51",0.947,2,waelelghazzawi
972,16666691,Pim,"2026-09-23 01:38:31",0.947,4,"lastit,monkeyplaying"
973,16455471,"Jun Liu","2026-09-24 03:20:34",0.947,5,chrisluu
974,16806178,"Surya Bhattiprol","2026-09-23 19:28:15",0.947,16,suryabhattiprol01
975,16488298,An,"2026-09-24 02:23:03",0.947,11,myotterspace
976,16935152,"Adrian Phillips","2026-09-23 06:20:11",0.947,4,adrianphillips00
977,16494426,"Frost Cerberus","2026-09-23 07:42:12",0.947,80,frostcerberus
978,16892123,DsLiner,"2026-09-25 16:18:47",0.947,5,dsliner
979,16747911,NIklitaCheporev,"2026-09-24 10:18:25",0.947,15,niklitacheporev
980,16462296,"TomTom >= 2023","2026-09-25 14:52:03",0.947,146,tomtomfrom2023
981,16455271,Aevion-Labs,"2026-09-23 18:33:15",0.947,64,aevionlabs
982,16513677,DhanaLakshmiMalla,"2026-09-25 19:44:29",0.947,73,dhanalakshmimalla
983,16733253,minhtrix,"2026-09-24 11:13:04",0.947,10,minhtri93
984,16600822,"Yang Kuang Ou","2026-09-24 00:06:38",0.947,22,yangkuangou
985,16534320,...,"2026-09-24 01:23:25",0.947,9,shackles6966
986,16609514,"Charlene Callystha Maelissa","2026-09-24 04:23:44",0.947,9,charlenecallystham
987,16841211,"Chattso-GPT (Yasuhito Yanagisawa)","2026-09-25 16:42:40",0.947,3,yasuhitoyanagisawa
988,16841515,abondrn,"2026-09-25 16:33:24",0.947,13,abondrn
989,16741808,Goripon555,"2026-09-24 11:09:12",0.947,8,goripon555
990,16487815,"Tatiana Malygina","2026-09-25 11:41:00",0.947,6,latticetower
991,16719695,"James Holland","2026-09-25 14:13:45",0.947,27,jkhollandjr
992,16493012,Shree85,"2026-09-24 17:09:55",0.947,22,shree85
993,16892960,"Sankalp Wanjari","2026-09-25 18:06:02",0.947,10,sankalpwanjari25
994,16760518,yuta,"2026-09-25 00:07:27",0.947,32,enjooooy
995,16684796,kumk,"2026-09-25 05:44:01",0.947,4,kknagoya
996,16634729,kif,"2026-09-25 06:47:12",0.947,9,echigobran
997,16802983,RobertMarianIurea,"2026-09-25 15:02:54",0.947,13,robertmarianiurea
998,16818186,interplinker,"2026-09-25 15:36:14",0.947,12,interplinker
999,16722307,"Magnus Makgasane","2026-09-25 20:03:19",0.947,27,magnusmakgasane
1000,16454961,less,"2026-09-15 04:26:20",0.947,47,jiaoyouzhang
1001,16919567,Mycelis,"2026-09-23 18:58:48",0.947,11,johnmoncel
1002,16489886,habakan,"2026-09-21 21:22:42",0.947,32,kansukehabano
1003,16879145,"Ismail Abu-shanab","2026-09-16 00:51:21",0.947,12,ismailabushanab06
1004,16705824,"Xiyu Hao","2026-09-25 12:34:21",0.947,67,sheeyuh
1005,16455775,Hack2Publish,"2026-09-25 19:28:06",0.947,239,"esfersami50,foysalemonshanto,hosen42,rokaiyasomapti"
1006,16831918,"The Big Hub","2026-09-23 12:01:28",0.947,25,"akamasterpiece,gianghiango,paramizodicrominique"
1007,16839543,Sam-wiz,"2026-09-22 19:56:21",0.947,39,samwiz
1008,16683029,oreomori,"2026-09-24 16:54:35",0.947,7,reokambayashi
1009,16461772,"Mendrika Ramarlina","2026-09-10 22:02:49",0.947,224,ramarlina
1010,16725317,Kaggoo,"2026-09-22 15:08:16",0.947,2,lpachuong
1011,16848390,hoon0303,"2026-09-19 02:22:43",0.947,9,hoon0303
1012,16455155,Xander,"2026-09-20 00:02:26",0.947,61,canqiang
1013,16592841,"Sung Heo","2026-09-23 13:32:09",0.947,22,kmmmvs
1014,16774064,Apa,"2026-09-25 04:48:59",0.947,99,yasso1
1015,16701603,"Harshedh Vijay","2026-09-25 23:58:12",0.947,31,"harshedhvijay,naghulpranavks"
1016,16830846,huohuaya,"2026-09-17 02:40:07",0.947,18,huohuaya
1017,16495135,99valentine,"2026-09-22 23:29:51",0.947,180,sireesh
1018,16709791,ysd1110,"2026-09-24 00:05:52",0.947,73,ysd1110
1019,16632454,AbhiniveshSharma5354,"2026-09-23 12:39:51",0.947,6,abhiniveshsharma5354
1020,16855024,"Kragglenote2 Forwork","2026-09-26 01:32:55",0.947,14,kragglenote2forwork
1021,16773087,HC,"2026-09-19 20:34:06",0.947,16,henryc24
1022,16699142,"Rimsha Kanwal","2026-09-12 17:24:07",0.947,5,rimsha234
1023,16572388,"Tasniem N. Alyahya","2026-09-22 22:19:40",0.947,40,tasniemnasser
1024,16569303,daizedoskoi,"2026-09-24 00:33:20",0.947,28,daizedoskoi
1025,16682438,"Bill Fan","2026-09-23 01:16:57",0.947,23,billfan88
1026,16828177,Aira,"2026-09-24 00:42:44",0.947,34,ynnguynthi123
1027,16461994,"Roland Luethy","2026-09-19 18:28:48",0.947,130,rluethy
1028,16500387,JungchulKoo,"2026-09-13 16:48:42",0.947,9,jungchulkoo
1029,16454048,Chikuwabu,"2026-09-14 21:44:01",0.947,6,prgckwb
1030,16455677,"MJ Cho","2026-09-18 02:32:52",0.947,15,mjcho2023
1031,16682610,"Materials science","2026-09-20 07:58:03",0.947,10,dvpoojary
1032,16809573,"Bhargavaram Gajula","2026-09-14 07:55:02",0.947,3,bhargavaramgajula007
1033,16453711,"Kunal Aarse","2026-09-23 13:44:51",0.947,174,kunalinfinite
1034,16468233,techies,"2026-09-15 05:14:44",0.947,4,debannadas
1035,16562643,一行瑠璃,"2026-09-15 07:20:42",0.947,9,yixingll
1036,16896830,photonova,"2026-09-15 12:30:10",0.947,5,photonova
1037,16884474,aleksandr3312,"2026-09-24 06:16:12",0.947,34,gapchenko
1038,16531419,"Kerem çelik","2026-09-23 07:47:22",0.947,57,keremelik
1039,16848221,"Yang Bai","2026-09-17 10:56:42",0.947,3,jackelysia
1040,16466316,riicon,"2026-09-17 12:32:43",0.947,36,risakashiwabara
1041,16916757,"alex chilton","2026-09-18 09:47:59",0.947,3,alexchilton
1042,16917204,"Aleksandrov Andrey Alekseevich","2026-09-17 22:39:41",0.947,1,abbeleve
1043,16811942,"dbvz sbsbs","2026-09-24 09:32:55",0.947,5,dbvzsbsbs
1044,16458705,Datahelix,"2026-09-19 05:08:24",0.947,3,rayezwtkl
1045,16618242,"walusimbi Isiah","2026-09-20 16:50:18",0.947,58,walusimbiisiah
1046,16919978,haseryooooo,"2026-09-25 10:54:26",0.947,4,haseryooooo
1047,16751594,"qw yi123","2026-09-25 07:36:23",0.947,6,qwyi123
1048,16599554,"Malyshev Danil","2026-09-20 09:57:37",0.947,8,malyshevdanil
1049,16601524,Anish_47,"2026-09-20 04:22:19",0.947,3,anish47
1050,16942162,opbbai,"2026-09-22 14:11:05",0.947,4,"cami9066,opbbai,yexizhan"
1051,16466151,"Chenwei Wu","2026-09-22 18:55:31",0.947,1,"chenweiwu2025,plishere"
1052,16616700,"Alejandro Rendon B.","2026-09-22 21:56:00",0.947,27,alejandrorendonblan
1053,16846938,"David Wang","2026-09-23 03:31:27",0.947,11,renew66
1054,16941108,wu_bigcat,"2026-09-25 14:56:49",0.947,6,bigcat0808
1055,16480029,DeeperNet,"2026-09-24 06:41:19",0.947,9,deepernet
1056,16809969,"Sinh Nguyễn Đức","2026-09-24 08:58:23",0.947,6,sinhnguync
1057,16617406,waticson,"2026-09-25 14:54:17",0.947,16,yutodennou
1058,16898213,"Gurkirat Singh","2026-09-25 11:24:45",0.947,1,gurkirat201005
1059,16640638,"Basheer Marzoog","2026-09-25 18:27:24",0.947,30,"basheermarzoog,snezana20"
1060,16453790,"Chirag Desai","2026-09-25 20:25:26",0.947,31,cid007
1061,16748055,"mikan s","2026-09-24 13:46:25",0.947,91,mikanss
1062,16453533,Boredom,"2026-09-12 12:12:33",0.947,22,cudacoding
1063,16479760,"Dongyong Lee","2026-09-09 16:34:40",0.947,111,shemissmebutidont
1064,16773408,tuyendepzaicungkhu,"2026-09-25 19:41:08",0.947,11,tuyendepzaicungkhu
1065,16942904,Ashwani,"2026-09-25 18:51:05",0.947,8,ashwanidhukra
1066,16601322,Naman_Swami,"2026-09-20 09:02:25",0.947,14,developerkgf
1067,16881471,"Raju Sah","2026-09-16 17:20:15",0.947,12,rajucode
1068,16655331,"Umut Keltek","2026-09-24 16:25:12",0.947,122,umutkeltek
1069,16457265,"AL Najafi","2026-09-20 18:44:33",0.947,107,"alnajafi,annicenajafi"
1070,16724644,"Mohit Babel","2026-09-18 22:49:58",0.947,8,mohitbabel
1071,16856051,"Vanshika #2","2026-09-22 10:41:13",0.947,4,crystalbaby
1072,16459907,test_ct,"2026-09-10 10:25:22",0.947,55,michaelsemenoff
1073,16730196,ChatGPT-5.7,"2026-09-10 10:42:47",0.947,12,gaoruihua
1074,16542088,"Akhilesh godugu","2026-09-10 13:07:23",0.947,53,akhileshgodugu
1075,16481273,"Victor Chege","2026-09-10 15:16:35",0.947,20,victorchege0
1076,16732828,lilishyxf,"2026-09-23 00:47:49",0.947,7,lilishyxf
1077,16455435,"Wander waal","2026-09-11 13:10:16",0.947,36,"mohammedm0iz,wanderwaal"
1078,16534138,charlotte,"2026-09-15 05:38:04",0.947,106,"aurax7,coolinlai,haosky1,yajuansheng,zongzishuang"
1079,16545373,HIVE,"2026-09-22 18:46:31",0.947,41,"hibbamd,minahilahsan,nusrati,shaminkhawar"
1080,16842857,PapaSoda,"2026-09-10 17:28:19",0.947,7,papasoda
1081,16833191,nnww,"2026-09-10 18:39:49",0.947,13,raphalkmg
1082,16710497,sukeke,"2026-09-10 23:41:33",0.947,11,sukeke
1083,16855261,"Henrique José De Souza","2026-09-11 00:21:21",0.947,15,henriquejsza
1084,16661912,sam_the_rice_cake,"2026-09-24 10:14:28",0.947,37,"sylsylsylsylvia,wliilamsam"
1085,16715706,"Seungjun Lee","2026-09-11 04:00:22",0.947,1,seungjunleeofficial
1086,16454283,"Pavlo Ivanin","2026-09-11 05:13:05",0.947,37,pavloivanin
1087,16726964,zeron0,"2026-09-11 05:36:27",0.947,2,zeron0
1088,16491723,"Tommy Deth","2026-09-11 05:45:47",0.947,6,tommydeth
1089,16864915,LACK.AI,"2026-09-12 08:37:34",0.947,2,ravikumar1234
1090,16506717,ebisu_ya,"2026-09-11 10:19:57",0.947,47,ebisuya
1091,16753800,桂棹兮兰桨,"2026-09-25 14:26:29",0.947,70,"ffffffeng,hdhsjdjd,lulutomato,taopiliu"
1092,16460331,"Rajan Nagarajan","2026-09-11 10:54:56",0.947,37,narajan
1093,16454158,"Katayama Tomoharu","2026-09-11 11:26:22",0.947,11,katayamatomoharu
1094,16850978,Coffeeshop,"2026-09-11 12:35:22",0.947,4,coffeeshop
1095,16705775,Logorhythms,"2026-09-24 05:00:13",0.947,22,mohammadsaidulislam
1096,16545500,"Gustavo Knudsen","2026-09-11 17:23:56",0.947,25,gustavoknudsen
1097,16496070,"Shigeru Kondou","2026-09-11 17:46:27",0.947,19,shigerukondou
1098,16477832,Rafael,"2026-09-20 00:54:45",0.947,22,rafaeldsjhkas
1099,16780957,"Shankar Pandala","2026-09-12 14:14:05",0.947,19,shankarpandala
1100,16705682,Kaz,"2026-09-19 18:41:32",0.947,8,kazuyago
1101,16866431,"TOMOKI O.","2026-09-14 02:22:01",0.947,9,tomoki0
1102,16500008,"KAKA Minishijie","2026-09-18 10:12:58",0.947,48,kakaminishijie
1103,16453666,"Ravi Ramakrishnan","2026-09-14 05:05:18",0.947,7,ravi20076
1104,16712868,kishizaki-sci,"2026-09-20 11:09:36",0.947,12,superstringdev
1105,16839581,"Søren Ravn Andersen","2026-09-12 12:03:15",0.947,12,sorenravn
1106,16470362,"Munal Singh","2026-09-13 11:54:56",0.947,3,munalsingh
1107,16639290,"Hoorad Heidari","2026-09-12 17:15:53",0.947,15,hooradheidari
1108,16732664,"Stefano Blando","2026-09-25 17:42:08",0.947,34,stefanoblando
1109,16454574,today,"2026-09-23 13:10:26",0.947,52,today55
1110,16495913,KUJO_ISO,"2026-09-23 15:41:30",0.947,7,d6dqvw7rvqmxv
1111,16749357,kuroko1t,"2026-09-15 11:48:30",0.947,38,kuroko1t
1112,16530745,yuzio420,"2026-09-22 09:52:35",0.947,8,yuzio420
1113,16455116,"Reyhan Ksatria","2026-09-13 05:36:01",0.947,23,reyhanksatria
1114,16533544,victorriposati,"2026-09-24 12:20:05",0.947,34,victorriposati
1115,16881810,gradfield21,"2026-09-13 10:02:42",0.947,4,gradfield21
1116,16726794,"Giorgos I","2026-09-23 10:38:40",0.947,56,giorgosi
1117,16793873,YutaOkkotsu1661,"2026-09-15 18:28:31",0.947,11,yutaokkotsu1661
1118,16454269,wqsh,"2026-09-25 18:19:29",0.947,210,xhhuang
1119,16862129,"Kydyrbek Kozykorpesh","2026-09-25 21:32:21",0.947,10,kozykappa
1120,16457663,SEteam,"2026-09-24 00:06:42",0.947,60,parejepareje
1121,16808425,"Diya Sharma","2026-09-16 06:50:54",0.947,10,diyasharmanexa
1122,16794589,caas_sicca,"2026-09-17 03:09:33",0.947,15,caassicca
1123,16793646,vvts-bugbounty,"2026-09-21 23:01:37",0.947,29,vvtsbugbounty
1124,16487122,"Arko Bera","2026-09-14 07:15:02",0.947,19,cartoonistbeard
1125,16768442,"Kazuki Sato","2026-09-24 06:49:10",0.947,14,kazukisato
1126,16758351,"Kostas Tsolis","2026-09-14 07:59:24",0.947,18,tkostas
1127,16840886,poijio,"2026-09-23 16:40:29",0.947,16,poijio
1128,16465145,"Aryan Badmera","2026-09-25 08:55:21",0.947,56,"eggsysy,madhavdogra,shrutmude123"
1129,16461278,"Erwin Huizenga","2026-09-22 14:16:19",0.947,112,erwinh
1130,16595490,sigmaborov,"2026-09-25 12:07:00",0.947,6,sigmaborov
1131,16892728,"Yassmina Ouahman","2026-09-14 22:51:45",0.947,1,saynam
1132,16878552,"Ha huy","2026-09-15 00:19:29",0.947,3,hahuyy
1133,16610422,"Rayk Kretzschmar","2026-09-15 19:41:48",0.947,40,raykkretzschmar
1134,16588784,"Sankalp Thakur","2026-09-15 06:40:11",0.947,87,"aasthathakur,sankalpsthakur"
1135,16844982,"Ashok Gaire","2026-09-15 09:49:06",0.947,1,ashokgaire
1136,16802420,"milad ansari","2026-09-15 10:17:08",0.947,4,miladansari
1137,16617108,"Lê Bảo","2026-09-15 11:28:19",0.947,14,"adonis122,heon29"
1138,16702501,"longfei zhu","2026-09-15 13:34:02",0.947,2,longfeizhu
1139,16464587,Gyutaaan,"2026-09-23 08:14:04",0.947,2,gyutaaan
1140,16847053,stars_w,"2026-09-15 13:58:00",0.947,1,starsw
1141,16935644,KrittanutSomtuas,"2026-09-24 10:08:21",0.947,14,"krittanutsomtuas,yodharinmonplub"
1142,16461232,Virtute,"2026-09-22 06:23:57",0.947,26,nameless001
1143,16668010,"Hajar Besbassi","2026-09-24 08:08:51",0.947,9,jolizare
1144,16591651,Sere1n,"2026-09-16 20:24:59",0.947,19,chacc0
1145,16460490,"jorge fabian avila","2026-09-24 18:10:32",0.947,20,jorgefabianavila
1146,16732407,kanno,"2026-09-16 12:22:45",0.947,45,kannomasaki
1147,16581168,CortexExplorer,"2026-09-20 15:37:01",0.947,19,cortexexplorer
1148,16846667,len8487,"2026-09-21 17:33:19",0.947,39,len8487
1149,16665367,"Shien Zhang","2026-09-16 03:10:30",0.947,7,shienzhang
1150,16536276,"Tomás Travis","2026-09-16 05:34:28",0.947,6,tomstravis
1151,16904031,YANGJINWU,"2026-09-26 00:33:02",0.947,27,yangjinwu
1152,16602746,Azalearn,"2026-09-16 06:46:00",0.947,18,androidss
1153,16870239,"Iason Malkotsis","2026-09-20 23:14:55",0.947,10,jasonthird
1154,16554591,Solid_Sea,"2026-09-22 01:31:26",0.947,24,solidsea
1155,16458074,do-jo,"2026-09-25 20:17:59",0.947,44,thedojo
1156,16848865,"Sōsuke Aizen","2026-09-19 20:00:41",0.947,10,"soukeaizenz,souvikdbiswas"
1157,16461140,"Jack Hsu","2026-09-16 21:22:40",0.947,29,jackhsupf
1158,16859109,永不复焉,"2026-09-19 12:54:10",0.947,4,legeia
1159,16536782,"junseok lee","2026-09-17 03:51:10",0.947,11,jaslee2
1160,16460512,"Liew Keong Han","2026-09-22 00:56:41",0.947,16,farmountain
1161,16710163,magsta,"2026-09-20 11:30:56",0.947,2,magsta
1162,16908424,Paing,"2026-09-21 02:15:12",0.947,7,painghtetsw
1163,16638021,Randynho,"2026-09-17 04:01:44",0.947,12,randynho
1164,16454257,"Maher el Ouahabi","2026-09-21 10:44:45",0.947,32,maherelouahabi
1165,16911229,localAI,"2026-09-22 19:43:15",0.947,8,matteo123383iend
1166,16912952,"sampath bharath","2026-09-22 22:16:43",0.947,3,sampathbharath
1167,16784241,"Nav N","2026-09-25 10:38:28",0.947,51,navidata
1168,16474617,euthumos,"2026-09-25 20:32:02",0.947,14,euthumos
1169,16888600,KTAcosmo,"2026-09-25 15:48:08",0.947,6,ktacosmo2kag
1170,16721184,aks05410,"2026-09-25 11:59:53",0.947,70,aks05410
1171,16752056,"hang zhao666","2026-09-25 03:42:36",0.947,12,hangzhao666
1172,16795711,yuuuuuub,"2026-09-20 07:52:25",0.947,7,yuuuuuub
1173,16865837,"Aditya Kumar #2","2026-09-20 13:17:00",0.947,6,addictedgt
1174,16676436,MT,"2026-09-21 08:51:05",0.947,27,mtinti
1175,16923397,"kouhei mori","2026-09-21 14:40:24",0.947,3,kouheimori
1176,16601794,"Abai Sansyzbai","2026-09-19 08:21:14",0.947,17,aimabai
1177,16783921,its_mrz,"2026-09-22 09:43:26",0.947,10,itsmrz
1178,16750577,Gronk,"2026-09-19 14:39:34",0.947,33,jianyicai
1179,16925380,galaxy2025,"2026-09-19 15:23:48",0.947,1,galaxy2025
1180,16705374,DevX,"2026-09-19 17:17:11",0.947,35,"g1en114,loftyrainliu"
1181,16917693,"Dilyorbek Muhammadjonov","2026-09-20 03:30:02",0.947,1,dilyorbek
1182,16592980,yutoAb,"2026-09-20 04:21:08",0.947,12,yutoab
1183,16838481,Lunospital,"2026-09-20 04:25:15",0.947,2,lunospital
1184,16926520,vaibhav9849,"2026-09-20 06:37:02",0.947,1,vaibhav9849
1185,16928149,mitsuki,"2026-09-20 08:57:21",0.947,1,mk00000
1186,16471136,maxout,"2026-09-22 08:10:57",0.947,32,"aadijoshi19,kavyabhand,manavsharma2707,tanvesh18"
1187,16635609,Radiohead28,"2026-09-21 08:54:32",0.947,8,radiohead28
1188,16929921,Shaun2024,"2026-09-21 23:18:23",0.947,2,shaun2024
1189,16636119,"Jordi Corbilla","2026-09-25 20:25:46",0.947,25,jordicorbilla
1190,16457751,"GAURAV PARKHEDKAR","2026-09-23 12:21:14",0.947,24,gauravparkhedkar
1191,16912232,lumen,"2026-09-21 03:57:22",0.947,2,lumenyuto
1192,16662088,EricYHS,"2026-09-21 01:00:57",0.947,24,ericyhs
1193,16786040,"Yoshinori Sato","2026-09-21 04:15:43",0.947,15,yosynory
1194,16933122,dynatrixa,"2026-09-26 05:28:07",0.947,10,"datacinder7,dynatrixa,veltronic"
1195,16462112,Boltuzamaki,"2026-09-21 06:52:52",0.947,6,boltuzamaki
1196,16612540,"Ayaz Ahmed Kazi","2026-09-21 09:01:36",0.947,12,ayazahmedkazi
1197,16455274,"Hıdır Demir","2026-09-21 18:36:04",0.947,17,hdrdmr
1198,16881365,gchauhan,"2026-09-21 20:31:25",0.947,2,gchauhan
1199,16921940,"Reece Akana","2026-09-21 21:28:21",0.947,1,reeceakana
1200,16938208,Amaan,"2026-09-22 07:19:16",0.947,4,rainmaker29
1201,16453975,"Congcong Bi","2026-09-24 20:48:38",0.947,14,congcongbi
1202,16938540,"Aly Dhedhi","2026-09-22 12:37:23",0.947,3,alydhedhi
1203,16937544,JIAWEILI0001,"2026-09-24 03:57:27",0.947,3,jiaweili0001
1204,16770949,我的AI是豆包,"2026-09-24 07:35:48",0.947,14,"carrotliang,haoxuanjng,kaoqiangzhang,rainhuang0220"
1205,16797612,thwaitsusa2,"2026-09-22 03:37:00",0.947,22,thwaitsusa2
1206,16465397,HITM47N,"2026-09-22 18:30:57",0.947,32,hitm47n
1207,16933886,"Arun Khatua","2026-09-25 17:26:09",0.947,7,arunkhatua
1208,16674414,Ispagiytiy,"2026-09-25 22:58:21",0.947,7,ispagiytiy
1209,16457107,HarshitSama,"2026-09-24 00:02:02",0.947,56,harshitsama
1210,16485993,K3nsho,"2026-09-24 11:38:50",0.947,14,kenshomiyasaka
1211,16839387,kyoto-bt,"2026-09-24 03:50:00",0.947,5,kyotobt
1212,16531451,"Rahul Penjare","2026-09-24 10:44:32",0.947,20,rahulpenjare
1213,16700863,"Sridhar Shivashankar","2026-09-25 17:05:07",0.947,7,"samarthmishra208,sridharshivashankar"
1214,16630356,"Shuhan Yang","2026-09-25 08:04:20",0.947,14,qizhiran
1215,16920556,SHALABI,"2026-09-25 06:39:16",0.947,5,mohdshalabi
1216,16807936,"Muhammad Umar Bilal","2026-09-24 11:36:18",0.947,13,muhammadumarbilal
1217,16572504,igarashimm,"2026-09-25 00:55:14",0.947,47,igarashimm
1218,16462625,"Matt graham","2026-09-25 03:09:34",0.947,6,mooseml
1219,16691080,QuickSSS,"2026-09-25 07:17:49",0.947,4,quicksss
1220,16531237,yoshi52,"2026-09-25 13:37:17",0.947,21,yoshihitogoto
1221,16940420,"Kris Petersen","2026-09-25 19:25:43",0.947,5,krispetersen
1222,16828880,"Hank Lin","2026-09-24 20:48:05",0.947,24,hanklin2004
1223,16739651,OTkm_tn,"2026-09-25 00:00:43",0.947,21,otkmtn
1224,16460337,"Patrick Chan","2026-09-14 06:32:34",0.947,23,drpatrickchan
1225,16480243,Nils,"2026-09-24 02:56:50",0.947,104,nilsfl
1226,16728538,"David Duffy 86","2026-09-24 19:11:26",0.947,30,davidduffy86
1227,16592624,tomasa2,"2026-09-25 12:51:01",0.947,46,tomasa2
1228,16545148,"Arjun Sharma","2026-09-13 18:25:02",0.947,25,arjundsharma
1229,16771942,mkai1981,"2026-09-11 17:45:47",0.947,10,mkai1981
1230,16920187,"Son Hoang","2026-09-20 13:59:02",0.947,4,sonhoang82
1231,16922356,"Asy Mortenson","2026-09-23 00:00:07",0.947,10,asymortenson
1232,16906426,"Adhiraj Jagtap","2026-09-24 11:01:13",0.947,10,adhirajjagtap
1233,16584145,"Kai Gowers","2026-09-25 03:14:04",0.947,28,kaigow
1234,16588865,Ruoting,"2026-09-23 08:34:18",0.947,7,buaaauto
1235,16940725,Danzzzl,"2026-09-23 16:47:05",0.947,5,okunevda
1236,16926054,codezzzsleep,"2026-09-23 03:13:12",0.947,8,codezzzsleep
1237,16781419,elextra,"2026-09-23 21:54:25",0.947,2,elextra
1238,16483192,"Amitesh Chaudhary","2026-09-25 08:06:04",0.947,2,amiteshchaudhary
1239,16747924,"Matteo Tonello","2026-09-24 19:01:24",0.947,11,mtonello
1240,16501843,Allen,"2026-09-22 07:00:47",0.947,82,zhengchy
1241,16730261,uki706,"2026-09-22 10:19:45",0.947,10,uki706
1242,16831825,noisyislands,"2026-09-24 15:29:59",0.947,34,noisyislands
1243,16797438,NatSwamin,"2026-09-18 13:56:17",0.947,8,natswamin
1244,16922754,"Jayden Szeto","2026-09-20 05:42:45",0.947,6,jaydenszeto123
1245,16514605,"Idowu Ifeoluwa","2026-09-24 12:01:25",0.947,18,lovey1
1246,16906476,"Daujohn [dsmlkz]","2026-09-16 13:19:35",0.947,1,aithbb
1247,16456126,"Hira Norm","2026-09-26 02:02:56",0.947,148,hiranorm
1248,16794876,Manish,"2026-09-26 01:10:08",0.947,6,themanysh
1249,16852820,Krishna,"2026-09-17 04:32:38",0.947,11,kaori02
1250,16781240,Captainuknow,"2026-09-14 21:21:42",0.947,16,captainuknow
1251,16652679,Raijin,"2026-09-24 07:51:33",0.947,14,vencerlanz09
1252,16878531,HayatoFujihara,"2026-09-23 04:57:53",0.947,22,hayatofujihara
1253,16581359,"Ghazaros Barseghyan","2026-09-24 16:29:44",0.947,93,ghazarosbarseghyan91
1254,16855155,Shibungi,"2026-09-14 05:29:08",0.947,5,shibungi
1255,16454298,sanju25,"2026-09-24 23:55:12",0.947,6,sanju25
1256,16903618,"yankai shao","2026-09-19 05:10:37",0.947,3,yankaishao
1257,16491499,AyPy,"2026-09-18 04:26:17",0.947,80,aypyaypy
1258,16555140,"Xiangjiang Zhou","2026-09-25 09:33:29",0.947,6,xiangjiangzhou
1259,16724789,fishcat,"2026-09-22 04:53:30",0.947,11,fishcat37
1260,16459755,"Julian Camilo Villa","2026-09-25 15:52:43",0.947,64,juliancamilovilla
1261,16509481,tobhull,"2026-09-23 14:50:28",0.946,21,tobhull
1262,16811827,"Tianyu Wang","2026-09-24 07:24:12",0.946,6,kevinwang0305
1263,16454342,"Sinan Calisir","2026-09-26 00:03:46",0.946,84,snnclsr
1264,16808472,linchuhan,"2026-09-25 04:21:31",0.946,42,linchuhan
1265,16724740,K.nosaka,"2026-09-10 12:07:23",0.946,8,kenseinosaka
1266,16929638,menphim,"2026-09-25 19:48:08",0.946,9,menphim
1267,16459166,"Busya PRIME","2026-09-21 09:54:59",0.946,14,busyaprime
1268,16549670,1m0ke,"2026-09-26 00:20:57",0.946,217,smokelate
1269,16797089,"Udam Liyanage","2026-09-15 10:05:23",0.946,15,udamliyanage
1270,16643630,"Alexander Ermachenko","2026-09-13 13:09:57",0.946,16,alexanderermachenko
1271,16767710,"Mike Anderson","2026-09-25 17:15:15",0.946,19,manderson240
1272,16695540,frank9487,"2026-09-15 02:33:47",0.946,2,frank9487
1273,16797084,"Ryutaro Tsujii","2026-09-24 12:14:25",0.946,5,ryutarotsujii
1274,16798741,불,"2026-09-23 18:35:52",0.946,53,nintendojoa
1275,16909053,"Aleksandr Isakov","2026-09-25 21:19:34",0.946,3,aleksandrisakov
1276,16944023,Rajo1909,"2026-09-25 21:34:02",0.946,2,rajo1909
1277,16942498,"Victoria Karpukhina","2026-09-25 16:50:31",0.946,9,vikileina
1278,16831145,"Aleix López","2026-09-09 23:38:09",0.946,5,aleixlopez
1279,16858232,"Ritwika Kancharla","2026-09-18 12:51:13",0.946,4,ritwikakancharla
1280,16864963,BlueSky_sora,"2026-09-17 03:53:38",0.946,4,blueskysora
1281,16880849,"Vijay Kumar N","2026-09-16 04:44:55",0.946,7,vijay1379
1282,16914501,IterumVici,"2026-09-23 17:23:10",0.946,12,iterumvici
1283,16814010,MOIK,"2026-09-15 07:20:20",0.946,16,l2640065286
1284,16910524,"Dale Zhong","2026-09-25 13:57:06",0.946,26,dalezhong
1285,16890709,zyh222,"2026-09-20 13:00:50",0.946,4,"eason0407,tanghuan2005,zyh222"
1286,16875473,"DC Team","2026-09-22 23:01:50",0.946,34,"shiyuanhe123,yirukkk,zzk517"
1287,16747386,vinceybb,"2026-09-22 07:34:22",0.946,30,vinceybb
1288,16820594,aedss,"2026-09-25 03:29:01",0.946,26,afsdss
1289,16745058,mekduy,"2026-09-23 12:49:29",0.946,5,mekduy
1290,16462639,"José Freitas","2026-09-23 16:56:47",0.946,81,josefreitasalvesneto
1291,16913880,"Siu Beom","2026-09-22 10:43:37",0.946,21,siubeom
1292,16605624,imissher,"2026-09-20 08:21:49",0.946,28,tule12345
1293,16802600,"Khushwant Singh","2026-09-24 16:59:03",0.946,10,khushwantsingh
1294,16922957,"Aditya Goyal","2026-09-20 20:08:08",0.946,7,synthreaper
1295,16691675,"Leonardo Viola10","2026-09-20 18:46:50",0.946,59,leonardoviola10
1296,16781747,"guoxiang wangs","2026-09-14 13:02:26",0.946,9,guoxiangwangs
1297,16482837,Ni123456&,"2026-09-19 15:52:37",0.946,48,bingdongni
1298,16732228,"Hongxin Su","2026-09-25 23:46:52",0.946,14,hongxinsu
1299,16566626,"Jiahui Qu","2026-09-21 04:27:11",0.946,4,qujiahui
1300,16607344,"Masaya Kawamata","2026-09-25 04:55:50",0.946,10,masayakawamata
1301,16886017,latentb,"2026-09-13 11:40:57",0.946,2,latentb
1302,16810288,maco-macoo,"2026-09-14 07:01:58",0.946,17,macomacoo
1303,16461541,hengck23,"2026-09-09 00:00:11",0.946,26,hengck23
1304,16455603,yuki16,"2026-09-09 00:49:03",0.946,45,yuki16
1305,16844229,"sunil kumar","2026-09-17 10:02:47",0.946,9,sunil123kumar
1306,16861244,"Anidipta Pal","2026-09-09 14:16:10",0.946,1,anidiptapal
1307,16561459,"nailong king","2026-09-10 01:07:03",0.946,9,rongkaibao
1308,16513545,"Abhi Datta","2026-09-23 01:41:01",0.946,37,abhidatta87
1309,16454442,"Liang Wan Yiu David ","2026-09-22 17:24:09",0.946,9,liangwanyiudavid
1310,16539798,"Marcus Enochs","2026-09-23 15:08:09",0.946,8,marcuseno
1311,16771873,ChengxuGu,"2026-09-12 05:07:21",0.946,34,chengxugu
1312,16456317,"sixer srinath","2026-09-25 15:17:17",0.946,82,srinath2495
1313,16927282,kuro0315,"2026-09-24 14:50:47",0.946,4,skuro0315
1314,16501036,"Omkar Kadam","2026-09-17 06:11:25",0.946,8,itzzomkar
1315,16760472,"Follow Me Gradient","2026-09-19 15:57:58",0.946,8,farukece
1316,16499486,"Faisal Ashraf","2026-09-22 14:50:03",0.946,53,"codinghow,faisal8822"
1317,16730458,Ketatama,"2026-09-25 10:31:00",0.946,7,ketatama
1318,16583542,"อธิคม หวังเจริญวงศ์","2026-09-24 05:41:47",0.946,33,newwang12
1319,16496635,"Marco Pereira","2026-09-24 17:08:08",0.946,30,marcofpereira
1320,16926005,"[KGZ] Aruke Sulaimanova","2026-09-19 15:06:19",0.946,2,arukesulaimanova1
1321,16545058,"Koki _1231","2026-09-21 13:28:10",0.946,4,koki1231
1322,16927286,"Alex Lunin","2026-09-20 16:25:04",0.946,1,xthomasx
1323,16925000,"green algeria","2026-09-20 18:12:45",0.946,6,greenalgeria
1324,16738112,"Sanjeet Bakshi ","2026-09-25 18:08:05",0.946,9,sanjeetbakshi
1325,16843831,tsuzuk1,"2026-09-23 15:53:07",0.946,29,tsuzuk1
1326,16453763,Evolvion,"2026-09-16 09:42:19",0.946,15,evolvion
1327,16926770,Ebi,"2026-09-19 22:07:02",0.946,2,ebinan92
1328,16932109,pi-500.phys,"2026-09-22 20:04:22",0.946,2,pi500phys
1329,16942398,"Desih Nurseha","2026-09-26 00:23:40",0.946,36,"desihnurseha,syehsyoh"
1330,16772715,"Brandon Calderon-Morales","2026-09-18 00:35:33",0.946,10,bmoe640
1331,16731361,Karl0106,"2026-09-14 11:07:44",0.946,4,karl0106
1332,16911858,Lixrixy,"2026-09-20 07:19:04",0.946,3,lixrixy
1333,16925049,"Jinhan Gao","2026-09-20 00:45:10",0.946,2,jinhangao
1334,16759080,"2% Salicylic Acid","2026-09-20 14:19:54",0.946,9,"abhinavrathee,pulkitsu"
1335,16749090,CGMLJS,"2026-09-21 09:28:10",0.946,2,"blueghostsssguo,summermengjiao"
1336,16831070,mercury12512,"2026-09-25 17:33:08",0.946,11,mercury12512
1337,16723897,iring58,"2026-09-21 18:19:53",0.946,6,iring58
1338,16483024,DanilAbdullin,"2026-09-24 08:52:53",0.946,17,danilabdullin
1339,16870305,t07_noma,"2026-09-24 14:15:58",0.946,2,t07noma
1340,16849006,"Lee Shit Hoo","2026-09-08 07:14:23",0.946,3,leeshithoo
1341,16666782,"Vaibhav Patel","2026-09-09 13:02:45",0.946,14,vaibhavpatel
1342,16757989,那个男人,"2026-09-11 14:53:36",0.946,1,muran169633
1343,16741294,LaiCxm,"2026-09-25 05:36:51",0.946,20,laicxm
1344,16925054,"Steven Feng","2026-09-20 11:10:20",0.946,5,stevenkaiyi
1345,16701758,"Parth Sarnobat","2026-09-23 12:49:56",0.946,1,parthsarnobat
1346,16885829,"Soshi Uejima","2026-09-24 22:08:04",0.946,2,assdafa1223
1347,16858375,jfhjfgjhfj,"2026-09-23 10:09:04",0.946,19,jigsawpuzzle
1348,16857228,"John Cisowski","2026-09-25 10:28:24",0.946,1,johncisowski
1349,16477921,kinjazA,"2026-09-07 12:49:44",0.946,5,"kinjaza,shawnno"
1350,16459268,"THIRUPATHI KANNAN K","2026-09-12 16:29:04",0.946,35,thirupathikannank
1351,16706451,"Marc Poirier","2026-09-08 11:36:40",0.946,21,marcpoirier
1352,16454552,"Harshul Gupta","2026-09-07 15:47:46",0.946,22,harshulgupta77
1353,16560336,"Yubo WANG","2026-09-11 12:27:06",0.946,43,"arksey,yuanpeicai"
1354,16844474,DNCWON,"2026-09-22 12:23:32",0.946,39,dncwon
1355,16837478,takaito,"2026-09-22 02:51:53",0.946,29,takaito
1356,16454400,JeevanReddy0828,"2026-09-08 02:41:11",0.946,17,jeevanreddy0828
1357,16845565,TonF,"2026-09-24 15:37:47",0.946,22,tonf3195
1358,16827488,"Abdulmuiz Abdullateef","2026-09-23 13:21:56",0.946,23,capthwi
1359,16456159,"Vu Tran Hoang","2026-09-08 08:53:29",0.946,7,hoangvux
1360,16458950,lllleeeo,"2026-09-08 11:02:41",0.946,12,lllleeeo
1361,16465964,khj1222,"2026-09-08 14:48:20",0.946,64,khj1222
1362,16855041,"rock paper scissors","2026-09-08 16:33:11",0.946,1,downbythesallygarden
1363,16587278,"Giwrgos Savvidhs","2026-09-08 21:29:16",0.946,6,gsavvidhs
1364,16482725,"Rommel Sharma","2026-09-08 23:11:38",0.946,18,rommelsharma
1365,16855678,邱新,"2026-09-09 02:21:04",0.946,1,larklearning
1366,16658161,PursueML,"2026-09-09 06:31:08",0.946,10,pursueml
1367,16480780,"navazsh fathi","2026-09-22 15:28:31",0.946,26,navazshfathi
1368,16858747,"Khôi Đinh nguyên","2026-09-09 11:16:08",0.946,1,cbdsigmas
1369,16779272,"Samuel A Donkor","2026-09-09 17:35:44",0.946,13,calvinsamueldonkor
1370,16771310,karinkaito,"2026-09-13 06:27:07",0.946,6,karinkaito
1371,16458485,"Natalia Jaśkowska","2026-09-10 20:38:17",0.946,39,nataliajakowska
1372,16862312,"Kamal Kadakara","2026-09-17 10:49:36",0.946,10,kamalkadakara
1373,16859326,JeedimetlaCharan213,"2026-09-12 19:13:23",0.946,8,jeedimetlacharan213
1374,16848757,SHIFT_R,"2026-09-10 12:38:59",0.946,1,ryoichiro
1375,16487305,"Ali #2","2026-09-10 18:23:29",0.946,5,asalhi
1376,16881130,IKUN,"2026-09-13 07:45:26",0.946,3,wuhaofei639993
1377,16881511,Juniperss,"2026-09-12 14:11:57",0.946,5,juniperss
1378,16881756,novasync88,"2026-09-12 15:25:18",0.946,5,novasync88
1379,16509663,"Mehul Sampat","2026-09-12 22:31:54",0.946,1,mpsampat
1380,16769106,Paris404,"2026-09-13 10:09:19",0.946,5,paris404
1381,16457292,U023,"2026-09-14 16:41:31",0.946,1,ryutek
1382,16483100,"Clark Kitchen","2026-09-15 01:21:48",0.946,3,clarkkitchen
1383,16890599,Bin.Han,"2026-09-21 20:29:21",0.946,10,binhan0514
1384,16895925,logicorix,"2026-09-15 09:28:05",0.946,4,logicorix
1385,16849286,ancientLuck,"2026-09-22 16:07:53",0.946,6,ancientluck
1386,16887514,"Laila Abbas","2026-09-15 17:37:35",0.946,1,lailaabbas297
1387,16850148,"Kartik Boxi 12","2026-09-20 07:00:21",0.946,1,kartikboxi12
1388,16831991,Wei_Chance,"2026-09-20 16:48:25",0.946,27,bystanderq
1389,16493304,"Vignesh Nehru","2026-09-24 08:58:53",0.946,48,vigneshnehru
1390,16652951,KiKi,"2026-09-23 17:52:30",0.946,10,kingkiller2164
1391,16867926,"Robert Baburin","2026-09-12 06:35:44",0.946,2,robertbaburin
1392,16744974,"Timothy Adeyemi","2026-09-16 11:03:40",0.946,10,timothyadeyemi
1393,16879796,kta_jpn,"2026-09-23 23:47:20",0.946,17,ktajpn
1394,16882040,"Thomas Deng","2026-09-14 03:30:07",0.946,4,tdeng24
1395,16460556,"Anhad Mahajan","2026-09-20 19:10:15",0.946,46,anhadmahajan06
1396,16602645,"Liam O’Brien","2026-09-25 19:02:41",0.946,7,liamob96
1397,16906821,"Pj Sh","2026-09-17 13:47:13",0.946,2,amirtanha
1398,16821430,Shatatarka,"2026-09-19 04:55:13",0.946,13,shatatarka
1399,16840063,wkdrbwnd1,"2026-09-20 02:14:54",0.946,5,wkdrbwnd1
1400,16555455,"Eng Adam Al mohammedi","2026-09-24 13:04:20",0.946,162,engadamalmohammedi
1401,16842288,c_fxy,"2026-09-21 04:47:14",0.946,8,cfxyai
1402,16920944,chizuchizu,"2026-09-23 02:40:22",0.946,14,chizuchizu
1403,16728079,QuantumArya,"2026-09-21 20:36:58",0.946,1,"dexteritysamridhi,quantumarya"
1404,16453560,"Krizsó Gergely","2026-09-25 12:09:03",0.946,30,lucifer19
1405,16463022,zulfikar.khalwaniev,"2026-09-23 03:53:21",0.946,2,khalwaniev
1406,16464866,"Arnav Salkade","2026-09-25 00:06:48",0.946,61,arnavsalkade
1407,16734426,Lindicaphxag,"2026-09-24 02:13:13",0.946,32,oblivicore
1408,16462988,DataRockstar,"2026-09-23 16:40:39",0.946,112,"amaropeter,jvlegend"
1409,16561686,quantshayan,"2026-09-25 17:13:27",0.945,13,quantshayan
1410,16913067,"Kedar Kale","2026-09-18 09:20:31",0.945,4,kedarkale
1411,16638884,"Lee Johns Shaji","2026-09-11 06:22:37",0.945,51,leejohnsshaji
1412,16856224,"Yash Yadav #2","2026-09-13 20:53:40",0.945,6,yash2072005
1413,16530280,"firat yavas","2026-09-14 16:22:25",0.945,6,firatyavas
1414,16674902,"Tom Yim","2026-09-12 16:01:39",0.945,121,tomyim
1415,16603293,shahram,"2026-09-17 11:20:28",0.945,65,shahramk61
1416,16461333,"Vishwas Mishra","2026-09-18 12:36:26",0.945,8,vishwasmishra1234
1417,16459111,dvv_ram,"2026-09-20 12:28:10",0.945,47,ddvram
1418,16756833,"Vladimir Salazar","2026-09-15 05:11:54",0.945,26,vladm2600
1419,16612983,"Yiwei Pu","2026-09-23 02:36:34",0.945,6,"raven20010261,yiweipu"
1420,16778638,Yaojinming,"2026-09-21 14:41:39",0.945,9,yjm0905
1421,16934665,Kizabgd123,"2026-09-21 09:07:40",0.945,4,kiza123123
1422,16585455,ManiPrakashVIT,"2026-09-22 06:31:41",0.945,11,maniprakashvit
1423,16733967,insuperabilehart,"2026-09-19 05:56:24",0.945,4,insuperabile
1424,16505632,"Vitalie Cervinschi","2026-09-22 03:29:42",0.945,98,vitaliecervinschi
1425,16852565,"Jishnu Madav","2026-09-13 21:40:41",0.945,7,jishnumadav
1426,16766027,MinhTran2346,"2026-09-10 06:30:42",0.945,8,minhtran2346
1427,16783599,"Bruce Zheng","2026-09-08 00:59:45",0.945,7,brucezheng666
1428,16843966,"Zelin Huang","2026-09-08 10:40:51",0.945,3,blueshyy
1429,16853625,"Vũ Tuấn","2026-09-09 07:31:07",0.945,4,vtunksdlvnj6
1430,16764347,malone001,"2026-09-11 03:52:22",0.945,2,malone001
1431,16886313,novacryptic,"2026-09-13 12:34:35",0.945,2,novacryptic
1432,16459395,larry54321zhao,"2026-09-25 19:35:42",0.945,22,larry54321zhao
1433,16884821,reziavon,"2026-09-13 05:29:32",0.945,2,reziavon
1434,16885692,tavrico,"2026-09-13 09:47:41",0.945,2,tavrico
1435,16891134,"Neloy Senapati","2026-09-17 11:40:38",0.945,5,neloysenapati
1436,16892949,OMN1V3R53,"2026-09-25 13:04:25",0.945,12,omn1v3r53
1437,16922645,"Gautier Marti","2026-09-19 13:53:33",0.945,3,gautiermarti
1438,16500229,"Đàm Văn Tài","2026-09-25 05:51:05",0.945,31,damvantai
1439,16698137,"Radhe Radhe","2026-09-24 09:24:04",0.945,56,"shilpi2435,sudhishkumar021"
1440,16457405,"Rishavendra Sharma","2026-09-24 07:01:36",0.945,93,rishavendrasharma
1441,16622365,"Zairi Amine","2026-09-15 01:05:03",0.945,9,zairiamine
1442,16900400,Hokage-Sama,"2026-09-25 21:52:14",0.945,2,paulojrramiro
1443,16667112,BreezyBard,"2026-09-22 07:41:38",0.945,6,breezybard
1444,16470748,"Tiannan Zhang","2026-09-09 00:24:53",0.945,45,underestimated
1445,16538837,zyvren,"2026-09-11 13:55:11",0.945,7,sharif485
1446,16578128,"Dr Dre","2026-09-18 19:42:05",0.945,83,drevler
1447,16484483,horaz0,"2026-09-25 22:35:25",0.945,154,horaz0
1448,16467641,"Yurii Voievidka","2026-09-15 21:50:48",0.945,7,yuriivoievidka
1449,16453687,"Dinesh kumar Thiyagarajan","2026-09-20 15:47:49",0.945,56,dineshkumar0705
1450,16615288,"Lior Toledano","2026-09-09 01:32:03",0.945,11,liortoledano
1451,16800073,"Liu Classmate","2026-09-10 11:19:45",0.945,6,liuclassmate
1452,16652807,YsM0819,"2026-09-10 06:08:50",0.945,4,ysm0819
1453,16799842,GBWK,"2026-09-18 16:03:23",0.945,8,gabmaury
1454,16665663,"Nguyễn Hồ Duy Trí","2026-09-25 16:53:37",0.945,39,trinhd1009
1455,16814951,khursani,"2026-09-13 08:16:36",0.945,14,khursani8
1456,16673139,JK,"2026-09-25 23:59:05",0.944,74,jtheyogi
1457,16455793,YinboLiu,"2026-09-24 02:19:16",0.944,4,yinboliu
1458,16860167,Kdeb,"2026-09-14 04:21:18",0.944,2,"ayushmankumar819,kumardeblin"
1459,16488723,techtech69,"2026-09-25 11:26:55",0.944,7,techtech69
1460,16923874,Nightingale,"2026-09-24 09:37:02",0.944,5,apilkhadka
1461,16530462,hikahika,"2026-09-11 14:08:05",0.944,33,naganohikaru
1462,16936728,"Toshiki Narushima","2026-09-25 13:55:00",0.944,11,toshikinarushima
1463,16772562,Ojaswy,"2026-09-24 11:56:38",0.944,4,ojaswy
1464,16672517,Kosakunin,"2026-09-24 19:26:20",0.944,14,yugoawawa
1465,16680316,Corgi-Samoyed,"2026-09-23 23:36:58",0.944,16,corgisamoyed
1466,16543272,"Enter your display name","2026-09-25 21:20:32",0.944,120,longnguyenthanh112
1467,16784492,TK256,"2026-09-08 10:57:25",0.944,12,tk256ailab
1468,16810054,lc今天刷了吗,"2026-09-09 04:54:03",0.944,2,limufeng
1469,16856846,"Jiayi Du","2026-09-08 22:35:41",0.944,1,jahyee
1470,16700589,"Menura Sathnindu","2026-09-22 07:30:57",0.944,4,"menurasathnindu,thushiniabey"
1471,16779752,PsyChris,"2026-09-09 11:01:26",0.944,16,psykrishna
1472,16497372,WBF_USA_NYC,"2026-09-11 18:07:19",0.944,17,wbfranci
1473,16822005,shiokoh,"2026-09-12 09:23:06",0.944,1,shiokoh
1474,16805939,HireMe,"2026-09-13 03:01:31",0.944,5,junta1104
1475,16879312,"Yusaku Muroya","2026-09-13 06:11:39",0.944,2,ymuroya47
1476,16459927,Munshi-PremChand,"2026-09-22 11:36:14",0.944,3,munshipremchand
1477,16733925,"Dylan Gallagher","2026-08-30 00:39:40",0.944,9,dylangallagher03
1478,16723033,"Ayush Shukla","2026-09-24 19:42:53",0.944,6,ayushivy
1479,16938519,"pavan rajr","2026-09-26 00:31:11",0.944,13,pavanrajr
1480,16764952,XY0719,"2026-09-08 02:53:05",0.944,12,"jianningyan,lemurolv"
1481,16727688,Snorlax,"2026-09-08 03:44:52",0.944,3,pku1400010735
1482,16830823,"Mai Thụy Ánh Tuyết","2026-09-08 11:22:06",0.944,7,mariaanhtuyet
1483,16792774,"Vadim Ermakov","2026-09-09 05:47:19",0.944,9,yermvad
1484,16588062,"Mukesh R","2026-09-09 16:35:18",0.944,8,"mukeshr06,nishitharajesh"
1485,16749468,"Llin Ding","2026-09-09 15:44:31",0.944,6,llinding
1486,16810150,"Daiki Yasui","2026-09-25 08:17:43",0.944,8,daikiyasui
1487,16710615,忧郁的奶蛙,"2026-09-24 11:34:41",0.944,23,"dengbing27,hope666"
1488,16729367,"Taichi Nakamura","2026-09-23 19:08:42",0.944,19,taichiiiii
1489,16736682,"Mark Astrid","2026-09-16 07:35:08",0.944,8,markastrid
1490,16670126,PLATIC,"2026-09-22 15:38:54",0.944,7,stijnappelmoes
1491,16838463,"Abdulaziz M","2026-09-23 00:53:43",0.944,1,abdulaziz1440
1492,16645752,ZEE,"2026-09-23 03:02:36",0.944,7,randyzhang666
1493,16942004,tyson,"2026-09-23 05:28:16",0.944,1,tysonwashere
1494,16463033,"PEDRO A. PALACIOS Z.","2026-09-25 02:05:09",0.944,24,pedroapalaciosz
1495,16881197,"CavdadHun - VBECZ","2026-09-14 08:56:03",0.944,3,viktorbecz
1496,16921128,"RASHID M","2026-09-19 05:31:37",0.944,2,rashidmstar
1497,16707238,Yurinchi,"2026-09-26 01:51:37",0.944,54,plandic
1498,16672701,"Juan Neira","2026-09-25 08:00:41",0.944,73,juancneira
1499,16743672,"Simon Dorcas","2026-09-24 16:23:06",0.944,13,simondorcas
1500,16842142,Seho.Connect,"2026-09-06 23:42:37",0.944,2,sehoconnect
1501,16740268,Vibe_Moon,"2026-09-07 00:08:57",0.944,2,moonswalk
1502,16573879,"jiachi chen","2026-09-25 08:09:44",0.943,9,jiachichen
1503,16922112,Shiv28,"2026-09-20 04:58:01",0.943,1,shiv28
1504,16462407,PiD,"2026-09-24 15:11:17",0.943,15,santoshpaidi
1505,16456930,porply,"2026-09-24 07:11:20",0.943,7,porply
1506,16857236,"Yaozhong Hu","2026-09-13 11:50:42",0.943,11,zerethon
1507,16810522,zyiqun,"2026-09-24 13:55:39",0.943,12,zyiqun
1508,16896000,omnifluxor,"2026-09-15 09:37:36",0.943,5,omnifluxor
1509,16566050,"Flying Ninjas","2026-09-15 21:35:22",0.943,4,"dhyaneshanchula,tulluritribhuvan"
1510,16644688,"Takuya Nagata","2026-09-25 08:01:05",0.943,51,naggty
1511,16847629,"Alex #2","2026-09-09 18:15:28",0.943,3,amunsentom
1512,16619505,"Vedran Hrabar","2026-09-26 00:59:47",0.943,22,vhrabar
1513,16579743,AbhishekNandy,"2026-09-24 04:51:08",0.943,4,abhicloudstalk
1514,16741129,"Winter Lamb","2026-09-09 07:15:19",0.942,4,fabiansyahcahyo
1515,16588319,htnhtn,"2026-09-05 18:58:31",0.942,88,htnhtn
1516,16867731,Tamachan217,"2026-09-11 19:46:27",0.942,5,tamadesu217
1517,16754119,"Thai Hoang","2026-09-13 04:31:11",0.942,23,hnthai
1518,16681639,redblackbst,"2026-09-15 23:14:30",0.942,165,redblackbst
1519,16694491,"Edward Glöckner","2026-09-15 22:14:44",0.942,11,edwardglckner
1520,16693791,"Halit Taş","2026-09-15 17:05:19",0.942,5,halitta
1521,16747128,"Code Flowing on Finger","2026-09-09 19:33:50",0.942,25,"wuduis,xloudmax"
1522,16676219,shuto,"2026-09-05 18:21:12",0.942,12,kisigan
1523,16832835,Kohei,"2026-09-24 00:11:09",0.942,30,kshintani
1524,16795874,alexhhhh0938,"2026-09-15 17:10:16",0.942,15,alexhhhh0938
1525,16612971,Efnutrrionpy,"2026-09-22 16:20:56",0.942,38,efnutrrionpy
1526,16510802,"Ishan Bhargava","2026-09-13 23:09:18",0.942,20,ishanbhargava19
1527,16793911,"Ali Bauyrzhan","2026-09-09 09:03:20",0.942,15,alibauyrzhan
1528,16607198,"Ismail Mabrouki","2026-09-17 23:22:24",0.942,6,ismailmabrouki
1529,16517654,dpquoc,"2026-09-06 09:23:04",0.942,56,dpquoc
1530,16859700,"Kentaro Totsuka","2026-09-26 00:06:24",0.942,82,kotarot1
1531,16935723,"Golubev Alexander","2026-09-26 00:06:32",0.942,7,golubevalexander
1532,16497116,k2011yi,"2026-09-18 02:39:20",0.942,53,yutaroito
1533,16655599,Ming68,"2026-09-25 06:40:59",0.942,9,ming68
1534,16639595,MahOMM,"2026-09-15 19:45:12",0.942,9,mahomm
1535,16680644,"Linh Le","2026-09-21 03:14:54",0.942,39,linhlethuy
1536,16906031,europanite,"2026-09-23 09:15:01",0.942,13,europanite
1537,16759230,浪漫血液,"2026-09-25 10:10:49",0.942,27,uncletian2021
1538,16741651,k328293jd,"2026-09-17 12:25:50",0.942,38,k328293jd
1539,16808798,J1aliangX,"2026-09-08 14:07:25",0.942,7,j1aliangx
1540,16464265,"Thuy Nhung Luong","2026-09-17 01:54:12",0.942,27,thuynhungluong
1541,16506850,GMMMMM,"2026-09-07 01:37:40",0.942,2,wkcwkc
1542,16867281,Lanqira,"2026-09-11 03:08:11",0.942,10,lanqira
1543,16730752,appu2431,"2026-09-24 16:08:23",0.942,34,appu2431
1544,16676454,"This cat is called Fumi","2026-09-19 18:09:12",0.942,35,qwer556617123
1545,16739683,Elohabci,"2026-09-07 08:45:51",0.942,18,temizkan
1546,16466584,"jihane Lek","2026-09-14 15:35:46",0.942,38,jihanelek
1547,16473818,"Surya milenial","2026-09-02 18:31:03",0.942,127,suryamilenial
1548,16462331,"Subin An","2026-09-25 10:34:32",0.942,140,subinium
1549,16833163,"Hiro Nomo","2026-09-07 14:32:20",0.942,10,morinokuma3
1550,16848269,"xiang156 xu","2026-09-08 02:37:14",0.942,6,xiang156xu
1551,16459236,"Kunal Sharma","2026-09-07 21:26:44",0.942,8,kunalsharma0x
1552,16480814,"Mohamed Tawfik","2026-09-16 06:46:47",0.942,2,mtawfikm
1553,16455343,Steven_Y,"2026-09-10 02:00:49",0.942,1,yyyu54
1554,16453596,Maxim,"2026-09-13 00:31:55",0.942,4,ektarr
1555,16886397,infoproje,"2026-09-13 12:53:39",0.942,3,infoproje
1556,16886667,okayu234,"2026-09-13 15:06:57",0.942,1,okayu234
1557,16832579,Doranap,"2026-09-14 05:46:55",0.942,9,doranap
1558,16775162,Baotran11,"2026-09-15 05:46:30",0.942,3,baotran11
1559,16839148,castle_sens,"2026-09-21 06:06:21",0.942,4,castlesens
1560,16582348,tetsu2131,"2026-09-23 08:36:16",0.942,4,tetsutani
1561,16466384,"Zbida Amine","2026-09-08 01:26:58",0.942,7,zbidaamine
1562,16768992,Inzilbêth,"2026-09-05 13:22:22",0.942,17,inzilbth
1563,16701217,"Atri Sukul","2026-09-21 19:26:32",0.942,5,atrisukul14
1564,16457146,"Benadict Infant A","2026-09-15 15:51:17",0.942,32,benadictinfanta
1565,16461433,vladee,"2026-09-13 02:29:37",0.942,45,vladee
1566,16455570,ㅤㅤㅤ,"2026-09-21 23:56:06",0.942,27,seshurajup
1567,16755720,"Maxim Danilov14","2026-09-06 18:20:50",0.942,19,maximdanilov14
1568,16453388,"Joanna C.","2026-09-06 23:55:39",0.942,31,joannaciesielski
1569,16543085,"Chengchen Duan","2026-09-09 13:53:57",0.942,22,chengchenduan
1570,16744651,TeamBanzaiSL,"2026-09-07 06:28:39",0.942,45,teambanzaisl
1571,16678518,Saivardhan98,"2026-09-07 17:14:40",0.942,3,saivardhan98
1572,16571433,"Bulat Latypov","2026-09-08 09:11:59",0.942,4,bubuilder
1573,16511049,Chu_K,"2026-09-08 11:01:28",0.942,10,chukkkk
1574,16457206,"Soumyajyoti Biswas","2026-09-13 17:08:38",0.942,75,soumyajyotibiswas
1575,16867253,Zorvella,"2026-09-10 14:45:30",0.942,5,zorvella
1576,16472023,"Tra Crew","2026-09-23 09:46:16",0.942,6,tracrew
1577,16697804,palmms,"2026-09-11 17:52:10",0.941,11,alialrisheq
1578,16776946,MrTrueTeller,"2026-09-04 16:36:57",0.941,13,mrtrueteller
1579,16833107,Terence,"2026-09-08 04:34:56",0.941,4,terence0914
1580,16810424,"Shibam Sundar Mahakud","2026-09-04 23:57:56",0.941,1,ssm11011
1581,16584945,"DDDou Bao","2026-09-07 04:45:00",0.941,10,"jiwangzi,xchenxxchenx,xiaopaku,zimskyw"
1582,16457759,"Made a Beautiful Bouquet","2026-09-05 06:13:02",0.941,5,zaiwubian
1583,16589493,"Ryan #2","2026-09-05 11:50:14",0.941,17,"bhtqjlcly,ryan051212"
1584,16509727,"Gunjan Haldar","2026-09-05 07:17:09",0.941,9,gunhcolab
1585,16671300,renmin517,"2026-09-23 12:49:54",0.941,4,"jasonxusk,mingkangyan,renmin517"
1586,16819000,melowdramtic,"2026-09-13 04:33:11",0.941,14,melowdramtic
1587,16834779,HolyB,"2026-09-05 16:26:14",0.941,1,holybx
1588,16840594,"Connor Finnerty","2026-09-08 01:25:24",0.941,16,connorfinnerty
1589,16843019,"Elazar fuchs","2026-09-07 16:53:47",0.941,6,elazarfuchs
1590,16460156,"Harshank Matkar","2026-09-15 01:54:32",0.941,22,harshankmatkar
1591,16791827,east,"2026-09-07 11:04:25",0.941,14,eastxe
1592,16891870,"yihan zeng","2026-09-14 16:41:43",0.941,1,yihanzeng123
1593,16903994,vorlian,"2026-09-16 03:17:03",0.941,2,vorlian
1594,16892294,jiazaizhong123,"2026-09-21 12:02:46",0.941,1,jiazaizhong123
1595,16684755,hejingyun02,"2026-09-23 06:45:50",0.941,3,hejingyun02
1596,16472946,YnsGlç,"2026-09-25 01:12:29",0.941,1,yunusgle
1597,16470344,"Alexander Dudin","2026-09-25 19:42:30",0.941,5,cyberecho
1598,16840596,darcy132,"2026-09-09 13:19:34",0.941,3,darcy132
1599,16790045,knn180,"2026-09-06 14:37:57",0.941,11,knn180
1600,16685139,"Hiroki Deutsch","2026-09-07 13:01:21",0.941,45,hirokideutsch
1601,16537411,Dresden,"2026-09-08 04:19:02",0.941,1,dresdeng
1602,16714472,AlejandroAlvarez,"2026-09-15 17:22:40",0.941,6,theworm
1603,16704928,"eryue shisi","2026-09-09 01:56:07",0.941,6,eryueshisi
1604,16848351,ket,"2026-09-13 00:21:00",0.941,1,kentken
1605,16741365,Stardescent,"2026-09-04 10:36:55",0.941,7,dimas337tum
1606,16511965,"Changye Li","2026-08-15 01:35:20",0.941,32,antoinegg1
1607,16697665,lst1923,"2026-09-02 03:19:02",0.941,92,lst1923
1608,16884592,richuanzhongzixing,"2026-09-26 04:00:47",0.941,4,richuanzhongzixing
1609,16453855,"Rahul Parmeshwar","2026-09-12 20:47:40",0.941,43,rahulparmeshwar
1610,16810314,AnyContext,"2026-09-07 14:24:51",0.941,21,"kemshim,kokifunakoshi,yakizakana629"
1611,16925529,"Gacha team","2026-09-24 07:39:23",0.941,3,"aconitumaska,karushevalexandr"
1612,16557387,Arnauya,"2026-08-18 08:47:27",0.941,46,arnauya
1613,16890326,Super_Lian,"2026-09-15 13:14:57",0.940,1,ly13934301513
1614,16689465,"Андрей Ворфоломеев","2026-09-03 22:01:36",0.940,27,perperper
1615,16771071,wjrmffldrhrl,"2026-09-04 01:08:37",0.940,21,wjrmffldrhrl
1616,16793114,ObkNik,"2026-09-11 18:07:15",0.940,15,obknik
1617,16827513,"Bartu Erdem","2026-09-04 10:36:04",0.940,5,bartu17
1618,16495217,"Shenxian Lake Swimming Pros","2026-09-04 19:44:34",0.940,26,"daiangjia,tianyimarshallhuang,xiaobinmo,ziyuanchen299"
1619,16745168,guruguru000,"2026-09-06 04:04:48",0.940,3,guruguru000
1620,16465353,!?kaggak?!,"2026-09-07 06:21:41",0.940,30,"chriswrh,cudaoutofm,darkheian,yufanliao123"
1621,16541807,ArtemZen,"2026-09-07 18:09:23",0.940,50,artemzen
1622,16793930,"Ayush Shekhar","2026-09-19 05:10:54",0.940,4,ayushshekhar56
1623,16840020,"tri Âu","2026-09-05 14:27:17",0.940,1,triauhcmut
1624,16461323,Anaklusm0s,"2026-09-05 20:59:04",0.940,2,anaklusm0s
1625,16485503,kyoumonemui,"2026-09-13 07:31:01",0.940,2,kyoumonemui
1626,16707768,JungHwan,"2026-09-06 04:58:47",0.940,33,najunghwan
1627,16738425,Zero,"2026-09-09 03:39:42",0.940,12,"benjason,loudehua"
1628,16858809,"Takashi Yamada","2026-09-25 15:13:14",0.940,5,ymdtxi
1629,16929453,"Suneeth reddy","2026-09-23 16:09:48",0.939,7,suneethreddy
1630,16765131,neuro168,"2026-09-11 06:50:44",0.939,18,lordmc
1631,16460299,X.franfran.X,"2026-09-25 21:57:22",0.939,69,kossifranois
1632,16687778,"Jamie Nojek","2026-09-23 16:37:35",0.939,86,jamienojek
1633,16740684,triple2,"2026-09-22 14:15:26",0.939,71,"mdongr05,mingma777,wakeupr41n"
1634,16463773,bobbobo,"2026-09-03 07:41:41",0.939,4,james8lo
1635,16799002,MadBalls,"2026-09-03 07:43:05",0.939,4,restovrator
1636,16692888,"elegantangel (628700)","2026-09-03 19:59:33",0.939,5,elegantangel
1637,16460888,"Uchechukwu Ajuzieogu","2026-09-03 22:19:00",0.939,29,uchechukwuajuzieogu
1638,16706030,"Sardor Razikov","2026-09-04 06:31:43",0.939,26,sardorrazikov
1639,16819110,"Qiushuo Geng","2026-09-12 02:39:04",0.939,59,"qiushuogeng,yongxinkwan"
1640,16602673,"Egor Trushin","2026-09-07 05:10:25",0.939,23,egortrushin
1641,16733462,shin0ed,"2026-09-13 09:45:12",0.939,26,"shin0ed,zeroxm"
1642,16471716,"FasterYouChase FasterIRun","2026-09-05 08:12:00",0.939,104,icoguser
1643,16455457,"Ragunath Ravi","2026-09-17 12:48:53",0.939,9,ragunathravi
1644,16471383,"Aleksandr  Larko","2026-09-03 09:40:34",0.939,13,alexxanderlarko
1645,16456248,cotora2121,"2026-09-03 12:40:08",0.939,3,cotora2121
1646,16731937,ZetX_Zephyr,"2026-09-12 09:34:09",0.938,43,zetxzephyr
1647,16603155,"Dariush Afshar","2026-09-14 06:00:15",0.938,23,dariushafshar
1648,16463988,"Patryk Wolny","2026-09-18 04:52:11",0.938,19,patrykwolny
1649,16552996,Qimra1729,"2026-09-03 00:30:07",0.938,13,qimra1729
1650,16802064,DongwooPark,"2026-09-03 01:04:02",0.938,3,dongwoopark
1651,16811772,Enma,"2026-09-03 02:52:48",0.938,1,tupakulasivashankar
1652,16652236,"Chenxi Zhao21","2026-09-03 05:43:56",0.938,10,chenxizhao21
1653,16723389,"Salty Taro","2026-09-05 04:55:00",0.938,36,notoverkil
1654,16455359,Adaluvu,"2026-09-03 07:56:15",0.938,1,"adaluvu,phamchienunc"
1655,16655019,shash,"2026-09-03 09:53:03",0.938,2,zshashz
1656,16585332,"Jatin Arutla","2026-09-03 10:28:45",0.938,5,delhialli
1657,16811121,"Alex Kharlamov","2026-09-06 19:22:37",0.938,3,gamers5a
1658,16806010,dairatom,"2026-09-23 05:33:37",0.938,3,dairatom
1659,16560764,"Gordeev Max","2026-09-04 20:23:06",0.938,4,gordeevmax
1660,16473741,CuteClaw,"2026-09-02 13:05:55",0.938,73,bloodmoonwq
1661,16504327,quantcrypto3,"2026-09-12 03:13:32",0.938,45,quantcrypto3
1662,16556920,62326368,"2026-09-22 05:49:04",0.938,44,mooniim
1663,16854724,kostopr4v,"2026-09-25 23:05:39",0.937,26,kostopr4v
1664,16713846,"sissoko cheick","2026-09-03 07:45:13",0.937,26,sissokocheick
1665,16777360,"Álvaro García","2026-09-21 19:40:32",0.936,60,luxidor
1666,16578952,"Valentina Catalano","2026-09-01 18:58:50",0.936,4,valecc
1667,16496671,Supr3mum,"2026-09-03 14:01:41",0.936,1,friklez
1668,16783318,Karthik,"2026-09-23 21:04:03",0.936,19,karg14
1669,16454712,altervation,"2026-09-10 01:21:04",0.936,47,altervation
1670,16619185,Artem,"2026-09-25 16:17:18",0.936,17,artem8verbov
1671,16741470,@dity!G@=r,"2026-09-03 00:55:22",0.936,4,ditygr
1672,16463210,"Kun Zhang","2026-09-01 14:29:57",0.936,180,beicicc
1673,16641274,mktetts,"2026-09-01 18:03:34",0.936,7,mktetts
1674,16666945,esis_ai,"2026-09-01 20:55:37",0.936,22,alexesn
1675,16760875,"Aayush Sigdel","2026-09-02 01:44:00",0.936,2,aayushsigdel
1676,16803366,"Vanessa Hudan","2026-09-07 05:15:24",0.936,3,vanessahudan
1677,16727562,ORORORORO,"2026-09-02 17:43:51",0.936,10,"akira1194,kou552,waddledeedoo"
1678,16796689,GabrielC144,"2026-09-06 18:57:04",0.936,27,gabrielc144
1679,16809458,Pang1101,"2026-09-12 00:32:59",0.936,8,pang1101
1680,16784013,"Morylov Yehor","2026-09-02 18:05:50",0.936,2,morylov
1681,16807807,icelemon2004,"2026-09-03 12:51:09",0.936,3,"icelemon2004,nsklo9osn"
1682,16453674,"Giovanny Rodríguez","2026-09-21 13:01:48",0.936,30,"arnavmishra02,giovannyrodrguez"
1683,16802573,YuanKing77,"2026-09-05 11:20:09",0.936,15,yuanking77
1684,16809295,Cherie01,"2026-09-05 23:23:38",0.936,3,cherie01
1685,16794367,markastra,"2026-09-22 22:45:45",0.936,17,markastra
1686,16496891,Juyong,"2026-09-25 15:03:17",0.935,135,kimdoong
1687,16498063,"chen zhu_24","2026-09-03 11:11:05",0.935,2,chenzhu24
1688,16624018,Skynet,"2026-09-25 13:17:39",0.935,106,"ajmorrow,earmstea,jcrawf1077,jelliott86"
1689,16719737,"Alejandro Cuevas","2026-09-23 23:52:40",0.935,10,pollicio
1690,16885820,Solitarys,"2026-09-22 08:41:09",0.935,3,"solitarys,zorafdc"
1691,16798858,rick,"2026-09-02 13:25:25",0.935,2,rick0000
1692,16793349,draqonofwhitestars,"2026-09-01 08:33:06",0.935,4,draqonofwhitestars
1693,16802340,Gowtham,"2026-09-01 10:48:42",0.935,1,gowtham66866
1694,16784054,"Arseniy Shutko","2026-09-01 13:47:16",0.935,6,arseniyshutko
1695,16460501,colaaaaaaaa,"2026-09-01 15:47:35",0.935,31,colaaaa
1696,16803697,"Abed Merii","2026-09-02 12:44:22",0.935,5,amerii
1697,16770165,Nikhila,"2026-09-01 17:43:19",0.935,4,nikhila021006
1698,16459759,"Rafael Gomes","2026-09-04 14:11:34",0.935,72,grafael
1699,16462118,"Nadeev Alam","2026-09-02 03:39:51",0.935,11,nadeevalam
1700,16454100,"Harshini Reddy","2026-09-02 19:26:45",0.935,7,luffyh04
1701,16459726,MeeMee,"2026-09-23 06:37:23",0.935,76,yagi46
1702,16600649,kannou,"2026-09-12 09:54:48",0.935,16,kannou
1703,16881576,Venqira,"2026-09-12 14:29:40",0.935,5,venqira
1704,16884897,yovrini,"2026-09-13 05:47:52",0.935,2,yovrini
1705,16884918,torvile,"2026-09-13 05:52:58",0.935,2,torvile
1706,16559636,"Sunesh Praveen Raja Sundarasami","2026-09-12 17:48:06",0.935,7,suneshsundarasami
1707,16596963,DL,"2026-09-14 13:06:24",0.934,175,distiller
1708,16633167,Musliadi,"2026-09-01 05:24:49",0.934,5,timscientia
1709,16460312,"Thien Nguyen","2026-09-01 06:51:51",0.934,3,ntthientn
1710,16798272,VELVRIN,"2026-09-05 08:29:22",0.934,6,avioon
1711,16739796,Peanut,"2026-09-01 07:19:22",0.934,2,aurimasgreicius
1712,16581172,OrionTCG,"2026-09-02 06:47:35",0.934,37,ljs2546
1713,16511741,hhuanghhao,"2026-09-01 15:48:47",0.934,43,hhuanghhao
1714,16614149,PixelPuff,"2026-09-11 13:59:17",0.934,15,krishpatel290895
1715,16481971,"My toes is dividing.","2026-09-09 17:56:03",0.934,74,russcore
1716,16669104,"Philippe REYNAUD","2026-09-25 15:25:05",0.934,14,philippereynaud
1717,16646333,arman1o1,"2026-09-02 06:48:36",0.934,21,arman1o1
1718,16711775,"Kaito Fukami","2026-09-12 17:08:12",0.934,9,kaitofukami
1719,16921674,"Vinayak N Kothari","2026-09-21 07:21:53",0.934,9,vinayaknkothari
1720,16792857,Steven66886688,"2026-09-10 10:49:47",0.934,2,steven66886688
1721,16645547,KenZx0521,"2026-09-02 06:36:52",0.934,3,kenzx0521
1722,16487645,"Felipe Ferreira","2026-09-08 13:59:29",0.934,73,felipeporcher
1723,16793213,onlytimeknows,"2026-09-04 11:01:35",0.934,7,onlytimeknows
1724,16578856,funny,"2026-09-03 14:54:50",0.934,115,satyamchaubey360
1725,16655382,"Jean-Sébastien Kersaint Tournebize","2026-08-28 08:50:12",0.934,23,jeansebsxm
1726,16811974,"Violet Notes","2026-09-03 18:10:25",0.934,1,dominicjamil
1727,16532312,"Megha Aroor","2026-09-04 08:07:51",0.934,4,"meghaaroor,raguram"
1728,16846392,"Hakkı Besim Bardakçı","2026-09-14 06:57:48",0.934,13,xdebron
1729,16770221,"Andrés Santos Sanz","2026-09-03 13:48:31",0.934,29,andressantossanz
1730,16763705,QileJiang76,"2026-09-08 02:36:29",0.933,21,qilejiang76
1731,16618989,NewBeeMrK,"2026-09-01 13:51:52",0.933,2,"newbeemrk,takeryu"
1732,16579471,CELL2DAY,"2026-09-07 05:43:42",0.933,14,"bellaxxxxxx,shylanie,wuwenmin"
1733,16672026,"Salenkov Dmitrij","2026-08-31 13:12:40",0.933,5,puffywind
1734,16472383,"YoungDSML [dsml.kz]","2026-09-01 07:18:19",0.933,17,"mazgas,nurikw3"
1735,16769132,"Matias Luciano Antezana","2026-09-21 03:19:45",0.933,56,matiasantezana
1736,16911829,Izumi_LP,"2026-09-17 22:08:52",0.933,2,amememe
1737,16708574,"Mughees Abbas","2026-09-21 09:26:44",0.933,12,mugheesabbas
1738,16490981,"Rémi Faucon","2026-09-09 17:12:39",0.933,5,rmifaucon
1739,16793132,"Dharun Suryaa","2026-08-30 14:45:19",0.933,1,dharun4772
1740,16533519,"Murat Beşli","2026-09-03 07:49:18",0.933,14,"ardaarslan10,muratbeli"
1741,16708735,Sojiro.O,"2026-08-30 18:47:47",0.933,10,sojiro314
1742,16556334,"Dimitri ZABRE","2026-08-30 22:21:20",0.933,2,dimitrizabre
1743,16705625,hibana2077,"2026-08-31 02:58:18",0.933,27,hibana2077
1744,16664684,Junlaii,"2026-08-31 07:20:51",0.933,16,junlaii
1745,16766146,Gu,"2026-08-31 14:55:31",0.933,7,xxxccc333
1746,16513761,›⩊‹,"2026-09-03 15:01:49",0.933,2,roniuhle
1747,16590907,"Ali Ahmad","2026-09-06 15:21:01",0.933,13,aliahmadmphil
1748,16867831,"[Deleted] c9bb1ac3-444c-4689-98e5-1cca9859e5ce","2026-09-10 18:48:36",0.933,1,nathaeldias
1749,16907622,God111,"2026-09-23 06:15:31",0.933,3,god111
1750,16457249,Orion,"2026-09-02 08:25:53",0.932,4,fastthanh78
1751,16614950,"Youssef Yacoup","2026-08-31 16:39:51",0.932,3,youssefyacoup
1752,16460011,"Ignacio Martín Sánchez","2026-08-19 12:59:23",0.932,73,ignaciomartnsnchez
1753,16792162,SkoopSkoop,"2026-09-01 07:34:19",0.932,4,skoopskoop
1754,16780859,YaoCipher,"2026-08-31 03:02:51",0.932,1,yaocipher
1755,16459538,Chaloemchai-beer,"2026-09-05 08:58:38",0.932,8,nonamedev
1756,16827196,Takumin,"2026-09-23 15:27:22",0.932,8,novieww
1757,16774698,T.Vigneshreddy,"2026-09-02 04:41:57",0.931,8,tvigneshreddy
1758,16737780,wally0593,"2026-09-25 11:45:49",0.931,17,wally0593
1759,16786258,nal_nh906,"2026-08-29 04:09:28",0.931,1,hhan09
1760,16590129,"Md Fahad Al Faisal","2026-09-01 11:30:54",0.931,6,mdfahadalfaisal
1761,16793811,PatilPiyushV,"2026-08-31 11:04:57",0.931,1,patilpiyushv
1762,16791821,10pi,"2026-09-02 09:35:37",0.931,6,meredith10pi
1763,16689556,JovanaLab,"2026-08-25 00:21:46",0.931,12,"choonesenlu,joxitsai"
1764,16792486,"SHUO WANG","2026-09-02 13:57:28",0.931,9,shuowang928
1765,16461714,"Dmytro Rakovskyi","2026-09-03 13:44:40",0.930,92,dmytrorakovskyi
1766,16796093,"Oleg Smirnov","2026-08-31 09:41:34",0.930,1,smirnolegov
1767,16473822,"Kers Aoyagi","2026-08-31 23:12:52",0.930,18,kersaoyagi
1768,16633798,george-nigmatulin,"2026-09-21 08:48:12",0.930,28,georgenigmatulin
1769,16750267,"Harris Bashir","2026-09-03 10:07:56",0.930,8,harrisbashir
1770,16493746,akihiro,"2026-09-24 06:03:19",0.930,106,akihirokkkkk
1771,16749082,mraz1006,"2026-08-29 07:02:32",0.930,9,mraz1006
1772,16454239,theredbluepill,"2026-09-23 17:10:05",0.930,15,poonszesen
1773,16579533,yasut0ra,"2026-08-29 16:19:52",0.930,2,yasut0ra
1774,16462579,cya,"2026-08-25 03:04:03",0.929,50,"kirvk013,ngyzly,yoakeelee"
1775,16453839,"Lawrence Long","2026-09-16 01:24:26",0.929,18,lawrencelong
1776,16508130,Biosphere,"2026-09-19 14:18:32",0.929,23,"abdullahgultekin,glsmgltkn"
1777,16463373,kenma,"2026-09-24 03:29:10",0.929,23,kentamasu
1778,16612839,"Martin Brosset","2026-08-28 16:24:21",0.929,32,martinbrosset
1779,16785060,Sunny,"2026-09-05 15:59:14",0.929,8,sourabhnirwanevht
1780,16618307,"BJ Kim","2026-09-01 12:13:50",0.929,12,doitdoit80
1781,16488248,"Bejjala Mani Sai Teja","2026-08-30 13:22:01",0.929,5,bejjalamanisaiteja
1782,16876022,"Jeff Law #2","2026-09-22 03:32:45",0.929,12,jlaw99
1783,16759456,caesiummm,"2026-09-09 14:16:24",0.929,6,caesiummm
1784,16719681,"Florence Wang","2026-09-02 12:07:11",0.928,22,florencewjw
1785,16583630,小出和見,"2026-08-27 23:25:11",0.928,2,kzmk8d
1786,16587664,"Sai Teja Bandaru","2026-08-29 20:50:44",0.928,38,"chikonzeroselemani,saitejabandaruin"
1787,16460582,zakihiro,"2026-08-30 01:50:26",0.928,68,zakihiro
1788,16773863,phongtintruongg,"2026-09-17 18:52:48",0.928,6,phongtintruongg
1789,16492840,shanzhong8,"2026-08-28 05:58:43",0.928,1,shanzhong8
1790,16571314,KhanZKhan,"2026-09-03 00:01:07",0.928,40,khanzkhan
1791,16753643,mushichou4,"2026-08-28 12:43:25",0.928,2,mushichou4
1792,16490427,"yuji y","2026-08-29 02:11:37",0.928,10,yujiyyy
1793,16536900,gamesu7107,"2026-08-25 06:18:57",0.927,74,gamesu7107
1794,16475014,"Need teammates plz","2026-08-26 14:14:34",0.927,80,znwe342
1795,16771445,"Rick Shao","2026-08-31 11:46:12",0.927,6,rickyshao
1796,16770160,"Lance Wu","2026-08-30 15:33:45",0.927,7,lancewu722
1797,16470935,DevinNicholson,"2026-09-01 20:11:44",0.927,57,dnicholson
1798,16603891,misc,"2026-09-16 15:29:23",0.927,18,"duojin809,luleeee,sixgodd,weihanshen,yaoxun"
1799,16747376,"S.M Hadi Rizvi","2026-08-24 16:02:27",0.927,15,smhadirizvi
1800,16539278,"Renuka Shanmugam","2026-08-31 12:33:38",0.927,19,s22renuka
1801,16643661,Tim,"2026-09-14 00:36:14",0.927,4,tims457
1802,16780072,BIA,"2026-09-13 16:32:06",0.927,25,"emerleahpar,tristanmanneville"
1803,16776921,PengQiu,"2026-09-25 18:23:49",0.926,10,pengqiu
1804,16457266,shahxsalman,"2026-09-23 17:06:07",0.926,1,shahxsalman
1805,16453974,"Muhammad Faris Abqari","2026-08-30 13:24:40",0.926,15,farisabqari11
1806,16780237,"Mirangga Jakti","2026-09-25 02:42:45",0.926,15,miranggajakti
1807,16772756,"Suzuki Taichi","2026-09-25 09:43:58",0.926,67,"suzukitaichi,yuitomurano"
1808,16774217,kambehmw,"2026-09-05 14:30:12",0.926,12,kanbehmw
1809,16489907,"Kumaran K","2026-08-28 02:45:37",0.926,19,kumarandatascientist
1810,16492928,zorac,"2026-09-21 16:13:52",0.926,37,zoracmobilis
1811,16466744,genesogenesis,"2026-09-21 20:43:57",0.926,88,igorjovanovic
1812,16748572,"Ahmet Yasır Eminoğlu","2026-08-25 13:22:52",0.926,2,ahmetyasreminolu
1813,16539357,"Aryan patel","2026-08-26 13:54:47",0.926,11,aashadevi
1814,16772437,"Muneeba Badar","2026-08-25 21:05:40",0.926,1,muneebabadar
1815,16485140,DRHuyy,"2026-09-02 17:49:36",0.926,15,drhuyy
1816,16742716,Wiz,"2026-08-24 05:53:33",0.926,2,williamzhou001
1817,16479684,Pascal,"2026-08-26 00:37:04",0.926,61,pascalledesma
1818,16536575,"Martin Mbalkam","2026-08-24 13:12:42",0.926,6,martinmbalkam
1819,16500994,"Felipe KNBIS","2026-08-25 15:25:00",0.926,90,felipe1983
1820,16576737,Nadeem,"2026-08-24 23:01:19",0.926,5,nadeembinshajahan
1821,16761933,"Amarachukwu Ezebube","2026-08-25 12:45:38",0.926,3,amarachukwuezebube
1822,16640289,zdawer250,"2026-08-26 08:25:36",0.926,10,zdawer250
1823,16479983,"Imran Ahamed","2026-08-30 19:45:43",0.926,9,immu4989
1824,16755530,MohammadBaselKhalid,"2026-08-26 11:56:13",0.926,17,mohammadbaselkhalid
1825,16774318,A_yuki,"2026-08-26 12:37:08",0.926,1,yukiys
1826,16772513,"Erik Tavares","2026-09-07 19:58:34",0.926,6,eriktavares
1827,16731170,Lperalt,"2026-09-21 01:48:19",0.926,4,lucianobastidas
1828,16672399,"Tiger bonbon","2026-08-26 16:59:38",0.926,1,fujiwarayuto
1829,16455219,"Takeo Shibata","2026-09-09 19:15:49",0.926,3,takeoshibata
1830,16468646,zhangjiaweii,"2026-09-02 01:46:59",0.926,9,zhangjiaweii
1831,16454090,"djamal hani","2026-09-24 22:45:47",0.926,10,djamalhani
1832,16456748,"Varun Rao","2026-08-24 07:40:41",0.925,19,varunraosfanlkan
1833,16768216,"Sourab Ghosh","2026-08-25 14:01:18",0.924,2,sourabghosh
1834,16666890,tp,"2026-09-12 13:04:38",0.924,111,ahmedelfazouan
1835,16583925,Duck,"2026-08-09 10:47:37",0.924,33,shivamanand0
1836,16708859,"Arda Orcun","2026-08-27 05:54:56",0.924,15,ardaorcun
1837,16574193,"Harri Somakanthan","2026-08-16 11:03:47",0.924,77,"harriwashere,prashantinimaniam"
1838,16772568,Jingxiang,"2026-08-26 06:00:06",0.924,5,jingxiango
1839,16780376,Rister,"2026-08-27 17:30:18",0.923,1,rister101
1840,16782184,pikachu,"2026-09-02 10:13:35",0.923,15,jzhpfn
1841,16545454,"chrome frames","2026-07-22 07:30:02",0.923,4,svdrecbd
1842,16723977,"Someswararao Tellakula","2026-08-28 04:43:47",0.923,5,someshtellakula
1843,16784117,"Mark Barsoum Markarian","2026-09-08 09:04:23",0.923,8,markbarsoummarkarian
1844,16455771,!!!!!,"2026-09-25 13:30:51",0.923,23,forgakki
1845,16606396,"An Ni RiakWa Kra Dao Khu","2026-09-19 23:00:41",0.923,179,nineyoyoyo2
1846,16454948,nnostradamuzzz,"2026-08-23 21:44:23",0.923,28,"agentzz,rahelhbn,yizreelschwartz"
1847,16728015,"Oscar Yáñez Feijóo","2026-08-24 21:04:23",0.923,3,oscaryezfeijo
1848,16459290,"Alberto Mocchi","2026-08-17 11:35:32",0.923,17,albertomocchi99
1849,16723944,"ETHAN KOH","2026-08-22 00:46:45",0.923,34,kwangsookoh
1850,16763402,yarkhom,"2026-09-25 19:34:47",0.922,111,yarkhom
1851,16485292,"Hiroyasu Okuno","2026-09-04 13:50:27",0.922,20,hiroyasuokuno
1852,16651481,Aksell,"2026-08-25 11:40:25",0.922,35,aksell7
1853,16456311,Santhana,"2026-09-21 09:22:38",0.922,41,santhanalekshmic
1854,16654319,Aditya,"2026-08-19 10:07:20",0.922,17,adyprat
1855,16454310,"Manan 'Pistacchi' Gupta","2026-08-08 19:21:24",0.921,98,obirdy
1856,16665892,chenhao,"2026-08-18 03:00:19",0.921,35,chenhao2115
1857,16750041,"AJ Calica","2026-08-28 00:03:01",0.921,18,abduljabbarcalica
1858,16708390,"Daniil Shmelev","2026-08-23 08:14:15",0.920,5,daniilshmelev
1859,16665092,"Zhizhou Sha","2026-08-23 04:56:41",0.920,20,zhizhousha
1860,16623941,"Simon Leong","2026-08-21 16:38:40",0.920,25,simonleongcn
1861,16712379,iamnifer,"2026-08-21 17:27:57",0.920,13,iamnifer
1862,16478028,"Eduardo Farina","2026-08-21 22:47:42",0.920,21,eduardofarina
1863,16758752,latter0206,"2026-08-24 01:19:14",0.920,3,shoheiyamanaka
1864,16767212,"Andrei Chiscaru","2026-08-29 10:59:09",0.920,3,andreichiscaru
1865,16833140,"Hi Im Ryo","2026-09-20 13:16:37",0.920,23,loto610
1866,16761073,"Alejandro Izaguirre","2026-09-10 15:29:27",0.920,10,alejandroizag
1867,16486943,"Thomas Cook","2026-09-14 12:56:23",0.920,32,curiouskoala
1868,16510160,"Diego Vannoli","2026-09-15 12:11:16",0.920,7,diegovannoli
1869,16598452,"Syunta SEKI","2026-09-25 04:32:14",0.919,10,syuntaseki
1870,16551184,"J. Jung","2026-08-14 04:33:29",0.919,35,jjung32
1871,16711357,nanlour,"2026-08-24 12:08:56",0.919,4,nanlour
1872,16458596,"Yuri D.Kobyzev","2026-08-24 08:24:36",0.919,60,yurikobyzev
1873,16655557,kylinhanx,"2026-08-29 15:17:53",0.919,75,kylinhx
1874,16709111,johnsebin97,"2026-08-20 13:57:12",0.919,6,johnsebin97
1875,16718107,gjjkmbggv,"2026-08-22 16:17:10",0.919,6,gjjkmbggv
1876,16454490,"Xiaolei Lian","2026-09-04 17:53:36",0.918,32,xiaoleilian
1877,16789772,Raymang0,"2026-09-08 15:09:50",0.918,2,raymondbrookman
1878,16455638,"Quan Vu","2026-08-22 14:53:30",0.918,38,quan0095
1879,16692338,"Aryavrat Mishra","2026-08-23 03:01:27",0.918,6,aryavratmisrha
1880,16724767,"Timothee Henry","2026-08-30 19:46:35",0.918,19,timhenry
1881,16456093,"Bishnu Ganguly","2026-09-15 09:57:17",0.918,13,bishnuganguly
1882,16605272,"Wenku Wang","2026-08-16 18:56:54",0.918,7,wenkuwang
1883,16713798,tamryow,"2026-09-26 02:15:42",0.918,134,tamryow
1884,16742761,"Ishaan Karmokar","2026-08-22 20:25:56",0.918,12,"ishaankarmokar,konark1234"
1885,16466953,"Michał Łapiński","2026-08-26 20:37:11",0.918,24,michaapiski
1886,16684124,"Korea IOAI Representative","2026-08-18 12:19:33",0.917,10,"allie3103,goodpjw2008,jehan080125,junick0001"
1887,16562059,sususu,"2026-08-19 19:11:22",0.917,39,suminshim
1888,16494728,Haumea,"2026-08-08 06:15:51",0.917,78,chaitanyagullapalli
1889,16557100,"Raed Ennab","2026-09-10 03:24:20",0.917,13,raedennab
1890,16729702,YinuoChen271,"2026-08-17 17:25:50",0.917,2,yinuochen271
1891,16723474,"Raef Guizani","2026-08-22 09:51:53",0.917,17,raefguizani
1892,16455079,小陈同学,"2026-08-18 09:29:23",0.917,3,czastu
1893,16552446,SangGold,"2026-08-18 14:51:10",0.917,2,sanggold
1894,16463138,tf,"2026-09-17 09:22:15",0.917,7,tfukuhara
1895,16740897,"Alexander Kokshenin","2026-08-19 11:01:26",0.917,2,kokshenin
1896,16739936,"Nat Bel ML Fun","2026-08-20 05:15:48",0.917,4,natbel4ml
1897,16554823,"Efe Gür","2026-08-19 08:13:22",0.917,7,efegur974
1898,16569611,"Bright O.H.","2026-08-19 19:36:34",0.917,11,brightoh
1899,16603533,hrbatra,"2026-08-19 23:24:29",0.917,3,hrbatra
1900,16458072,"Hajimi Nanbeilvdou","2026-08-29 10:08:33",0.917,6,shipuxu
1901,16613605,harawa,"2026-09-05 13:33:27",0.917,7,harawa
1902,16753737,mov,"2026-08-21 11:52:00",0.917,1,movvvc
1903,16730651,victorvv,"2026-08-23 17:01:24",0.917,1,whs66666666666
1904,16759235,"KAIS ALJAMMAL","2026-08-24 11:37:31",0.917,2,kaisaljammal
1905,16786242,shenxin123,"2026-09-22 06:34:00",0.917,21,shenxin123
1906,16677382,"Tyler Myers","2026-08-14 00:44:54",0.917,30,tydymy
1907,16851739,HuyKaizer243,"2026-09-25 18:39:22",0.917,7,huykaizer243
1908,16612070,"Saksham Gupta","2026-08-13 18:53:55",0.917,12,sakzgupz
1909,16490912,"Asma Houimli","2026-08-26 21:59:45",0.917,3,asmahwimli
1910,16513236,victor,"2026-08-07 03:01:23",0.916,73,vicmcorrea
1911,16731107,"uma mahesh23","2026-08-17 14:13:43",0.916,1,umamahesh23
1912,16606207,"shize Li","2026-08-24 11:20:55",0.916,4,sptuno
1913,16579412,"Pranav Magadi","2026-09-03 07:01:52",0.916,11,pranavmagadi
1914,16454479,Sam,"2026-08-16 17:35:57",0.916,21,beartrader
1915,16458936,"Nur Srijan","2026-09-24 16:18:01",0.916,14,nursrijan
1916,16604966,lihua778,"2026-08-05 12:35:47",0.916,20,lihua778
1917,16456498,"Scott Willis","2026-08-03 01:06:34",0.916,48,scottgwillis
1918,16714728,"Joseph Paggeot","2026-08-24 06:15:59",0.916,20,josephpaggeot
1919,16475412,Guojun1,"2026-08-19 21:24:00",0.916,1,guojun1
1920,16752025,"Luan Kunyu","2026-08-21 07:55:58",0.916,1,luankunyu
1921,16727851,"Hamza Bilal","2026-09-05 10:44:38",0.916,7,hamziioio
1922,16611170,T.SHIGA,"2026-08-18 21:32:54",0.916,35,takumashiga
1923,16702316,"Witold Dziurdz","2026-08-18 17:19:41",0.916,12,witolddziurdz
1924,16625069,"HIbiki Awai","2026-09-22 12:54:40",0.916,11,"hibikiawai,matsushimatoshiki"
1925,16699625,"Uzumaki Julius","2026-08-12 05:02:26",0.916,4,uzumakijulius
1926,16603615,"Kyle Wang","2026-08-11 09:54:43",0.916,27,ky1ewan9
1927,16549930,零號軌跡,"2026-08-07 08:01:05",0.916,68,y1amadeus
1928,16675548,"Siwotha You","2026-08-13 12:10:37",0.916,22,siwotha
1929,16641259,roreternity,"2026-08-24 21:47:22",0.915,7,roreternity
1930,16639500,maekeso,"2026-09-24 14:51:49",0.915,92,maekeso
1931,16455016,JohnLussier,"2026-08-19 17:28:10",0.915,41,johnlussier
1932,16495180,"Tariku Mehdi","2026-08-30 03:00:13",0.915,29,tarikumehdi
1933,16455444,"Rohan Alex Bimal","2026-08-09 11:41:09",0.915,65,rohanalexbimal
1934,16688850,"Zihao Zeng","2026-09-06 10:10:06",0.915,17,zihaozeng0021
1935,16459970,"Duong Nguyen","2026-08-20 09:51:08",0.915,6,nguyncdngs
1936,16454432,"ZITAI ZENG","2026-09-19 10:23:28",0.915,27,"gruubyhimself,trieuhy"
1937,16697178,"William Hau","2026-08-12 03:17:24",0.915,2,williamhau
1938,16554448,"Marco DG","2026-08-12 07:47:31",0.915,21,marcodg
1939,16491354,Ron506,"2026-08-17 14:37:24",0.915,25,ron506
1940,16598559,"ZICHENG LING","2026-08-11 13:21:49",0.915,10,"chalmerstian,lingzicheng"
1941,16707979,Pones_kaggle,"2026-08-15 01:37:25",0.915,24,pyd966
1942,16690938,ed2608,"2026-09-23 01:15:02",0.915,53,ed2608
1943,16713525,Anruan,"2026-08-12 16:48:49",0.915,1,xiaowanshen
1944,16463565,yuuuuuuuuri,"2026-08-13 13:37:53",0.915,36,yuuuuuuuuri
1945,16566798,"Filip Jediný","2026-08-09 08:06:33",0.915,7,filipjedin
1946,16454348,"Issac “Izreal” Davis","2026-08-19 01:05:10",0.915,52,issacizrealdavis
1947,16461316,"Cihan Atak","2026-08-02 19:05:50",0.915,29,cihanatak
1948,16454244,"Ivan Sabev","2026-08-06 06:02:02",0.915,39,ivansabev
1949,16603392,bai2ertwo,"2026-08-09 20:08:43",0.915,37,bai2ertwo
1950,16462369,"Roma Tikhonov","2026-09-22 21:50:18",0.915,72,tikhonovroma
1951,16680169,AOI___3333,"2026-08-23 14:10:07",0.915,9,aoi3333
1952,16455714,"Reilly Koren","2026-08-22 02:08:03",0.915,16,rkoren
1953,16584151,"HARUKI HARADA","2026-09-06 03:05:33",0.915,28,harukiharada
1954,16456108,Cosmic,"2026-08-15 10:26:05",0.915,4,shubhamkambli11
1955,16453926,zinutag,"2026-08-23 09:45:45",0.915,4,zinutag
1956,16591703,dut-dmu,"2026-08-22 09:23:58",0.915,17,"lntuzhaochen,simanli627"
1957,16726284,rperez04,"2026-08-20 22:02:48",0.915,7,rperez04
1958,16600192,Mark_RowSet,"2026-08-16 01:17:17",0.915,6,markrowset
1959,16496751,"Pascal #2","2026-08-09 21:08:02",0.915,27,pperle
1960,16471876,musculer,"2026-08-27 03:10:41",0.915,28,musculer
1961,16499213,yiyu0716,"2026-08-16 08:00:34",0.915,15,yiyu0716
1962,16634089,"LI MO ZI YA","2026-08-09 15:38:43",0.915,10,limoziya
1963,16695863,"Giampietro Pregnolato","2026-08-10 15:26:29",0.915,2,giampietropregnolato
1964,16660855,"lxh unbound","2026-08-10 06:45:20",0.915,17,lxhunbound
1965,16456633,Nikita,"2026-08-10 17:59:03",0.915,14,nikitagajbhiye30
1966,16474828,Tushar,"2026-08-11 14:39:10",0.915,10,tushartalukder
1967,16687521,ringbearer,"2026-08-22 23:24:05",0.915,3,mehmetbarankrat
1968,16696771,"maximo lorenzo y losada","2026-08-13 01:40:51",0.915,8,maximolorenzoylosada
1969,16712733,hiro,"2026-08-13 08:19:09",0.915,1,ad1999
1970,16722284,kkogai,"2026-08-14 22:49:37",0.915,1,kkogai
1971,16489611,shige,"2026-08-17 22:02:58",0.915,14,shigechan
1972,16722912,"Md. Mehedi Hasan","2026-08-16 23:17:25",0.915,4,mehedi052
1973,16454212,Weatherhead,"2026-08-15 04:39:37",0.915,46,"jakeweatherhead,jamesweatherhead"
1974,16530758,"nk for work","2026-09-20 10:14:57",0.915,17,nkforwork
1975,16639753,r h d 12138,"2026-09-22 07:21:21",0.915,22,"alexanderrick,rhd12138"
1976,16726690,tmcater,"2026-08-16 09:38:26",0.915,1,tmcater
1977,16726050,"Two Epochs","2026-08-16 19:32:46",0.915,4,"ketan987,saur3x"
1978,16471323,"Changyuan Chen","2026-08-17 12:35:01",0.915,18,changyuanchenmit
1979,16712993,"Paul Guillemin","2026-08-24 12:22:33",0.915,11,paulguillemin
1980,16639966,"Abhimanyu R B","2026-09-09 13:49:55",0.915,24,"aagneye,abhimanyu122"
1981,16481224,BurntPotato,"2026-08-25 16:48:30",0.915,14,burntpotato
1982,16491000,akmr,"2026-09-20 12:30:57",0.915,32,akimaru
1983,16457383,"Code Alpha","2026-08-22 13:30:31",0.915,2,chunmunbanerjee
1984,16543160,nqy123,"2026-08-30 11:45:13",0.915,24,nqy123
1985,16609198,Fable5,"2026-08-01 12:53:59",0.915,23,"dangdung177,dianpham,haivan11,ngocphong03"
1986,16464103,"Ammar Sohail","2026-08-05 12:35:16",0.915,5,mar555555
1987,16473091,"PowerPuff Girls","2026-08-05 11:06:20",0.915,97,shivasai77
1988,16456754,ShreeDSanthagunam,"2026-08-07 06:00:00",0.915,28,shreedsanthagunam
1989,16461959,Abdulsamad,"2026-08-09 06:44:32",0.915,124,abdulsamadjod1234
1990,16668687,"Hoàn Đoàn","2026-08-05 15:41:57",0.915,1,hoandoan1603
1991,16538919,MUGABROS,"2026-08-18 10:01:19",0.915,17,"drrocktotpalkonwarh,monjyotid"
1992,16457067,QQQXXX123,"2026-08-17 03:28:23",0.915,30,qqqxxx123
1993,16574212,Wilson,"2026-08-11 04:00:12",0.915,21,wiiilson111
1994,16490006,"Mateus Cruz","2026-08-08 13:31:36",0.915,6,matteuscruz
1995,16652890,KananK,"2026-08-07 06:02:08",0.915,8,kanank
1996,16586551,SDA000,"2026-08-07 16:57:28",0.915,2,sda000
1997,16689900,AMIR,"2026-08-09 16:37:46",0.915,7,amiiiiiiir
1998,16458497,COLD,"2026-09-08 05:50:48",0.915,12,maulikgajera
1999,16561015,ss,"2026-08-10 19:51:59",0.915,2,forest2026
2000,16640827,Moawiz,"2026-08-16 21:15:26",0.915,7,moawiz
2001,16599884,"Tyler James","2026-08-16 02:17:21",0.915,22,jmidski
2002,16691622,"Abhiraj Singh","2026-08-14 00:04:53",0.915,2,cyberdrago
2003,16509263,"Yashpal M","2026-08-14 00:15:50",0.915,2,r17754
2004,16714508,"Mina Gayid","2026-08-16 12:26:48",0.915,1,minagayid
2005,16589013,"and more","2026-08-23 11:21:46",0.915,6,kym2022
2006,16693269,nkn079,"2026-09-15 13:43:41",0.915,2,nkn079
2007,16478037,"Daniel Crocker","2026-08-23 20:41:14",0.915,3,djcrocker07
2008,16722751,"JOSHUA EDWIN JACOB V 24F","2026-08-15 11:02:15",0.915,2,joshuaedwinjacobv24f
2009,16685229,"Justin Sabu Sebastian","2026-08-19 21:29:00",0.915,1,justinsabusebastian
2010,16716785,佐藤俊一郎,"2026-08-22 00:06:02",0.915,13,pikakin
2011,16624107,"Jaison Saji Chacko","2026-09-07 03:42:26",0.915,17,jsnsaji
2012,16712269,mark,"2026-08-12 20:33:32",0.915,2,markobozov
2013,16453826,fdghmggef,"2026-09-02 09:41:18",0.914,2,fdghmggef
2014,16589046,"Yisher Xia","2026-07-29 05:57:33",0.914,11,yisherxia
2015,16539692,njucs,"2026-08-01 10:33:36",0.914,18,"taijunhao,yaodongchenwww"
2016,16715400,shingo257,"2026-08-30 15:59:00",0.914,16,shingo257
2017,16660383,Shubhamo0o,"2026-09-24 11:48:16",0.914,91,shubhamo0o
2018,16618611,"RR 606d","2026-08-13 06:26:57",0.914,19,rr606d
2019,16690093,t2better,"2026-08-12 05:02:39",0.914,9,t2better
2020,16613411,VinhNguyenTha,"2026-08-21 00:06:52",0.914,16,vinhnguyentha
2021,16600222,"Taishi UEYAMA","2026-08-04 15:25:39",0.914,32,taishiueyama
2022,16665020,"Sujith Kumar Sashikanth","2026-08-10 05:05:37",0.914,10,sujithsashi
2023,16641676,habranch,"2026-08-23 22:58:23",0.914,18,kuroshiro07
2024,16608165,konipuman,"2026-09-25 15:32:52",0.914,15,konipu
2025,16499664,"Gavedu AI","2026-08-04 18:09:38",0.914,65,verise6211
2026,16639201,"Aaron Samuel","2026-08-09 11:33:43",0.914,23,aaronmosamuel
2027,16538475,"Mitosis Maximalists","2026-08-08 20:50:01",0.914,37,"alexzhang05,shuolinyin"
2028,16459113,"Marcin Wojciechowski","2026-08-16 18:17:32",0.914,39,marcinwojciechowski
2029,16603557,"Haohan Tsao","2026-07-30 06:34:59",0.914,4,haohantsao
2030,16516104,ynhuhu,"2026-08-02 09:09:40",0.914,8,ynhuhu
2031,16579814,"Aadi Gupta","2026-07-31 08:06:53",0.914,3,aadigupta1601
2032,16580852,"Runnel Zhang","2026-08-02 16:38:11",0.914,8,runnelzhang
2033,16574096,LarryIvanHan,"2026-08-01 09:32:24",0.914,19,larryivanhan
2034,16601638,yellowleaf,"2026-08-03 15:31:40",0.914,2,wcqyfly
2035,16454474,sukirman,"2026-08-04 01:08:45",0.914,3,rakbidb
2036,16630687,coderRKJ,"2026-08-04 02:00:54",0.914,1,coderrkj
2037,16489071,wuliao_0,"2026-08-04 14:19:20",0.914,5,wuliao0
2038,16551425,"Krasnov Daniil","2026-08-04 18:20:24",0.914,3,daniilkrasnovvv
2039,16454516,yaphanqiii,"2026-08-19 10:28:05",0.914,18,yaphanqiii
2040,16457128,Nikolenko_Sergei,"2026-07-27 17:01:39",0.914,30,nikolenkosergei
2041,16470586,Ryo,"2026-08-22 00:52:24",0.913,60,ryosukekurakami
2042,16707359,chill~,"2026-08-13 08:53:52",0.913,5,k256net
2043,16587656,suhreenuh,"2026-09-24 20:01:07",0.913,16,serenaliu12
2044,16605743,jiangzhenyue,"2026-08-02 14:47:12",0.913,4,jiangzhenyue
2045,16592362,"WU YOU","2026-07-29 07:58:43",0.913,15,willowwww
2046,16578073,Yuki_ARL,"2026-09-13 06:12:18",0.913,19,yukiarl
2047,16551555,pipi14ramu,"2026-09-13 01:34:06",0.913,14,pipi14ramu
2048,16483454,"Max Manushin","2026-07-29 12:51:18",0.913,31,innerf1re
2049,16497519,Fususu,"2026-08-11 12:05:15",0.913,102,phuongncn
2050,16454101,Earthwalker,"2026-07-28 07:29:36",0.913,31,etwk01
2051,16489215,orionis,"2026-08-02 08:51:41",0.913,13,orionis
2052,16509446,Bert,"2026-08-09 20:24:05",0.913,8,bertlovesleeping
2053,16686263,"Juan Moreno","2026-08-08 14:57:59",0.913,2,juanmoreno01
2054,16459981,Kevin,"2026-08-10 04:13:03",0.913,28,kevinzodiac
2055,16536027,"Thorlapati Nikhil","2026-08-05 08:51:43",0.913,27,thorlapatinikhil
2056,16496804,AravG97,"2026-08-01 05:57:24",0.913,18,aravg97
2057,16548524,DiegoSolarte,"2026-08-19 02:59:34",0.913,39,diegosolarte
2058,16457030,htatsumi,"2026-08-14 06:43:03",0.913,23,"tatsumihasebe,yutomaezawa"
2059,16466949,"Sahil Deogade","2026-07-28 18:23:49",0.913,18,sdeogade
2060,16453393,"Optimal Prime","2026-08-02 14:57:45",0.913,46,caelix
2061,16461902,"Mikey Marszewski","2026-08-03 05:35:45",0.913,14,mikeymarszewski
2062,16604556,Kwq_Zzx_XDU_BigestDick,"2026-07-29 09:14:27",0.913,15,"kangwqzhangzx,yifliuuuu"
2063,16589946,"Arman Chaudhary","2026-07-29 12:02:06",0.913,5,armanchaudhary
2064,16459112,"Abdul Wahab Khan","2026-07-29 12:11:55",0.913,3,abdulwahab2321
2065,16595414,"Shuvam Swapnil Dash","2026-07-29 14:10:36",0.913,9,"shashwatmandal,shuvamswapnildash"
2066,16486559,Arun,"2026-07-29 15:06:57",0.913,5,wasbornlazy
2067,16458055,mucahitrtn,"2026-08-07 04:40:16",0.913,40,mucahitrtn
2068,16618283,RaymondFu_flm,"2026-08-04 02:01:21",0.913,2,raymondfuflm
2069,16531880,ASGModels,"2026-08-04 11:27:25",0.913,7,mkjhfghfgh
2070,16587785,eszn,"2026-07-31 04:53:52",0.913,18,esznxx
2071,16454993,Genki,"2026-07-31 08:54:32",0.913,10,genkiwatanabe
2072,16610622,YiLiu,"2026-09-08 01:45:58",0.913,34,yiliu6111
2073,16483435,"Dante #2","2026-08-02 08:16:45",0.913,20,tawaragiyuhei
2074,16489262,uesi,"2026-07-31 14:40:13",0.913,2,uemura687
2075,16455295,"Na Ve Ba","2026-08-28 17:44:01",0.913,4,naveenvenubagadi
2076,16572660,"Murat A. Genc","2026-08-05 06:50:25",0.913,20,muratagenc
2077,16492575,hilbate,"2026-08-02 01:31:03",0.913,35,hilbate
2078,16601763,prvsiyan,"2026-08-01 07:30:38",0.913,4,prvsiyan
2079,16577495,"Maimouna T. Coulibaly","2026-08-03 16:37:04",0.913,6,maimounatcoulibaly
2080,16555492,"josh k1111","2026-08-02 08:06:32",0.913,20,joshk1111
2081,16462572,"Guangjian Dong","2026-08-02 12:56:24",0.913,3,guangjiandong
2082,16612452,one2ndpiece,"2026-08-02 17:09:45",0.913,2,one2ndpiece
2083,16472928,"ne Artem Savchenko","2026-08-02 21:41:38",0.913,2,neartemsavchenko
2084,16543953,🐱Kitten,"2026-08-06 04:18:12",0.913,14,cicimeow
2085,16536241,"Harish Dhanarajan","2026-09-10 15:55:08",0.913,17,harishdhanarajan
2086,16610461,skrxxi,"2026-08-04 09:13:49",0.913,3,skrxxi
2087,16652707,"Yedidya Kahire","2026-08-04 10:20:52",0.913,2,yedidyakahire
2088,16654977,xyph3r,"2026-08-04 16:36:37",0.913,3,faisalahmedsifat
2089,16661535,"Dennis Gioche","2026-08-04 16:46:10",0.913,4,dennisgioche
2090,16462998,"Arodex Lin","2026-08-04 17:05:26",0.913,12,arodexlin
2091,16665175,Loren-wen,"2026-09-23 05:23:33",0.913,8,wofusituerte
2092,16533877,"Liao Zixu","2026-08-24 03:38:14",0.913,7,liaozixu
2093,16472708,"Ali mohon","2026-08-07 19:34:42",0.913,2,alimohon
2094,16667777,imkpth,"2026-08-08 12:32:30",0.913,2,imkpth
2095,16466760,"Patrick M.","2026-08-09 06:04:34",0.913,2,pigenesis75
2096,16640962,jidaoluckey,"2026-08-08 17:19:43",0.913,2,jidaoluckey
2097,16599977,"Napoleón Pérez","2026-08-09 01:41:32",0.913,2,"mariorodriguezrt,napoleonperez"
2098,16655133,"Orest Myth","2026-08-14 16:06:13",0.913,7,orestmyth
2099,16592172,"H vv sathwik","2026-08-13 04:31:45",0.913,2,hvvsathwik
2100,16461143,"Mukhan Seitov","2026-08-25 18:34:10",0.913,19,mukhanseitov
2101,16676258,k2-gc,"2026-09-25 21:58:30",0.913,117,penguingc
2102,16704525,"Piyal Chowdhury","2026-08-30 20:02:46",0.913,8,piyalchowdhury
2103,16492007,RO,"2026-07-17 06:40:31",0.913,10,rokauchi
2104,16501760,"Ashutosh Gandhi","2026-08-09 21:39:51",0.913,18,ashutoshgandhi666
2105,16671743,"Cholaraja R P","2026-09-10 15:46:36",0.913,10,cholarajarp
2106,16661555,"for alll 100","2026-08-09 08:34:22",0.913,9,foralll100
2107,16517151,"Hariprasanth Paranjothy","2026-08-03 13:40:39",0.913,11,hariprasanth8
2108,16616664,NguyenAn27,"2026-08-01 10:35:45",0.913,3,nguyenan27
2109,16472340,"Victor Wahome","2026-08-02 14:35:45",0.913,8,pepeetouvercmt
2110,16513419,Siontist,"2026-07-29 13:53:03",0.912,25,timothyossowski
2111,16590994,"Biruk Desta","2026-07-25 14:56:22",0.912,6,bd0855
2112,16482833,littlestronomer,"2026-07-26 06:54:46",0.912,10,littlestronomer
2113,16610075,sky,"2026-07-27 21:19:38",0.912,8,"houjihao,sleepysky"
2114,16531025,"Arthur Kim","2026-08-02 14:28:25",0.912,30,lkntrp
2115,16509212,"Barbaros Murat Dönmez","2026-07-26 12:51:25",0.912,8,barbarosmuratdnmez
2116,16591876,"Jason Matthew Suhari","2026-08-02 05:23:47",0.912,16,jasonmatthewsuhari
2117,16456004,Rohit,"2026-09-03 04:09:32",0.912,18,rohitthakur
2118,16561273,Star_xinglan,"2026-07-27 13:15:44",0.912,4,starxinglan
2119,16454002,"Mart Mikey","2026-07-29 00:12:52",0.912,10,martmikey
2120,16454906,DhawalModi,"2026-07-28 03:19:08",0.912,11,daveconnor
2121,16453476,"Darshan Makwana","2026-07-28 05:18:14",0.912,8,ellipticaloranges
2122,16608786,"Shuhei Kuroiwa","2026-07-28 11:51:00",0.912,5,shuheikuroiwa
2123,16453741,"Ruben Millan-Solsona","2026-07-28 23:12:42",0.912,17,rubenmillansolsona
2124,16534655,"Turgay Coruh","2026-07-29 11:38:01",0.912,8,turgaycoruh
2125,16616224,"Mark Slavin","2026-07-29 22:17:37",0.912,2,markslavin
2126,16600293,hinapontaro,"2026-08-26 02:40:17",0.912,9,hinapontaro
2127,16607988,Zhanpeng.W,"2026-08-03 12:44:42",0.912,22,zhanpengw
2128,16477974,"Sébastien MATHIEU","2026-07-31 06:51:03",0.912,4,negtitep
2129,16602405,"Shankar Madhira","2026-07-31 08:14:40",0.912,1,shankarmadhira
2130,16493099,"Adhithyaa Paramasivam","2026-08-06 18:25:34",0.912,16,adhithyaaparamasivam
2131,16497732,"Ryan Talcoff","2026-08-11 16:17:00",0.912,17,ryantalcoff
2132,16454485,"Hesham Mohamed","2026-08-02 02:02:29",0.912,6,hesh1m
2133,16642018,monar0425,"2026-08-03 13:00:47",0.912,5,monar0425
2134,16645449,"Renhe Wang","2026-08-03 11:18:10",0.912,3,pendragonarthur
2135,16475849,Cervelo_Costa,"2026-08-03 18:41:41",0.912,24,cervelocosta
2136,16474650,Gali,"2026-08-04 10:06:40",0.912,12,galinilin
2137,16622141,"Krishnendu Sinha","2026-08-19 05:31:07",0.912,7,krishnendusinhaml
2138,16463125,"Naga Bhanuja","2026-08-07 10:56:48",0.912,2,nagabhanuja
2139,16644507,Qualzz,"2026-08-07 11:14:27",0.912,6,qualzz
2140,16682240,pizzaboy,"2026-08-11 00:09:19",0.912,8,pizzaboythe3rd
2141,16474106,"kitory Yeah やきとり","2026-08-19 14:53:57",0.912,46,kitoryyeah
2142,16724534,dbookie,"2026-08-18 19:11:45",0.912,3,dbookie
2143,16708474,"Liaoyi Xu","2026-08-15 13:25:25",0.912,12,liaoyixu
2144,16729012,dqvide,"2026-08-17 13:13:31",0.912,6,dqvide
2145,16557703,StSTXion,"2026-09-23 14:12:44",0.912,32,ststxion
2146,16535158,"Hyunsik Park","2026-08-22 11:59:37",0.912,2,hyunsikpark
2147,16713575,"Aastik Rajan15","2026-08-22 23:15:00",0.912,4,aastikrajan15
2148,16734525,nicepi,"2026-08-29 17:16:49",0.912,8,pinice
2149,16693206,summer_orange,"2026-09-05 11:33:36",0.912,14,summerorange
2150,16595217,SamoraDC,"2026-09-24 21:21:24",0.912,2,samoradc
2151,16732246,"Enzo Pio","2026-09-12 10:06:05",0.912,12,enzopio
2152,16459122,"Shixiang Yan","2026-09-16 15:31:51",0.912,1,shawnchile
2153,16930663,"Abdalrahman mohamed","2026-09-23 13:24:17",0.912,3,abdalrahmanmohamed3
2154,16481696,"Niloy Deb Barma","2026-08-03 16:44:39",0.912,2,niloydebbarma
2155,16468773,Hi,"2026-07-25 18:54:43",0.912,1,yuryaleksin
2156,16941581,PAB97,"2026-09-24 12:16:21",0.912,7,rftexas
2157,16912381,wadakz,"2026-09-19 11:15:20",0.912,4,wadakz
2158,16454125,"Hugo Gascon","2026-08-26 11:26:39",0.912,32,hugogascon
2159,16791978,"uriel villegas govea","2026-08-30 15:31:16",0.912,2,urielvillegasgovea
2160,16830983,"Aaron Kanzer","2026-09-06 00:30:22",0.912,3,scigantic
2161,16456631,"Hikmet Calayır","2026-08-11 05:44:27",0.911,1,hikmetcalayr
2162,16591564,JMChen3160,"2026-07-27 06:39:25",0.911,6,jmchen3160
2163,16464002,"Tamerlan Omralinov","2026-09-25 08:08:05",0.911,38,tamerlanomralinov
2164,16598294,TTT,"2026-07-25 12:10:19",0.911,1,tadahiroasami
2165,16467119,"Bedirhan Dinçer","2026-08-07 08:10:25",0.911,37,"bedirhandiner,semihbal"
2166,16482068,暗黑AGI,"2026-07-25 03:00:49",0.911,113,boristown
2167,16616591,"Asapacsin Farland","2026-08-17 16:17:48",0.911,12,asapacsinfarland
2168,16475356,"Thiago Munhoz da Nóbrega","2026-07-28 16:44:18",0.911,26,thiagommtmn
2169,16456602,"UEN TINNLEA","2026-07-24 10:11:52",0.911,18,uentinnlea
2170,16530994,ShunkiKyoya,"2026-07-29 22:38:46",0.911,6,shunkikyoya
2171,16454436,pr4deepr,"2026-08-11 09:56:02",0.911,62,pr4deepr
2172,16592781,"Shaoqing Ni","2026-07-24 08:34:47",0.911,2,nishaoqing
2173,16578635,Randyrahmansyah,"2026-07-25 12:32:30",0.911,12,randyrahmansyah7
2174,16585286,Baishuijianxin,"2026-07-26 10:52:27",0.911,7,"baishuijianxin,koreyit,wfqq0830,yaram11,zuyunliu"
2175,16456347,"Ayon Dandapath","2026-07-24 09:46:07",0.911,18,ayondandapath
2176,16564064,"Akagha Chimgozirim","2026-07-24 09:54:24",0.911,8,chiakazirim
2177,16460025,"эльмад наоборот мадэль","2026-07-24 10:57:49",0.911,18,johnjanson
2178,16591709,"[Deleted] 3ce14954-c40c-43b1-b370-cf9830c6c25f","2026-07-24 14:08:00",0.911,2,ryota517
2179,16501762,onebitbrain,"2026-08-06 16:56:16",0.911,15,onebitbrain
2180,16486982,Softcurrent,"2026-07-23 17:58:02",0.911,20,softcurrent
2181,16504804,Khalid,"2026-08-04 18:06:58",0.910,95,khalid000000
2182,16501892,Cefiyana,"2026-08-25 15:14:08",0.910,19,cefiyana
2183,16576360,JavaZero,"2026-07-21 03:59:31",0.910,4,jimmyisme1
2184,16723664,"Alexander Krylov","2026-09-25 19:28:59",0.910,4,krylovalexander
2185,16453729,"Ziya Shaikh","2026-08-21 06:00:14",0.910,31,ziyask
2186,16701962,mhossain,"2026-08-28 06:28:43",0.909,5,mdshakhaowathossain
2187,16712211,"mahdad shakiba","2026-08-31 14:13:54",0.909,10,mahdadshakiba
2188,16617647,gakuma,"2026-09-07 12:04:26",0.909,29,takedagaku
2189,16589749,"Yoan Martínez López ","2026-07-30 07:07:41",0.909,19,ymlopez
2190,16570482,lingheng,"2026-07-25 21:23:00",0.909,26,"lingheng,xianhaolin6077"
2191,16453449,"Roman Rozen","2026-07-30 15:09:02",0.909,11,romanrozen
2192,16656935,Drowsy,"2026-09-09 09:55:12",0.909,34,imagen
2193,16598095,Zhenlan,"2026-08-01 18:55:53",0.909,1,zhenlanwang
2194,16492174,"Shawn Zhang","2026-07-28 01:25:40",0.909,8,shawnzhang12
2195,16462545,"Hedley Robertson","2026-08-03 17:13:13",0.909,15,hedleyrobertson
2196,16586803,"Miles Wang","2026-07-26 02:32:25",0.909,9,xibaiw
2197,16931841,kawhi0.0,"2026-09-24 22:49:27",0.908,6,kawhi00
2198,16463416,wasabi777,"2026-09-03 21:45:45",0.908,20,wasabi777
2199,16589515,Czzzzzln,"2026-07-26 12:16:54",0.908,1,czzzzzln
2200,16584848,yyh666188,"2026-07-27 06:27:53",0.908,3,yyh666188
2201,16459836,"Gambling Debt","2026-07-27 09:51:20",0.908,10,"subinsm7,tanetisanjay"
2202,16468547,"koushik sinha","2026-07-26 18:52:53",0.908,3,kousinha
2203,16542637,"[Deleted] 34659fb7-374d-4a17-a8c3-aee0b7fb174c","2026-07-26 16:53:29",0.908,7,del=24862c61dbac3ea0
2204,16457408,F.A.Nina,"2026-07-23 08:33:05",0.908,1,nina2025
2205,16564225,"Кирилл Алешин","2026-07-23 14:52:21",0.908,17,kirneo
2206,16590503,ダルシャン・キラリ,"2026-07-23 16:46:09",0.908,1,darshankilari
2207,16569583,"jacob OKOTH O","2026-07-25 12:00:12",0.908,1,jacobokotho
2208,16461464,Shameer.k,"2026-07-26 18:38:54",0.908,12,shameersham
2209,16466536,"Emre Akpınar","2026-09-24 21:24:21",0.908,34,emreakpnr
2210,16585167,zhangyues,"2026-07-24 06:38:55",0.908,9,zhangyues
2211,16550536,"weizhou liu","2026-07-24 08:28:19",0.908,24,weizhouliu
2212,16544336,"Cary Chan","2026-07-24 06:40:38",0.908,2,srchancary
2213,16582861,zhangyues0000,"2026-08-29 08:10:17",0.908,18,zhangyues0000
2214,16585736,zzgtylors,"2026-08-19 22:29:58",0.908,9,zzgtylors
2215,16493082,"Runsheng Tian","2026-07-26 10:41:31",0.908,9,runshengtian
2216,16643045,AnthZ,"2026-08-03 20:03:54",0.908,4,anthzorax
2217,16536311,DarkStell,"2026-08-03 16:03:48",0.908,5,darksteeldragon
2218,16656314,"Syed Shayan Ali Shah","2026-08-04 17:36:10",0.908,1,dsshayan
2219,16635933,"João Paulo Afarelli","2026-08-06 05:37:15",0.908,4,joopauloafarelli
2220,16711838,"The light that shines","2026-08-30 07:14:40",0.908,3,nkosindwandwe
2221,16743201,"Crazy Spirits","2026-08-24 02:22:16",0.908,6,latents
2222,16738404,Amineeee,"2026-08-21 14:00:35",0.908,2,uraiji
2223,16771276,zhaowenyi7,"2026-08-29 06:24:39",0.908,3,zhaowenyi7
2224,16795328,Growingduck,"2026-09-04 00:56:30",0.908,4,jaeminkang2021
2225,16827756,"N Divij","2026-09-07 04:35:35",0.908,2,divijio
2226,16487439,"fagbola peter","2026-09-25 23:27:30",0.908,13,fagbolapeter
2227,16906714,"Gaurav Vyas","2026-09-17 07:32:30",0.908,3,ctogaurav
2228,16860121,"Alexandros Alexiou","2026-09-18 21:27:12",0.908,1,alexioualexandros
2229,16941115,Firdannn,"2026-09-22 19:22:42",0.908,3,firdannn
2230,16908168,"Tasmin Ara Chowdhury","2026-09-24 19:14:41",0.908,20,tasminarachowdhury
2231,16548277,"Quang Nguyen","2026-07-27 22:37:44",0.908,9,ox17ng
2232,16556751,eido29,"2026-07-21 16:49:50",0.908,3,eido29
2233,16454035,"Nikhil Karthik","2026-08-28 17:48:48",0.908,42,nikhilskarthik
2234,16573882,"Minkyu Jung","2026-07-22 15:09:42",0.908,4,lepus2
2235,16573923,"suhzh zjjzh","2026-07-20 11:03:46",0.908,5,suhzhzjjzh
2236,16577214,mdy,"2026-07-22 23:43:53",0.908,4,xxxxxx6x
2237,16582369,"Bochun Ran","2026-07-23 03:32:10",0.908,7,younglinan
2238,16554424,"Ngọc Hưng Nguyễn","2026-07-24 08:33:26",0.908,5,nnhzzz
2239,16557224,"Koki Funahashi","2026-07-24 08:01:45",0.907,9,funashi
2240,16459860,"Zahir HAMROUNE","2026-07-20 13:47:00",0.907,9,zahirhamroune
2241,16793259,"Leo Belotti","2026-09-01 12:00:15",0.907,7,leobelotti
2242,16456036,Fernandosr85,"2026-08-07 13:18:10",0.907,28,fernandosr85
2243,16465221,"Beste Taşçılar","2026-07-24 11:29:01",0.907,50,bestetalar
2244,16454157,BlackCat,"2026-07-26 17:02:55",0.907,46,b14ckc4tmr
2245,16719519,"Adam Johnson","2026-09-26 00:44:55",0.907,104,comfyops
2246,16462085,AM,"2026-07-25 04:33:31",0.907,15,adammekky
2247,16697427,"Kea Kohv","2026-09-24 21:46:29",0.907,10,keakohv
2248,16608095,RaThePharoah,"2026-08-01 08:42:21",0.907,7,rathepharoah
2249,16455112,"Neal K.","2026-07-19 19:19:27",0.907,57,nealkri
2250,16886453,"Amer Alkhalili","2026-09-25 10:55:45",0.907,2,ameralkhalili
2251,16489199,"Nerijus Areska","2026-07-29 15:28:44",0.907,17,nerijusareska
2252,16454293,"Scott Vogel","2026-08-25 15:38:21",0.907,79,jscottvogel
2253,16557646,SwastikaSahu03,"2026-08-05 18:08:35",0.906,7,swastikasahu03
2254,16727392,mz-biohub-team,"2026-09-23 02:34:05",0.906,13,mzlatic1
2255,16459865,Karina,"2026-08-21 09:46:30",0.906,16,karinak
2256,16696411,"Utkarsh #3","2026-09-03 07:08:26",0.906,18,n0va007
2257,16530902,"Rustam Bazarbayev","2026-09-24 15:29:26",0.906,31,rustambazarbayev
2258,16506533,"Hong Dae Kim","2026-08-28 05:13:59",0.906,67,hongdaekim
2259,16499844,"dongdong zhang","2026-09-01 03:09:15",0.905,4,mcdongdongzhang
2260,16515403,"Albert Ruehlman","2026-07-11 01:03:38",0.905,2,albertruehlman
2261,16456209,"Ayesha Summaiyya ","2026-09-15 06:19:13",0.905,13,ayeshasummaiyya
2262,16458165,明天,"2026-08-16 03:30:26",0.905,1,wpixiu
2263,16625083,DHKim0324,"2026-09-25 17:10:08",0.905,63,dhkim0324
2264,16488075,Ichigo_E,"2026-07-18 08:18:11",0.905,16,ichigoe
2265,16553057,emtcole,"2026-07-24 06:31:45",0.904,4,emtcole
2266,16455745,"Uday Kiran646788","2026-07-30 10:16:23",0.904,19,udaykiran646788
2267,16490145,UnRealYoussef,"2026-09-21 14:43:19",0.904,21,"hodaamr2007,youssefsalemishere"
2268,16472504,Avengers,"2026-09-25 00:15:12",0.904,29,"jordanjin,namauu,wadakoki,yamatanoorochi"
2269,16593827,"youngpoog lee","2026-09-25 16:19:43",0.903,6,youngpooglee
2270,16466283,"Sébastien henry","2026-07-19 14:03:36",0.903,14,sebmontreal
2271,16454088,islet,"2026-08-21 09:21:40",0.903,51,kojimar
2272,16463627,Moonlight,"2026-09-24 07:19:37",0.903,24,rajesh1joc
2273,16537062,"Team Name*","2026-07-20 05:06:05",0.903,27,jiaruicao7
2274,16870327,Zcy,"2026-09-20 12:18:55",0.903,2,laura831
2275,16548384,Asmartoctopus,"2026-08-04 08:49:04",0.903,5,vu9480
2276,16460248,"M Rislan Tristansyah","2026-07-17 14:38:25",0.903,35,mrislantristansyah
2277,16459270,AnarchyL,"2026-07-19 08:24:32",0.903,34,anarchyl
2278,16533068,"fadhila djenba","2026-07-16 17:09:12",0.902,8,fadhiladjenba
2279,16539822,LinZihanAdam,"2026-07-17 10:23:51",0.902,9,linzihanadam
2280,16814698,"Christian Mendoza","2026-09-24 09:35:08",0.902,5,chrishotza
2281,16666738,Void_Rune,"2026-08-25 11:09:55",0.902,24,voidrune
2282,16565618,"Yanzhan Yang","2026-07-22 01:25:24",0.902,12,yangyanzhan
2283,16480421,"Hirota Yusuke","2026-07-26 19:07:52",0.902,60,hirotayusuke
2284,16454365,Juliewww,"2026-07-22 04:38:10",0.902,50,fluffyotter
2285,16516103,"Zhile Zhao","2026-07-20 05:27:47",0.902,9,visterbai
2286,16456401,"Prince Raiyani","2026-07-20 06:25:34",0.902,25,"princeraiyanim,ramoliyadarshan"
2287,16535404,Student,"2026-07-20 12:24:44",0.902,28,jonahm
2288,16570808,"Vahe Sokhoyan","2026-07-20 18:21:51",0.902,1,vahesokhoyan
2289,16490804,PFM,"2026-07-17 04:28:58",0.902,2,"flaviosartori,mattiaubertini,nessimlouafi,pierluigimuzzeddu"
2290,16479575,Justin,"2026-07-21 05:09:29",0.902,24,justin6540
2291,16474975,RazyDave,"2026-07-22 12:55:54",0.902,25,temuujinerdene
2292,16536939,PyJa,"2026-07-25 01:03:50",0.902,13,pixiux
2293,16459274,"Zain Ali Nasir","2026-07-15 19:04:05",0.902,1,zainalinasir
2294,16474260,"Lucas Henrique Mateo","2026-07-23 15:36:24",0.902,23,lucashmateo
2295,16499631,"Yiding Wang","2026-07-20 13:44:04",0.902,3,yidingwangwill
2296,16553673,colt,"2026-07-16 06:32:49",0.902,1,xiaomaguo
2297,16457742,"jash surendra","2026-07-21 13:54:16",0.902,12,jashsurendra
2298,16462037,"bishoy kaleny","2026-07-19 14:14:55",0.902,17,bishoykaleny
2299,16554612,Ernie,"2026-09-20 17:50:08",0.902,29,ernie55ernie
2300,16556816,Brishian,"2026-07-16 20:42:40",0.902,2,brishian
2301,16473874,nori8774,"2026-07-27 08:49:18",0.902,9,norimasayamamoto
2302,16500171,unknown,"2026-08-13 02:07:24",0.902,6,abdullahshafi2021
2303,16515984,"Saran Boddu","2026-07-21 16:08:00",0.902,13,saranboddu
2304,16558290,areslan,"2026-07-21 06:27:53",0.902,2,areslan
2305,16496898,Nozprod,"2026-07-15 11:17:37",0.902,9,nozprod
2306,16457095,"Shyam Shetty","2026-07-16 19:34:19",0.902,8,shyamshetty
2307,16463351,"Muthuraman Raman 7","2026-07-26 15:58:00",0.902,35,muthuramanraman7
2308,16516604,viber3221,"2026-07-20 08:10:40",0.902,5,viber3221
2309,16555786,"JIVRAJ SINGH","2026-07-17 05:53:36",0.902,2,jivrajsingh
2310,16459758,"Haider Mohammed","2026-07-17 02:46:58",0.902,7,thefuturenetwork
2311,16462899,vht1230981255,"2026-07-18 03:12:41",0.902,4,vht1230981255
2312,16476004,"Quey Stanle","2026-07-18 18:05:54",0.902,27,queystanle
2313,16532225,"betty's manitagination","2026-07-24 08:07:32",0.902,8,"betlmerey,erdeemt"
2314,16554144,"Bogdan Kovenko","2026-07-16 08:54:06",0.902,1,"bogdan355,gfarew"
2315,16555016,soul,"2026-07-16 12:23:24",0.902,1,soul80
2316,16473393,kaggle_bbgg,"2026-07-22 06:28:54",0.902,8,kagglebbgg
2317,16717724,"Menelik Zafir","2026-09-26 00:19:07",0.902,27,monibeefudgekins
2318,16581882,oliver,"2026-08-11 15:42:51",0.901,20,oliverlang
2319,16534550,Chiranjith,"2026-07-19 12:29:45",0.901,28,chiranjithdharma
2320,16467183,"Samson Enoch","2026-08-03 03:42:56",0.901,24,samsonenoch
2321,16514799,zyc777689,"2026-07-14 12:57:56",0.901,12,zyc777689
2322,16558462,"Chirapathleo Saelim","2026-08-25 15:01:21",0.901,22,chirapathleosaelim
2323,16563993,yangsiyu_1,"2026-07-26 11:14:25",0.901,3,yangsiyu1
2324,16851115,MtN,"2026-09-25 23:09:55",0.901,19,mariotrsn
2325,16472136,minch,"2026-07-12 12:53:23",0.901,26,yoonmincheol
2326,16735431,Rorical,"2026-08-24 17:48:46",0.901,6,hash548
2327,16538709,frogkingg,"2026-07-14 07:45:22",0.901,5,frogkingg
2328,16484419,"KAIWALYA RAUT","2026-08-13 11:40:48",0.901,20,kaiwalyaatulraut
2329,16482028,"juu meng","2026-07-14 03:48:21",0.901,3,juumeng
2330,16479934,Ravindra,"2026-07-20 10:44:12",0.901,10,ravi123a321at
2331,16455950,"Horikita Saku","2026-07-14 04:50:25",0.901,19,horikitasaku
2332,16536646,"haoyu wang","2026-07-15 20:08:03",0.901,7,haoyuwanghhh123
2333,16516703,"Yang-Yang Yu","2026-07-14 12:28:03",0.901,4,realyuyangyang
2334,16466288,Jules,"2026-07-14 14:14:59",0.901,6,julesvanligtenberg
2335,16459447,"Vishesh Banna","2026-07-14 19:29:27",0.901,5,visheshbanna
2336,16454787,gbadedata,"2026-07-14 20:58:07",0.901,1,oluwagbadeodimayo
2337,16543321,"Anas Riaz","2026-07-20 19:48:00",0.901,3,anasriaz
2338,16488397,"Ian Feng","2026-07-15 00:42:36",0.901,11,ianf339
2339,16472411,Ryan,"2026-07-15 01:46:41",0.901,3,ryanshunsuke
2340,16457927,"Akshat Rai","2026-07-15 06:09:53",0.901,8,akshatrai07
2341,16459712,CodeHacker,"2026-07-17 08:39:17",0.901,6,junhanzangai
2342,16543817,tadashikato,"2026-07-17 06:01:39",0.901,2,tadashikato
2343,16514721,weiwei,"2026-07-19 18:39:34",0.901,6,weiweiv1911
2344,16535066,"Kursat K","2026-07-22 01:47:04",0.901,9,minercoder
2345,16560431,"Đức Hải Hà","2026-09-22 03:00:38",0.901,15,tankinguyen
2346,16570572,"Aryan Yadav","2026-07-27 18:55:43",0.901,5,simplexcomplex
2347,16608546,ttkauer,"2026-07-28 07:35:36",0.901,1,"guskmm,kkahoo,knuiia,ttkauer"
2348,16477918,Samsay24,"2026-07-29 10:07:44",0.901,4,samsay23
2349,16618129,"Vansh Gupta","2026-07-31 15:03:15",0.901,4,vanshrl9ine
2350,16455627,"Nazura Wirayuda Tama","2026-08-03 14:39:32",0.901,12,nazurawirayudatama
2351,16653067,suxing-star,"2026-09-14 02:14:36",0.901,7,suxingstar
2352,16591246,harrywhalen,"2026-09-11 17:40:22",0.901,4,harrywhalen
2353,16475237,"Omprakash Patra","2026-08-15 19:00:09",0.901,10,omprakashpy
2354,16664723,"Udit Jain #2","2026-09-12 00:36:27",0.901,6,iamudit
2355,16457815,"Yanshu Patel","2026-09-11 17:00:37",0.901,5,yanshupatel
2356,16852087,Arvin,"2026-09-08 03:18:01",0.901,1,chesterx
2357,16807764,Niclo,"2026-09-09 20:12:19",0.901,10,midcarryhz
2358,16871969,UmutUygurr,"2026-09-16 07:37:15",0.901,2,umuttuygurr
2359,16896884,"hemloock ","2026-09-15 12:35:10",0.901,2,hemloock
2360,16831426,"Pedro Pino2001","2026-09-26 01:59:20",0.901,6,pedropino2001
2361,16481480,"Yuya Shintani","2026-09-21 18:21:29",0.901,15,uplus26e7
2362,16473276,"Amay Annasamudram","2026-08-22 20:05:45",0.901,51,amayan05
2363,16759778,Randy,"2026-08-26 17:51:52",0.901,12,rvndyerwin
2364,16635338,Claude.XD,"2026-09-25 03:01:27",0.901,54,kingychiu
2365,16514610,ねむすぎる,"2026-07-22 02:27:26",0.901,24,"kusurizuke,pepushi,tomokiaki"
2366,16824861,"Dhruv Agarwal","2026-09-12 21:12:07",0.901,8,"adhruv1008,mehularora023"
2367,16453900,gvrgrn,"2026-07-20 20:13:08",0.901,14,gvrgrn
2368,16455154,Mighty,"2026-08-03 14:16:11",0.901,13,"krishvpatel,mehulprajapati15,patelved37834836"
2369,16462718,"Maryam Tahir","2026-07-14 20:36:53",0.901,13,maryamtahir09
2370,16465525,Arzuubal,"2026-07-22 14:24:38",0.901,1,arzuubal
2371,16659946,BeTitanX,"2026-09-03 12:14:44",0.900,26,betitanx
2372,16466184,"Benedek Brandschott","2026-08-09 17:09:53",0.900,10,benedekbrandschott
2373,16743984,"Βασιλης Σουρλας","2026-08-22 08:04:06",0.900,4,bill222
2374,16462556,"Zhen Liu","2026-07-17 05:14:33",0.900,50,allensmithgodlike
2375,16491862,Tanuki_boosting,"2026-07-17 05:10:04",0.900,10,miyamotodaiya
2376,16543171,Real-SIM-Real,"2026-07-19 14:05:38",0.900,8,liqiangyang
2377,16499621,common-people-whereIsMyFuckingPrize,"2026-07-19 08:25:57",0.900,12,aizealotwu
2378,16466620,"sebastian kurniawan","2026-07-19 09:42:27",0.900,10,sebastiankurniawan
2379,16537858,"Tony Stark10188","2026-07-13 10:52:36",0.900,2,tonystark10188
2380,16537843,"Nency Bansal","2026-08-18 07:43:59",0.900,13,"bharatmohan,nencybansal"
2381,16454799,illunome,"2026-07-19 11:25:43",0.900,33,tergelmunkhbat
2382,16585220,"Muhan Qiu","2026-09-06 16:59:00",0.900,4,muhanqiu
2383,16504809,"Boris Djagou","2026-07-20 12:15:17",0.900,2,borisdjagou
2384,16455032,OnRoad,"2026-07-13 07:43:25",0.900,13,kongconf
2385,16490364,ym_xqm121,"2026-07-18 11:45:34",0.900,2,ymxqm121
2386,16462655,"Raspberry pie <3","2026-07-13 12:13:20",0.900,1,mmummmm
2387,16638302,"Andrew See","2026-08-11 13:04:16",0.900,10,andrewfranklinsee
2388,16612063,imainjob,"2026-08-28 17:29:25",0.900,13,imainjob
2389,16673278,"Phạm Ngọc Thiên Ân","2026-09-21 15:52:23",0.900,47,pntan17
2390,16505311,"HELIOS reasonning","2026-07-13 01:58:25",0.900,8,heliosreasonning
2391,16531036,anyasri,"2026-08-09 08:00:05",0.900,6,anyasri
2392,16474324,"[Deleted] 62348597-2798-4575-847a-1d49e302de45","2026-07-18 07:13:22",0.900,10,del=a8f3af9aeaa6ae2f
2393,16456684,Grantley,"2026-07-12 09:53:24",0.900,11,grantleycullar
2394,16458059,vkhydras,"2026-07-19 10:13:09",0.900,17,vickimar
2395,16470177,gosu.Kouts,"2026-07-20 10:51:10",0.900,37,gosukouts
2396,16482726,"Muhammad Ibrahim Qasmi","2026-07-17 18:51:26",0.900,4,ibrahimqasimi
2397,16459015,stonebell,"2026-07-28 14:27:51",0.900,12,jinstat
2398,16541392,RuiKimura4,"2026-07-18 15:49:28",0.900,6,ruikimura4
2399,16516443,"Dharmendra Singh Rathore","2026-09-24 15:47:21",0.900,5,dsrathore11
2400,16572578,"Shin Ae0123","2026-07-20 05:00:58",0.900,5,shinae0123
2401,16634254,takoyakimaru,"2026-08-01 04:47:32",0.900,1,takoyakimaru
2402,16514963,"SIDDHARTH SINGH","2026-07-13 02:53:40",0.899,3,siddharthsingh7545
2403,16533215,"Sahil Sahney","2026-07-19 20:58:03",0.899,7,sahni18
2404,16469079,Jokrasa,"2026-07-13 17:16:14",0.899,32,jonaskreutz
2405,16640493,"T ARIEF Setiawan","2026-08-17 06:31:37",0.899,6,tariefsetiawan
2406,16459456,"sven weidenmann","2026-07-14 12:07:41",0.899,19,svenweidenmann
2407,16453832,"Yaroslav kholmirzayev","2026-07-13 22:09:08",0.899,15,yaroslavkholmirzayev
2408,16513648,we2,"2026-07-22 13:32:40",0.899,6,"samhitmantrala,susman310"
2409,16796338,"AM #2","2026-09-05 10:09:55",0.899,4,cassinicraft
2410,16454569,maniginam,"2026-09-14 03:00:05",0.898,22,maniginam
2411,16592894,"Mikhail Kamenshchikov","2026-07-26 03:13:49",0.898,5,greenwolf
2412,16530394,"Koosha S","2026-07-11 01:06:09",0.898,1,kooshas
2413,16457558,jackykchan,"2026-07-11 03:35:37",0.898,4,jackykchan
2414,16495936,Colhomy,"2026-07-11 03:41:04",0.898,3,colhomy
2415,16494618,"Samuil Petkov","2026-09-22 22:37:49",0.898,10,samuilpetkov
2416,16509056,Amer,"2026-07-11 11:56:16",0.898,6,amerhu
2417,16460291,"kiran kumar 3031","2026-07-11 12:19:42",0.898,7,kirankumar3031
2418,16478030,"Jack Etheredge","2026-07-11 14:39:43",0.898,5,jacketheredge
2419,16482082,"century sun","2026-07-11 18:34:31",0.898,7,centurysun
2420,16533394,"Kyles Light","2026-07-12 10:12:05",0.898,3,kyleslight
2421,16476077,"tensor choko","2026-09-12 07:21:26",0.898,4,tensorchoko
2422,16488985,"Yin Htwe","2026-08-28 14:45:29",0.898,21,pplusk23
2423,16508263,tekatoncat,"2026-07-14 18:13:09",0.898,4,tekatoncat
2424,16513241,"Ilya Yakavets","2026-08-02 15:33:11",0.898,9,"danielhocevar,ilyayakavets"
2425,16551892,"Badal Singh@09","2026-07-15 18:24:47",0.898,1,badalsingh09
2426,16472729,dirhq88,"2026-07-16 04:11:12",0.898,1,dirhq88
2427,16462772,LogicLab,"2026-07-24 02:54:29",0.898,20,logiclab
2428,16454232,"Giuseppe Lentini","2026-07-07 19:18:27",0.898,28,sepp1999
2429,16486506,"Arthurs Torres24","2026-07-12 04:52:29",0.898,25,arthurstorres24
2430,16536720,ickma2311,"2026-07-13 23:58:50",0.898,3,ickma2311
2431,16453646,TG_Aetheryx,"2026-07-11 06:32:04",0.898,33,subzerin
2432,16457068,"Rushank Choksi","2026-07-11 10:03:29",0.898,1,rushankchoksi
2433,16585662,akhellad,"2026-07-28 08:23:00",0.898,4,akhellad
2434,16731609,"HD h Joratos","2026-08-24 18:08:34",0.898,11,hdhjoratos
2435,16776829,"Mikhail Bovt","2026-08-26 19:48:54",0.898,2,mikhailsovab
2436,16656142,tmp,"2026-09-17 01:53:59",0.898,24,baosenguo
2437,16592753,Elpicaco,"2026-07-28 10:09:07",0.898,2,"elpicaco,jacobomartin"
2438,16459675,Mehdi,"2026-09-25 13:00:19",0.898,23,mehdibukhari
2439,16593976,"Naval Singh","2026-07-31 04:17:27",0.898,33,navalwoanders
2440,16459339,"Kzk Knmt","2026-09-22 05:56:22",0.898,11,kzkknmt
2441,16543806,Atsushi04,"2026-09-24 11:02:06",0.897,116,atsushi04
2442,16454806,"Justin Kim","2026-07-14 14:19:48",0.897,38,justinkim1216
2443,16666181,Feuorme,"2026-09-20 08:04:17",0.897,2,feuorme
2444,16497611,Lovlace、,"2026-07-10 01:23:09",0.897,16,"irisis,lovlace"
2445,16454753,"Wedge Development LLC","2026-08-03 16:35:06",0.897,11,taylorcpowell
2446,16458684,"Yiğit Efe Albaş","2026-07-19 11:24:00",0.897,11,yiitefealba
2447,16458076,TheOne_0121,"2026-08-13 16:23:12",0.897,37,theone0121
2448,16493628,Zulqar,"2026-07-29 04:54:27",0.897,20,johndoe2011
2449,16603989,Parag,"2026-08-11 06:11:59",0.897,10,paragkale
2450,16501397,"Khoi Dang","2026-07-21 03:17:09",0.897,9,ngockhoidang
2451,16489005,Aiden,"2026-07-07 09:10:24",0.896,4,aidenbaugh11
2452,16455290,"Seungmin Ha","2026-07-13 01:07:20",0.896,7,seungmin2987
2453,16784339,PrasadChopade213,"2026-08-31 16:08:31",0.896,8,prasadchopade213
2454,16459864,Jet,"2026-08-01 02:44:39",0.896,29,drkongvis
2455,16493926,SYiLiu,"2026-07-19 07:47:45",0.896,8,syiliu
2456,16464933,"Fabian Henning","2026-07-07 06:23:12",0.896,2,crustacean
2457,16453770,"Jacopo Repossi","2026-07-18 16:10:33",0.896,28,jacoporepossi
2458,16492249,"Justin Kimlim","2026-07-28 06:07:13",0.896,74,justinkimlim
2459,16464598,"Otmane Elmahda","2026-07-09 19:34:22",0.896,12,otmaneelmahda
2460,16463279,"z shuyang","2026-07-08 08:38:16",0.896,17,zshuyang
2461,16493287,Bright,"2026-07-07 16:15:10",0.896,7,omagebright
2462,16498840,kekuru,"2026-07-21 17:15:40",0.896,3,soyaishihara
2463,16488550,"SteveHY Shih","2026-07-10 13:22:53",0.896,1,stevehyshih
2464,16463345,"Hyun-woo Kim","2026-09-18 06:42:53",0.896,3,hwkims
2465,16589847,"Ahmed Samir","2026-07-23 23:56:20",0.896,1,ahmedsamir1598
2466,16487914,yanjixiang,"2026-07-25 02:31:05",0.896,1,yanjixiang
2467,16453801,"Brothers of Creations","2026-07-07 10:27:30",0.896,12,"praveensivanandham,rahulrathnavel,sivasabari"
2468,16485875,"SangMoon Lee2","2026-07-10 07:07:06",0.896,5,sangmoonlee2
2469,16454680,"Jananthan Paramsothy","2026-08-09 21:52:22",0.896,22,jananthanparamsothy
2470,16471194,Ajay_Rao_43,"2026-09-14 11:10:02",0.896,5,ajayrao43
2471,16468295,"Yaro Perventsev","2026-09-07 18:58:09",0.896,15,yaroslavperventsev
2472,16585212,"Jiaming Zhou","2026-08-11 06:18:18",0.896,16,jiamingzhou230612
2473,16487420,"Dhe Yeong","2026-09-26 01:01:14",0.896,15,dheyeong
2474,16464949,"Đoàn Công Pho","2026-07-23 01:08:10",0.896,7,"hinminhnguyn,oncngpho"
2475,16893357,arkan,"2026-09-16 01:29:46",0.896,5,hestarico
2476,16861918,iwa,"2026-09-24 08:38:21",0.895,6,ichiko
2477,16600071,Unicorn,"2026-07-26 14:36:06",0.895,3,scutxuanyu
2478,16833162,"Bora Inc","2026-09-15 15:09:52",0.895,10,borainc
2479,16470910,HY00YH,"2026-09-25 07:05:33",0.895,46,hy00yh
2480,16556555,t/RCT+,"2026-08-20 01:20:41",0.895,27,"doniyorilyosov,javohirx,sarvarislamov"
2481,16484464,"Arpit Singh","2026-07-19 23:12:43",0.895,24,arpitsingh8809
2482,16798313,"Rishik Arya","2026-09-02 18:47:51",0.895,3,rishikarya
2483,16638916,"Vismay Pattedar","2026-08-04 07:08:44",0.895,8,vismaypattedar
2484,16453739,TGMATH,"2026-07-08 00:19:30",0.895,21,tgmath
2485,16881813,"Solving maths","2026-09-14 15:17:15",0.895,2,royanupam
2486,16462276,MattFeng414,"2026-07-22 22:11:40",0.895,11,mattfeng414
2487,16534291,"Chandan Verma","2026-08-23 01:52:00",0.895,4,chandanverma
2488,16470341,"Yusif Jabbarzade","2026-07-24 11:16:52",0.894,3,yusifjabbarzade
2489,16604853,"Muhammad Ahmed","2026-08-08 17:34:38",0.894,6,muhammad4hmed
2490,16458521,"José Manuel Rodríguez Vélez","2026-08-24 16:12:47",0.894,9,marthinal
2491,16670135,UD,"2026-08-23 16:37:51",0.894,3,utkuduzen
2492,16697137,"Antoine Matemane Mahirwe","2026-08-18 13:19:20",0.894,21,antoinemah
2493,16459013,zhenglei_001,"2026-08-13 08:00:18",0.894,55,zhenglei001
2494,16541893,WQAAAA,"2026-08-12 16:18:24",0.894,5,wqaaaa
2495,16492042,yashima88,"2026-07-08 07:36:52",0.894,3,yashima88
2496,16453520,"Simon Rüba","2026-07-19 09:35:08",0.894,13,simonrba
2497,16468990,JaimeF,"2026-07-10 23:06:31",0.894,11,druidh
2498,16500974,"Vadim Borisov","2026-07-09 16:26:22",0.894,7,hireme
2499,16506992,chenwenqiang_001,"2026-08-05 06:48:50",0.893,50,chenwenqiang001
2500,16455479,CyberWalker888,"2026-08-06 21:23:04",0.893,37,cyberwalker888
2501,16455159,"Moon walk","2026-07-31 17:15:47",0.893,38,manish756
2502,16454119,"Victor Mercklé","2026-07-09 10:36:40",0.893,52,vmerckle
2503,16483509,"Jesse Bullard","2026-07-20 02:11:39",0.893,14,jessebullard
2504,16463682,"David List","2026-07-06 11:26:58",0.893,1,davidlist
2505,16491917,"Udit Jain","2026-07-07 07:41:41",0.893,2,uditjain13
2506,16499518,Vanshika,"2026-07-07 07:47:09",0.893,1,velvetcrystal
2507,16496265,"Yi Wang","2026-07-09 15:33:23",0.893,13,yiwang88
2508,16653224,"Mcenroe Raymond Lopes","2026-08-21 04:48:38",0.893,36,mcenroeraymondlopes
2509,16509017,SCLim2022080004,"2026-07-27 17:28:27",0.893,12,sclim2022080004
2510,16467748,"Saif eddine Faten","2026-07-06 09:01:15",0.893,5,mihoek12
2511,16463508,"Dimas Pasha Akrilian","2026-08-26 12:55:46",0.893,20,dimaspashaakrilian
2512,16456242,"Sangram Patil","2026-07-19 08:59:11",0.893,51,sangrampatil5150
2513,16490464,"Vibeesh S S","2026-07-06 18:03:03",0.893,3,"vibeeshss,vijayadithiya"
2514,16465909,Muhandro,"2026-07-23 20:10:01",0.893,6,muhandro
2515,16454450,"Marc Silveira","2026-07-17 20:28:20",0.893,32,marcsilveira
2516,16514688,"Mohammed salah aldeen","2026-07-10 02:16:39",0.893,1,mohammedsalahaldeen
2517,16586631,Rostislav,"2026-07-30 13:04:25",0.893,1,rl0h4w
2518,16925127,"li huaiming","2026-09-20 06:27:09",0.893,6,lihuaiming
2519,16480883,"lewis lovelock","2026-07-06 09:07:29",0.893,1,lewislovelock
2520,16494123,"Nadezhda Smurova","2026-07-06 09:43:00",0.893,1,nadezhdasmurova
2521,16465468,Lukchard,"2026-07-07 12:11:17",0.893,14,lukchard
2522,16456076,"Kaushik Ramayya Chikkala","2026-07-30 07:51:29",0.892,8,kaushikramayya
2523,16455585,Mr.キノコ,"2026-07-06 10:40:57",0.892,15,mrkinoko
2524,16515373,g0bsters,"2026-07-14 08:42:42",0.892,3,g0bsters
2525,16588018,"xisheng feng","2026-07-24 11:18:47",0.892,3,xishengfeng
2526,16461515,Kamal,"2026-07-10 20:07:28",0.892,11,aarvit
2527,16456422,"Rahul Jiwane","2026-08-21 17:45:31",0.892,7,rahuljiwane
2528,16882124,Dazai_is_not_here,"2026-09-16 18:02:49",0.892,6,minmattral
2529,16495922,"surya shekhawat","2026-07-16 05:17:47",0.892,3,suryashekhawat
2530,16490640,无风可掇,"2026-07-09 02:43:58",0.892,6,wufengkeduo
2531,16469048,"Sergey Nefedov","2026-07-27 10:37:00",0.892,5,sergionefedov
2532,16490574,weiyang,"2026-08-09 12:05:35",0.892,4,weiyangeliu
2533,16456308,Charlieherrs,"2026-07-08 15:09:13",0.892,2,charlieherrs
2534,16589634,G_ssk,"2026-09-24 08:55:09",0.892,16,thinkphil
2535,16785653,"Tanush Goel","2026-09-01 10:49:51",0.892,4,tanushgoel
2536,16471668,La_Flamie,"2026-07-13 17:00:14",0.892,15,duclailapttrinh
2537,16623022,"Samuel Abramov","2026-08-11 17:03:20",0.892,7,samyssmile
2538,16483634,"Salman Khaliq","2026-07-06 14:57:27",0.892,7,salmankhaliq22
2539,16491656,"magembe frank","2026-07-06 09:33:01",0.892,1,magembefrank
2540,16766767,Taeung,"2026-09-18 11:13:51",0.892,4,nabi744
2541,16489080,"Syed Saad Hasan Emad","2026-08-17 07:26:12",0.892,5,syedsaadhasanemad
2542,16772478,"Bryan Cheng","2026-08-28 07:36:34",0.892,6,bryancheng023
2543,16607108,"Anh Lam","2026-08-18 01:51:11",0.892,11,amelialam
2544,16457785,"Himanshu Shekhar","2026-07-09 06:44:25",0.892,13,trackastra2307
2545,16472863,"ora Whale","2026-07-10 09:26:40",0.891,8,orawhale
2546,16497731,moeuuu,"2026-07-15 16:12:05",0.891,2,moeuuu
2547,16485876,anxuanng,"2026-07-06 19:03:25",0.891,7,anmatngu
2548,16644488,"Alissa King","2026-08-06 01:01:39",0.891,6,alissaking
2549,16697939,AoiNoWaltz20,"2026-08-20 19:21:06",0.891,2,aoinowaltz20
2550,16929428,takusemba,"2026-09-25 06:05:08",0.891,10,takusembba
2551,16480272,MiaoZiDongZhi,"2026-07-12 07:51:46",0.891,3,miaozidongzhi
2552,16472129,Huangxiayiluo,"2026-07-11 06:10:02",0.891,6,huangxiayiluo
2553,16732114,"codex rybaka","2026-08-19 04:58:16",0.891,7,yuriplot
2554,16453960,"Meenal Sinha","2026-09-23 00:04:48",0.891,3,meenalsinha
2555,16594813,沼里太誠,"2026-07-25 04:15:21",0.891,2,numaritaisei
2556,16578739,rssa,"2026-09-17 18:59:33",0.891,1,yuxiahang
2557,16717367,"Raikou's fanclub","2026-09-18 08:27:29",0.891,7,"raikouf,songbirdie"
2558,16505794,Devs01,"2026-09-25 05:10:27",0.891,105,devs01
2559,16742517,"Indra Narayan Shrestha","2026-09-25 03:00:36",0.891,43,innshrestha
2560,16556867,"Alejandro Lavandeira Casais","2026-07-17 23:59:23",0.890,4,alejandrolavandeira
2561,16792758,susutem,"2026-09-12 00:32:37",0.890,17,"simmons1025,susutem"
2562,16460869,Handudu,"2026-07-04 13:55:26",0.890,3,handudu
2563,16463567,monbayashi,"2026-07-05 09:03:07",0.890,13,monbayashi
2564,16565880,"Davide Brunori","2026-07-20 19:47:00",0.890,4,davidebrunori
2565,16726482,MohamedYAbdelaziz2,"2026-08-23 10:00:04",0.890,9,mohamedyabdelaziz2
2566,16654871,"Mohit Reddy","2026-08-03 21:02:21",0.890,2,mohitvarred
2567,16727294,"Md.Mahfujul Karim","2026-09-24 04:59:55",0.890,42,mdmahfujulkarim
2568,16616324,NM12,"2026-08-02 02:58:40",0.890,2,mnathic
2569,16509706,"Mikkel Blæsbjerg","2026-07-15 13:50:19",0.890,5,mikkelblsbjerg
2570,16514136,NoeKun,"2026-07-11 09:12:08",0.890,4,noekun
2571,16531995,"Толян Мастрюков","2026-07-12 11:27:24",0.890,5,tolkkk1
2572,16456598,MylaJazz,"2026-07-09 22:15:51",0.890,4,"kateadkins,mylajazz"
2573,16473756,"Pastor Soto","2026-07-10 14:19:38",0.890,12,pastorsoto
2574,16513280,"Aleksei Zarubin","2026-08-25 19:32:41",0.889,7,larnort
2575,16457263,"Jeroen Cottaar","2026-09-24 03:19:30",0.889,19,jeroencottaar
2576,16492491,EricBrattain,"2026-07-09 17:38:49",0.889,6,brattain
2577,16515490,hilbet,"2026-07-10 08:01:39",0.889,1,hilbet
2578,16460097,NJU-3DV,"2026-07-13 19:49:09",0.889,20,"yanwenwang2001,zjwxdu,zyliangk"
2579,16730061,hiros,"2026-08-27 04:30:28",0.889,5,hiroshige1
2580,16471667,"Long Hu","2026-07-04 11:05:20",0.889,2,longhul
2581,16454578,"Ehimen Nathaniel","2026-07-09 04:06:57",0.889,25,ehimennathan
2582,16453875,Aryan,"2026-07-21 22:26:31",0.889,6,perseus7
2583,16468006,"Sean Jones","2026-07-10 13:07:59",0.889,12,seanjones444
2584,16456923,"RITTWIK BHOWMICK","2026-07-09 04:15:57",0.889,11,rittwikbhowmick
2585,16511757,Vulcain,"2026-07-09 13:07:22",0.889,2,redachenna
2586,16463733,"Gopal Krishna Gundumalla","2026-07-24 14:19:46",0.889,54,gopalkrishnag
2587,16516477,"yousef Elshahat","2026-07-10 11:48:16",0.889,1,yousefelshahat2
2588,16491480,"Amrit D","2026-07-11 00:13:12",0.889,8,amritad7
2589,16458703,"Raiyana Rufaida","2026-07-12 12:14:21",0.889,4,shes1r
2590,16455668,JuseTiz,"2026-07-25 05:16:10",0.889,5,jusetiz
2591,16567145,yun,"2026-07-20 21:49:06",0.889,5,yuyumarupython
2592,16587419,"Edson Souza","2026-07-26 10:00:44",0.889,7,edsonsouzaids
2593,16624258,Kazuhiro_Yogo,"2026-08-24 08:23:11",0.889,4,kazuhiroyogo
2594,16663920,Keisuke,"2026-08-06 23:26:04",0.889,4,kesuke
2595,16453521,"Muhammad Haaris 27083","2026-09-04 04:11:33",0.889,3,muhammadhaaris27083
2596,16551355,"valentino ray isabell","2026-09-21 07:13:10",0.889,8,valentinorayisabell
2597,16512539,"Han-Tang Chen","2026-07-09 14:37:12",0.889,1,hantangchen
2598,16507179,Flin,"2026-07-11 06:50:24",0.889,1,linf545
2599,16501854,"Navodita Mathur","2026-07-20 20:17:49",0.889,1,navoditamathur
2600,16882804,dottaj,"2026-09-14 14:35:17",0.889,6,dottaj
2601,16459308,aido,"2026-07-14 19:26:58",0.889,8,aido05
2602,16617872,oai,"2026-07-30 07:42:42",0.889,1,jackeson
2603,16652448,karnezz,"2026-08-03 13:21:57",0.889,1,danischaparov
2604,16454731,kwang,"2026-08-04 13:17:22",0.889,4,gmhost
2605,16559602,chs,"2026-09-25 13:28:46",0.889,10,polyos10
2606,16712879,NicolasCayuela,"2026-08-12 22:11:09",0.889,5,nicolascayuela9
2607,16459671,"Joey Fredrickson","2026-07-08 13:12:25",0.889,12,joeyfredrickson
2608,16808990,"Pratyush Bhardwaj","2026-09-06 09:38:30",0.888,6,kakarotlucfierr
2609,16488188,L1a0JH,"2026-07-06 16:21:46",0.888,6,coolkid14122
2610,16455347,"Kapilraj R","2026-08-29 17:40:01",0.888,4,kapilrajr
2611,16859851,"Yongji Lyu","2026-09-23 14:39:29",0.888,8,yongjilyu
2612,16718485,AB_Melhem,"2026-08-16 22:57:25",0.888,12,kenjimelhem
2613,16606643,Cell-Fish,"2026-08-07 15:34:13",0.888,3,nayancsejust
2614,16506441,happylongliveduck!,"2026-08-12 10:40:48",0.888,5,happylongliveduck
2615,16697859,Nasser,"2026-08-10 12:37:08",0.888,3,nchams3
2616,16579496,"Sidharth Hulyalkar","2026-08-20 07:13:11",0.888,5,sidharthhulyalkar21
2617,16756523,"Shashikant Bind","2026-09-11 06:42:11",0.888,14,shashikantbind123
2618,16619354,"shinji niwa","2026-08-07 09:34:26",0.887,2,niwashing
2619,16576896,SeMe4K0,"2026-07-30 12:25:21",0.887,6,seme4k0
2620,16507510,Derrick168,"2026-08-12 13:00:07",0.887,46,derrick168
2621,16878312,viohub,"2026-09-12 13:05:49",0.887,2,victorogobi
2622,16624005,"Pengcheng Zhang1991","2026-08-12 01:24:50",0.887,3,pengchengzhang1991
2623,16458862,doheon114,"2026-07-06 16:13:07",0.887,10,doheon114
2624,16484932,YellwoJune083,"2026-07-06 12:02:35",0.887,10,yellwojune083
2625,16470269,"Sebastian Fuchs","2026-07-12 23:33:44",0.887,3,sfuchs1
2626,16510353,magp,"2026-07-19 05:25:18",0.887,13,wjdzxh
2627,16592929,Fukuty,"2026-07-28 15:45:23",0.887,1,fukuta0614
2628,16584326,"Roy Wei","2026-08-02 18:19:24",0.887,2,renyiwei
2629,16670561,"Benz Sniper","2026-08-06 23:31:04",0.887,3,ahmadabdoumalickdiop
2630,16806737,"Ashok Kumar Garain","2026-09-02 06:50:35",0.887,1,ashokkumargarain
2631,16794146,"Xero Scythe","2026-09-02 18:36:03",0.887,2,xeroscythe
2632,16890110,"Hongbin Gu","2026-09-18 22:29:12",0.887,6,guhongbin
2633,16725464,junseonglee11,"2026-08-22 11:51:09",0.887,6,junseonglee11
2634,16766382,"Krishna Mohan Shah","2026-09-01 07:43:46",0.887,2,krishnamohanshah
2635,16492713,sakuya1652,"2026-07-10 06:19:13",0.886,6,sakuya1652
2636,16495947,"Gaurav Aggarwal","2026-07-15 18:32:19",0.886,4,gauravaggarwal08
2637,16510488,SicilyTing,"2026-07-09 03:03:59",0.886,1,sicilyting
2638,16473786,mmath2,"2026-07-11 04:28:33",0.886,2,mmath2
2639,16457737,"ali sardar","2026-09-17 07:00:46",0.886,11,alisardar
2640,16583439,cyberia,"2026-07-22 07:59:21",0.886,1,cyberia
2641,16455021,IKD,"2026-09-01 06:02:44",0.886,6,makotoikeda
2642,16504417,"Vishnu R Mohan","2026-07-26 16:56:07",0.886,10,vishnurmohan
2643,16517954,"Mr Peponee","2026-08-02 17:55:49",0.886,12,mrpeponee
2644,16632526,"Ritu bu","2026-07-31 16:19:17",0.886,1,bariarituratibhai
2645,16611205,"Dipan Shaw","2026-08-03 23:53:41",0.886,1,dipanshaw003
2646,16678696,"Yessine Zghal","2026-08-07 03:46:46",0.886,6,yessinezghal
2647,16509996,"Alexandre Pedrosa","2026-09-14 21:44:22",0.886,12,alexandrepedrosai
2648,16587422,sebastian,"2026-09-15 15:29:38",0.886,10,sebastianvpal
2649,16745379,"KOKI NISHIMURA","2026-09-24 16:18:39",0.886,1,hekke12122424
2650,16623204,"ziyad abidate","2026-09-24 21:22:54",0.886,4,ziyadabidate
2651,16565473,Shin7jp,"2026-07-20 13:33:18",0.886,12,shin7jp
2652,16850627,つるげーねふ,"2026-09-14 01:56:44",0.886,4,atom7666
2653,16458748,SeaEag1e,"2026-07-05 11:52:22",0.886,2,seaeag1e
2654,16458239,Chrysan,"2026-07-05 14:24:42",0.886,2,dzakyprastiadi
2655,16456185,QIGESHIJIE,"2026-07-06 01:44:27",0.886,20,qigeshijie
2656,16885380,QSynPrim,"2026-09-14 13:11:26",0.886,5,ksmashhero
2657,16690015,"In-cheol Shin","2026-08-09 05:44:15",0.886,3,incheolshin97
2658,16786510,starkhushi,"2026-09-01 10:18:33",0.886,3,starkhushi
2659,16511535,Nirvana,"2026-07-22 03:48:08",0.886,8,alchemist101
2660,16454238,"Dig Bick in Pight Tussy","2026-09-17 14:30:41",0.885,17,"accelra,finnvnoi,izukia"
2661,16658995,gktdgktdgktd,"2026-08-05 08:58:07",0.885,7,gktdgktdgktd
2662,16458781,"Arkajyoti Sarkar","2026-09-14 11:47:26",0.885,6,arksrk26
2663,16588223,hibscolony,"2026-07-23 11:28:45",0.885,1,hibscolony
2664,16692019,"Antonio Trias","2026-08-17 18:37:42",0.885,4,tronpil
2665,16623002,"kavaua ","2026-09-24 07:52:15",0.885,6,kavaua
2666,16583081,"Md Farhad Hussain","2026-07-21 19:56:38",0.885,1,mdfarhadhussain
2667,16501873,seckin,"2026-08-02 13:00:06",0.885,4,seckinadali
2668,16464827,"Abdellah ELKHAZRAJY","2026-09-25 14:28:44",0.885,45,abdellahelkhazrajy
2669,16595287,"Yulong Yang","2026-07-30 19:41:58",0.885,4,yulongt
2670,16708900,jahalex,"2026-08-16 23:15:34",0.885,4,jahalex
2671,16467008,"Mr. Bruce","2026-07-23 04:48:09",0.885,2,muhammaddanyalmalik
2672,16461762,"Younes Mazouz","2026-07-06 03:08:50",0.885,2,start11
2673,16459141,RAMAKRISHNANYADAV,"2026-07-05 18:50:05",0.885,5,ramakrishnanyadav
2674,16896997,"Den Pugovkin","2026-09-25 04:39:05",0.885,3,denpugovkin
2675,16468029,"Ryosuke Shiroshita","2026-07-06 00:24:44",0.885,10,ryosukeshiroshita
2676,16456328,"Tejas Gluth","2026-07-05 08:15:20",0.885,13,tejasgluth
2677,16559647,"Mert Kuzu","2026-07-20 08:16:53",0.885,3,mertkuzu1
2678,16456035,"Robin Tomar","2026-08-27 09:43:23",0.885,2,robintomar11
2679,16574505,vamos_field,"2026-07-20 09:57:27",0.885,1,kotaroosako
2680,16574797,"Khánh Vinh Lưu","2026-07-20 10:37:04",0.885,1,khnhvinhlu
2681,16557149,9_26,"2026-07-21 00:38:47",0.885,4,batchevall
2682,16454064,sakaitt,"2026-08-14 13:46:04",0.885,30,sakaitt
2683,16890275,"Laxmikanta Roy","2026-09-15 18:12:55",0.885,2,"laxmikantaroy,moumitaaaaaa"
2684,16468934,"Nezihe Sözen","2026-09-14 15:34:33",0.885,1,nezihesozen
2685,16533584,"Mehdi Boumiza","2026-09-17 00:38:54",0.885,4,mehdiboumiza
2686,16459697,"Inder Puneet Singh","2026-07-22 21:57:50",0.885,2,inderpuneetsingh
2687,16471877,"Vladimir Voitovich","2026-08-06 06:02:43",0.885,7,hitimai
2688,16594269,"Aditya Krishnan Mohan","2026-07-24 18:00:55",0.885,1,adityakrishnanmohan
2689,16461427,JamshaidSohail,"2026-07-24 20:22:09",0.885,1,jamshaidsohail5
2690,16584657,"Sadidul Islam","2026-07-28 03:06:11",0.885,2,sadidul012
2691,16610035,Sachidanand,"2026-08-03 05:14:41",0.885,2,sachchidanandadaki
2692,16616233,"Hamza Kanice","2026-07-29 22:03:13",0.885,1,hamzakanice
2693,16500193,"Recursion Error","2026-07-30 15:30:28",0.885,1,"hukatapo,nobongddak"
2694,16632991,webjdi,"2026-08-01 06:33:28",0.885,1,webjdi
2695,16634949,"[Deleted] e0d7e43d-9053-4c8c-8da0-9f9128b38b91","2026-08-02 07:38:24",0.885,1,del=c21e6a8a03ad3b3c
2696,16671430,fsodogandji,"2026-08-06 02:22:01",0.885,1,fabsod
2697,16672101,YouJi,"2026-08-09 22:53:05",0.885,8,exceptlight
2698,16454544,とろけるカフェオレ,"2026-08-07 13:16:06",0.885,2,sakayuya
2699,16603847,badboyhalo1801,"2026-08-11 05:21:57",0.885,1,badboyhalo1801
2700,16727639,"Jignesh Mistry","2026-08-16 07:32:03",0.885,2,jignesh96
2701,16492170,keiere3,"2026-09-04 09:33:42",0.885,13,keitalovereri
2702,16675202,HK,"2026-08-17 11:14:49",0.885,2,hizurukonishi
2703,16472234,Dnyanesh,"2026-09-23 08:32:58",0.885,11,dnyaneshbharambe
2704,16771600,"Zakariya Shuriye","2026-08-25 18:15:48",0.885,1,zakariyashuriye
2705,16771137,"Julian #2","2026-08-25 23:59:42",0.885,2,mob404
2706,16536107,Shivangoudaa,"2026-08-30 08:17:04",0.885,6,ishivapatil
2707,16795749,skw1990,"2026-09-01 15:39:46",0.885,2,skw1990
2708,16800117,Nianhua1,"2026-09-01 12:38:31",0.885,3,nianhua1
2709,16806982,"Ameya Tanikella","2026-09-02 06:09:35",0.885,1,axizcc
2710,16814398,"Atharv Santosh","2026-09-03 05:56:14",0.885,1,atharvsantosh
2711,16795670,cold_star,"2026-09-04 03:57:05",0.885,1,a406161167
2712,16841062,JudyWatermelon,"2026-09-07 04:36:16",0.885,2,judywatermelon
2713,16842387,dreamtear,"2026-09-06 08:11:13",0.885,2,mohanzeng
2714,16672255,"Lamine Yamal","2026-09-07 22:13:26",0.885,1,ermanman
2715,16860503,"Nawriz Ahmed Turjo","2026-09-09 12:23:09",0.885,1,nawrizturjo
2716,16758679,matsurih,"2026-09-09 15:16:04",0.885,2,matsurihime
2717,16606079,"Dhruv Bansal","2026-09-19 08:34:06",0.885,2,dhruvb2028
2718,16876950,hgh404,"2026-09-11 18:48:57",0.885,3,hgh1024
2719,16487945,"Gutten Ahbend","2026-09-14 07:25:00",0.885,2,ulinnuhaabduh12345
2720,16928541,Geb_W,"2026-09-22 11:50:58",0.885,1,hawangs
2721,16584880,TuMinhDang,"2026-08-22 13:43:01",0.885,8,darkswordmg
2722,16459642,"Zehra Korkusuz","2026-07-26 12:26:07",0.885,2,zehrakorkusuz
2723,16651414,TY.Yang,"2026-08-03 09:09:22",0.885,1,tianyiy
2724,16494357,swordsman,"2026-08-06 01:48:40",0.885,1,liuyanfeng
2725,16534629,auouer,"2026-08-16 08:17:57",0.885,2,"auouer,guriken,hkamna,insightfulthinking"
2726,16611600,wanyuan,"2026-08-27 02:47:05",0.885,6,veiocy
2727,16775794,betterme,"2026-08-28 16:00:52",0.885,3,betterme12345
2728,16579735,"Dmitry Belan","2026-08-27 14:33:19",0.885,1,dimong4
2729,16685362,doublek,"2026-08-31 02:45:50",0.885,3,doublek
2730,16795178,"Sahil Kabir","2026-09-18 17:20:28",0.885,2,kabir00
2731,16454940,nnc,"2026-07-30 08:17:53",0.885,8,daimarusui3
2732,16881594,refluxor,"2026-09-13 11:18:02",0.885,4,refluxor
2733,16463812,"Seniya Liya","2026-08-04 10:01:20",0.885,9,vibuthisen
2734,16773975,Михаил,"2026-08-26 07:34:31",0.884,1,msingatullin
2735,16770670,cjsj156,"2026-08-30 05:48:59",0.884,3,cjsj156
2736,16453848,Orca,"2026-08-20 11:12:40",0.884,4,riteshreddyg1205
2737,16756904,胡萝卜,"2026-09-17 11:00:38",0.884,2,carrotvc
2738,16725986,ammxarr,"2026-09-10 21:49:34",0.884,3,ammxarr
2739,16487310,Kaustubh,"2026-07-05 09:40:32",0.884,2,euphora
2740,16497045,ShahidAttar,"2026-09-16 16:50:46",0.884,4,shahidattar7777
2741,16844749,"ola sadek","2026-09-06 19:07:33",0.884,1,olasadek
2742,16459582,askbox,"2026-07-05 07:38:46",0.884,15,askboxnet
2743,16456722,"Tamas Simonds","2026-07-05 16:24:30",0.884,7,tamassimonds
2744,16466365,Ahmet-Gmsts,"2026-08-04 15:00:36",0.884,6,red6161
2745,16466465,"Paul Whitten","2026-09-01 21:02:45",0.884,11,paulwhitten
2746,16728435,"Nishant Kharga","2026-08-17 16:51:37",0.884,1,nishantkharga
2747,16553201,Yaserntx',"2026-07-20 08:25:45",0.883,2,yashanathaniel
2748,16573297,"Artem Kholmanskii","2026-07-24 08:13:55",0.883,4,artemkholmanskii
2749,16855302,"Deiaa Ahmed Abdo Lootf","2026-09-13 19:49:07",0.883,3,dhiaalhemdani
2750,16483571,"Eslam Elzamkan","2026-07-06 02:07:25",0.883,3,eslamelzamkan
2751,16842484,Charlesm85,"2026-09-06 07:27:08",0.883,1,charlesm85
2752,16463847,"Raiyan Ibrahim","2026-07-20 18:41:11",0.883,1,raiyanibrahim
2753,16455330,grifth,"2026-09-09 14:04:31",0.883,5,grifth
2754,16568808,zyhuanghuang,"2026-07-21 09:43:54",0.883,1,zyhuanghuang
2755,16597589,charizard,"2026-07-25 08:10:32",0.883,1,sharmaharshit
2756,16731721,Bonkoturyu,"2026-08-17 09:27:47",0.883,1,bonkoturyu
2757,16767532,"Umut Toygar Göz","2026-08-31 16:10:08",0.883,1,umuttoygargoz
2758,16557998,"Kexin You","2026-09-10 07:07:28",0.883,2,cathyyou
2759,16769372,Hexagon,"2026-09-17 04:15:10",0.883,10,youngjunh
2760,16538547,"Diana Daher","2026-08-02 07:01:31",0.883,13,dianadaher
2761,16563482,A@D,"2026-09-17 06:57:01",0.883,32,"adiithape,rickdebjyoti"
2762,16662676,"Ibad Ur Rahman","2026-08-04 17:43:51",0.882,1,ibadia
2763,16461558,"Tarun Kumar","2026-07-08 18:09:57",0.882,7,tarunkumar3103
2764,16458629,"Sudharsan Velumani","2026-08-20 04:51:14",0.882,25,sudharsanvelumani
2765,16486968,Guest_User66,"2026-07-06 01:52:54",0.882,6,guestuser66
2766,16877359,"Runze Sha","2026-09-11 21:59:40",0.881,1,runzesha
2767,16535972,"Serkan Paker","2026-08-01 13:52:41",0.881,2,serkanpaker
2768,16561817,Devil,"2026-07-19 03:09:24",0.881,2,zhaozhisong
2769,16675276,usk,"2026-09-12 19:25:53",0.881,8,yusukeoi
2770,16463763,outwrest,"2026-07-19 05:39:25",0.881,6,outwrest
2771,16459729,LeeWhieldon,"2026-09-15 13:35:45",0.880,23,leewhieldon
2772,16770746,Baligh,"2026-08-31 12:40:20",0.880,5,balighmehrez
2773,16596371,"min fuka","2026-08-14 05:32:23",0.880,20,minfuka
2774,16458235,"Truong Giang","2026-07-18 09:23:48",0.880,9,p1ayer0ne
2775,16466629,"Aashish Negi","2026-07-07 21:06:34",0.880,8,aashishnegi23
2776,16565573,"Hannes Öhler","2026-07-18 13:35:51",0.880,1,hannes82
2777,16532948,"[Deleted] 1388f537-8c1c-4dd3-b19f-86e2ae0e36b5","2026-08-31 02:10:06",0.880,6,del=31afa72412a9e552
2778,16617628,Haibara114514,"2026-07-30 10:37:06",0.879,1,haibara114514
2779,16547992,"Willy Fitra Hendria","2026-07-16 09:49:24",0.879,3,willyfitrahendria
2780,16591623,"Vijaya Kumbaji","2026-07-28 22:01:47",0.879,5,vijayakumbaji
2781,16571668,"Morgan Hough","2026-07-21 16:38:59",0.879,2,mhough
2782,16762878,"Ishaan Gupta #2","2026-08-30 19:55:35",0.879,5,ishaancodes
2783,16455222,"Vijay Krishna Lanka","2026-09-23 23:56:25",0.879,9,vijaykrishnalanka
2784,16771746,BHarisankar_07,"2026-08-29 12:59:25",0.879,4,bharisankar07
2785,16673307,"rik srimany","2026-08-24 06:18:53",0.879,21,riksrimany
2786,16876789,"Chris Deotte","2026-09-17 22:02:40",0.878,15,cdeotte
2787,16670652,"Justin Arndt","2026-09-26 00:24:48",0.878,16,justinarndt
2788,16774357,"Eelis V","2026-09-15 08:56:33",0.878,8,eelisv
2789,16454970,wheeeeee!,"2026-08-04 02:43:22",0.878,15,alexanderswang
2790,16472620,Chaitanya1121,"2026-07-04 18:28:28",0.878,1,chaitanya1121
2791,16454739,SMPL,"2026-07-24 03:03:05",0.878,15,jamesnkim
2792,16493716,"ธีภพ รัตนทรัพย์ศิริ","2026-09-23 15:10:20",0.877,11,theepop
2793,16463711,Andy,"2026-08-16 14:26:48",0.877,4,"feistar,ziyiyang1020"
2794,16457025,"Editor Jugnu AI","2026-09-25 17:53:05",0.877,53,editorjugnuai
2795,16566179,"Achref Jarray","2026-08-03 17:16:23",0.877,17,achrefjarray
2796,16768817,salmabadavi,"2026-08-25 14:52:37",0.877,3,salmabadavi
2797,16623551,okta,"2026-09-17 10:49:12",0.877,2,oktavianusmisro
2798,16458672,"Hafida Belayd","2026-08-12 15:34:33",0.877,9,hafidabelayd
2799,16462008,DRBhatiaSanjay,"2026-08-18 12:17:43",0.877,2,drbhatiasanjay
2800,16465626,Senn88,"2026-07-23 14:06:46",0.877,4,senn88
2801,16543302,"Manuel F. Mollon","2026-07-23 15:17:38",0.877,2,manuelfmollon
2802,16605473,"Manasi Pandit","2026-07-29 09:51:11",0.877,4,manasi197
2803,16463014,"Yuka,Ota","2026-08-07 07:15:11",0.877,2,yukaika
2804,16808011,"José Luiz Luna-Xavier","2026-09-24 14:53:23",0.877,3,josluizlunaxavier
2805,16560544,"José Luis","2026-07-17 19:21:14",0.877,2,joseluissz
2806,16560816,"Tian hao Qing Nano7ko","2026-07-17 19:55:12",0.877,2,tianhaoqingnano7ko
2807,16565802,"Gopi M","2026-08-05 07:12:20",0.877,10,gopimali
2808,16454164,"Suba S","2026-07-18 22:06:57",0.877,12,jupiter79
2809,16544781,"Muhammad Ahsan Atiq","2026-07-23 18:20:41",0.877,5,ahsanatiq
2810,16457431,"Moroz Roman","2026-09-18 11:32:30",0.877,2,crissyro
2811,16924913,"Phoenix #2","2026-09-19 09:59:46",0.877,1,chetanagrawall
2812,16930382,"Nishant Dahal","2026-09-20 11:38:59",0.877,1,nishantdahal
2813,16661424,"Sushrut Shendre","2026-09-21 03:15:17",0.877,1,sushrut17
2814,16935504,"[RU] Evgeniy Kamyshan (sharing)","2026-09-21 12:01:52",0.877,2,svo1488zov
2815,16611853,Yutty2003,"2026-09-10 09:41:11",0.876,6,yutty2003
2816,16667314,kunai,"2026-09-25 10:36:06",0.876,14,kun4qi
2817,16705433,"Shinichi #2","2026-09-02 10:59:45",0.876,2,shinuk
2818,16484020,hugo567,"2026-07-06 01:55:01",0.875,1,hugo567
2819,16698746,monnu,"2026-08-15 05:03:08",0.875,3,fuumin621
2820,16457611,DaylightH,"2026-07-12 07:09:06",0.875,3,daylighth
2821,16463287,Bharat,"2026-09-23 12:20:48",0.875,39,bharat0
2822,16805344,"Sven Dumain","2026-09-25 19:32:34",0.874,21,darkgobelin
2823,16569315,"Taha Bouhsine","2026-07-20 16:28:14",0.874,1,skywolfmo
2824,16584091,"Denzel Robinson","2026-09-23 17:17:29",0.873,68,denzelrobinson
2825,16497339,Molly,"2026-09-21 03:36:27",0.873,13,mollee
2826,16497144,Aster911,"2026-07-23 02:40:43",0.873,13,aster911
2827,16489254,"Ravi Kumar","2026-09-18 13:56:29",0.873,7,ravi11dec1990
2828,16672546,"Evan zhu","2026-08-15 17:23:40",0.872,2,zhuyifanss
2829,16534495,"Nikita Vasilenko","2026-09-06 17:52:37",0.872,12,nikitavasilenko231
2830,16454321,"Daryl Okeke","2026-07-03 22:00:26",0.872,7,darylokeke
2831,16462862,Ivarick,"2026-07-05 03:52:27",0.872,9,ivarickdev
2832,16509107,"Shuyu Tang","2026-08-23 05:36:16",0.872,4,shuyutang2012
2833,16540113,"Billy McIntyre","2026-07-21 17:12:22",0.871,17,williammack
2834,16484123,"Leonardo Domingues","2026-08-04 21:14:43",0.871,3,leonardodomingues
2835,16454583,"Jose Leal","2026-07-24 09:39:13",0.871,31,jalealg
2836,16806034,"Siva Kumar","2026-09-25 15:57:59",0.871,42,sivapnlr80
2837,16487267,brianiac-star,"2026-07-06 11:32:14",0.871,8,konichiwasepogaichi
2838,16875627,__Siddhqefarth_gupta____,"2026-09-21 03:42:14",0.870,6,siddhqefarthgupta
2839,16471143,Harvey,"2026-07-29 07:27:14",0.870,8,harvyk
2840,16654521,"Jin Niu","2026-08-25 11:26:03",0.870,1,gufanmingmie
2841,16463754,"Zhanran Li","2026-07-04 05:17:56",0.870,11,zhanranli
2842,16484041,"Tuan Nguyen","2026-07-04 07:21:14",0.870,1,manhtuanbn12
2843,16561147,"Daisuke HOSHINA","2026-08-24 20:58:25",0.870,2,daisukehoshina
2844,16458163,"Boniface Godwin","2026-07-09 12:56:18",0.869,13,beeface
2845,16485277,"Alex Han","2026-07-09 05:00:42",0.869,2,alexhan6666
2846,16727088,"Mostafa Rezk","2026-09-04 21:57:04",0.868,4,mostafarezk1
2847,16606856,rm9999,"2026-08-26 20:17:23",0.868,14,rajivnmurthy
2848,16561781,"Seong-Min Park","2026-07-27 20:45:13",0.868,5,xcrossai
2849,16454009,CIOS,"2026-09-18 20:53:07",0.868,1,isaiahawashington
2850,16768167,_hans,"2026-08-25 13:36:46",0.868,2,deepdreamer
2851,16548737,nemo,"2026-08-17 11:17:20",0.868,15,"arthurlonguefosse,jerryishihara"
2852,16468777,SimonAx,"2026-07-09 11:32:54",0.867,3,simonaxel
2853,16535123,"Pravinth Raghudhevan","2026-07-13 01:46:30",0.867,6,pravinthraghudhevan
2854,16540520,Zishoo,"2026-07-22 05:01:00",0.867,6,zishuque
2855,16556748,"Mai Kevin","2026-08-08 08:32:40",0.867,7,maikevin
2856,16718082,ZZZZGOD,"2026-08-16 04:58:13",0.867,2,zzzzgod
2857,16725619,"Soshi Tanabe","2026-08-16 04:09:44",0.867,5,soshitanabe
2858,16461929,Araby,"2026-09-06 09:14:44",0.867,12,"omararaby1,ranaaraby"
2859,16761294,cha7ura,"2026-09-01 11:29:57",0.867,6,cha7ura
2860,16539647,"Abdallah ibraheem","2026-08-04 13:57:46",0.867,18,abdallahibraheem19
2861,16670847,"Aliaksei Kaliutau","2026-09-25 20:58:07",0.867,2,akaliutau
2862,16698181,Bilzard,"2026-09-11 14:13:22",0.867,1,tatamikenn
2863,16457432,"Hakan OZCAN","2026-07-06 21:29:03",0.867,10,mnrhakanozcan
2864,16459085,JeremyH43,"2026-07-06 03:02:19",0.866,7,jeremyh43
2865,16453433,Ralf,"2026-07-06 14:41:18",0.866,10,ralfffhs
2866,16467967,lumos_maxima,"2026-07-15 01:23:16",0.866,63,aksharthegamer
2867,16467606,radozaprazny,"2026-09-05 06:40:06",0.865,11,radozaprazny
2868,16454534,"q zh","2026-07-06 00:49:05",0.864,5,hrbzhq
2869,16473880,"vivieka wedayanti","2026-07-06 06:22:58",0.864,3,"maulanaadit,viviekawedayanti"
2870,16492553,hufubufen,"2026-07-08 02:33:48",0.864,4,hufubufen
2871,16739637,JaZzZy,"2026-08-19 12:16:37",0.864,1,jazzzy
2872,16497147,"Sarah Wanjiru","2026-09-08 12:59:20",0.863,10,sarahnjunge
2873,16766330,"Can Akbaş","2026-09-21 08:33:12",0.863,29,hcanakbas
2874,16660942,xin811,"2026-08-28 14:17:45",0.863,3,xin811
2875,16455565,"Rob Boyd","2026-07-05 16:35:58",0.863,17,robboyd
2876,16454699,"Suman Sharma","2026-08-08 22:00:59",0.863,17,suman2208
2877,16454634,"DeepSOTA AI","2026-07-24 14:32:41",0.862,13,deepsotaai
2878,16460854,erdanieee,"2026-07-17 05:50:37",0.862,4,erdanieee
2879,16491417,Yoizumi,"2026-07-24 19:35:39",0.861,38,etakaya
2880,16728957,Achilov15,"2026-08-16 14:46:25",0.861,1,achilov15
2881,16491483,chase,"2026-09-23 19:27:51",0.861,37,ccolbert
2882,16937221,櫻井雄太,"2026-09-22 14:52:24",0.860,2,opticalai
2883,16841275,"Luis Garza Gonzalez","2026-09-18 06:29:38",0.860,3,luisgarzagonzalez
2884,16488291,Camaro,"2026-09-12 07:55:50",0.860,4,bamps53
2885,16462076,Focus,"2026-07-03 13:29:25",0.859,1,overvalueawareness
2886,16881088,NITISH5236GOEL,"2026-09-19 19:54:47",0.859,13,nitish5236goel
2887,16624023,frogsilverberryleoi,"2026-08-26 17:10:53",0.859,1,frogsilverberryleoi
2888,16604364,"iit-23-039 Maskeen SINGH","2026-08-06 20:17:33",0.859,7,iit23039maskeensingh
2889,16663575,"Fan Wang","2026-08-10 21:51:37",0.859,5,wangfan420
2890,16455003,shion,"2026-09-15 04:45:32",0.859,14,k0tame
2891,16456876,"Shubham Veer","2026-09-02 22:11:28",0.859,31,shubhamveer
2892,16468281,Pirozhok,"2026-07-08 15:17:06",0.858,7,kornilova
2893,16669166,Yuyajk,"2026-09-24 23:59:46",0.858,42,yuyajk
2894,16590591,"Sanath S Srivatsa","2026-09-02 14:24:42",0.857,7,sanathssrivatsa
2895,16695351,"Abhirup Choudhury","2026-09-03 09:58:00",0.857,11,abhirupchoudhury073
2896,16505461,"Dat Dinh","2026-07-21 01:00:52",0.857,13,dathbdinh
2897,16556725,"Alexandr Utkov","2026-07-19 11:04:56",0.857,1,alexandrutkov
2898,16751939,"Sasha Sam","2026-08-31 13:41:26",0.857,7,sashasam
2899,16786241,maxedhunter,"2026-08-29 23:31:38",0.857,4,maxwellhe9
2900,16716356,Bayarbat,"2026-09-22 06:00:43",0.857,4,baba1230
2901,16471047,"Mikhail Kotyushev","2026-08-14 06:18:29",0.856,11,mkotyushev
2902,16482044,Pietro,"2026-07-03 15:25:17",0.856,1,pietro002
2903,16500315,igorobed0,"2026-07-14 10:16:58",0.856,2,igorobed0
2904,16682217,"Shriyansh Patnaik","2026-08-13 11:25:16",0.856,10,shriyanshpatnaik
2905,16454251,"Suleiman Tawil","2026-07-05 16:46:29",0.856,6,suleimantawil
2906,16473128,"Davit Khantadze","2026-08-25 16:57:39",0.856,13,davitkhantadze
2907,16481593,rn8205,"2026-07-03 22:40:53",0.856,5,rn8205
2908,16464062,MLxAnimesh,"2026-07-03 12:07:47",0.856,4,animeshiitk29
2909,16598870,YM,"2026-09-22 11:21:44",0.855,28,saneyuki
2910,16453563,"Arpit Ramani","2026-09-24 17:36:56",0.854,6,arpitramani
2911,16841942,"Jack Burley","2026-09-24 19:28:44",0.854,76,jackburley
2912,16854162,tamref,"2026-09-21 09:16:15",0.853,19,tamreff3290
2913,16613778,"Khush Vaghela","2026-09-14 18:27:28",0.853,16,khushvaghela
2914,16457717,"Tsukasa Hamaoka","2026-08-18 02:35:34",0.853,17,tsukasahamaoka
2915,16458407,baumbaron,"2026-07-06 14:30:04",0.853,1,baumbaron
2916,16485476,Yuta09,"2026-07-10 07:49:11",0.852,21,yuta09
2917,16681404,"Yusuke Hayashi","2026-08-10 09:44:55",0.852,3,yhay81
2918,16485980,Nomannic,"2026-07-05 12:16:06",0.852,2,nomannic19
2919,16552931,KyusangJang,"2026-07-20 04:23:43",0.851,1,kyusangjang
2920,16605566,msobanb,"2026-07-31 16:42:12",0.851,4,msobanb
2921,16453882,seven,"2026-09-14 23:37:49",0.851,4,morikawatakeshi
2922,16702653,"Shankha Suvro Mullick","2026-09-19 09:11:27",0.850,6,shankhasuvromullick
2923,16927948,kvswim,"2026-09-25 19:48:26",0.849,1,kvswim
2924,16509498,"David Marquez Oller","2026-07-14 10:21:05",0.849,16,"davidmarquezoller,nucarvi28"
2925,16545430,"Kenan Kocadurdu","2026-08-08 22:54:19",0.849,3,kenankocadurdu
2926,16463424,"Damian Palumbo","2026-08-24 23:53:46",0.848,23,damianpalumbo
2927,16732692,GabriManz,"2026-08-20 08:15:43",0.848,2,gabrikaggel
2928,16546749,"Hasan BASBUNAR","2026-07-15 19:48:54",0.847,6,"basakbasbunar,hasanbasbunar"
2929,16457412,"Ohm Mingrath","2026-07-05 06:01:23",0.847,13,mingrathmekavichai
2930,16459099,ryancole1,"2026-07-11 16:44:33",0.847,7,ryancole1
2931,16463517,"Red Mango","2026-07-10 05:18:26",0.846,9,redmango97
2932,16831891,kongman,"2026-09-11 09:09:59",0.845,13,kongman
2933,16456758,"Onyeacholem Ifeanyi Joshua","2026-07-24 00:37:27",0.845,30,ifechuku1
2934,16464479,"Stellaron Hunters","2026-07-05 17:39:19",0.844,5,castorice01
2935,16737680,Grankina,"2026-09-24 13:48:24",0.844,2,"grankinaolga,tatyanagrankina"
2936,16869101,"ares fabregat","2026-09-25 22:51:40",0.844,6,aresfabregat
2937,16471009,"Zhe Arthur","2026-07-06 02:35:40",0.844,11,zhearthur
2938,16455997,Shubhranshu,"2026-07-04 07:42:27",0.843,2,shubhranshu331
2939,16566200,"Onishchenko Bogdan","2026-07-19 12:22:26",0.843,4,windnict
2940,16545131,nanare,"2026-08-19 06:12:36",0.843,4,nanaresudo
2941,16495661,PK,"2026-07-20 16:43:38",0.843,14,"krrishkumarkk,parthg2007"
2942,16480389,"Vinu Kaveesha","2026-07-03 16:29:44",0.843,1,vinukaveesha
2943,16456969,"Yaswanth Alla-25","2026-07-06 08:23:53",0.843,4,yaswanthalla25
2944,16466050,Lurkers,"2026-07-02 18:36:13",0.843,5,praveensahukari
2945,16470434,"Amirreza Aleyasin","2026-07-03 23:00:10",0.842,6,amirrezaaleyasin
2946,16466732,BhargavaAbhi,"2026-07-02 13:18:45",0.842,3,bhargavaabhi
2947,16454600,Ketalana,"2026-07-04 00:26:01",0.842,8,shevtsovapolina
2948,16473870,EL,"2026-07-09 16:14:38",0.842,5,raphaelgusmao
2949,16542210,"Mohit Rao","2026-07-17 13:38:52",0.842,11,vmohitrao
2950,16498259,"조권율 (혼잘놀)","2026-07-26 11:05:14",0.842,2,jogwonyul
2951,16456067,"Gaurav Kushwaha","2026-07-04 12:09:05",0.842,5,fridaycode
2952,16782191,daguniang,"2026-08-31 05:37:38",0.841,2,daguniang
2953,16766150,"Gabriele Santoro","2026-09-07 10:20:49",0.841,3,gabrielesantoro
2954,16617903,Ronty00,"2026-08-05 15:29:53",0.841,8,ronty00
2955,16478095,"Minal kharat123","2026-09-25 05:58:47",0.841,8,minalkharat123
2956,16457260,Ousagi,"2026-07-09 08:21:14",0.841,10,enzowalter
2957,16726860,atom0190,"2026-09-26 01:55:37",0.840,11,atom0190
2958,16718553,"Urazalinov Baurzhan","2026-09-13 18:16:02",0.840,27,baurzhanurazalinov
2959,16456187,"Yash Gurjar","2026-07-03 13:30:34",0.839,3,yashgurjar09
2960,16730668,ktyser,"2026-08-25 17:42:38",0.839,7,keithtyser
2961,16494152,PowerLawsEverywhere,"2026-07-10 11:31:54",0.839,5,powerlawseverywhere
2962,16454355,Papyrus,"2026-07-02 02:27:31",0.839,6,munkhsuld
2963,16471902,"Xinlong Zhang","2026-07-02 05:42:59",0.838,1,zxl2022
2964,16453585,"Kameron Kilchrist","2026-07-03 00:36:08",0.838,15,kameronkilchrist
2965,16453785,Light&Thunder,"2026-07-04 08:21:17",0.838,6,yerne39
2966,16463442,"Sumant V J","2026-07-10 03:10:19",0.838,14,sumantvj
2967,16474522,dr.procton,"2026-07-02 15:10:55",0.837,1,procton
2968,16461825,dragoshh1984,"2026-08-13 15:04:44",0.836,7,dragoshh1984
2969,16459845,"Lidor Foguel","2026-07-02 18:32:11",0.836,6,foguellidor
2970,16881019,"i220884 Syed Dilawar","2026-09-24 18:33:55",0.836,2,i220884syeddilawar
2971,16701519,kazukazupi,"2026-09-06 12:32:51",0.836,2,kazukazupi
2972,16462332,"Mohammed Saqib","2026-07-25 04:37:40",0.836,5,saqibm128
2973,16470818,"Igor Kartashov","2026-07-02 09:59:35",0.836,3,igorkartashov
2974,16494772,ksk72,"2026-07-22 12:52:25",0.836,2,skeisuke
2975,16480404,TheOneTheOnly,"2026-07-05 15:58:23",0.836,3,theonetheonly
2976,16714136,"Yosphat Srithanasakulchai","2026-08-19 00:50:46",0.836,5,yosphats
2977,16769500,Straw_hats,"2026-08-31 17:47:45",0.835,4,charanno
2978,16474985,Tihh,"2026-07-03 11:08:59",0.835,4,katihi
2979,16458184,"Anh Bui","2026-07-04 09:05:14",0.835,12,bibanh
2980,16473487,Patrick,"2026-07-02 11:21:32",0.835,1,patricklaokul
2981,16908278,DRSB42,"2026-09-23 05:42:38",0.835,2,drsb42
2982,16463936,JHCodeQuest,"2026-08-05 21:53:39",0.835,2,josephkhassan
2983,16616844,"Chengyu Huang","2026-07-30 06:40:21",0.835,2,johnsonice
2984,16455210,SajayR,"2026-07-01 15:56:43",0.834,1,sajayr
2985,16686909,Martin,"2026-08-13 04:28:28",0.833,10,martinwasswakalema
2986,16691183,Drifffffft,"2026-09-06 18:08:54",0.831,15,rudispresence
2987,16457545,"Kadeejath Shoaiba","2026-09-22 09:43:23",0.831,9,kadeejathshoaiba
2988,16463370,"Hossein Ahmadi","2026-07-05 21:05:03",0.830,18,ahmadihossein
2989,16466745,"T Araki","2026-07-28 16:15:30",0.830,1,takamitsuaraki
2990,16708416,CloseAI,"2026-08-14 23:31:35",0.830,1,devansh26
2991,16579366,ravichbits,"2026-07-22 01:58:51",0.830,4,ravichbits
2992,16454523,"Eric Keller","2026-08-08 11:54:58",0.829,1,erickeller2
2993,16925175,"Haseeb Majoka","2026-09-22 19:36:24",0.829,3,haseebmajoka
2994,16462500,alejandroradisic,"2026-07-03 18:28:39",0.829,6,alejandroradisic
2995,16456781,qt,"2026-09-24 02:02:50",0.828,7,"ishantiwari2000,rohitrajesh"
2996,16513042,"Frederic BONNET_MDIBL","2026-07-20 00:01:53",0.828,11,fredericbonnetmdibl
2997,16460567,"Armine Shaboyan","2026-07-02 10:50:12",0.828,8,armineshaboyan
2998,16514621,tuannm3812,"2026-07-24 01:29:34",0.827,4,tuannm3812
2999,16938852,"Daniel Peng","2026-09-22 03:38:36",0.827,1,codewithdaniel1
3000,16456689,"E1 ร้านชาบู x E20 gasohol","2026-07-05 15:37:03",0.827,15,"bananafuji001,thanithpolt,worraprachsrir"
3001,16533930,"Murari Ambati","2026-08-09 22:20:45",0.827,1,murariambati
3002,16467774,"fakhri faros","2026-07-08 13:22:21",0.827,8,fakhrifarosss
3003,16457370,"The Coder Geek Squad Leader","2026-07-01 17:08:11",0.827,4,soulemaneisissifou
3004,16453649,Angantyr,"2026-07-12 21:15:23",0.827,8,angantyr
3005,16470165,"Hemadri Rawat","2026-08-09 17:04:44",0.827,4,hemadri2208
3006,16472696,"[Deleted] 148911cd-25b5-4cea-8fe9-21587d7e7ae8","2026-07-04 07:11:56",0.827,3,del=62f75f64691cc7c3
3007,16471792,"Sanya Rastogi","2026-07-04 05:16:45",0.827,2,sanyarastogi123
3008,16530425,ASCSATC,"2026-07-11 02:16:30",0.827,1,jiangzuang
3009,16553488,"ÖMER FARUK KATKAT","2026-07-16 06:23:28",0.827,2,merfarukkatkat
3010,16482452,Kango,"2026-08-09 18:12:41",0.827,1,datingwang
3011,16579295,"Muhammad Safwan Ahmad Saffi","2026-08-14 12:49:16",0.827,7,safwanahmadsaffi
3012,16634562,"rapika rosalia","2026-08-17 16:55:22",0.827,1,rapikarosalia
3013,16898137,"Franklyn Rosario MBA-ITM","2026-09-17 03:47:28",0.827,2,aizoya
3014,16454831,"FABRICIO DA SILVA","2026-09-19 20:57:45",0.827,2,fabriciodasilva
3015,16550107,"Julio Contreras","2026-09-25 19:49:55",0.827,57,juliocontreras
3016,16454976,"Debabrata Pattnayak","2026-09-23 15:39:00",0.827,2,debadev
3017,16481442,"João Pedro Ferreira","2026-07-11 12:38:31",0.827,4,jpsferreira
3018,16754100,VecNull,"2026-08-24 11:25:27",0.827,10,vecnull
3019,16455641,"Shivam Shinde","2026-07-01 12:39:09",0.826,1,shindeshivam
3020,16930562,yuliangcheng,"2026-09-20 15:09:12",0.826,4,yuliangcheng
3021,16759741,"Tochukwu Olie","2026-09-25 19:27:13",0.826,4,"danielajuzie,tochukwuolie"
3022,16483635,pwxc00,"2026-09-25 12:42:54",0.826,7,alert04
3023,16515013,SundharSteyn,"2026-08-11 15:01:47",0.826,43,sundharsteyn
3024,16603080,"mohammed irfan","2026-08-27 19:46:37",0.826,10,mohammedirfan123987
3025,16535004,"Shishir Adhikari","2026-07-17 17:54:19",0.826,5,"akritirijal04,binayaadhikari13,shishiradhikari11"
3026,16454015,"ISAKA Tsuyoshi","2026-07-01 07:21:45",0.826,5,isakatsuyoshi
3027,16467058,"Zhecho Mitev","2026-07-01 14:35:30",0.826,1,zhechomitev
3028,16468888,SAURABH_RAI_1729,"2026-07-01 18:35:39",0.826,1,saurabhrai1729
3029,16456934,"Basil Hazem  Jaziny","2026-07-01 21:58:36",0.826,3,basilhazemjaziny
3030,16470730,"Py Begi","2026-07-01 23:45:06",0.826,1,konodera
3031,16458797,"Oyindamola Olatunji","2026-07-02 07:50:57",0.826,4,ikeadeoyin
3032,16455590,"Soham Mhatre112","2026-07-06 15:47:17",0.826,14,sohammhatre112
3033,16453929,suguuuuu,"2026-07-05 02:22:21",0.826,1,sugupoko
3034,16490301,"Nicolai Karcher","2026-07-05 21:37:29",0.826,3,pejophylo
3035,16472208,"Kunaal Sahu","2026-07-16 09:42:00",0.826,13,kunaalsahu004
3036,16481174,PabloTBA,"2026-08-03 22:21:15",0.826,5,pablotba
3037,16565788,"Zen kōan","2026-07-19 19:54:23",0.826,1,vc9408
3038,16577172,Milly,"2026-08-13 21:25:23",0.826,6,genadieva
3039,16463679,"Urja Ahuja","2026-08-19 08:57:07",0.826,9,urjaahuja
3040,16608532,"Vishal Sharma","2026-07-31 11:49:26",0.826,6,vishal40182
3041,16580556,"Haotian lv","2026-08-03 10:02:26",0.826,2,lightovo
3042,16659043,"arsh789 ","2026-08-05 12:52:09",0.826,4,arsh789
3043,16678801,"Jacoby Jaeger","2026-08-10 01:33:10",0.826,3,jacobyjaeger
3044,16455858,寿!,"2026-08-09 13:14:27",0.826,3,taka3776toshi
3045,16694052,Sense,"2026-08-13 09:15:50",0.826,1,yuuuuuuuuchu
3046,16662675,"Yigit Kahraman","2026-08-13 13:41:07",0.826,2,yigitkahraman
3047,16613166,"Dawid Fleischer","2026-08-21 10:44:29",0.826,3,dawidfleischer
3048,16729511,"Sarthak Sharma","2026-08-27 22:52:00",0.826,3,sarthaksharma14
3049,16575180,"Gi-in Kim","2026-08-11 07:21:30",0.824,12,giinkim
3050,16464631,Garv88,"2026-07-01 09:59:20",0.824,1,garv88
3051,16454219,LeoSanchezSolis,"2026-07-07 03:45:34",0.824,12,leosanchezsolis
3052,16454282,shu01,"2026-09-18 05:15:45",0.824,1,shu01jp
3053,16497648,AILuke,"2026-07-07 15:15:48",0.823,3,ailuke
3054,16689767,"kirubel nigusu","2026-08-09 15:35:26",0.823,2,kirubelnigusu
3055,16688322,MaxChen303,"2026-08-19 17:32:30",0.822,4,maxchen303
3056,16454596,NinjaNick,"2026-07-05 03:55:31",0.822,17,ninjanick
3057,16462219,Supernole1,"2026-07-10 00:24:15",0.821,8,supernole1
3058,16454901,Mbote-Joseph,"2026-07-02 07:32:29",0.821,10,mbotejoseph
3059,16599872,primal,"2026-08-09 22:24:28",0.821,11,primalhost
3060,16463593,Steven,"2026-07-08 05:46:22",0.821,8,stevenpp
3061,16455748,"Aur Shalev Merin","2026-07-01 22:00:48",0.821,4,aurshalevmerin
3062,16808519,"Ryan #4","2026-09-25 10:07:22",0.820,4,duhnoob1010gamer
3063,16508982,Oshbocker,"2026-07-08 21:52:23",0.820,1,oshbocker
3064,16514627,"Katsutoshi Makino","2026-08-05 02:46:19",0.820,17,katsutoshimakino
3065,16845880,KD0G22,"2026-09-07 18:15:40",0.819,4,kd0g22
3066,16654936,jjakimoto,"2026-08-11 23:08:38",0.819,4,jjakimoto
3067,16454193,JosephErikRibeiro,"2026-09-24 21:47:09",0.819,47,josepherikribeiro
3068,16845072,SSV,"2026-09-06 21:34:51",0.818,1,vigneshirtt
3069,16533971,"Mokshit Sheoran","2026-08-05 18:26:27",0.818,10,mokshitsheoran
3070,16544088,takahiro_hi,"2026-08-12 02:29:32",0.818,16,takahirohi
3071,16458665,Telliott22,"2026-07-03 20:27:40",0.818,6,telliott22
3072,16590146,"Mahmoud Sameh","2026-08-16 15:04:01",0.818,6,mah01sam
3073,16476089,"AHMED EL YOUSSEFI","2026-07-05 22:15:45",0.817,6,ahmedelyoussefi
3074,16534455,Khaledalnuaimi,"2026-07-14 13:32:50",0.817,15,khaledalnuaimi
3075,16906296,"Nobuko IT","2026-09-23 14:26:20",0.817,9,nobukoit
3076,16690461,"Amal Saad Alshehri","2026-08-11 11:11:23",0.816,6,amalalshehri
3077,16468748,hydrogenbonds,"2026-08-12 09:49:19",0.816,19,jeffreyntse
3078,16682999,Tao_tsuchiya,"2026-08-18 03:33:22",0.816,7,doyakun
3079,16756821,"Alex Amirkhanyan","2026-08-27 13:33:14",0.815,10,aleksamirkhanyan
3080,16709792,"Yusuke Igarashi","2026-08-27 15:43:52",0.815,3,yusuke1515
3081,16472412,"Sachin Budania","2026-08-04 13:10:22",0.812,26,"rohanbudaniya,sachinbudania885"
3082,16453822,biologist,"2026-07-01 07:16:16",0.812,3,biologist
3083,16655126,"Mikhail Fadin","2026-08-30 14:02:07",0.812,3,mikhailfadin
3084,16673538,Jason-Oh,"2026-08-18 12:29:29",0.811,11,dossantoss
3085,16463227,Spica08,"2026-07-07 16:18:56",0.810,5,spica08
3086,16757715,"Ryan Owens @ Membrak","2026-09-24 17:23:14",0.810,2,ryanowensmembrak
0,16460185,"UNet Baseline","2026-06-30 14:26:12",0.810,1,
3087,16455497,Venomblue,"2026-06-30 11:07:01",0.810,2,preetham89856
3088,16460316,"Aman Sharma","2026-06-30 17:20:46",0.810,1,aman5153684
3089,16461460,"Evgenii Rudakov","2026-06-30 18:48:13",0.810,1,dolphininacoma
3090,16453748,Manav_patel06,"2026-06-30 18:54:18",0.810,2,manavpatel06
3091,16461830,André🇧🇷,"2026-07-01 00:35:28",0.810,2,andrefernand
3092,16461838,"Shashank Srivastava","2026-09-18 23:27:11",0.810,6,shashankresearch
3093,16461990,"yohan deshpande","2026-07-02 19:16:16",0.810,9,yohandesh
3094,16463050,HongyuChen123321,"2026-07-01 03:17:13",0.810,1,hongyuchen123321
3095,16463218,ademicho123,"2026-07-04 13:38:37",0.810,5,ademicho123
3096,16454171,"Xiaofei Zhao","2026-07-01 23:06:01",0.810,6,xiaofeizhaoh2o
3097,16454315,POR160893,"2026-07-05 20:27:16",0.810,5,por160893
3098,16455639,DePie,"2026-07-06 07:20:36",0.810,6,phucthaiv02
3099,16454177,"Emil Gasimov","2026-07-02 13:53:16",0.810,2,ellysian
3100,16478131,YYma1201,"2026-07-03 05:28:17",0.810,1,yyma1201
3101,16461566,justashu,"2026-07-09 09:04:12",0.810,9,justashu
3102,16508353,nsharma_03,"2026-07-09 06:39:55",0.810,1,navin03
3103,16506227,Richard_Liu,"2026-08-09 10:14:14",0.810,4,zxcvbn369z
3104,16557338,bombombom,"2026-07-17 15:22:45",0.810,2,cupcakepirate
3105,16582816,kwonj0815@gmail.com,"2026-07-21 17:51:34",0.810,1,kwonj0815gmailcom
3106,16560721,mdbarnes,"2026-07-21 18:41:37",0.810,2,mdbarnes
3107,16602830,"Sagar Honnungar","2026-08-01 18:56:06",0.810,2,sagarhonnungar
3108,16680650,"tianwen zhang1","2026-08-16 03:21:50",0.810,2,tianwenzhang1
3109,16513549,Taffy1883,"2026-09-06 08:26:59",0.810,6,taffy1883
3110,16674888,"Riddhi Powle","2026-08-11 12:33:51",0.810,3,r1ddh1p
3111,16707574,"Ogulcan Cetin","2026-08-11 13:35:03",0.810,1,ogulcancetin
3112,16635619,HiroKaneYP,"2026-08-15 08:19:21",0.810,1,hirokaneyp
3113,16725202,"Masataka Suzuki","2026-08-16 23:47:29",0.810,2,masatakasuzuki
3114,16599864,sota1111,"2026-08-22 15:21:00",0.810,22,sota1111
3115,16762159,"Shota Hirao","2026-08-23 13:44:17",0.810,1,shotahirao
3116,16746830,Quixotik,"2026-08-25 05:06:31",0.810,1,xiaokangqin
3117,16769032,Ahmedullah,"2026-08-25 12:17:51",0.810,1,ahmed5030
3118,16689134,Pieismath,"2026-08-25 20:52:16",0.810,3,pieismath
3119,16795518,"Aakash Kavuru","2026-09-08 23:38:44",0.810,4,aakashkavuru
3120,16856201,BeanApologist,"2026-09-09 00:06:23",0.810,1,sarahmarin
3121,16878813,ZhiXiangYang,"2026-09-12 05:41:52",0.810,3,zhixiangyang123123
3122,16593917,"Sayandeep Ghosh","2026-09-12 18:08:04",0.810,4,sayandeepghosh
3123,16898765,Bxckwood,"2026-09-15 20:39:45",0.810,1,bxckwood
3124,16906601,"Rintaro Moriwaki","2026-09-16 13:36:53",0.810,1,rintaromoriwaki
3125,16908681,Polina2003,"2026-09-16 21:12:42",0.810,1,polina2003
3126,16911474,AkiSun,"2026-09-17 12:08:43",0.810,1,akisun
3127,16592306,okabon,"2026-09-19 06:27:53",0.810,1,toshihirookamoto
3128,16482321,"Devansh Raulo","2026-09-21 19:59:39",0.810,2,devanshraulo
3129,16897985,templar7245,"2026-09-22 15:07:37",0.810,2,templar7245
3130,16453653,"Obruthe Ebah","2026-09-22 19:43:14",0.810,1,obrutheebah
3131,16928361,Agnes,"2026-09-23 16:44:15",0.810,2,mqingcs
3132,16841506,"Andrey Zhuravlev","2026-09-24 21:57:29",0.810,3,andreyzhuravlev26
3133,16456483,"Dmitry Bardonov","2026-07-02 01:07:27",0.810,7,bdesim
3134,16730303,"Murat Kolic","2026-08-20 07:40:35",0.808,12,muratkolic
3135,16591169,"Jobayer Hossain","2026-09-06 03:05:36",0.807,3,jobayerhossain
3136,16884450,"Ludwig Agurto Contador","2026-09-14 02:47:54",0.806,2,ludwigagurtocontador
3137,16456831,muyouqian4,"2026-09-05 11:01:27",0.805,6,muyouqian4
3138,16463851,"Karnakbayev Artur","2026-07-01 08:43:52",0.805,5,karnakbaevarthur
3139,16539198,"Malthumkar Pavani","2026-08-06 08:05:25",0.804,3,"jayant99acharya,malthumkarpavani"
3140,16730482,Hutao715,"2026-09-02 12:34:42",0.803,18,apostle715
3141,16775697,IsonaEi,"2026-08-26 18:25:25",0.802,2,isonaei
3142,16805637,Vladislav,"2026-09-06 08:02:00",0.801,18,vladislavlassa
3143,16838900,ra5anchor,"2026-09-20 08:09:45",0.800,2,junmitsui
3144,16582872,"Goutham Indukuri","2026-07-22 02:04:26",0.799,2,gouthamvarmaindukuri
3145,16461014,Akai+Inu,"2026-07-01 14:36:32",0.799,1,akaiinu
3146,16735226,"Shih Hua Chou","2026-08-22 14:58:47",0.799,3,shihhuachou
3147,16471658,Raiden.B,"2026-08-08 09:18:47",0.799,9,raidenb
3148,16689071,mytm,"2026-09-14 00:10:53",0.798,20,tomoyamiyazawa26
3149,16762478,"Anass Mellouki","2026-08-23 19:24:38",0.798,2,anassmellouki1
3150,16623048,Ammar,"2026-08-04 15:59:14",0.797,2,ammarhameed
3151,16458330,ktiwari121,"2026-07-10 18:06:05",0.797,9,ktiwari121
3152,16479822,"Ouedraogo somkieta","2026-08-05 17:40:44",0.797,27,ouedraogosomkieta
3153,16500591,"Hóf Tamás","2026-09-01 20:45:39",0.797,43,hftams
3154,16457301,"James Aisenberg","2026-07-12 21:39:27",0.797,18,jaisenberg
3155,16560620,"brandon hager","2026-07-22 18:21:36",0.796,3,brandonhager
3156,16581628,"Jiao Jiaming","2026-08-21 14:01:48",0.795,1,jiaojiaming
3157,16482557,"Daniel Rivera Lloret","2026-07-19 00:57:55",0.793,10,dannyriveralloret
3158,16453847,Ezequiel,"2026-07-15 10:54:32",0.793,2,ebernatene
3159,16481821,"Youri Matiounine","2026-07-22 12:25:21",0.792,12,ymatioun
3160,16668804,"Rohan Shankar","2026-08-11 03:13:20",0.791,3,rohanshankar10
3161,16454957,gezi,"2026-09-02 00:21:59",0.789,10,goldenlock
3162,16456590,"prithwish ghosh","2026-08-23 03:52:01",0.789,1,prithwishghosh55
3163,16586934,NurpeyisRiskeldi,"2026-08-20 19:21:13",0.789,3,nurpeyisriskeldi
3164,16460570,"Deepesh Ahlawat","2026-07-03 10:41:40",0.788,4,deepeshahlawat001
3165,16453425,"Mohamed El-Nageeb","2026-08-19 23:37:29",0.785,14,thelastsmilodon
3166,16663698,MiguelS,"2026-08-12 23:08:16",0.785,7,lordm758
3167,16572778,xulei,"2026-08-18 01:37:33",0.785,7,simlewxulei
3168,16763908,Nosh72,"2026-09-13 06:42:10",0.784,2,nosh72
3169,16691944,"Hassan Algizani","2026-08-14 02:08:52",0.784,3,hassanalgizani
3170,16816255,KIT0,"2026-09-24 11:01:45",0.784,10,kit024
3171,16690239,"William Godfrey","2026-09-12 15:35:41",0.784,7,willgo167
3172,16495609,KNT93,"2026-08-25 08:12:55",0.784,6,hkanetake
3173,16693362,"Cem Dudu","2026-08-23 05:58:12",0.783,1,cemdudu
3174,16861643,YaolingHan,"2026-09-11 17:04:37",0.782,6,yaolinghan
3175,16555192,ganbayard,"2026-07-21 00:45:19",0.782,7,ganbayardamdindorj
3176,16470747,"Richardson Allan Ferreira De Souza","2026-09-12 18:00:18",0.780,15,richardsonsouza
3177,16475040,"Amy Yuan","2026-08-03 05:12:01",0.779,9,cozytato
3178,16817627,"Dale Rampton","2026-09-07 06:57:26",0.779,3,dalerampton
3179,16587109,xmkevin2004,"2026-08-18 23:39:17",0.778,5,xmkevin2004
3180,16453628,Aishwik,"2026-07-23 07:12:10",0.776,6,aishwik
3181,16459271,"Magnus Drake Proxtend","2026-07-01 11:17:24",0.775,1,magnusdrakeproxtend
3182,16865406,"XDz Zyq","2026-09-21 12:34:48",0.775,1,xdzzyq
3183,16501779,"Li Mingyang","2026-07-08 20:34:09",0.775,4,limityoung
3184,16460561,"Suleiman Hassan","2026-06-30 18:34:14",0.774,5,suleimanhassan77777
3185,16454255,spuice,"2026-06-30 06:39:42",0.774,2,spuice
3186,16891782,"mohamed saafan","2026-09-15 04:33:05",0.773,2,mohamedsaafan
3187,16710478,harsh_lalakiya,"2026-08-13 09:04:59",0.773,5,mlforharsh
3188,16656918,"Peter John Paul","2026-09-23 02:31:03",0.773,35,peterjohnpaul
3189,16576359,weke,"2026-09-08 13:05:25",0.772,12,cjpal18
3190,16470765,fuelman,"2026-07-13 13:33:06",0.771,7,fuelman
3191,16613885,Paranoia,"2026-07-31 09:08:51",0.770,2,"redamancy0,yiyiyisong"
3192,16531640,"Isanka Diddeniya","2026-07-17 07:48:23",0.769,5,isankadiddeniya
3193,16455234,di,"2026-07-04 02:13:36",0.769,11,denysiliash
3194,16705599,"Irvin Toh","2026-08-13 03:06:43",0.768,3,irvintoh
3195,16458973,GhostsDragons,"2026-07-19 15:43:32",0.768,12,"ghostdragons,vikramadityasinghai"
3196,16680659,Akabecos,"2026-08-29 01:38:32",0.767,3,hkthbk
3197,16684798,ljdzzz10,"2026-08-21 07:32:27",0.766,2,ljdzzz10
3198,16914215,"Pavel Novikov","2026-09-20 17:32:04",0.766,6,approxoptimprob
3199,16459314,"Ümit TÜRKYILMAZ","2026-07-31 07:14:39",0.766,21,mittrkyilmaz
3200,16743510,"ROHAN Exploit","2026-09-07 10:30:31",0.765,10,rohanexploit
3201,16455062,"KELI kekeli christ","2026-07-02 09:16:07",0.765,9,kelikekelichrist
3202,16691216,"Nishant Agrawal","2026-08-12 09:41:01",0.764,2,imw0lf
3203,16508252,lrast,"2026-07-11 22:08:40",0.763,2,lerast
3204,16494337,"Jeffery Jerome Harris","2026-07-21 21:17:42",0.763,8,jefferyjeromeharris
3205,16588482,"Radha Krishna Deshpande","2026-07-23 06:27:34",0.763,1,radhakrishna2486
3206,16582452,"Porch Goose","2026-09-18 02:43:31",0.763,8,jaclyndeem
3207,16651940,"Yogesh Jadhav","2026-08-17 07:46:06",0.763,1,dynamo14324
3208,16474323,"Aaron Winegrad","2026-07-16 23:32:36",0.763,4,aaronwinegrad
3209,16609922,"LV YICHEN0616","2026-09-25 13:28:00",0.763,16,lvyichen0616
3210,16839132,huangbin,"2026-09-05 09:14:50",0.762,2,huangbin1
3211,16475360,"Vihaan Singh","2026-07-18 22:00:42",0.762,5,vihaansingh67
3212,16454116,"akshay gutha ravi ","2026-07-10 22:30:10",0.762,1,akshaygutharavi
3213,16768171,"Nizar Jeridi","2026-08-25 13:59:55",0.762,1,nizarjeridi
3214,16693945,K_K,"2026-09-16 08:29:53",0.762,2,kabirk22
3215,16456195,"Avvaru Srinivasulu","2026-07-02 11:46:39",0.759,3,avvarusrinivasulu
3216,16593825,"SURYA SRIKAR","2026-09-25 05:43:13",0.758,27,kssrikar4
3217,16694817,"Milosh Janevski","2026-08-27 12:49:30",0.758,5,miloshjanevski
3218,16942980,"joshi malav","2026-09-22 21:13:30",0.757,1,joshimalav
3219,16706293,"Hiroshi Kono","2026-08-15 10:55:32",0.757,2,hiroshikono
3220,16455494,"Agostinho Soto","2026-09-25 14:52:03",0.755,19,agostinhosoto
3221,16574027,Rubylicious,"2026-07-29 08:18:31",0.755,2,labibahalya
3222,16932054,naviniklag,"2026-09-25 19:09:17",0.755,3,"betmyex,doifgoox,garifullintimur,naviniklag"
3223,16731402,abcbcbc,"2026-08-25 06:52:32",0.751,6,abcbcbc
3224,16460920,"Zhenyu Zhang","2026-07-01 03:45:41",0.750,1,horizen12
3225,16454445,"Nhi Thuy Ha","2026-07-08 17:03:58",0.750,1,thuyaha
3226,16792880,"Daniel Kalicki","2026-09-10 19:52:38",0.750,6,dankal
3227,16459509,"cristian mendoza","2026-07-03 03:58:11",0.749,2,ictj01
3228,16470784,"Samir Hossain099","2026-07-10 10:34:17",0.747,5,samirhossain099
3229,16682023,orangepolar,"2026-09-04 04:29:11",0.747,4,orangepolar
3230,16458911,"tarun kumar","2026-07-10 18:53:12",0.746,8,tarunnn123
3231,16491720,"Danielle Cui","2026-07-05 23:11:03",0.746,1,daniellecui
3232,16471507,Floukie,"2026-07-06 20:06:52",0.745,3,vantavek
3233,16460255,Nightpool.33,"2026-09-20 11:43:18",0.745,1,nightpool33
3234,16749443,"Fatih Tepe","2026-08-25 10:09:35",0.745,27,fatihtepe1903
3235,16802206,"Mani Kanta Kalluru","2026-09-08 14:57:05",0.744,5,manikantakalluru
3236,16651472,"Zoltan Ersek","2026-08-03 15:09:37",0.743,4,zoltanersek
3237,16590810,mohsen2050,"2026-08-18 14:37:13",0.743,2,mohsen2050
3238,16594597,bigsuperplum,"2026-07-25 10:20:23",0.741,1,bigsuperplum
3239,16459554,"Byron Odhiambo","2026-07-06 05:45:37",0.740,12,byronodhiambo
3240,16458528,Threadclaim,"2026-07-01 05:09:52",0.740,5,threadclaim
3241,16764128,"Manyu Li","2026-08-26 09:58:45",0.740,1,manyuli
3242,16513384,Brian74804,"2026-07-17 13:35:03",0.738,3,tsengchienchih
3243,16485910,"Yasin Yılmaz","2026-08-05 00:24:23",0.737,4,yasinylmaaz
3244,16724575,Ansh_Gupta2702,"2026-09-06 05:46:32",0.736,9,"anshgupta2702,manyab311"
3245,16469999,Md-Ali-Azad,"2026-08-12 19:08:10",0.736,8,mdaliazad
3246,16927096,"Parth Gupta","2026-09-20 07:34:16",0.733,2,parth259iitd
3247,16470954,"Victoria Tauanny","2026-09-16 00:25:55",0.733,10,victoriatauanny
3248,16563092,"Arum Puri ","2026-09-24 06:46:10",0.733,33,arumpuri
3249,16764574,"Lisa Shevchenko","2026-08-27 12:05:39",0.732,1,lisashevchenko
3250,16487694,"Matt Davis","2026-07-13 09:23:47",0.732,4,matteius
3251,16482444,Moggle,"2026-07-11 17:10:17",0.732,3,motokisatokaggle
3252,16582125,Yoganjaneyulu,"2026-08-26 11:13:59",0.731,12,yoganjaneyulu
3253,16661394,"Andrey Aristov","2026-08-05 17:25:56",0.730,1,andreyaristov
3254,16459233,hattyoriiiiiii,"2026-07-01 17:03:35",0.729,2,hattyoriiiiiii
3255,16456643,Jirka,"2026-07-04 11:39:11",0.728,9,jirkaborovec
3256,16467086,"Uthman Kareem Tunde ","2026-07-10 21:43:57",0.728,7,uthmankareemtunde
3257,16531330,"Arin Tripathi","2026-07-11 15:20:00",0.728,1,arintripathi
3258,16468837,Kaushik1216,"2026-07-11 16:17:42",0.728,11,kaushi1216
3259,16579630,"Muzaffar Mahamood","2026-09-25 07:09:17",0.728,11,muzaffarmahamood
3260,16456158,"MUHAMMAD SAAD","2026-08-11 17:49:32",0.727,5,muhammadsaad12345
3261,16692052,Hassan1417,"2026-08-09 19:24:35",0.727,1,hassan1417
3262,16791823,"Samir Patel","2026-09-03 10:20:05",0.726,9,mesamirpatel
3263,16453865,"Panagiotis Niarchos","2026-07-25 16:48:35",0.726,8,panagiotisniarchos
3264,16533821,"Minghao Pang","2026-07-19 01:41:44",0.725,1,minghaopang
3265,16541628,TRalee-ui,"2026-09-05 04:49:05",0.724,14,traleeui
3266,16811104,Arash,"2026-09-06 16:16:26",0.724,6,querexstudio
3267,16716401,"Belousov Artem","2026-09-05 07:58:17",0.723,3,belousovarts
3268,16618044,uzair,"2026-07-30 17:02:18",0.722,3,uzairlol
3269,16458073,Nkwabyte,"2026-07-12 18:45:08",0.720,2,nkwabyte
3270,16461928,AnHelleon,"2026-07-09 20:06:32",0.720,7,anhelleon
3271,16509550,LiveSun,"2026-09-24 17:26:40",0.720,2,"eman3000,omegasun"
3272,16464270,Zen_0910,"2026-07-17 15:02:50",0.720,8,zendeptrai
3273,16457987,RameshG888,"2026-06-30 08:24:18",0.720,1,ramesh888
3274,16458098,YangAoTian,"2026-06-30 09:26:57",0.720,1,yangaotian
3275,16470064,"Marius Heuser","2026-08-17 21:13:46",0.719,1,mariusheuser
3276,16459619,"Yihan Guo","2026-06-30 13:09:52",0.716,1,yihanguo
3277,16851673,"Richard Pagan","2026-09-08 07:22:15",0.716,1,richardpagan
3278,16590872,"Anuj Saha","2026-08-03 20:35:43",0.715,17,anujsaha0123456789
3279,16497187,"Christopher Jones","2026-07-20 12:38:21",0.715,10,cjonesmo
3280,16896459,"Denis Foripost","2026-09-19 04:15:24",0.714,1,denisforipost
3281,16506670,"Joost Hazelzet","2026-09-22 06:43:31",0.714,13,joosthazelzet
3282,16481882,"LUH-TNT Allstars","2026-08-07 10:38:23",0.713,2,timokaiser
3283,16480957,"Eman Yasser","2026-08-30 07:00:53",0.713,22,"alaaelgendy22,emankhattap,ibthalahmed,maibeltagy"
3284,16692951,"Antonello Cito","2026-08-13 10:36:40",0.712,2,antonellocito
3285,16453965,"Andrea Floria","2026-09-04 02:13:09",0.711,63,andreafloria
3286,16464123,"Clawdy Huang (Andy's AI)","2026-07-03 11:19:04",0.709,1,clawdyhuang
3287,16714677,Meghana284,"2026-08-20 00:48:44",0.707,2,"anikanagavara,meghana284,tanvimehta27"
3288,16621588,"Le Ai Nhu ","2026-09-25 03:51:51",0.707,2,leainhu
3289,16548074,"Adrian Morales Pastor","2026-07-28 09:21:48",0.704,2,adrianmoralespastor
3290,16453966,Hellboy,"2026-08-24 14:19:57",0.703,14,helmirinaldi
3291,16485768,"Vivek Joshy","2026-07-04 19:37:49",0.701,2,daegontaven
3292,16458503,"Alabi Ruth","2026-09-24 13:56:56",0.701,7,alabiruth
3293,16826522,"Kaichi Morimoto","2026-09-04 13:47:10",0.699,2,kaichimorimoto
3294,16533248,"Alberto Luengo","2026-08-23 22:45:31",0.698,16,albertorkive
3295,16475943,"Leandro Ishi Lima","2026-07-04 21:19:51",0.698,4,leandroishilima
3296,16509946,"Vishram Urs","2026-07-24 15:36:42",0.696,4,"virajurs91,vishramurs"
3297,16490266,"Alan Thanickal","2026-07-31 09:13:03",0.696,20,alanthanickal
3298,16531607,"Anurag Mishra108","2026-07-14 11:12:44",0.696,6,anuragmishra108
3299,16490513,"claudia cerasale","2026-08-09 14:29:42",0.695,4,crscld
3300,16640775,"John Artzi","2026-08-05 22:07:47",0.690,1,johnartzi
3301,16461683,"(ノ◡ <)","2026-07-05 12:59:40",0.689,5,nawfeelrahman1124444
3302,16719014,tracking_chaos,"2026-08-25 01:59:40",0.688,8,shivay101
3303,16455349,"Amit Verma","2026-06-30 10:16:14",0.688,5,amitverma24
3304,16458579,"Sudhanshu Thakur","2026-07-18 18:42:01",0.688,3,sudhanshuuthakur
3305,16455051,"Philip John Basile","2026-07-01 01:52:30",0.687,8,philipjohnbasile
3306,16454735,"Leah Gantalao","2026-06-30 02:18:45",0.687,1,leahgantalao
3307,16454104,"Christopher B. Dowden","2026-06-30 05:33:12",0.687,1,christopherdowdenplb
3308,16454195,"Grzegorz Sionkowski","2026-06-30 06:20:28",0.687,3,sionek
3309,16456986,AdvancedUnO,"2026-06-30 06:21:34",0.687,1,advanceduno
3310,16456939,Manu,"2026-07-07 14:45:51",0.687,4,manu531
3311,16454396,vbookshelf,"2026-07-01 04:06:33",0.687,7,vbookshelf
3312,16460131,"Sabreen Elkamash","2026-09-20 19:57:00",0.687,101,sabreenelkamash
3313,16463253,THONE,"2026-07-27 09:01:53",0.687,21,someone1331
3314,16458678,"Devendra Tripathi","2026-07-01 10:07:28",0.685,3,devendratripathi
3315,16474500,"AleX Fesenko","2026-09-23 13:56:35",0.684,1,alexfesenko
3316,16564059,pphelpts,"2026-08-24 02:39:48",0.683,16,pphelpts
3317,16643778,Jacobstraub223456u7,"2026-09-19 09:18:29",0.683,57,jacobstraub223456u7
3318,16483686,jmatsukuma,"2026-07-04 08:21:13",0.682,3,jmatsukuma
3319,16453806,"Naman Solanki","2026-07-08 07:42:10",0.682,8,namansolanki
3320,16462803,"Varon Victor Miranda","2026-08-05 03:01:51",0.681,20,varonvictormiranda
3321,16454815,"Artem Boichenko","2026-07-21 23:07:29",0.680,12,artemboy
3322,16668510,"Trần Ngọc Các Uyên","2026-09-23 17:30:57",0.680,2,trnngcccuyn
3323,16613355,herosws,"2026-08-09 23:10:48",0.680,10,herosws
3324,16722612,"jose manuel Tinajero","2026-08-25 15:17:26",0.678,13,josemanueltinajero
3325,16565005,Yuki.O,"2026-08-02 20:38:12",0.678,8,yukiohkawa
3326,16556063,Mello,"2026-08-08 23:36:05",0.678,31,jdmello
3327,16465404,Vinit,"2026-08-22 13:18:02",0.677,21,ryotsuu
3328,16499756,"Jai Raj","2026-09-22 00:27:51",0.676,10,jairaj6911
3329,16853585,"Naoya Mieno","2026-09-09 03:23:27",0.676,3,naoyamieno
3330,16483382,trojans,"2026-09-15 17:11:03",0.676,12,"ra1yan404,sharafat2208002"
3331,16854282,Haoyi-Zhang04,"2026-09-19 23:56:31",0.676,1,haoyizhang04
3332,16550342,"Jonathan Kierce","2026-07-19 12:27:10",0.676,2,jonokierce
3333,16497328,"Derrick Kwan","2026-07-10 17:12:05",0.675,7,derrickkwan
3334,16746589,"Berkant Savas","2026-08-24 18:39:34",0.674,8,berkantsavas
3335,16461738,"Md. Faisal Sheikh","2026-07-01 21:44:04",0.674,1,mdfaisalsheikh
3336,16654180,"TEJAS THATE","2026-09-05 18:32:32",0.674,9,tejasthate
3337,16780224,YanngYT,"2026-09-21 07:30:48",0.673,4,yanngyt
3338,16454427,Ghrieb,"2026-07-19 12:14:29",0.671,20,ghriebabdelkarimhani
3339,16472262,"Zhixun Li","2026-07-15 09:03:53",0.671,3,superzhixunli
3340,16458005,"N'nouka Stephen","2026-07-03 10:08:28",0.670,5,nnoukastephen
3341,16457560,asimtanveer,"2026-07-22 06:36:24",0.669,36,asimtanveer
3342,16639404,"Matheus Bonjour Laviola da Silva","2026-08-03 21:52:54",0.668,2,matheusbonjour
3343,16760375,Tanzania,"2026-08-26 06:25:17",0.667,2,saidmohamedomary
3344,16474563,"Yunosuke Kataoka","2026-07-16 16:32:19",0.667,1,nosuke4423
3345,16454737,"Donald Drummond","2026-07-04 22:12:02",0.666,11,dondrummond
3346,16454152,"Jorge Luiz Susin Rodrigues","2026-09-24 19:35:44",0.665,1,jorgelsrodrigues
3347,16462189,erdem,"2026-08-19 01:03:49",0.665,28,esanal
3348,16615693,"Nikita Lugovoy","2026-07-29 21:13:40",0.665,1,nikital7
3349,16883519,"syouhei yamaguchi","2026-09-21 23:47:12",0.664,1,syouheiyamaguchi
3350,16458315,"Resham Raj Shivwanshi","2026-07-07 10:08:35",0.663,6,reshamrajshivwanshi
3351,16459333,blackseashark5,"2026-08-05 18:00:56",0.662,3,blackseasharkgcvt
3352,16694877,"Yong Ming-Jia","2026-08-10 01:44:35",0.660,5,ymingj
3353,16515536,"Subha Geethika_@123","2026-07-14 06:29:38",0.659,12,subhageethika123
3354,16456555,"tobi joshua","2026-07-03 13:22:29",0.659,15,tobijoshua
3355,16460593,Carloscp,"2026-07-02 14:24:48",0.659,1,carloscalvinp
3356,16459853,Manaister,"2026-06-30 22:02:32",0.658,1,manaister
3357,16858825,"Deep Domain","2026-09-18 19:57:30",0.657,2,anthoneoj
3358,16457888,BloodCoder,"2026-09-19 09:40:57",0.657,27,"mahmud2050,mdhabibullamisba"
3359,16486733,"Károly Kertész","2026-09-25 23:23:25",0.655,62,krolykertsz
3360,16455147,"Sahaj Deep Singh","2026-07-01 02:59:49",0.655,5,sahajdeepsingh9877
3361,16470139,Zoroxai,"2026-07-16 23:21:08",0.654,8,zoroxai
3362,16456592,Mutte1904,"2026-06-30 07:59:21",0.654,2,mutte1904
3363,16454217,"Taylor S. Amarel","2026-07-11 12:36:27",0.653,11,taylorsamarel
3364,16546712,"Igor Vorotnikov","2026-07-20 21:59:15",0.653,6,igorvorotnikov
3365,16455758,"Steven Lam1","2026-07-04 10:26:13",0.651,12,stevenlam1
3366,16763132,sowhatwillwelearn,"2026-08-28 14:59:30",0.651,1,sowhatwillwelearn
3367,16455967,Zockly,"2026-06-30 07:36:31",0.649,1,zockly
3368,16505765,ianwulalala,"2026-07-17 00:14:54",0.648,1,ianwulalala
3369,16475171,"Preston Laney","2026-07-08 22:17:54",0.647,2,prestonlaney
3370,16459170,"Minh Phát Trần Viết","2026-07-02 13:20:11",0.646,2,minhphttrnvit
3371,16457130,nemuilemon,"2026-07-23 10:14:00",0.645,2,nemuilemon
3372,16481062,"Turgut Nasrullayev","2026-07-08 10:57:07",0.644,4,turgutnasrullayev
3373,16457486,AZacharegkas,"2026-07-08 18:18:49",0.642,9,azacharegkas
3374,16548390,KPTeam,"2026-07-16 06:20:38",0.642,9,kirtipurkayastha
3375,16598335,"Jayant Parashar","2026-07-31 22:18:09",0.642,5,jayantparashar
3376,16455386,Navyasri1455,"2026-07-04 13:02:14",0.640,5,navyasri1455
3377,16484758,"Shoroogh Ahmadi","2026-07-05 15:55:36",0.638,4,shorooghahmadi
3378,16454817,SachinChand,"2026-07-01 05:52:49",0.637,7,spiderman
3379,16690509,elmafia,"2026-08-18 20:12:58",0.634,14,tumbarell
3380,16576967,"Bartolomeo Parra","2026-07-20 21:54:48",0.634,1,bartolomeoparra
3381,16504363,Grooties,"2026-08-20 06:40:30",0.632,18,"imamakainat,samanfatima7"
3382,16488515,"AYEGBE JEAN-NOEL DJAHOUA","2026-07-05 07:37:26",0.631,1,ayegbejeannoel
3383,16461395,"Austin Carson","2026-07-10 14:45:46",0.628,7,austincarson
3384,16662122,"Jan Lozano","2026-08-22 17:39:59",0.628,1,joanlozano
3385,16453737,"Kingdom Coders","2026-09-16 17:38:57",0.628,3,oluwaseyibamigbade
3386,16485565,"Emir Ayvaz","2026-07-28 05:52:57",0.627,18,emirayvaz
3387,16458402,"Baseer Shah","2026-07-20 10:01:23",0.627,11,baseershah
3388,16634505,OceanMix,"2026-08-06 00:28:40",0.625,2,"cggonzalezsc,liesvyvalladares"
3389,16549628,"Yunyang Li","2026-07-17 12:07:59",0.624,1,lyycloud
3390,16549553,"Soumik Niloy","2026-07-17 14:36:22",0.624,12,soumikniloy
3391,16540308,Agastya_Valisetty,"2026-07-15 14:28:39",0.621,1,agastyavalisetty
3392,16866949,Mohdsuhail22,"2026-09-11 03:57:07",0.620,3,mohdsuhail22
3393,16462065,"Hussain Ather","2026-07-07 03:15:40",0.620,3,hussainather
3394,16774792,enaryu,"2026-09-20 15:26:02",0.619,18,enaryu
3395,16459142,"Henil Shah","2026-08-03 07:59:06",0.619,15,henilshah34
3396,16551120,"Mohammad shiblu","2026-08-05 02:54:34",0.618,1,mohammadshiblu
3397,16454040,"Jason Karpeles","2026-06-29 22:54:22",0.618,2,jasonkarpeles
3398,16454835,"Nhật Minh","2026-06-30 07:07:15",0.618,1,lnminh
3399,16484155,"Vo Nguyen Phat","2026-07-11 10:25:31",0.616,10,vonguyenphat
3400,16863003,"fabio ruscillo","2026-09-25 16:34:44",0.613,2,fabioruscillo
3401,16589470,borkun0429,"2026-07-23 18:02:10",0.613,2,borkun0429
3402,16918252,"Mahdi Zafari","2026-09-22 14:13:11",0.612,2,mahdimzafari
3403,16455895,conquiMOMO,"2026-07-02 21:35:43",0.610,5,conquimomo
3404,16462561,MLVoyager,"2026-07-08 03:17:06",0.609,8,mramachandran
3405,16661315,"Vandana Pathania","2026-08-09 21:43:14",0.609,6,vandanapathania
3406,16550257,"Rocket Falcon","2026-08-06 06:36:47",0.605,9,rocketfalcon
3407,16931862,"Juliano Batistim","2026-09-24 15:02:22",0.604,11,julianobatistim
3408,16482777,"Radfan Farae","2026-07-04 14:45:23",0.601,1,radfanfarae
3409,16618446,"Yahya Chibani","2026-08-02 12:33:51",0.601,3,yahyachibani
3410,16875904,"Sakito Horie","2026-09-11 23:04:16",0.601,1,sakitohorie
3411,16725328,saifeddinelakhadar,"2026-09-16 18:48:00",0.601,3,lakhadarsaifeddine01
3412,16594245,Y1boChen,"2026-09-01 19:58:04",0.598,6,y1bochen
3413,16565491,"ADITYA _CHAUHAN3112","2026-07-25 19:40:06",0.597,3,adityachauhan3112
3414,16767222,NaO0425,"2026-08-26 03:27:50",0.597,1,nao0425
3415,16455964,"Derek Peng","2026-07-07 12:55:06",0.596,2,littlebull
3416,16495074,"SANRADHYA BHOWMIK","2026-09-14 14:47:43",0.594,38,sanradhyabhowmik
3417,16605422,"marina mohsen","2026-08-19 11:31:33",0.594,17,marinamohsen
3418,16453953,MMhanfy,"2026-08-18 00:36:24",0.593,5,mmhanfy
3419,16603172,"Shebagi Mitra","2026-08-24 01:50:43",0.592,1,kudos22
3420,16609459,"Boris Polishchuk","2026-09-25 01:28:53",0.592,41,polishch
3421,16454047,"Ilakk manoharan","2026-07-13 10:06:12",0.591,1,ilakkmanoharan
3422,16456273,"PRABHU PRASAD PENTHOI","2026-07-07 07:18:03",0.589,6,lee22003
3423,16454272,JC,"2026-07-13 02:13:22",0.588,14,jchowell
3424,16587454,vishnuvardhan33,"2026-09-13 18:15:58",0.587,6,vishnuvardhan33
3425,16739692,argon,"2026-08-19 18:22:37",0.585,1,argonlabs
3426,16677445,"Kirill Molostov","2026-08-11 15:35:34",0.585,2,kirillmolostov
3427,16454434,"Carlos Eduardo do Amaral","2026-07-07 19:43:43",0.584,12,harmonyclube
3428,16537632,CoMessi,"2026-07-17 11:42:51",0.584,7,comessi
3429,16634020,"Adrien Thomas","2026-09-21 19:06:45",0.582,1,adrienthomas
3430,16770194,Rellik,"2026-09-04 11:14:21",0.582,6,saiprasanthsnaidu
3431,16454071,"Emanuel kaggle","2026-06-29 23:46:02",0.581,1,emanuelkaggle2024
3432,16455015,"Le Van Thanh","2026-06-30 01:46:00",0.581,1,thanhle150607
3433,16454612,"alastair ross","2026-06-30 02:26:59",0.581,1,alastairross121377
3434,16454984,stunningvn,"2026-07-01 04:56:39",0.581,6,dedquoc
3435,16457221,"Rishabh Pathak","2026-06-30 10:33:44",0.581,1,rishabhpathak
3436,16459402,Plamen,"2026-06-30 12:40:25",0.581,1,plamen06
3437,16459381,belgasoft,"2026-06-30 13:38:00",0.581,2,belgasoft
3438,16458546,saurav_das_07,"2026-07-01 19:13:17",0.581,1,sauravdas07
3439,16586038,fujoos,"2026-07-26 21:19:53",0.580,1,frankossai
3440,16611492,"Cortex Evolved","2026-07-31 18:01:33",0.580,8,cortexevolved
3441,16517331,SLAVGO,"2026-09-21 09:13:42",0.579,25,"gopikapriyanka,lavanyabaids2024,sangeethasaids2024,vadhanaasaids2024"
3442,16459837,"Jackson Cheenath","2026-07-01 04:59:39",0.578,2,jacksoncheenath
3443,16472705,"Zane Cheung","2026-07-04 05:42:20",0.577,2,zhengyuanchuang
3444,16509648,"Cat Pereira","2026-07-15 16:07:50",0.577,1,catherinepereira
3445,16454530,Saurabingh,"2026-07-06 14:19:47",0.575,2,saurabingh
3446,16474731,"Ahmed Bootaan","2026-07-03 03:50:53",0.573,3,ahmedbootaan
3447,16620242,古德拜吃,"2026-09-04 09:15:28",0.571,2,nosaewang
3448,16738890,"Nan Leng","2026-08-27 22:15:54",0.570,5,nleng66ca
3449,16461378,Abhi0singh1,"2026-07-17 06:21:06",0.568,13,abhi0singh1
3450,16510347,CitizenKorea,"2026-07-22 07:21:29",0.568,18,citizenkorea
3451,16575495,Miscusi,"2026-07-23 02:30:22",0.566,3,usiadianimuwa
3452,16457069,"Suhail Ahmed Abbasi","2026-07-08 08:43:46",0.565,1,suhailab
3453,16455720,"Bening Ranum","2026-07-02 09:33:00",0.565,6,benranum
3454,16748472,"varun s","2026-09-01 03:49:18",0.562,4,mrigshira
3455,16658226,"Amit Kumar #2","2026-08-07 10:22:17",0.559,3,anmitkumar
3456,16474295,seoewoo,"2026-08-21 01:28:22",0.558,7,henrymessiiyt
3457,16674598,"Luka Duvanov","2026-08-07 17:56:12",0.557,3,nekkon
3458,16625024,Shabuuu,"2026-08-16 12:28:39",0.556,6,shabuuu
3459,16530551,"SUMERU ZOO","2026-07-25 02:57:46",0.556,28,jieziyuan
3460,16661280,Middle,"2026-08-12 03:44:38",0.554,7,aydagul
3461,16454233,"Antonio Tagliatti","2026-09-13 23:34:06",0.552,9,"antoniotagliatti,phantomrogue"
3462,16456268,rheasankar,"2026-07-04 04:48:19",0.551,4,rheasankar
3463,16468996,Ascalon,"2026-07-18 21:59:49",0.551,1,ascalon
3464,16483091,"binhc2qc Nguyen","2026-07-04 01:12:25",0.550,1,binhc2qcnguyen
3465,16485413,Sanjay6727,"2026-07-16 18:16:33",0.548,4,sanjay6727
3466,16465158,Rook,"2026-07-01 17:22:46",0.548,2,sinanulu
3467,16587313,"Fredrick Underwood","2026-07-23 09:33:40",0.544,1,fredrickunderwood
3468,16484638,kimlee,"2026-07-04 06:25:27",0.543,1,kimlee2
3469,16490295,"Sawera Zubair","2026-08-23 14:02:00",0.543,11,"makisa23,sawerazubair"
3470,16472266,hxastur,"2026-07-21 18:53:43",0.542,1,hxastur
3471,16465842,"Hasibul Islam Sifat","2026-07-02 21:59:37",0.540,2,aisipu
3472,16726534,"Hafsa Rouchdi","2026-09-25 18:20:54",0.539,2,hafsarouchdi
3473,16569008,minhcool,"2026-07-22 08:28:24",0.537,3,minhcool
3474,16893121,"Tony He","2026-09-19 18:36:36",0.537,5,tonyyang0504
3475,16455702,"Haradi Bots","2026-06-30 11:25:35",0.537,4,haradibots
3476,16531016,"Raja T","2026-09-25 13:03:26",0.536,20,rajathiagaraj
3477,16455244,"Flaubert Filho","2026-06-30 21:35:28",0.534,3,flaubertfilho
3478,16602413,"Avanith Kanamarlapudi","2026-08-11 20:06:01",0.533,5,avanithkanamarlapudi
3479,16563880,"Chaitanya Jamble","2026-07-22 12:11:14",0.533,12,chaitanyajamble
3480,16634321,"SERU DEEVEN","2026-09-20 18:52:22",0.533,19,serudeeven
3481,16802490,Jojo,"2026-09-14 08:14:03",0.532,3,i1004j0214
3482,16513302,"Aleksei Solovev","2026-07-14 22:18:49",0.532,1,alsolex38
3483,16517891,"Rezanur Rahman Tomal","2026-07-20 18:41:10",0.530,6,rezanurrahmantomal
3484,16467678,Tsizzle4407,"2026-07-05 14:58:46",0.528,6,tsizzle4407
3485,16517102,dyuan311,"2026-07-16 02:59:54",0.528,9,dyuan311
3486,16484420,haha750,"2026-08-07 11:29:15",0.528,1,haha750
3487,16796101,"Even Patel","2026-09-18 17:39:59",0.527,8,evenn18
3488,16468761,"Bhargav Patel","2026-08-03 15:25:49",0.526,6,bhargavpatel4397
3489,16594013,"nshabiirwe kizzah","2026-07-30 11:02:10",0.525,1,nshabiirwekizzah2
3490,16654104,"Khổng Ngọc Anh","2026-08-06 15:22:09",0.523,1,kanaluvu
3491,16851117,kentarctic,"2026-09-25 17:20:35",0.521,1,kentarctic
3492,16531390,"Pratyush Negi","2026-08-24 03:42:35",0.520,4,pratyushh
3493,16797110,"Rahul vats","2026-09-16 13:48:40",0.519,11,rahulvats20
3494,16458759,Mussab_20,"2026-06-30 11:57:32",0.519,2,mussab20
3495,16808872,"Ding Zhen","2026-09-03 03:38:58",0.518,3,yangyi2120
3496,16459285,Atabey,"2026-07-12 21:43:29",0.515,8,drakus74
3497,16766098,"Sanket Nandkumar Patil ","2026-09-24 12:05:53",0.515,7,sanketnandkumarpatil
3498,16509769,PYOSSDev,"2026-07-10 14:57:44",0.514,3,pyossdev
3499,16501408,"Mohamad M. Awad","2026-08-05 18:17:22",0.512,59,mohamadmawad
3500,16461530,"benyakhlef Khedim","2026-08-11 05:08:54",0.508,20,benyakhlefkhedim
3501,16456836,"Aaryan Pawar","2026-07-17 04:55:35",0.508,12,aaryanpawar16
3502,16459420,"Killer Coder","2026-07-08 11:54:49",0.506,14,killercoder
3503,16501363,"Gabriel Ahlgren","2026-07-17 14:10:00",0.505,3,gabrielahlgren
3504,16456446,"Gashaw Goshu","2026-07-06 19:02:37",0.504,6,gashawmg
3505,16455045,DanielRodriguesdeLima,"2026-07-06 01:53:45",0.503,6,drodriguesdelima
3506,16715026,cleokpt,"2026-08-18 17:28:20",0.503,5,cleokpt
3507,16454449,"Crissy Moon","2026-09-25 23:47:13",0.502,7,crissymoon
3508,16489230,Vishys,"2026-07-06 03:55:19",0.500,1,vishys2487
3509,16549548,kdutrufen,"2026-07-19 01:01:53",0.498,3,kdutrufen
3510,16935313,"Abdelghani M'BAREK","2026-09-25 13:20:35",0.498,5,abdelghanimbarek
3511,16461914,snoopy.exe,"2026-07-27 05:56:36",0.497,1,benjaminparrish
3512,16498691,"Somdutt Acharya","2026-07-31 10:03:10",0.493,17,somduttacharya
3513,16459179,Noob786,"2026-06-30 14:58:42",0.492,5,noob786
3514,16507774,Rachana,"2026-08-22 07:07:54",0.485,14,rachanabisht
3515,16485568,"Saptarshi Dutta","2026-09-05 15:43:17",0.484,4,saptarshidutta5
3516,16454468,WangAuspicious,"2026-06-30 00:23:30",0.482,1,wangauspicious
3517,16722309,"Vilsee Kumar Shandilya","2026-09-16 09:37:26",0.482,1,vilseeshandilya2608
3518,16479520,zxie,"2026-07-19 05:02:15",0.482,1,zhihui
3519,16585621,ma2,"2026-08-13 06:51:14",0.480,3,ma3ma2
3520,16458068,"Sophie Nguyen Thu Thuy","2026-07-01 04:48:39",0.480,1,sophienguyenthuthuy
3521,16458965,"Andrin Rehmann","2026-07-01 08:46:44",0.475,2,andrinrehmann
3522,16460318,"Tony Jubran","2026-07-02 17:29:34",0.473,2,tonyjubran
3523,16460336,yoonick,"2026-07-04 15:33:04",0.472,3,yoonick
3524,16482506,Ben_Grigsby0207,"2026-07-31 09:45:09",0.472,5,bengrigsby0207
3525,16479750,BaAis,"2026-08-16 02:20:49",0.472,3,aeyeee
3526,16494454,"Muhammad Junaid","2026-07-11 17:01:33",0.471,8,junaid512
3527,16692211,"Shunjun Gu","2026-08-11 03:14:28",0.469,3,shunjungu
3528,16693564,Haitaks,"2026-08-11 01:11:46",0.467,1,haitaks
3529,16566981,"Kailee Hamre","2026-08-11 02:24:29",0.465,6,lee14k
3530,16454209,"Tanner Brown","2026-07-01 21:21:49",0.462,1,brown2bt
3531,16699281,SawadaTsurumai,"2026-08-18 11:06:54",0.462,9,sawadatsurumai
3532,16489038,vinit,"2026-08-31 13:02:58",0.461,6,vinitkp
3533,16461025,"Addison Howard (ineligible)","2026-07-01 15:27:45",0.460,6,addisonhoward
3534,16456229,Spatiocyte,"2026-07-01 00:15:38",0.459,1,"nitinvijayapandi,safm1rza"
3535,16479763,Deepika,"2026-07-07 15:28:16",0.457,9,deepsethi
3536,16459222,arai9953,"2026-08-20 13:58:48",0.455,3,arai9953
3537,16538551,Team-up,"2026-07-13 19:21:32",0.454,5,hashini210523t
3538,16644230,"zahraina zahraina","2026-08-04 07:16:47",0.454,2,zahrainazahraina
3539,16610871,"Ajat Rosadi","2026-07-28 20:16:54",0.451,4,ajatrosadi
3540,16811741,"Abilash Sundaresan","2026-09-16 14:37:36",0.451,1,abilashsundaresan
3541,16734761,JBMetrix,"2026-09-07 10:15:26",0.450,98,jasonbrewster
3542,16695888,"Lazy Propagator","2026-08-12 19:43:25",0.449,2,lazypropagator
3543,16464706,"Peter Tinashe Mundowa","2026-07-03 11:07:15",0.448,3,petermundowa
3544,16898134,emiguez,"2026-09-24 15:47:57",0.447,15,ernestomiguez
3545,16473994,"Austin Ogola","2026-07-22 16:45:24",0.446,6,austinogola
3546,16454022,"Avi Arora02","2026-07-02 11:25:54",0.441,12,aviarora02
3547,16633372,fatinirq,"2026-09-25 18:11:20",0.440,2,fatinirq
3548,16539634,"JISIK KIM","2026-07-17 10:39:47",0.439,4,a0921pig
3549,16769070,Nour102006,"2026-08-27 00:46:40",0.439,1,nour102006
3550,16459239,"arnab sahu","2026-06-30 15:32:30",0.439,1,makichutt
3551,16767641,"Sif eddine ilyes ","2026-08-25 20:33:33",0.438,3,sifeddineilyes
3552,16461816,KaranjeetSingh1110,"2026-09-15 16:59:59",0.436,57,karanjeetsingh1110
3553,16457457,KarineHei,"2026-07-05 17:48:30",0.436,7,karinehei
3554,16472803,Pratim,"2026-07-02 09:19:08",0.435,1,pratimukherjee
3555,16483461,Harshit,"2026-07-10 18:37:07",0.435,8,harshitj2785
3556,16460774,"Vivian Yeh","2026-07-07 20:24:54",0.434,2,vyeh531
3557,16465533,"Jacopo Sardella","2026-07-02 00:00:40",0.433,6,jacoposardella
3558,16471914,"Jaydip Chavan","2026-07-02 06:21:31",0.433,1,incognitotemporary
3559,16454148,Kiddo,"2026-07-02 19:00:12",0.433,5,betlmutlu
3560,16475611,"hager wasef","2026-07-02 20:30:36",0.433,1,hagerwasef
3561,16886586,"Sarvesh Chhetri","2026-09-24 08:40:04",0.432,8,sarveshchhetri
3562,16455996,"Rahul Singh","2026-06-30 11:20:20",0.431,1,rahul18211
3563,16602587,sshin14,"2026-07-26 17:11:55",0.429,1,shsaito
3564,16623591,wandering_z,"2026-08-02 09:16:30",0.428,1,wanderingz
3565,16633418,"Jakub Dębowski","2026-08-01 09:28:47",0.427,3,cipciacipcia
3566,16455618,"Anoop Singh","2026-07-02 08:05:33",0.421,2,anoopsinghslayer
3567,16458090,"Voxel Vision","2026-07-03 06:21:16",0.421,1,shristisinha16
3568,16514704,nenye,"2026-07-16 18:47:31",0.419,6,kidfnss
3569,16932525,"Ankur Agarwal","2026-09-21 02:35:18",0.418,1,ankur98
3570,16510191,"Tahsin Arafat","2026-07-10 08:58:48",0.417,2,tahsinarafat
3571,16456776,"Luca Lullo","2026-09-23 08:46:02",0.416,4,lucalullo
3572,16611587,Mohit,"2026-09-25 19:00:29",0.415,144,mohit98765
3573,16457821,kranko610,"2026-08-31 20:59:47",0.415,11,kranko610
3574,16682083,LUKORITO,"2026-09-24 10:14:09",0.414,1,lukorito
3575,16661644,"Sergey Shcherbakov","2026-08-12 12:15:02",0.414,3,sergey140146659
3576,16455133,"Mahesh Kolekar","2026-09-19 04:55:25",0.414,13,maheshkolekar9
3577,16690553,"Charlotte Deng","2026-09-24 10:53:29",0.413,1,crd928
3578,16455685,Track-Trace-Innovate,"2026-07-01 00:27:19",0.413,6,sshemanth07
3579,16547989,"Alessandro Chumpitaz","2026-07-15 00:27:48",0.412,1,alessandrochumpitaz
3580,16488776,"Pooshan Chatterjee","2026-08-09 19:28:37",0.411,3,pooshanchatterjee
3581,16487412,Arrtaa,"2026-07-22 14:06:56",0.410,2,arrtaa
3582,16513823,petr,"2026-07-24 19:25:03",0.410,15,petorcode
3583,16494963,"Shawn Z","2026-07-08 17:43:37",0.409,3,shownz
3584,16463282,K_morimori,"2026-07-17 14:11:38",0.408,2,kentamorimori
3585,16908978,"FengLei Dou","2026-09-16 23:45:12",0.404,1,dfenglei
3586,16500458,"sheng zhenyu","2026-07-09 01:47:49",0.404,6,shengzhenyu
3587,16601707,Teddy_55,"2026-07-27 06:13:20",0.404,4,teddyziyyyu
3588,16457228,"Binyameen Khan","2026-09-02 07:35:42",0.404,16,binyameenkhan05
3589,16463898,"Jip Wulffele","2026-07-26 07:33:34",0.403,2,jipwulffele
3590,16475851,"Luis Rosar","2026-07-06 05:20:31",0.403,1,luisrosar
3591,16590695,"anuveshika prasad","2026-09-25 19:15:34",0.402,16,anuveshikaprasad
3592,16511697,"DataPurifier Office","2026-09-25 16:37:42",0.402,21,datapurifieroffice
3593,16926691,"G Deevesh Chowdary","2026-09-20 22:45:13",0.402,5,gdeeveshchowdary
3594,16460550,"Promise Ukuere","2026-08-27 18:48:18",0.401,1,promiseukuere
3595,16560882,"Tatsuya Tanakaa","2026-08-01 00:16:08",0.400,2,tatsuyatanakaa
3596,16712546,"Runlai Li","2026-08-16 04:21:10",0.398,1,runlaili
3597,16786070,"Evan Z","2026-09-09 21:47:15",0.397,3,evan514
3598,16456860,Rajilesh,"2026-07-10 13:44:16",0.394,6,rajilesh
3599,16455440,AKILSURYA,"2026-07-11 21:11:21",0.394,7,akilsurya
3600,16829668,"Sujal Suyash","2026-09-20 10:04:02",0.394,7,sujalsuyash
3601,16753870,"Artas Zuic","2026-09-10 17:24:37",0.391,6,artaszuic
3602,16631365,"Anu Sir","2026-08-02 08:36:40",0.391,2,anusir
3603,16458588,Amaxalon,"2026-07-04 06:33:24",0.390,3,amaxalon
3604,16793641,Auditor,"2026-09-03 17:18:22",0.388,6,closedloop
3605,16679901,"Joe Young","2026-08-07 14:59:43",0.388,1,jsphyg
3606,16643121,Utchash007,"2026-09-14 09:20:18",0.387,8,utchash007
3607,16459886,"Ali Mehdizade","2026-06-30 17:35:24",0.387,3,alimehdizad3
3608,16455488,"Sami Almuaigl","2026-07-05 07:56:40",0.387,4,samialmuaigl
3609,16490727,MorDavide,"2026-07-12 23:45:07",0.387,3,mordavide
3610,16863553,"flaysefeco /صلاح محمود","2026-09-20 12:05:37",0.387,9,flaysefeco
3611,16667187,andres555,"2026-08-06 09:36:02",0.382,1,andres555
3612,16458627,tuongmeo,"2026-07-04 15:17:10",0.382,3,tuongmeo
3613,16483982,Itz_Tejas,"2026-07-04 04:42:08",0.380,2,itztejas
3614,16908452,"Swathi Dhanasekaran","2026-09-24 17:35:34",0.377,3,swathidhanasekaran26
3615,16461081,"Josh Berry","2026-07-08 15:08:21",0.377,5,joshby
3616,16573270,"Brian Hu Boyuan","2026-07-26 14:08:08",0.376,4,brianhuboyuan
3617,16462865,"Sintu Verma","2026-07-15 09:05:53",0.372,1,sintuverma
3618,16561250,"guilherme soares","2026-07-18 11:47:10",0.369,4,guilhermecsoares
3619,16483606,"Kai-yu ","2026-07-16 06:23:01",0.368,3,chvbs2000
3620,16702611,"Harry Morley","2026-08-14 23:31:08",0.367,1,harrymorley
3621,16721299,cute_little_bamboo,"2026-08-16 18:18:30",0.367,5,evelynzhu323
3622,16639312,LizaSheina,"2026-08-02 19:22:02",0.367,1,lizasheina
3623,16531055,tyryuy,"2026-07-22 15:21:21",0.365,1,yuyyuyyuy
3624,16663358,"Abdul Roheem Abdul Warith","2026-08-06 21:31:51",0.364,2,albasoliyy
3625,16488615,"pranav banoria","2026-08-26 06:31:26",0.362,8,pranavbanoria
3626,16761929,"Baver Kral","2026-08-23 18:31:59",0.360,3,baverkral
3627,16507650,MarinaKyriakou2002,"2026-07-27 19:18:43",0.359,2,marinakyriakou2002
3628,16746591,"sina zaker","2026-08-26 00:07:13",0.358,7,sinazaker
3629,16461979,Bingos,"2026-08-06 08:48:54",0.357,6,bingos
3630,16627245,"Inkithai Meiyalagan","2026-08-08 11:13:35",0.354,10,inkithai
3631,16614315,Leolazz,"2026-09-25 15:41:10",0.353,1,leolazz
3632,16745464,"Nouha Mejaouel","2026-08-20 03:33:26",0.348,2,nouhamejaouel
3633,16473829,Lunar0007,"2026-07-06 10:09:22",0.346,1,lunar0007
3634,16464427,"John Osilama Thomas","2026-08-09 20:17:42",0.345,3,johnosilamathomas
3635,16481905,"Aadil Sayed","2026-07-03 19:14:06",0.339,3,aadilsayed
3636,16663010,wuwu,"2026-08-08 10:00:30",0.337,9,gszdbmnf
3637,16773287,"Thurshwin C","2026-08-28 02:18:43",0.332,14,thurshwinc
3638,16540254,Dimitris,"2026-07-13 19:38:35",0.332,1,dimitrisgourzoulidis
3639,16455633,Fran2026,"2026-06-30 08:29:58",0.331,5,fran2026
3640,16457322,"Shashank dev","2026-06-30 08:10:14",0.329,1,mechmind09
3641,16574511,WDH107,"2026-08-10 12:58:02",0.329,41,dehaiwang
3642,16485601,"emanuele di lorenzo","2026-07-18 19:31:28",0.326,2,emanueledilorenzo
3643,16549181,Aswal_Innovations,"2026-07-28 03:52:13",0.325,12,aswalinnovations
3644,16475603,"bryte Sikazwe","2026-07-11 16:26:00",0.325,8,brytesikazwe
3645,16534810,nklskyoy,"2026-08-04 19:35:38",0.325,1,nklskyoy
3646,16540672,"Nguyễn Đăng Khoa","2026-09-24 04:04:54",0.323,44,nguynngkhoawedrt
3647,16463417,"kumar monu","2026-07-05 12:34:23",0.321,2,kumarmonu
3648,16866860,Hillclimber,"2026-09-11 05:51:13",0.321,1,driessmit1
3649,16627493,urashima,"2026-08-13 17:10:06",0.317,3,urashima112358
3650,16490376,"Abdishakur Mohamed Ali","2026-07-11 10:20:51",0.314,11,abdishakurm
3651,16458766,"Subhash Singh","2026-07-01 03:13:42",0.313,4,subhashsingh08
3652,16663580,"Mahdi Ghorbanpoor","2026-08-19 06:59:29",0.312,4,mahdighorbanpoor
3653,16727617,"Ace Rocks","2026-08-16 13:56:11",0.310,2,acerocks
3654,16464967,"Adrián Hontoria","2026-07-13 11:36:42",0.310,7,adrinhontoria
3655,16456623,"kurshid basheer","2026-08-06 09:47:05",0.310,1,kurshidbasheer
3656,16792454,fenmann,"2026-09-12 12:42:56",0.308,6,uladzislaumarshalkou
3657,16453551,"Maheroz Kazi","2026-07-03 07:25:42",0.306,2,maherozkazi
3658,16749353,"Abdelrahman Saleh","2026-08-25 17:55:12",0.305,14,abdelrahmansal
3659,16572464,"Arturo Balderas","2026-09-03 00:39:09",0.298,12,dcpracmatic
3660,16697535,pddered,"2026-08-12 05:46:10",0.297,4,pddered
3661,16515509,"Asogwa Samson","2026-09-02 22:44:05",0.296,13,asogwasamson
3662,16456134,Disha,"2026-07-18 21:00:53",0.296,3,dishamotiramani
3663,16550729,"Varun Vardhan","2026-07-21 08:09:54",0.295,2,varunvardhana
3664,16460814,"Chathuranga Sudusinghe","2026-07-02 10:52:49",0.291,1,indrajithsudusinghe
3665,16749913,"anshu saurabh","2026-08-21 08:49:10",0.289,5,anshusaurabh
3666,16454019,"Mukesh Patil","2026-08-13 11:23:19",0.286,12,speedforceyt
3667,16802724,"Suryansh Vashisth","2026-09-11 04:48:24",0.284,3,songoku2005
3668,16458091,"Pooja Yadav","2026-07-14 11:06:13",0.282,3,pooja13
3669,16750943,"Antonio Rotundo","2026-08-21 08:24:30",0.281,1,antoniorotundo2
3670,16620718,"Syed SHUJAT HUSSAIN","2026-09-22 19:35:07",0.281,27,syedshujathussain
3671,16456577,"Bùi Quang Trịnh","2026-07-06 05:42:39",0.271,6,biquangtrnh
3672,16860860,"Bina Salama","2026-09-15 13:06:11",0.270,13,binasalama
3673,16459409,"Jack Shaffer","2026-09-15 04:08:56",0.268,9,jackshaffer
3674,16460237,Evdilos_Ikaria,"2026-07-06 14:44:44",0.266,11,georgem
3675,16589551,"Mert Olgun899","2026-07-23 12:04:07",0.266,1,mertolgun899
3676,16567627,ChrisYU2021,"2026-07-22 00:00:11",0.265,11,chrisyu2021
3677,16455212,"Emily Mabrey","2026-07-07 15:10:01",0.264,6,emilymabrey
3678,16620757,"Deanos Crew","2026-08-06 13:07:16",0.253,5,"jamescole0101,junisverige"
3679,16552058,NENAPLNK,"2026-07-16 07:55:50",0.250,4,nenaplnk
3680,16476027,"Yuan Yu","2026-07-03 11:29:03",0.250,1,yuanyuanka
3681,16486414,"Yield Smarter","2026-07-06 13:52:38",0.247,8,yieldsmarter
3682,16455874,"T Sobha","2026-07-03 20:34:54",0.238,3,tsobha
3683,16592153,ctancredi,"2026-07-24 11:44:55",0.235,2,ctancredi
3684,16553371,"Anand Deshmukh","2026-08-19 10:41:13",0.230,3,profanand0511
3685,16513704,"Rajmukund mehta","2026-08-16 08:34:52",0.229,10,rajmukundmehta
3686,16531467,Randolfo3211,"2026-07-13 02:26:32",0.229,9,randolfo3211
3687,16482617,Podds2022,"2026-08-10 19:56:12",0.229,2,podds2022
3688,16602810,YousefF1234,"2026-07-27 18:08:08",0.229,1,youseff1234
3689,16659198,"arshi khan","2026-09-25 15:52:50",0.229,8,arshikhan
3690,16686208,Aldy,"2026-08-09 06:18:48",0.226,3,chickenpop20
3691,16508311,"NAVALE MANASI","2026-09-20 06:37:51",0.219,7,navalemanasi
3692,16459382,"Jenniffer Roa Lozano","2026-07-15 15:52:19",0.218,7,jennifferroalozano
3693,16453461,"Finlay Anderson","2026-07-05 21:14:27",0.216,1,finlayanderson
3694,16485363,"Tamil Techno","2026-08-05 16:53:14",0.215,15,tamiltechno
3695,16636551,DebaKong,"2026-09-17 13:50:27",0.212,5,debakong
3696,16545656,"Isra Boucetta","2026-07-20 13:57:46",0.210,1,israb006
3697,16500963,"Hans Simmons","2026-09-09 02:58:48",0.208,14,hansleestahl
3698,16470832,"Jon Sudul","2026-08-28 07:35:33",0.208,7,jonsudul
3699,16863499,"Ziad Mohamed","2026-09-14 03:18:29",0.207,5,ziadmoelsayed
3700,16731564,"YOGESH M","2026-08-30 06:08:25",0.201,7,yogeshm4216
3701,16462343,"Avik Das","2026-09-18 04:01:27",0.197,7,avikdas567
3702,16554901,"nikolaou nikolaou","2026-08-08 10:44:11",0.191,11,nikolaounikolaou
3703,16500941,"Naqash Dogar","2026-07-12 16:45:03",0.190,3,naqashdogar
3704,16459946,"Eman Shahzad","2026-07-13 19:00:42",0.190,6,emanshahzadazam
3705,16607224,"Rory Daniel Rorison","2026-07-28 22:15:50",0.190,3,rorydanielrorison
3706,16456114,"Hitarth Pandey","2026-08-09 13:06:23",0.189,4,hitarthpandey
3707,16455453,"Tryna Code","2026-07-05 10:29:37",0.189,3,siddarthnayak50
3708,16545206,"Raghav Gaur","2026-08-06 23:43:15",0.187,1,rensur
3709,16463674,"Sayantan Chakraborty","2026-07-14 14:20:35",0.186,1,sayantan10102002
3710,16457899,"sofiane B","2026-07-07 07:52:18",0.184,1,sofianebeldjillali
3711,16456025,"VARADA N M","2026-08-27 05:42:59",0.183,40,varadanm
3712,16559070,JoshuaPGeorge,"2026-07-30 22:15:13",0.183,5,joshuapgeorge
3713,16466166,"Tong Li","2026-07-08 14:00:12",0.182,3,nemesise
3714,16912032,"Luis Alonso Esteban","2026-09-20 07:50:48",0.181,6,luisalonsoesteban
3715,16623950,"Komal Jindal","2026-08-02 21:06:07",0.177,2,komaljindal49
3716,16793501,"Priyank Raval","2026-08-30 16:11:01",0.176,3,priyankraval
3717,16846887,NaokaK,"2026-09-11 14:25:42",0.174,2,naokak
3718,16517920,"Shubhan Kamat","2026-07-15 14:12:27",0.170,1,shubhankamat
3719,16460751,noril09,"2026-07-04 17:28:10",0.169,15,noril09
3720,16644443,Nio5FE,"2026-08-03 08:46:05",0.167,3,nio5fe
3721,16464202,Ocant,"2026-07-14 08:49:58",0.167,20,meee0305
3722,16484061,"Matt Hods","2026-07-06 15:11:15",0.161,4,matthods
3723,16516738,"Sanket Belekar","2026-07-11 03:21:19",0.158,3,sanketbelekar
3724,16484918,"Fokrul Bhuiyan","2026-07-04 09:07:11",0.157,3,fokrulbhuiyan
3725,16454540,"Richard G Atkinson","2026-06-30 08:27:39",0.157,4,richardgatkinson
3726,16506965,Anteee231,"2026-07-09 07:38:54",0.155,3,anteee231
3727,16486553,"Matthew Emma","2026-07-17 16:40:22",0.154,27,"abdulhamidodejimi,matthewemma"
3728,16607573,wanwanuil,"2026-07-28 03:33:45",0.148,3,wanwanuil
3729,16602834,"Alejandro Andreu","2026-07-28 11:36:11",0.146,3,alejandroandreu
3730,16468106,"Kanishka Chauhan","2026-07-21 14:49:37",0.145,10,kanishkachauhan121
3731,16724851,webcainiao,"2026-08-15 17:32:58",0.144,5,web3cainiao
3732,16853173,"Quang-Vu Pham","2026-09-09 01:53:21",0.144,5,quangvupham
3733,16667461,"Priyansh Soni","2026-08-06 07:38:01",0.144,1,priyanshsoni18
0,16453127,"Nearest Neighbor Benchmark","2026-06-29 18:23:40",0.143,1,
3734,16452687,inversion,"2026-06-29 17:48:29",0.143,2,inversion
3735,16453579,"Emrullah Karacan","2026-06-29 20:50:59",0.143,1,emrullahkaracan
3736,16453709,"Yunus Emre Sarıduman","2026-06-29 21:14:55",0.143,3,emresariduman
3737,16455299,"POTHUMPONNU ","2026-06-30 07:15:21",0.143,3,pothumponnu
3738,16458959,isacinformagenie5,"2026-06-30 11:48:56",0.143,1,isacinformagenie5
3739,16458979,"Kota Bhargav .T","2026-06-30 13:51:13",0.143,1,kotabhargavt
3740,16460132,"Crispin Schomers","2026-06-30 15:37:36",0.143,2,crispinschomers
3741,16457171,"Eli Haciyev","2026-06-30 18:40:40",0.143,1,elihaciyev
3742,16461649,AMadTaco,"2026-06-30 20:10:24",0.143,3,amadtaco
3743,16456210,"Ra'uf Fauzan Rambe","2026-09-04 09:00:47",0.143,2,rauffauzanrambe
3744,16460577,"Abdramanova Gaukhar","2026-07-01 04:07:01",0.143,1,abdramanovagaukhar
3745,16465354,"Ramakrishnan Kunnath","2026-07-01 13:44:31",0.143,1,kunnathg
3746,16462187,Divya,"2026-07-01 16:05:43",0.143,1,divyab01
3747,16468278,"vishwottam kudekar","2026-07-01 17:18:55",0.143,2,vishwottamkudekar
3748,16468943,"Owen Karmel","2026-07-01 18:49:18",0.143,1,owenkarmel
3749,16468982,"Alexey Filimonov","2026-07-01 18:56:58",0.143,1,alexeyfil
3750,16470126,"Sriparna Chakraborty","2026-07-01 20:42:35",0.143,1,sripchak1111
3751,16457680,"Filip Chladek","2026-07-02 13:59:46",0.143,1,filipchladek
3752,16471351,"rajat daga","2026-07-15 03:16:56",0.143,2,rajatdaga
3753,16456853,rbkd_cr,"2026-07-03 02:16:39",0.143,1,rbkdcr
3754,16455483,"gautam patil","2026-07-04 13:20:28",0.143,2,gautampatil9898
3755,16465236,"Ali Alp Haraç","2026-07-04 15:58:51",0.143,1,alialphara
3756,16482614,"kubra terzioglu","2026-07-04 21:24:12",0.143,1,kubraterz
3757,16489862,NevilleAndrade,"2026-07-05 18:14:13",0.143,1,dradebyte
3758,16462829,"Nakul Arora","2026-07-05 22:54:17",0.143,1,nakularora78
3759,16454266,"mahmoud code","2026-07-07 08:07:08",0.143,1,"ahmedzaghl0ul,mahmoudcode"
3760,16455556,Shreyas_Shimpi_08,"2026-07-07 16:39:43",0.143,1,shreyasshimpi08
3761,16511936,ColdCloud,"2026-07-09 12:48:41",0.143,1,matthiaslang
3762,16501734,SonuYadav889,"2026-07-10 08:20:36",0.143,1,sonuyadav889
3763,16515863,荒川遼太,"2026-07-10 08:44:27",0.143,1,ryotaarakawa
3764,16487771,"sidhant chauhan","2026-07-11 19:52:29",0.143,1,sidhantchauhan
3765,16536364,"Ayush Tiwari","2026-07-12 19:30:41",0.143,1,ayushtiwariiitg
3766,16553373,"Anadi Gupta","2026-07-16 05:27:31",0.143,1,anadiskt
3767,16485146,"sugi 172","2026-07-25 07:10:50",0.143,6,sugi172
3768,16481504,"Chintu sharma","2026-07-22 02:42:32",0.143,2,chintusharma4
3769,16578790,"Maxwell Goisman","2026-07-23 06:06:14",0.143,1,maxwellgoisman
3770,16591336,Demirhan1,"2026-07-23 23:24:11",0.143,1,demirhan1
3771,16595387,NaomiFridman,"2026-07-24 22:31:12",0.143,1,ripcurl
3772,16482571,"Robin Atchaya","2026-07-25 18:18:56",0.143,2,robinatchaya
3773,16605292,"Bwowe Keith","2026-07-27 11:02:05",0.143,2,bwowekeith
3774,16603542,MZUI23,"2026-07-28 06:56:14",0.143,2,mzui23
3775,16508444,"Alex Webber","2026-07-28 20:05:25",0.143,1,arwebber
3776,16633998,"shun takinami","2026-08-01 02:07:35",0.143,1,shuntakinami
3777,16634151,aditrii__jain,"2026-08-01 04:58:26",0.143,2,aditriijain
3778,16637066,wangZhiHIT,"2026-08-01 13:51:14",0.143,1,wangzhihit
3779,16639740,kura19,"2026-08-02 03:25:36",0.143,1,kura19
3780,16516966,IvanKotlyarov,"2026-08-03 10:34:42",0.143,1,ivankotlyarov
3781,16500586,Leneen,"2026-08-05 03:39:09",0.143,3,leneen
3782,16603189,"bedirhan akıllı","2026-08-09 19:36:22",0.143,1,bedirhanakll
3783,16596917,"Taney Gaur","2026-08-10 13:10:20",0.143,2,taneygaur
3784,16714521,Hamza,"2026-08-12 22:08:56",0.143,1,hamzarabi
3785,16465037,NguyenVanThanh,"2026-08-13 07:32:00",0.143,1,nguyenvanthanh
3786,16719177,CHSTO,"2026-08-14 00:00:02",0.143,1,haotianqi
3787,16714273,sergiobuilds,"2026-08-15 20:17:45",0.143,2,sergiobuilds
3788,16734634,"Sega Mega","2026-08-18 01:54:22",0.143,3,segamega
3789,16609718,cheesy101,"2026-08-18 14:14:27",0.143,1,cheesy101
3790,16741803,wenbodai,"2026-08-19 08:31:50",0.143,1,wenbodai
3791,16702687,"TDP Team 2","2026-08-19 14:37:20",0.143,1,lukenellis
3792,16744148,"MUHAMMAD TALHA","2026-08-19 17:43:36",0.143,2,mtalha12ph
3793,16793739,"M Zb1368","2026-08-30 16:46:28",0.143,1,mzb1368
3794,16809217,ShinePryme,"2026-09-02 13:06:41",0.143,1,leefable
3795,16841736,gojibori,"2026-09-06 02:16:31",0.143,1,gojibori
3796,16462307,YFrite,"2026-09-07 02:36:34",0.143,2,yfrite
3797,16465097,mart3104,"2026-09-07 17:02:10",0.143,1,mart3104
3798,16862787,"Jaffar Ali","2026-09-09 20:37:53",0.143,1,buledi
3799,16755516,"NEHA SHARMA","2026-09-12 09:18:30",0.143,1,nehash0123gmailcom
3800,16882829,"Ryo Yamada","2026-09-12 22:14:15",0.143,1,ryoyamada0506
3801,16891456,"GuoYao Wang","2026-09-14 13:13:55",0.143,1,guoyaowang
3802,16907477,zaoshuang,"2026-09-16 16:14:31",0.143,1,zaoshuang
3803,16911609,"Md Riadul Islam","2026-09-17 16:57:35",0.143,3,mdriadulislam
3804,16913799,sshk,"2026-09-17 10:01:18",0.143,1,sashhhaka
3805,16799249,"Cloud Catalyst","2026-09-19 09:30:50",0.143,1,"edmundjeghan,javabeastyy"
3806,16679699,orangebear,"2026-09-24 23:44:51",0.143,5,zzjj121144
3807,16938896,yamazaking,"2026-09-25 12:32:42",0.143,1,zacky21
3808,16461283,motiur58,"2026-09-25 18:57:58",0.143,1,motiur58
3809,16453927,SysGenes,"2026-06-30 10:43:39",0.143,1,"kushalbhargav,vinodsampath"
3810,16468707,"RAVI TEJ JAISWAL","2026-07-03 17:33:32",0.143,7,tej8429
3811,16479821,"Shaheer Ahmed Siddiqui","2026-07-26 12:14:54",0.143,4,shaheerahmedsiddiqui
3812,16778970,FernandoRB,"2026-08-27 09:05:36",0.142,1,fernandorb
3813,16668183,Cooked,"2026-08-05 19:30:29",0.142,2,dyangeng
3814,16697231,"Giuseppe Castelluccio","2026-08-10 15:59:56",0.141,1,giuseppecastelluccio
3815,16905836,Juna1013,"2026-09-16 11:34:48",0.140,1,juna1013
3816,16727704,"Jaeyoon Yoo","2026-09-16 02:25:59",0.133,13,jaeyoonyoo
3817,16858032,YuwenWanggg,"2026-09-09 10:10:27",0.132,5,yuwenwanggg
3818,16512973,"RAHUL CHAUHAN","2026-07-11 07:21:06",0.131,1,rahulchauhan016
3819,16453399,C-137,"2026-06-30 13:22:14",0.127,2,mehrzadkarami
3820,16557867,lee,"2026-08-05 05:11:15",0.121,7,kannanlee
3821,16501910,KSL,"2026-09-17 23:50:41",0.120,6,ariz32601ksl
3822,16494286,"Aakash Chilakamarri","2026-07-13 10:54:03",0.120,2,aakashchilakamarri
3823,16586153,"Yahia Eid","2026-08-10 10:49:05",0.114,13,yahia1e
3824,16468305,fx,"2026-07-09 12:17:12",0.103,2,"anmols17,mallikr,sunilnagpal"
3825,16457522,eppdata,"2026-07-02 15:02:02",0.102,8,eppdata
3826,16454205,"Handsonlabs Software Academy","2026-09-24 00:21:34",0.100,2,tobimichigan
3827,16535269,"Sandile Desmond Mfazi","2026-07-12 18:58:40",0.094,3,sandiledesmondmfazi
3828,16468975,Freak2209,"2026-07-25 20:10:34",0.092,8,freak2209
3829,16537254,patchmeifucan.ko,"2026-07-13 04:53:39",0.090,1,tiktoktrendz
3830,16652245,"Haris Ahmed","2026-08-12 10:23:50",0.089,2,harisahmedgenai
3831,16476050,LuanVieira,"2026-07-03 01:34:51",0.088,2,luancvds
3832,16462604,"Harsh Malhan","2026-07-22 02:45:05",0.087,13,harshmalhan
3833,16610959,"KARAN TANDEKAR","2026-08-12 19:09:21",0.085,4,karantandekar
3834,16466264,"Ivana Zaykova","2026-09-21 15:05:18",0.083,13,ivana02
3835,16518032,"Nicolae Pascal","2026-07-11 07:37:52",0.081,3,nicolaepascal78
3836,16461446,"Kemal Kılıçaslan","2026-06-30 21:40:03",0.070,1,kemalkilicaslan
3837,16465325,"Krishnan G M","2026-09-21 13:33:20",0.068,11,krishnangm
3838,16484814,eh329,"2026-08-27 18:25:40",0.066,5,erfanhr
3839,16486084,"Ahmed Mustafa Ahmed","2026-08-08 18:28:22",0.061,5,ahmmahahm
3840,16457619,AI-ZI-ME,"2026-07-15 14:00:58",0.055,8,nicolasguenin
3841,16484019," guuree@","2026-09-17 06:51:54",0.054,13,guuree
3842,16907376,hmatkar,"2026-09-22 17:34:23",0.049,1,hmatkar
3843,16454825,ponta,"2026-07-24 04:32:31",0.046,12,pomeponta
3844,16877549,"Savage Leo","2026-09-15 10:54:11",0.043,1,savageleo
3845,16503891,"Leonid Didukh","2026-08-27 09:23:39",0.042,3,tomorrow2ayebizche
3846,16849692,"Shohrux Turobov","2026-09-08 07:40:33",0.042,1,shohruxturobov
3847,16512581,"Vivek Gaur","2026-07-24 10:41:12",0.039,8,vivekgaur9972
3848,16557004,duresh08,"2026-08-03 17:36:45",0.034,1,duresh08
3849,16872179,"Rayanuddin Mohammed","2026-09-15 14:59:37",0.031,2,rayanuddinmohammed
3850,16574987,rishikumarsoni,"2026-07-26 07:15:17",0.028,1,rishikumarsoni
3851,16619382,"Ashaq Hussain Shah","2026-08-26 11:12:31",0.020,2,ashaqhussainshah
3852,16888044,Steve.Wong,"2026-09-14 00:26:49",0.017,2,stevewongbyju
3853,16592087,Tharunkumarmuthu,"2026-08-03 13:08:24",0.016,3,tharunkumarmuthu
3854,16584849,dongfangdaguo,"2026-08-07 01:03:58",0.015,3,dongfangdaguo
3855,16457235,"Talha Umar","2026-07-06 12:08:13",0.015,3,talhaumar
3856,16453640,bsenst,"2026-07-12 15:31:13",0.012,1,bnzn261029
3857,16601468,"Gaurav Chopra","2026-07-26 12:23:03",0.012,1,gauravchopracg
3858,16532470,UniverseAwaken,"2026-07-16 00:45:22",0.011,4,universeawaken
3859,16617597,阿磨駿介,"2026-07-31 08:25:31",0.010,1,"amashun,onigasira"
3860,16838331,"Umar Tabbsum","2026-09-23 12:30:55",0.009,8,umartabbsum
3861,16893403,"Hashmat Zamaryali","2026-09-15 17:26:44",0.009,1,hashmatzamaryali
3862,16456285,"V C PREMCHAND YADAV","2026-06-30 06:45:32",0.008,1,vcpremchandyadav
3863,16494602,BioLogic,"2026-07-24 20:42:39",0.007,3,"clestinhans,dmitrypetukhov"
3864,16831295,"Hazel caviar","2026-09-06 02:06:40",0.005,6,hazelcaviar
3865,16549820,"Stas Chereshkevich","2026-07-21 09:46:24",0.004,2,staschereshkevich
3866,16614207,"SOUL SOCIETY","2026-08-29 07:29:54",0.003,3,"negi69,pratyushsingh761,rahulkrttty,vajra13"
3867,16809192,"Kenny K. Richards","2026-09-14 09:23:48",0.003,2,kenkrichards
3868,16491680,"Samir M.m.b","2026-07-28 22:05:21",0.003,16,samirmmb
3869,16608615,kreggscode,"2026-08-13 19:44:40",0.002,7,kreggscode
3870,16843766,"Abduraxmon Abduxalilov","2026-09-19 12:27:49",0.000,2,k8mp29vlxq4w
3871,16923110,KABILAN_27,"2026-09-19 14:14:19",0.000,5,kabilan27
3872,16597468,"Krish Rakholiya","2026-08-06 07:02:07",0.000,20,krishrakholiya32
3873,16453576,"Андрей  Гундырев","2026-09-25 17:44:09",0.000,5,mysicshowdreigun
3874,16492543,"Trịnh Quang Minh","2026-07-06 12:03:36",0.000,2,trnhquangminh140
0,16453028,"Sample Submission","2026-06-29 18:24:02",0.000,1,
3875,16487648,"Vamshi Damidi","2026-07-05 17:16:24",0.000,4,vamshidamidi
3876,16491285,"Hasan Keskin wattermen","2026-07-21 10:35:30",0.000,9,hasankeskinwattermen
3877,16589835,"Arvind CR","2026-07-23 14:40:26",0.000,1,arvindcr
3878,16651047,raison_detre,"2026-08-06 07:15:49",0.000,1,alexeylenko
3879,16693929,evnchn,"2026-08-10 03:35:14",0.000,1,evnchn
3880,16702165,"Ragheb haddara","2026-08-10 17:47:00",0.000,1,l4r3nn
3881,16729301,"Pengyi Peng1","2026-08-17 00:48:45",0.000,5,pengyipeng1
3882,16544890,"H S Sushmitha","2026-08-23 00:42:13",0.000,1,sushmitha047
3883,16782546,"St Mugiwara","2026-08-28 18:22:38",0.000,2,stmugiwara
3884,16805401,"[Deleted] ff767341-2cbf-44ef-9a0c-3561e09d49e3","2026-09-01 21:05:29",0.000,1,del=2d679a21a2a2e9d1
3885,16610862,"DJ Sterling","2026-09-02 18:41:15",0.000,1,dster
3886,16487344,Bernardus,"2026-09-04 19:35:20",0.000,1,bernubritz
3887,16836508,Purusha9,"2026-09-05 06:56:55",0.000,2,purusha9
3888,16840963,Cyborg.137ms,"2026-09-05 18:56:50",0.000,3,cyborg137ms
3889,16799865,"Jithendra Maddala","2026-09-12 03:48:43",0.000,49,jithendramaddala
3890,16682897,Masiki,"2026-09-07 17:41:45",0.000,3,blackseed
3891,16852577,niulai,"2026-09-08 05:40:19",0.000,1,rngrng
3892,16799069,"ranya marwan","2026-09-12 01:03:36",0.000,10,ranymarwan286
3893,16814048,veron0611,"2026-09-14 04:01:57",0.000,9,veron0611
3894,16824061,"James Mills","2026-09-23 17:08:04",0.000,1,jamesmills1975
3895,16470754,"Christian Rubin","2026-07-04 00:36:18",0.000,1,christianrubin
3896,16545502,"Abdullah Qureshi","2026-07-19 13:50:07",0.000,4,abdullahqureshi120
3897,16778591,Deepa,"2026-09-01 08:47:30",0.000,1,deepa42639
3898,16453724,"Ishan Lenin","2026-07-04 13:12:33",0.000,11,ishanlenin
3899,16472822,TheWantedSHI,"2026-07-04 17:40:38",0.000,7,thewantedshi
3900,16457014,"Tomasz Walczuk","2026-07-04 06:26:42",0.000,1,tomaszwalczuk
3901,16480200,"payal karnavat","2026-07-09 08:28:51",0.000,12,payalkarnavat
3902,16509525,LegendaryWolfie,"2026-07-09 08:40:10",0.000,1,legendarywolf
3903,16494365,Leifson1337,"2026-07-12 18:48:03",0.000,3,leifson1337
3904,16479851,dipu,"2026-08-03 14:26:17",0.000,9,arafathowlader
3905,16467745,"Hongbin Guokaggle","2026-07-18 23:29:00",0.000,6,hongbinguokaggle
3906,16607650,"Qasim Hussain","2026-07-30 06:19:26",0.000,1,qasimhu
3907,16623102,"Achref Jarray97","2026-08-01 17:22:34",0.000,5,achrefjarray97
3908,16614264,vulizz,"2026-08-04 16:50:53",0.000,4,vulizz
3909,16605973,"Daniel Cunha Oliveira","2026-08-07 06:02:49",0.000,3,danielcunhaoliveira
3910,16680090,"Peter Green","2026-09-26 04:45:10",0.000,17,pitakakariki
3911,16542303,Goups,"2026-08-20 06:27:24",0.000,17,hervrenard
3912,16610481,cneald,"2026-08-10 23:19:39",0.000,1,cneald
3913,16467145,Caramel,"2026-08-11 10:41:50",0.000,8,caramelite
3914,16747650,bigeitaros,"2026-08-22 14:49:21",0.000,7,bigeitaros
3915,16694312,"Ali Abbas Baig","2026-08-30 18:14:49",0.000,4,aliabbasbaig
3916,16741016,"Atharva Rajesh Gosavi","2026-09-07 10:17:45",0.000,1,atharvagosavi2005
3917,16863241,Sudo,"2026-09-12 05:08:44",0.000,1,sudipde25
3918,16897112,"fahmid siddique","2026-09-15 14:04:37",0.000,1,fahmidsiddique
3919,16892775,DigDeep,"2026-09-19 08:37:48",0.000,2,"harshitanallana,sandeepguttavalli"
3920,16688161,P34P3P,"2026-09-19 07:23:08",0.000,2,p34p3p
